{"type": "FeatureCollection", "features": [{"type": "Feature", "properties": {"elev": 1087.0, "index": true}, "geometry": {"type": "LineString", "coordinates": [[-114.09288647789161, 51.0292089622669], [-114.09288647564559, 51.02920783854874], [-114.09288585949632, 51.029206340745205], [-114.09288555142172, 51.02920559184346], [-114.09288585680112, 51.02920499228343], [-114.09288662220435, 51.029203343552496], [-114.09288941269195, 51.029201093894656], [-114.0928894129749, 51.02920109366717], [-114.09289223868689, 51.02919884420852], [-114.09289297127872, 51.02919826095661], [-114.09289504404428, 51.029196594538725], [-114.09289652952619, 51.02919540027255], [-114.09289785516835, 51.02919434486427], [-114.0929000877843, 51.02919254513761], [-114.09290064593827, 51.029192095205936], [-114.09290347164871, 51.02918984551976], [-114.09290364607526, 51.029189706650236], [-114.09290627157733, 51.029187595854], [-114.09290720432142, 51.029186845965846], [-114.09290920605311, 51.02918534608121], [-114.09291076318841, 51.02918429603798], [-114.09291270476969, 51.02918309585976], [-114.092914322754, 51.029182095711214], [-114.0929163452343, 51.029180845525495], [-114.09291788231926, 51.029179895384324], [-114.09291998569856, 51.02917859519112], [-114.09292144188416, 51.02917769505734], [-114.09292360158972, 51.02917634487617], [-114.0929250013988, 51.02917546975873], [-114.09292722612648, 51.02917409455423], [-114.09292856096303, 51.02917326943151], [-114.09293086658968, 51.02917184421951], [-114.09293212052692, 51.029171069104194], [-114.09293474599971, 51.02916959369466], [-114.0929356804412, 51.0291690441581], [-114.09293924121114, 51.02916744721205], [-114.09293947470424, 51.029167342494276], [-114.09294280198081, 51.02916585026589], [-114.09294449480565, 51.029165091061934], [-114.09294636275025, 51.02916425331962], [-114.09294951490658, 51.029162839629386], [-114.09294992351944, 51.029162656373224], [-114.09295348429944, 51.02916106496078], [-114.0929545525347, 51.02916058818268], [-114.09295704508352, 51.02915947570035], [-114.09295959697862, 51.02915833673032], [-114.09296060586735, 51.029157886439826], [-114.09296416664601, 51.029156294719606], [-114.09296463363201, 51.029156085283944], [-114.09296772741399, 51.029154697772675], [-114.09296965373098, 51.02915383385053], [-114.09297128818172, 51.02915310082565], [-114.09297467382949, 51.02915158241689], [-114.0929748489492, 51.029151503878495], [-114.09297840971642, 51.02914990693125], [-114.09297937655433, 51.029149331235544], [-114.09297958115614, 51.029147083632864], [-114.09297951041664, 51.02914483624924], [-114.09297839555147, 51.029142827003646], [-114.0929782253645, 51.029142589831736], [-114.0929773642256, 51.02914034307693], [-114.09297715240677, 51.02913809580556], [-114.09297654719842, 51.02913584884715], [-114.09297837954337, 51.02913482582575], [-114.0929805464548, 51.029133598225414], [-114.09298193840662, 51.02913227796843], [-114.09298291792824, 51.0291313488987], [-114.09298528636313, 51.02912909957433], [-114.09298549560782, 51.02912889963542], [-114.09298764036576, 51.02912685026141], [-114.09298905276722, 51.02912550067362], [-114.09298999436815, 51.02912460094843], [-114.09299235216822, 51.02912235163239], [-114.09299261013376, 51.02912220548947], [-114.09299517197563, 51.02912010194866], [-114.09299616824741, 51.029119283905004], [-114.0929987335288, 51.0291178516746], [-114.09299972639285, 51.029116378423865], [-114.09300061583043, 51.02911560273678], [-114.09300328826667, 51.02911533620535], [-114.09300356154739, 51.02911560039256], [-114.09300516012657, 51.02911784656028], [-114.09300685849261, 51.02911846733736], [-114.09300885336685, 51.02912009106093], [-114.09301042888488, 51.02912168134174], [-114.0930134221593, 51.02912233486463], [-114.09301399503799, 51.029122777086236], [-114.09301458814438, 51.02912233393661], [-114.09301755374226, 51.02912015122407], [-114.09301766160658, 51.029120084050454], [-114.09302023364639, 51.02911783456332], [-114.09302111124504, 51.029116925325255], [-114.0930223559489, 51.02911558543413], [-114.09302457892134, 51.029113336224746], [-114.09302466784023, 51.02911324625637], [-114.09302682896156, 51.02911108699378], [-114.09302822468564, 51.029109692469994], [-114.09302906941498, 51.02910883777039], [-114.09303129238677, 51.029106588560886], [-114.09303178144053, 51.029106093734796], [-114.09303351535834, 51.029104339351335], [-114.09303533819487, 51.029102494999485], [-114.09303574340494, 51.02910209013771], [-114.09303799457192, 51.02909984090562], [-114.09303889503865, 51.02909894121278], [-114.09304022882118, 51.02909759168696], [-114.09304245142239, 51.02909534247755], [-114.09304245179115, 51.029095342109144], [-114.09304467476238, 51.02909309326748], [-114.09304600854458, 51.02909174374159], [-114.09304690901098, 51.02909084404869], [-114.09304916017688, 51.02908859481639], [-114.09304956538672, 51.02908818995457], [-114.09305138822197, 51.02908634560246], [-114.0930531221383, 51.0290845912187], [-114.0930536111916, 51.02908409639251], [-114.09305583416102, 51.02908184718254], [-114.09305667888934, 51.029080992482726], [-114.09305807461163, 51.02907959795859], [-114.09306023572984, 51.02907743869537], [-114.09306032464859, 51.029077348726965], [-114.09306253182773, 51.029075099529415], [-114.0930637924798, 51.02907383995917], [-114.09306477058593, 51.029072850306704], [-114.09306699355427, 51.0290706010965], [-114.09306734922919, 51.02907024122286], [-114.09306924020687, 51.0290683518674], [-114.09307090600007, 51.0290666534943], [-114.0930714462573, 51.02906610267058], [-114.0930736974208, 51.0290638534378], [-114.09307446281633, 51.029063088698635], [-114.09307592997484, 51.0290616042198], [-114.0930779758312, 51.02905935515044], [-114.09307801919171, 51.02905930403773], [-114.09307988369298, 51.029057106190955], [-114.09308157475213, 51.029055112795035], [-114.09308179155458, 51.02905485723145], [-114.0930836559532, 51.02905260830653], [-114.09308513012871, 51.02905083008679], [-114.09308552035162, 51.029050359381564], [-114.09308740045932, 51.029048110444066], [-114.09308868556413, 51.029046577075], [-114.09308928527967, 51.02904586150277], [-114.09309115700864, 51.02904361257189], [-114.09309224096083, 51.02904230505732], [-114.09309302140635, 51.02904136364682], [-114.09309468768134, 51.02903911487953], [-114.09309579543508, 51.0290375728954], [-114.09309630315552, 51.02903686615269], [-114.09309791862952, 51.029034617425815], [-114.09309934947782, 51.02903262569629], [-114.0930995341034, 51.02903236869893], [-114.09310110329207, 51.02903012000888], [-114.09310271876564, 51.029027871281954], [-114.09310290339117, 51.029027614284594], [-114.09310433423903, 51.02902562255501], [-114.09310594301313, 51.02902337383336], [-114.09310645739077, 51.02902264631063], [-114.09310751890034, 51.02902112513789], [-114.09310913437328, 51.029018876410866], [-114.09311001134424, 51.02901765567333], [-114.09311074984605, 51.029016627683816], [-114.09311231903366, 51.029014378993615], [-114.09311356525528, 51.0290126442613], [-114.09311393450612, 51.02901213026653], [-114.09311554997842, 51.02900988153941], [-114.09311711929423, 51.029007697061616], [-114.09311716545058, 51.02900763281227], [-114.09311873463757, 51.02900538412199], [-114.09312035010942, 51.0290031353948], [-114.09312067320377, 51.02900268564937], [-114.09312196558112, 51.02900088666758], [-114.09312361129217, 51.02899863791626], [-114.0931242274603, 51.0289978477842], [-114.09312538041304, 51.02899638906657], [-114.09312720604315, 51.02899414017182], [-114.09312778251945, 51.028993410812994], [-114.09312898351166, 51.028991891315414], [-114.0931308091414, 51.028989642420605], [-114.0931313375779, 51.028988973841656], [-114.09313258660958, 51.02898739356415], [-114.09313441223897, 51.02898514466927], [-114.0931348926357, 51.028984536870226], [-114.0931361897068, 51.028982895812746], [-114.09313801533585, 51.02898064691783], [-114.09313844769281, 51.028980099898675], [-114.09313979280333, 51.02897839806126], [-114.09314161843201, 51.02897614916628], [-114.09314200274925, 51.028975662927], [-114.09314339589915, 51.02897390030966], [-114.0931452215275, 51.0289716514146], [-114.093145557805, 51.028971225955246], [-114.09314699899427, 51.02896940255793], [-114.09314882462226, 51.028967153662826], [-114.09314911286009, 51.02896678898336], [-114.09315060208871, 51.02896490480609], [-114.09315242771635, 51.02896265591093], [-114.09315266810613, 51.028962447623016], [-114.09315502392586, 51.02896040640151], [-114.09315622594912, 51.02895940212192], [-114.09315800792004, 51.02895940070146]]}}, {"type": "Feature", "properties": {"elev": 1083.5, "index": true}, "geometry": {"type": "LineString", "coordinates": [[-114.09164451041183, 51.0288874351738], [-114.09164496970273, 51.028887144821375], [-114.09164503279979, 51.028887434764144], [-114.0916449703215, 51.028887458595584], [-114.09164451041183, 51.0288874351738]]}}, {"type": "Feature", "properties": {"elev": 1086.5, "index": true}, "geometry": {"type": "LineString", "coordinates": [[-114.09272904563542, 51.029206839850616], [-114.0927290433932, 51.02920571613246], [-114.09272904372452, 51.0292057159299], [-114.09273260334894, 51.02920353995924], [-114.09273272469974, 51.029203465771516], [-114.09273616297263, 51.02920136378617], [-114.09273640567422, 51.02920121541073], [-114.09273972259598, 51.029199187613], [-114.09274008664835, 51.02919896504982], [-114.09274328221899, 51.029197011439706], [-114.0927437676221, 51.029196714688794], [-114.09274684184167, 51.029194835266324], [-114.0927474485955, 51.02919446432767], [-114.09275040146403, 51.029192659092814], [-114.09275112956855, 51.02919221396641], [-114.09275396108605, 51.029190482919205], [-114.09275481054125, 51.02918996360503], [-114.09275752070774, 51.02918830674549], [-114.09275849151359, 51.029187713243545], [-114.09276108032908, 51.02918613057165], [-114.09276217248558, 51.02918546288194], [-114.0927646399501, 51.029183954397716], [-114.0927658534572, 51.02918321252021], [-114.0927681995708, 51.02918177822367], [-114.09276953442846, 51.02918096215837], [-114.09277175919114, 51.02917960204951], [-114.09277321539936, 51.029178711796405], [-114.09277531881115, 51.02917742587525], [-114.09277687862294, 51.02917646144844], [-114.09277887807717, 51.02917507255251], [-114.0927799702482, 51.02917421155412], [-114.09278243644069, 51.029172267364174], [-114.09278282017978, 51.02917196185163], [-114.09278564243522, 51.029169712171026], [-114.09278599474837, 51.02916943442959], [-114.09278849617166, 51.029167462465374], [-114.09278955309024, 51.02916661883625], [-114.09279131462112, 51.02916521278766], [-114.09279311141783, 51.02916379630623], [-114.09279416835702, 51.02916296308186], [-114.09279666973046, 51.029160966492775], [-114.09279698680595, 51.029160713404], [-114.09279984054129, 51.02915846369806], [-114.09280022807795, 51.02915815436735], [-114.09280265898965, 51.02915621402008], [-114.09280378639109, 51.02915532524731], [-114.09280551272445, 51.02915396431399], [-114.09280734471557, 51.02915250202323], [-114.09280833117228, 51.029151714635866], [-114.09281090305623, 51.02914968712287], [-114.09281118490652, 51.029149464929645], [-114.0928140033538, 51.02914721525139], [-114.09281446136046, 51.0291468541874], [-114.0928168570875, 51.02914496554503], [-114.0928180196968, 51.0291440375527], [-114.09281967553422, 51.02914271586663], [-114.09282157802302, 51.02914121606228], [-114.09282252926737, 51.029140466160115], [-114.09282513633009, 51.02913838520747], [-114.09282534563785, 51.029138216483226], [-114.09282817134867, 51.02913596679884], [-114.09282869462841, 51.02913555019062], [-114.09283097467, 51.029133717132176], [-114.09283225287504, 51.02913268950849], [-114.09283378782874, 51.029131467457624], [-114.09283581113648, 51.029129836456434], [-114.092836578598, 51.0291292178008], [-114.0928393694224, 51.02912699589003], [-114.09283940430771, 51.029126968116145], [-114.09284220220027, 51.02912471845352], [-114.09284292766773, 51.029124135207574], [-114.09284522366727, 51.02912246861319], [-114.09284648664988, 51.02912164354849], [-114.09284879227648, 51.02912021833811], [-114.0928500462137, 51.029119443223664], [-114.09285243273926, 51.02911796800582], [-114.0928536057772, 51.029117242898714], [-114.0928560732017, 51.029115717673406], [-114.09285716534036, 51.029115042573665], [-114.09285971366378, 51.02911346734088], [-114.09286072490318, 51.029112842248495], [-114.09286332454724, 51.02911121703175], [-114.0928642840736, 51.02911044571846], [-114.09286602518468, 51.02910896744582], [-114.09286784067626, 51.02910676442936], [-114.092867878499, 51.02910671853317], [-114.09286975219723, 51.02910446960429], [-114.09287139610512, 51.02910249605472], [-114.09287162304152, 51.02910222067765], [-114.09287347635531, 51.02909997176491], [-114.09287495144169, 51.02909818181392], [-114.09287532966893, 51.029097722852136], [-114.09287722089675, 51.029095473909194], [-114.09287850686923, 51.02909391343906], [-114.09287907421002, 51.02909322499636], [-114.09288092752308, 51.0290909760835], [-114.09288206225948, 51.029089626717685], [-114.09288281875035, 51.02908872714047], [-114.09288467206306, 51.02908647822755], [-114.09288561763071, 51.02908533082299], [-114.09288652537562, 51.0290842293146], [-114.09288840844872, 51.02908198037796], [-114.0928891730563, 51.0290810624478], [-114.0928902699145, 51.02907973145845], [-114.0928921232265, 51.02907748254542], [-114.09289272838957, 51.02907674820645], [-114.09289398999181, 51.02907523362163], [-114.09289586776433, 51.02907298468909], [-114.09289628381384, 51.02907247983103], [-114.09289772107579, 51.02907073577595], [-114.09289957438706, 51.02906848686279], [-114.09289983915863, 51.02906817201071], [-114.09290146561251, 51.02906623791945], [-114.09290331972164, 51.02906398900558], [-114.09290339457597, 51.02906390081118], [-114.09290384150876, 51.02906174115084], [-114.09290404425957, 51.02905949354973], [-114.09290418327487, 51.02905724599928], [-114.09290446714196, 51.02905499833368], [-114.09290475551467, 51.0290527506645], [-114.0929050393817, 51.029050502998885], [-114.09290336509791, 51.02904915513861], [-114.09290225041306, 51.029048257776076], [-114.09290253532129, 51.02904601010964], [-114.0929012413889, 51.02904376369831], [-114.09289998387264, 51.02904151725802], [-114.09289978559345, 51.02904137630925], [-114.0928980802193, 51.02903927133135], [-114.09289708397536, 51.02903702468332], [-114.09289621166387, 51.02903638579914], [-114.09289400153034, 51.02903477969359], [-114.09289333122939, 51.02903253278646], [-114.09289263897823, 51.02903201723079], [-114.09289039084766, 51.02903028768371], [-114.09288906919605, 51.02902910092376], [-114.09288773596528, 51.029028042353964], [-114.09288601390838, 51.029025796282745], [-114.09288549737803, 51.02902516583295], [-114.09288459401256, 51.029023549971335], [-114.092884086351, 51.02902130293487], [-114.09288270939703, 51.02901905658931], [-114.09288416201092, 51.029016807994836], [-114.09288547851257, 51.02901572700979], [-114.09288690175752, 51.02901455837731], [-114.09288903657874, 51.0290127823858], [-114.09288987420855, 51.02901230857475], [-114.09289222820989, 51.029010059263705], [-114.09289259437197, 51.02900970142539], [-114.09289452980002, 51.029007809994276], [-114.0928961514451, 51.02900626046882], [-114.0928968838009, 51.029005560683146], [-114.0928991853906, 51.029003311413604], [-114.09289970850183, 51.029002811566656], [-114.09290153939104, 51.02900106210236], [-114.09290326558299, 51.02899937515016], [-114.09290384098028, 51.02899881283275], [-114.09290619498026, 51.02899656352141], [-114.09290682289439, 51.02899605416789], [-114.09290707112172, 51.02899656282489], [-114.09291039038578, 51.028997825353294], [-114.09291148692726, 51.02899880675424], [-114.09291396053236, 51.0290009244467], [-114.09291410368186, 51.029001052113756], [-114.09291684209046, 51.029003297376505], [-114.09291753035357, 51.029003860568395], [-114.09291942548245, 51.02900554276244], [-114.09292110064112, 51.02900702970178], [-114.0929219511178, 51.02900778819424], [-114.09292445205467, 51.02901003364562], [-114.09292467095474, 51.029010211622285], [-114.09292721956443, 51.02901227888498], [-114.09292824086309, 51.02901319062399], [-114.09292973131176, 51.02901452432765], [-114.09293181122872, 51.029016398071235], [-114.09293282141411, 51.02901676931036], [-114.09293470955285, 51.029019015248814], [-114.09293538150955, 51.029019562870545], [-114.09293847949722, 51.029019012250785], [-114.09293894301143, 51.029018337650186], [-114.09293997934958, 51.02901676361805], [-114.0929414598325, 51.029014515000696], [-114.09294249617047, 51.029012940968535], [-114.09294294031528, 51.029012266383326], [-114.09294442079793, 51.02901001776594], [-114.09294590128044, 51.02900776914852], [-114.09294604932869, 51.02900754428678], [-114.0929473817628, 51.02900552053109], [-114.09294886224502, 51.029003271913645], [-114.09294960248515, 51.02900214714482], [-114.0929503427271, 51.02900102329616], [-114.09295182320902, 51.028998774678676], [-114.09295315564263, 51.028996750922914], [-114.0929533036908, 51.02899652606117], [-114.09295478417245, 51.02899427744364], [-114.09295626465395, 51.02899202882608], [-114.09295670879838, 51.02899135424082], [-114.09295774513532, 51.028989780208526], [-114.09295922561653, 51.028987531590936], [-114.09296026195328, 51.028985957558604], [-114.0929607060976, 51.02898528297331], [-114.09296218657852, 51.02898303435569], [-114.09296366549617, 51.028980785739286], [-114.09296381509586, 51.02898055511363], [-114.09296512409296, 51.02897853713903], [-114.09296620835323, 51.028976288836546], [-114.09296724979714, 51.028974040568094], [-114.09296736551313, 51.0289737907605], [-114.09296829124096, 51.02897179229964], [-114.09296933268469, 51.028969544031185], [-114.09297036816854, 51.02896729576745], [-114.09297091413607, 51.028966129993876], [-114.09297141557182, 51.02896504749423], [-114.09297243487896, 51.028962799243345], [-114.09297345972006, 51.02896055098805], [-114.0929744625913, 51.028958385988744], [-114.09297450158897, 51.0289583027192], [-114.0929755426064, 51.028956054451015], [-114.09297658404941, 51.02895380618247], [-114.09297762549231, 51.028951557913935], [-114.0929780112119, 51.02895072522189], [-114.09297866693514, 51.028949309645384], [-114.09297970837784, 51.028947061376826], [-114.09298074088082, 51.02894481311536], [-114.09298155969681, 51.02894299722391], [-114.09298175465298, 51.02894256486879], [-114.09298280758924, 51.02894031659106], [-114.09298511399668, 51.02893817606307], [-114.09298528622782, 51.02893806717894], [-114.09298867403432, 51.02893622283113], [-114.09298940863857, 51.028935816458834], [-114.09299223403943, 51.02893425348843], [-114.09299347721574, 51.028933565781415], [-114.09299579407931, 51.02893230167698], [-114.092997602363, 51.028931315058834], [-114.0929993541112, 51.02893034601707], [-114.09300167093937, 51.02892906438114], [-114.09300291411542, 51.02892837667404], [-114.09300578513671, 51.028926813666985], [-114.09300647418179, 51.028926438545284], [-114.09300986466141, 51.028924562980286], [-114.0930100341854, 51.02892446920204], [-114.09301359424518, 51.0289225280799], [-114.09301398980708, 51.02892231225712], [-114.09301715425418, 51.0289205617296], [-114.09301805838187, 51.02892006157885], [-114.09302071425688, 51.02891859238602], [-114.09302214976694, 51.02891781088229], [-114.09302427432176, 51.02891665425671], [-114.09302625210074, 51.02891556017685], [-114.09302783432386, 51.02891468491293], [-114.09303032067436, 51.028913309498144], [-114.09303139434192, 51.02891272369331], [-114.09303444581802, 51.02891105877426], [-114.09303495438964, 51.02891077743939], [-114.09303851392754, 51.028908808095636], [-114.09303851439034, 51.02890880783961], [-114.09304207444568, 51.028906865689486], [-114.09304261381988, 51.028906557391565], [-114.09304563431529, 51.02890483092319], [-114.09304632175537, 51.02890430699943], [-114.09304919282846, 51.02890211884719], [-114.09304927370376, 51.028902057209095], [-114.09305222565186, 51.02889980741868], [-114.09305275134122, 51.02889940677107], [-114.0930551775997, 51.028897557628206], [-114.09305630985357, 51.02889669469484], [-114.09305812954722, 51.028895307837644], [-114.0930598683655, 51.02889398261852], [-114.09306106784302, 51.028893058057875], [-114.09306342671289, 51.028891188588474], [-114.09306386685161, 51.02889080838895], [-114.0930655157236, 51.02888855963589], [-114.0930667236961, 51.028886311233904], [-114.09306697990284, 51.028885819402376], [-114.09306789492688, 51.02888406286118], [-114.09306910289914, 51.028881814459176], [-114.09307031087128, 51.02887956605715], [-114.09307053052665, 51.02887916927515], [-114.0930715348018, 51.02887731764241], [-114.09307305371249, 51.028875068992726], [-114.09307408334757, 51.02887361670103], [-114.09307464274325, 51.028872820287184], [-114.09307620895183, 51.028870571599796], [-114.09307763715506, 51.028868557130615], [-114.09307780168317, 51.02886832289125], [-114.09307938115289, 51.02886607419325], [-114.09308096062246, 51.02886382549523], [-114.09308119096175, 51.02886349756009], [-114.09308254009188, 51.028861576797176], [-114.09308411956115, 51.02885932809911], [-114.0930847447677, 51.02885843798946], [-114.09308569903027, 51.02885707940102], [-114.09308727849924, 51.02885483070292], [-114.09308829857287, 51.02885337841872], [-114.09308886321095, 51.02885258200062], [-114.09309045748307, 51.02885033329066], [-114.09309185238723, 51.02884832382886], [-114.09309201844725, 51.02884808460722], [-114.09309361271906, 51.02884583589722], [-114.09309520699071, 51.028843587187225], [-114.09309540627467, 51.028843306098466], [-114.0930967883092, 51.02884133848751], [-114.09309836222579, 51.02883908979366], [-114.09309896007751, 51.02883824652737], [-114.09309994724484, 51.02883684109095], [-114.09310152671243, 51.02883459239264], [-114.09310251369199, 51.02883309331299], [-114.0931029852795, 51.02883234379062], [-114.09310389541444, 51.02883009562551], [-114.09310480554929, 51.028827847460406], [-114.09310571872732, 51.02882559929285], [-114.09310606096449, 51.02882477495884], [-114.09310665735794, 51.02882335110502], [-114.09310756749252, 51.02882110293988], [-114.09310847762703, 51.028818854774734], [-114.09310938776143, 51.02881660660957], [-114.09310960744904, 51.02881606394902], [-114.09311029789575, 51.02881435844441], [-114.09311123956918, 51.02881211025411], [-114.09311214970333, 51.028809862088934], [-114.09311305983739, 51.02880761392374], [-114.09311315398918, 51.02880738135493], [-114.09311396997136, 51.028805365758544], [-114.09311483195164, 51.02880311763171], [-114.09311568661022, 51.028800869510704], [-114.09311654267673, 51.02879862138857], [-114.09311669956861, 51.02879821993498], [-114.09311742774797, 51.0287963732433], [-114.0931182824063, 51.028794125122275], [-114.09311913706456, 51.02879187700124], [-114.09311999172274, 51.02878962888019], [-114.09312024495478, 51.02878896277025], [-114.09312084638084, 51.028787380759134], [-114.09312170103884, 51.02878513263808], [-114.0931225556968, 51.028782884517014], [-114.09312341035462, 51.028780636395936], [-114.09312379020254, 51.028779637231004], [-114.09312426501239, 51.02877838827486], [-114.09312511967008, 51.02877614015377], [-114.09312597432768, 51.02877389203267], [-114.0931268289852, 51.02877164391157], [-114.09312733554418, 51.028770359256455], [-114.09312771208421, 51.02876939576779], [-114.09312857012077, 51.02876714764398], [-114.09312931218143, 51.0287648996126], [-114.09313000186985, 51.02876265162293], [-114.09313063005126, 51.02876040368228], [-114.09313087767163, 51.02875947806845], [-114.09313123141497, 51.02875815576299], [-114.09313185853769, 51.02875590782317], [-114.09313317208455, 51.02875365933631], [-114.0931344257833, 51.028751583777144], [-114.09313453129603, 51.02875141081306], [-114.0931359029614, 51.02874916227985], [-114.09313727462663, 51.02874691374663], [-114.09313797804464, 51.02874576065267], [-114.09313976000738, 51.028745759232486]]}}, {"type": "Feature", "properties": {"elev": 1082.0, "index": true}, "geometry": {"type": "LineString", "coordinates": [[-114.09133283714812, 51.02874078879535], [-114.09133461911075, 51.02874078740269], [-114.09133543369342, 51.028739346099364], [-114.09133645982355, 51.02873709785735], [-114.09133639193193, 51.028736134721825], [-114.09133638107228, 51.028735974198874]]}}, {"type": "Feature", "properties": {"elev": 1083.5, "index": true}, "geometry": {"type": "LineString", "coordinates": [[-114.09197355183879, 51.02873659819817], [-114.09197611706207, 51.02873594479213], [-114.09197968110453, 51.02873600141458], [-114.09198324509865, 51.02873603361188], [-114.09198680894988, 51.02873599361317], [-114.09199037301717, 51.02873606277433], [-114.09199393713578, 51.02873615785756], [-114.09199750093197, 51.02873609005255], [-114.0920010653258, 51.02873632415531], [-114.09200308859363, 51.02873657494881], [-114.09200463088031, 51.028737144513045], [-114.09200588423307, 51.028738820187925], [-114.09200667928359, 51.028741067002045], [-114.0920069828499, 51.0287433142031], [-114.09200704206015, 51.02874556159652], [-114.09200716770928, 51.02874780893765], [-114.09200722688847, 51.028750056331106], [-114.09200728979931, 51.02875230372162], [-114.0920080487456, 51.028754550564145], [-114.09200787617475, 51.02875679814005], [-114.0920046738498, 51.02875884914753], [-114.09200442559764, 51.02875904829668], [-114.0920011146933, 51.028761261499966], [-114.09200105470006, 51.02876129839048], [-114.09199755505936, 51.02876343286368], [-114.09199736507887, 51.028763548735085], [-114.09199399550309, 51.028765643617696], [-114.09199377250661, 51.028765799003175], [-114.09199316327623, 51.028768046922785], [-114.09199272003644, 51.028770294711734], [-114.09199110174214, 51.02877254342562], [-114.09199044560434, 51.02877273348525], [-114.09198990904204, 51.028774791804494], [-114.09199015713246, 51.028777039049245], [-114.09199006679577, 51.028779286560386], [-114.09198989934123, 51.02878153413223], [-114.09198930450628, 51.028783782040485], [-114.0919869065408, 51.028785297992854], [-114.09198663316208, 51.0287860315832], [-114.09198619033765, 51.02878827937179], [-114.09198335205905, 51.02879007368217], [-114.09198300222447, 51.02879052932119], [-114.09198026624559, 51.02879277891463], [-114.09197979405772, 51.02879307145348], [-114.09197863664726, 51.02879502763725], [-114.09197623698567, 51.02879653900052], [-114.09197544244165, 51.02879727759123], [-114.09197267840531, 51.028799244671255], [-114.09197225284244, 51.028799527541494], [-114.09196911908259, 51.02880157543065], [-114.091968808731, 51.028801777691974], [-114.09196555972586, 51.028803889191096], [-114.0919653469389, 51.02880402785625], [-114.0919620003206, 51.02880617859543], [-114.0919618287615, 51.0288062780648], [-114.09195844015365, 51.028808083246616], [-114.0919575909222, 51.02880852883952], [-114.09195488032249, 51.0288101577531], [-114.09195367666301, 51.0288107793595], [-114.09195132055298, 51.0288122635674], [-114.09194966120583, 51.028813029958954], [-114.09194776049894, 51.028814225746224], [-114.09194419864093, 51.02881527625506], [-114.0919441868506, 51.028815281706066], [-114.09194063796912, 51.02881692643852], [-114.09193932924532, 51.02881753296774], [-114.09193707799305, 51.0288189284435], [-114.09193473709796, 51.028819784020364], [-114.0919335172658, 51.02882055086736], [-114.0919299554388, 51.028821617462455], [-114.09192896488989, 51.02882203600109], [-114.09192639499848, 51.02882338517232], [-114.09192395548615, 51.02882428738152], [-114.09192283424103, 51.02882499268496], [-114.09191927230097, 51.02882600241853], [-114.09191789034298, 51.02882653959212], [-114.09191571170759, 51.02882769311866], [-114.09191215012972, 51.02882879154683], [-114.09191214994281, 51.02882879166348], [-114.09190858868755, 51.02883014791961], [-114.09190619165486, 51.02883104367291], [-114.09190502797064, 51.028831776512966], [-114.09190146606794, 51.028832805590525], [-114.09190015112193, 51.02883329586322], [-114.09189790513332, 51.02883432431508], [-114.09189434342247, 51.02883545060053], [-114.09189408317359, 51.02883554807478], [-114.09189078211082, 51.02883677886329], [-114.09188804263951, 51.028837800264455], [-114.09188722116657, 51.02883829305051], [-114.09188365945336, 51.02883941842555], [-114.09188194065955, 51.02884005250214], [-114.09188009833018, 51.02884084231962], [-114.09187653680723, 51.0288420641232], [-114.09187589054497, 51.02884230469872], [-114.09187297546549, 51.02884337768096], [-114.09186980833981, 51.02884455692022], [-114.09186941428811, 51.02884477448253], [-114.09186585288722, 51.02884605832294], [-114.09186386835944, 51.0288468090296], [-114.09186229171986, 51.02884746040121], [-114.0918587303705, 51.028848770516035], [-114.09185799988042, 51.028849061082475], [-114.09185516924153, 51.02885019222979], [-114.09185236469133, 51.0288513129517], [-114.0918516082526, 51.028851684918095], [-114.0918480469858, 51.028853037122936], [-114.09184677158228, 51.02885356478759], [-114.09184448597557, 51.02885451924578], [-114.09184136850675, 51.02885581647384], [-114.09184092506166, 51.02885605023599], [-114.09183736287305, 51.02885693629645], [-114.09183511751844, 51.02885806882619], [-114.09183380282998, 51.02885890819008], [-114.09183089552852, 51.02886031958383], [-114.09183024250767, 51.028860738911234], [-114.09182667995933, 51.028861443200725], [-114.09182465443058, 51.02886257192784], [-114.09182312018594, 51.0288635519835], [-114.09182049834051, 51.02886482263332], [-114.09181955994455, 51.02886542406886], [-114.09181599906425, 51.02886697289755], [-114.09181576495608, 51.028867073792235], [-114.09181243813583, 51.0288684975038], [-114.09181008876918, 51.02886932569161], [-114.0918088767169, 51.02886977392301], [-114.09180531421379, 51.02887050161855], [-114.09180175163411, 51.02887119061302], [-114.09179975941255, 51.02887158124597], [-114.09179818916398, 51.02887193512223], [-114.09179462650715, 51.02887258515932], [-114.09179106388142, 51.028873251000505], [-114.09178750092258, 51.02887374823685], [-114.09178684111245, 51.02887383883282], [-114.09178393795257, 51.02887423985229], [-114.09178037498027, 51.02887473035167], [-114.091776812009, 51.028875221401], [-114.09177324891105, 51.02887564834777], [-114.09176968575545, 51.02887604612865], [-114.09176918271747, 51.02887610014052], [-114.09176612257234, 51.02887643001479], [-114.09176255942273, 51.02887683089283], [-114.09175899621233, 51.028877201011895], [-114.09175543296332, 51.028877551603465], [-114.09175186970664, 51.02887789833528], [-114.09174830642158, 51.02887823072448], [-114.09174689986789, 51.02887836507615], [-114.0917447431522, 51.02887857108203], [-114.09174117983089, 51.028878885155805], [-114.09173761649375, 51.02887919123308], [-114.09173405318153, 51.028879509963005], [-114.09173048984135, 51.02887981455687], [-114.09172692648016, 51.028880108529904], [-114.09172336303571, 51.028880360332316], [-114.09172038475776, 51.02888063332927], [-114.09171979973019, 51.02888068254945], [-114.09171623636156, 51.028880972816204], [-114.09171267301548, 51.02888127452759], [-114.09170910966968, 51.02888157640782], [-114.09170554631791, 51.02888187529206], [-114.09170198294522, 51.02888216358752], [-114.09169841940871, 51.0288823688889], [-114.09169485602534, 51.028882651814904], [-114.09169256110012, 51.02888290260306], [-114.09169129276451, 51.028882996871396], [-114.09168772933192, 51.02888325490355], [-114.09168416604275, 51.0288835856467], [-114.09168060270315, 51.02888389085049], [-114.09167703900553, 51.02888401459175], [-114.09167347534945, 51.02888415940491], [-114.09166991203433, 51.028884477084375], [-114.0916663477342, 51.02888429540215], [-114.09166278330798, 51.02888404977983], [-114.09166107555475, 51.02888517474241], [-114.09165922211693, 51.02888544443054], [-114.0916556580466, 51.028885379284084], [-114.09165209463599, 51.028885648645605], [-114.09164853010861, 51.02888535174649], [-114.09164710420443, 51.02888518569975], [-114.0916485277845, 51.02888417323537], [-114.09165083142314, 51.028882935336775], [-114.09165208795326, 51.028882260119346], [-114.09165501985674, 51.02888068461195], [-114.09165564812174, 51.02888034700322], [-114.09165920842845, 51.02887850411936], [-114.09165935678726, 51.028878433770515], [-114.09166276903963, 51.02887681574669], [-114.09166410426876, 51.02887618260689], [-114.09166632965056, 51.02887512737389], [-114.09166885174982, 51.02887393144309], [-114.09166989026123, 51.028873439000975], [-114.09167345095476, 51.0288717927674], [-114.0916737606405, 51.02887168015247], [-114.09167701175889, 51.02887020271961], [-114.09167871472557, 51.02886942882618], [-114.09168057250733, 51.02886858457877], [-114.09168366881013, 51.028867177499684], [-114.09168413334679, 51.028867012688416], [-114.09168769414205, 51.02886541852915], [-114.0916887778479, 51.0288649260514], [-114.09169125495696, 51.02886383444004], [-114.0916938868852, 51.02886267460291], [-114.09169481595832, 51.02886234498028], [-114.09169837718598, 51.02886097031428], [-114.09170066720799, 51.02886042184278], [-114.09170193944242, 51.02886011713638], [-114.09170550159642, 51.02885921210587], [-114.09170906402986, 51.02885844874374], [-114.09171011169143, 51.0288581669916], [-114.09171262611159, 51.02885750723104], [-114.09171618863942, 51.02885679183229], [-114.09171954119942, 51.02885591215139], [-114.09171975073171, 51.02885585580095], [-114.09172331309827, 51.02885505880831], [-114.09172687527288, 51.028854164629145], [-114.09172876106334, 51.028853657474976], [-114.09173043807006, 51.02885358592616], [-114.09173400161502, 51.028853386098355], [-114.09173756463873, 51.02885292222758], [-114.09174058683958, 51.02885140075219], [-114.09174112545675, 51.028851341066236], [-114.09174468914658, 51.02885121472563], [-114.09174825277296, 51.0288510562642], [-114.09175181614428, 51.02885076862306], [-114.09175537888324, 51.02885016072489], [-114.09175776372588, 51.02884913982685], [-114.09175894048342, 51.02884897611047], [-114.09176250379888, 51.028848660295665], [-114.09176606724365, 51.02884840999295], [-114.09176963005876, 51.02884784083908], [-114.09177235511649, 51.028846880929365], [-114.09177319182233, 51.02884673923863], [-114.09177675470833, 51.02884620609927], [-114.09178031777397, 51.028845763947125], [-114.09178387950755, 51.02884464737192], [-114.09178392090332, 51.028844624406354], [-114.09178744182663, 51.02884382732751], [-114.09179100365725, 51.0288427600585], [-114.09179163586613, 51.0288423709069], [-114.09179456437303, 51.028841128438984], [-114.09179666668508, 51.02884011951533], [-114.09179812503876, 51.02883947162447], [-114.09180162680408, 51.028837868179075], [-114.09180168575597, 51.02883784098977], [-114.09180524673341, 51.028836342220984], [-114.09180650802037, 51.028835616904594], [-114.0918088071438, 51.02883455652163], [-114.0918114869298, 51.02883336555317], [-114.09181236797882, 51.028832985901566], [-114.09181592925323, 51.02883163779766], [-114.09181681920263, 51.02883111392389], [-114.09181948992108, 51.02882998280501], [-114.09182212627151, 51.02882886231419], [-114.09182305087914, 51.02882847481897], [-114.09182661222381, 51.02882716260831], [-114.09182761108666, 51.02882661056458], [-114.09183017300562, 51.0288255656559], [-114.09183314271284, 51.028824358777925], [-114.0918337340809, 51.02882411732897], [-114.09183729536716, 51.028822775885395], [-114.09183862253805, 51.02882210703171], [-114.09184085616715, 51.02882118848849], [-114.0918440981201, 51.02881985528856], [-114.09184441721175, 51.02881972497761], [-114.09184797835522, 51.02881831161062], [-114.09184963580624, 51.02881760349635], [-114.0918515393638, 51.02881683009912], [-114.09185510044937, 51.02881538766288], [-114.09185516494237, 51.028815351710605], [-114.09185866152907, 51.02881394236586], [-114.09186077472708, 51.0288130998612], [-114.09186222266685, 51.0288125265537], [-114.0918657839141, 51.02881116624509], [-114.09186650129395, 51.02881084791973], [-114.09186934498491, 51.028809716785844], [-114.09187218339726, 51.02880859601292], [-114.09187290614243, 51.028808311285665], [-114.09187646731242, 51.02880691221976], [-114.09187791280519, 51.028806344068656], [-114.09188002846956, 51.028805506752114], [-114.09188358962032, 51.028804098174646], [-114.09188360256819, 51.02880409215527], [-114.09188715070697, 51.02880265727585], [-114.09188914182985, 51.02880184035993], [-114.09189071174167, 51.0288011902168], [-114.09189427275517, 51.02879971254841], [-114.09189456526202, 51.02879958865544], [-114.09189783370795, 51.02879820428606], [-114.09189978367189, 51.028797337111904], [-114.09190139494058, 51.028796837662284], [-114.09190495772295, 51.028796254791466], [-114.0919072432399, 51.028795083805626], [-114.09190851774413, 51.02879427578264], [-114.0919120810216, 51.02879394339419], [-114.09191384643512, 51.028792831172396], [-114.09191564051086, 51.02879169568447], [-114.09191920432409, 51.028791634282754], [-114.09192087675741, 51.028790578202845], [-114.0919227638048, 51.02878938252579], [-114.09192443193218, 51.02878832796642], [-114.0919263232855, 51.0287871309227], [-114.09192799115998, 51.02878607772669], [-114.09192988276821, 51.02878488051833], [-114.09193154277074, 51.02878382749285], [-114.09193211356782, 51.02878157960381], [-114.09193343851305, 51.02878074075844], [-114.09193562891106, 51.028779329398375], [-114.0919369957253, 51.02877734308442], [-114.09193728733185, 51.028777080653676], [-114.09193985102436, 51.02877483119677], [-114.0919405520206, 51.02877348218126], [-114.09194108594731, 51.028772582785194], [-114.09194185352733, 51.028770334741274], [-114.09194301191872, 51.02876808638989], [-114.09194333836962, 51.028765838693026], [-114.0919436975788, 51.02876359097038], [-114.0919440924935, 51.02876162414964], [-114.09194418254602, 51.02876134314879], [-114.091944758253, 51.02875909525581], [-114.09194563161168, 51.02875684712864], [-114.09194727111782, 51.02875459839868], [-114.0919476417991, 51.0287542313373], [-114.09194977998888, 51.028752348984675], [-114.09195119976692, 51.02875121708013], [-114.09195260883645, 51.02875009931885], [-114.09195475810267, 51.02874838900612], [-114.09195543249378, 51.028747849657044], [-114.09195828069683, 51.02874559997585], [-114.09195831646507, 51.02874557462443], [-114.09196179657455, 51.028743349769194], [-114.09196187589629, 51.02874330058239], [-114.09196543538992, 51.02874109946568], [-114.09196543547137, 51.02874109941532], [-114.09196899503907, 51.02873889469279], [-114.09196907414741, 51.0287388491621], [-114.09197255536154, 51.02873707152108], [-114.09197355183879, 51.02873659819817]]}}, {"type": "Feature", "properties": {"elev": 1086.0, "index": true}, "geometry": {"type": "LineString", "coordinates": [[-114.09257284536862, 51.02919797392674], [-114.09257284313017, 51.02919685020858], [-114.09257577215752, 51.02919516876662], [-114.09257677624487, 51.02919459965308], [-114.09257933210347, 51.02919315100042], [-114.0925807469537, 51.029192349067685], [-114.09258289204911, 51.02919113323412], [-114.09258469452706, 51.029190098500465], [-114.09258645194299, 51.029189089635125], [-114.09258864267842, 51.02918784793266], [-114.092590011888, 51.02918707186861], [-114.0925926133861, 51.02918559734684], [-114.09259357183272, 51.02918505410197], [-114.09259654592051, 51.029183346791136], [-114.09259713173326, 51.02918301431882], [-114.09260051142203, 51.029181096209186], [-114.09260069166976, 51.029180992735796], [-114.09260425161354, 51.02917897496886], [-114.09260447981505, 51.029178845624806], [-114.09260781155702, 51.029176957201784], [-114.09260844242392, 51.029176595044866], [-114.09261137140979, 51.029174894077364], [-114.0926122830372, 51.02917434456147], [-114.09261493109763, 51.02917274834859], [-114.09261602978273, 51.02917209415234], [-114.09261849080292, 51.029170611535676], [-114.09261976525974, 51.02916984375202], [-114.09262205049255, 51.02916846703646], [-114.09262350073638, 51.02916759335157], [-114.09262561018186, 51.02916632253716], [-114.09262723621266, 51.02916534295101], [-114.09262916989779, 51.02916419156539], [-114.09263099315174, 51.029163092533324], [-114.092632729584, 51.02916204583609], [-114.092634726481, 51.02916084213422], [-114.09263628926986, 51.02915990010666], [-114.0926384866388, 51.02915859171373], [-114.09263984898851, 51.029157770979246], [-114.09264222211364, 51.02915634131269], [-114.09264340867617, 51.029155626479394], [-114.09264595758812, 51.029154090911526], [-114.09264696836351, 51.029153481979435], [-114.09264969306223, 51.02915184051024], [-114.09265052806217, 51.029151343320834], [-114.09265343658465, 51.029149590102456], [-114.0926540877464, 51.02914919759087], [-114.09265716991173, 51.02914733970264], [-114.09265764743029, 51.0291470518608], [-114.09266094348185, 51.02914508927079], [-114.0926612071623, 51.02914493041891], [-114.0926646789545, 51.02914283886903], [-114.09266476684799, 51.029142785918395], [-114.09266832653212, 51.02914064080288], [-114.09266841442681, 51.029140588467136], [-114.09267188621838, 51.029138496917035], [-114.09267214989875, 51.02913833806513], [-114.0926754459031, 51.02913635241621], [-114.09267588537033, 51.029136087663005], [-114.09267900558748, 51.029134207915256], [-114.09267962084154, 51.02913383726075], [-114.09268256531261, 51.029132084013156], [-114.09268339011683, 51.029131586831596], [-114.09268612499389, 51.02912993828218], [-114.09268712344102, 51.0291293364308], [-114.09268968467484, 51.02912779255113], [-114.09269087125246, 51.02912708601841], [-114.09269324437446, 51.02912565635081], [-114.0926946067222, 51.02912483561568], [-114.0926968040572, 51.02912351184931], [-114.09269834219161, 51.02912258521283], [-114.09270036352189, 51.02912125819621], [-114.09270173573734, 51.02912033508109], [-114.09270392080204, 51.02911808590789], [-114.09270392115307, 51.02911808558471], [-114.09270690410246, 51.02911583610144], [-114.09270747987718, 51.02911546107137], [-114.09271035875067, 51.02911358592096], [-114.09271103921162, 51.02911314270359], [-114.09271302392213, 51.02911133636672], [-114.09271459675405, 51.029109926276], [-114.0927155042528, 51.02910908695905], [-114.09271790255382, 51.02910683761641], [-114.09271815408204, 51.029106602609694], [-114.09272033207867, 51.02910458824895], [-114.09272171147643, 51.029103312487116], [-114.09272275352176, 51.02910233888785], [-114.09272516100562, 51.02910008953777], [-114.09272526880339, 51.029099988820604], [-114.09272756848925, 51.02909784018764], [-114.09272882612986, 51.02909666515397], [-114.09272998772758, 51.029095590828135], [-114.09273238352274, 51.02909337503105], [-114.09273241945532, 51.02909334145867], [-114.09273482693825, 51.02909109210839], [-114.09273594084817, 51.02909005136421], [-114.09273723442095, 51.029088842758064], [-114.09273949817312, 51.029086727697255], [-114.09273964337277, 51.02908659340652], [-114.09274207546692, 51.029084344036555], [-114.09274305556448, 51.029083437574016], [-114.09274449286714, 51.0290820946782], [-114.0927466128884, 51.02908011390684], [-114.0927469003489, 51.02907984532767], [-114.09274930783043, 51.02907759597709], [-114.09275017021181, 51.02907679023955], [-114.09275173110741, 51.02907534661392], [-114.09275372760166, 51.029073500115985], [-114.09275415879229, 51.0290730972472], [-114.09275656627311, 51.02907084789646], [-114.09275728488285, 51.029070155806124], [-114.09275888555494, 51.029068598615694], [-114.09276084198929, 51.02906672419619], [-114.09276123327614, 51.02906634931229], [-114.09276354535761, 51.02906410003713], [-114.09276439907427, 51.029063282108595], [-114.09276589307837, 51.02906185073363], [-114.09276795616606, 51.02905984368804], [-114.0927682051594, 51.029059601458385], [-114.09277055287968, 51.029057352154794], [-114.09277151328243, 51.02905641784043], [-114.09277287864008, 51.02905510286859], [-114.09277507039825, 51.02905299199272], [-114.09277521268011, 51.02905285357577], [-114.09277754959987, 51.02905060428061], [-114.09277862689231, 51.029049254961386], [-114.09277934508722, 51.02904835541525], [-114.09278042058479, 51.02904610712147], [-114.09278149608224, 51.02904385882767], [-114.09278217723057, 51.02904243490826], [-114.09278256761965, 51.029041610537014], [-114.09278364707684, 51.029039362240056], [-114.09278472257398, 51.029037113946224], [-114.09278572637122, 51.029035015538646], [-114.09278579735104, 51.02903486565297], [-114.09278686204813, 51.0290326173677], [-114.09278792674512, 51.02903036908241], [-114.09278902456151, 51.029028120770825], [-114.09278927551074, 51.02902759616892], [-114.09279009177827, 51.02902587248352], [-114.09279115647495, 51.02902362419821], [-114.09279222117152, 51.02902137591289], [-114.09279282449954, 51.029020101884534], [-114.09279329054792, 51.02901912762383], [-114.09279438620383, 51.0290168793139], [-114.0927954509001, 51.02901463102856], [-114.09279637363679, 51.02901268251456], [-114.09279651703625, 51.02901238274204], [-114.09279759253214, 51.029010134448086], [-114.09279866802794, 51.029007886154126], [-114.0927997453236, 51.02900563785872], [-114.09279992277291, 51.029005263144484], [-114.09280081901922, 51.02900338956617], [-114.09280189451471, 51.029001141272175], [-114.09280297001008, 51.028998892978166], [-114.09280347190789, 51.0289978437743], [-114.09280404550535, 51.02899664468415], [-114.09280512100052, 51.028994396390125], [-114.09280619649559, 51.02899214809609], [-114.09280702104174, 51.028990424403986], [-114.0928072694706, 51.02898989980403], [-114.0928083474854, 51.02898765150797], [-114.09280942298017, 51.0289854032139], [-114.09281049544329, 51.02898315492222], [-114.09281057014121, 51.02898298838586], [-114.09281148452747, 51.02898090669675], [-114.0928120996199, 51.02897865876831], [-114.09281230185583, 51.028976411167726], [-114.09281248298943, 51.028974163583904], [-114.09281266412303, 51.02897191600008], [-114.09281284525659, 51.02896966841625], [-114.09281305257261, 51.02896742081164], [-114.09281323566006, 51.02896517322627], [-114.09281341874748, 51.02896292564089], [-114.0928136018349, 51.02896067805551], [-114.0928137849223, 51.02895843047012], [-114.09281396800968, 51.02895618288474], [-114.09281188179683, 51.02895393710161], [-114.09281107245793, 51.02895169030439], [-114.09281050631459, 51.02895102864513], [-114.0928088788322, 51.02894944460651], [-114.09280734093187, 51.02894719838786], [-114.09280693373631, 51.028946706503305], [-114.0928054300422, 51.02894495246538], [-114.09280344989972, 51.02894270659785], [-114.09280336160404, 51.02894260738348], [-114.09280150531033, 51.02894046070207], [-114.09279978940874, 51.0289384763747], [-114.09279955610619, 51.02893821480991], [-114.09279770293743, 51.02893596884147], [-114.09279621669309, 51.02893408445757], [-114.0927959143453, 51.028933722821726], [-114.092794044544, 51.028931476866425], [-114.09279264419652, 51.028929801921386], [-114.09279219476136, 51.0289292308952], [-114.09279043906582, 51.02892698484925], [-114.0927890711344, 51.02892523580126], [-114.09278865646995, 51.02892473882462], [-114.09278678250571, 51.02892249287251], [-114.0927854981738, 51.02892072017732], [-114.09278514972372, 51.02892024672888], [-114.09278319472608, 51.02891800084105], [-114.09278192589117, 51.02891654379851], [-114.09278124202966, 51.02891575495136], [-114.09277929503578, 51.0289135090571], [-114.09277835345952, 51.028912292441284], [-114.09277754401205, 51.02891126300723], [-114.09277598923423, 51.028909016801556], [-114.0927747804794, 51.02890776602241], [-114.09277412024457, 51.02890677084528], [-114.09277361103594, 51.02890452380953], [-114.09277477034496, 51.02890268945131], [-114.09277502938892, 51.02890227524356], [-114.09277725413097, 51.028900026037405], [-114.09277783678577, 51.02889777813484], [-114.09277832294748, 51.02889700888783], [-114.09277971215855, 51.028895529206], [-114.09278182287528, 51.02889328009026], [-114.09278187932443, 51.02889321930383], [-114.09278322550317, 51.02889103153668], [-114.09278464659076, 51.02888878296843], [-114.09278543192858, 51.02888754033859], [-114.0927860610349, 51.02888653440543], [-114.09278745125039, 51.028884285861636], [-114.09278887233756, 51.02888203729333], [-114.09278898451907, 51.02888185497939], [-114.09279254750018, 51.02888137394333], [-114.09279370796308, 51.02888203345383], [-114.09279611459488, 51.02888295305957], [-114.0927983377634, 51.02888427721757], [-114.09279968258903, 51.02888498248796], [-114.09280249426097, 51.02888652135697], [-114.09280325043251, 51.02888693629878], [-114.09280626086188, 51.02888876580587], [-114.09280681871945, 51.028889112042414], [-114.09280985281437, 51.028891010393316], [-114.09281038712041, 51.028891344694095], [-114.0928137353971, 51.02889325474985], [-114.09281395512777, 51.028893380097266], [-114.09281730644925, 51.02889549935368], [-114.09281752358235, 51.02889563926557], [-114.09282078141196, 51.02889774403373], [-114.09282109213092, 51.02889794532367], [-114.09282218070918, 51.02889774292232], [-114.09282278270472, 51.028895495004164], [-114.09282373498276, 51.0288932468078], [-114.09282464350177, 51.02889165112876], [-114.09282513566666, 51.02889099825526], [-114.09282683090116, 51.028888749468734], [-114.09282819802566, 51.0288869359312], [-114.09282853127581, 51.0288865006781], [-114.09283025306817, 51.02888425187042], [-114.09283175269364, 51.028882293231455], [-114.09283197486036, 51.028882003062726], [-114.09283369665239, 51.028879754255], [-114.09283530736091, 51.028877650531626], [-114.09283541673082, 51.028877505448605], [-114.09283711196434, 51.028875256661934], [-114.0928388071977, 51.02887300787523], [-114.09283886188717, 51.02887293759929], [-114.09284055726067, 51.02887075904494], [-114.09284220098694, 51.0288685102991], [-114.09284241636371, 51.02886820013629], [-114.0928437624684, 51.02886626161858], [-114.09284532394973, 51.02886401293804], [-114.09284597007988, 51.02886308244953], [-114.09284687172965, 51.028861764268356], [-114.0928484469119, 51.02885951557689], [-114.09284952379528, 51.02885796476267], [-114.09285000113917, 51.02885726690205], [-114.09285153924718, 51.02885501823999], [-114.09285307750473, 51.028852844492455], [-114.0928531305481, 51.02885276953563], [-114.09285466865582, 51.02885052087354], [-114.09285620676337, 51.02884827221141], [-114.09285663111018, 51.02884767255691], [-114.09285779806382, 51.028846023507], [-114.09285933617109, 51.02884377484484], [-114.09286018478193, 51.028842534203626], [-114.09286088475561, 51.02884152617433], [-114.0928624655782, 51.02883927747818], [-114.09286373849419, 51.028837416516325], [-114.09286400771478, 51.028837028812745], [-114.09286559498469, 51.028834780111424], [-114.09286729293444, 51.02883266352449], [-114.09286739449689, 51.02883253124142], [-114.09287034297805, 51.02883028145834], [-114.09287085132324, 51.028829886766644], [-114.09287327522566, 51.02882803168807], [-114.09287440981822, 51.02882716335342], [-114.09287618860917, 51.028825781932746], [-114.09287796828153, 51.02882442430456], [-114.09287913750644, 51.028823532149104], [-114.09288152679198, 51.02882170904878], [-114.09288208598645, 51.028821282365705], [-114.09288498355286, 51.02881903262272], [-114.09288508522458, 51.02881895504398], [-114.0928879320323, 51.028816782839186], [-114.09288864371517, 51.02881623027069], [-114.09289086132674, 51.02881453307082], [-114.09289220220806, 51.02881350685693], [-114.09289377807703, 51.02881228331236], [-114.09289576067471, 51.028810770526746], [-114.0928967265556, 51.02881003352861], [-114.09289931918308, 51.028808055270424], [-114.09289973443273, 51.02880778369755], [-114.09290287955697, 51.028806273421125], [-114.09290469498387, 51.02880553231412], [-114.09290644056837, 51.02880481059306], [-114.09291000156058, 51.02880333828203], [-114.09291014120733, 51.028803280544345], [-114.09291356255257, 51.0288018659709], [-114.09291558743026, 51.028801028774325], [-114.09291712356035, 51.028800401683604], [-114.09292068458909, 51.02879894797324], [-114.09292109547044, 51.0287987769549], [-114.09292424556071, 51.0287974658142], [-114.0929265497555, 51.02879652517796], [-114.09292780657586, 51.02879600553856], [-114.09293136756672, 51.02879453322688], [-114.09293199597684, 51.028794273407165], [-114.09293492855736, 51.02879306091509], [-114.09293744219765, 51.02879202163612], [-114.0929384895587, 51.02879159407408], [-114.09294205058607, 51.02879014036304], [-114.09294301507718, 51.02878976976409], [-114.0929456117584, 51.028788759232235], [-114.0929491733843, 51.02878760498876], [-114.09294944050382, 51.02878751721371], [-114.09295273497783, 51.02878643465467], [-114.09295629584159, 51.02878526432103], [-114.0929562965707, 51.0287852640814], [-114.09295985816436, 51.028784093986125], [-114.09296323716697, 51.028783011359536], [-114.09296341976601, 51.028782927975755], [-114.09296582224545, 51.02878076186311], [-114.09296697520213, 51.02877867998292], [-114.09296706743866, 51.0287785134325], [-114.09296831263177, 51.028776265001895], [-114.09296955782473, 51.02877401657127], [-114.09297052630808, 51.02877226779188], [-114.0929708030176, 51.02877176814062], [-114.09297204821034, 51.02876951970997], [-114.09297360791632, 51.02876727102907], [-114.0929740790938, 51.028766695727704], [-114.09297544979192, 51.028765022123686], [-114.09297729166734, 51.02876277321827], [-114.09297763434182, 51.02876235481725], [-114.09297913354258, 51.028760524312816], [-114.09298101835653, 51.02875827537316], [-114.09298118969375, 51.02875806617266], [-114.09298286023143, 51.02875602646765], [-114.09298470210614, 51.0287537775621], [-114.09298474494042, 51.028753725261964], [-114.09298654398067, 51.02875152865652], [-114.09298830018646, 51.02874938435118], [-114.0929883869023, 51.028749279750095], [-114.09299027066807, 51.028747030811125], [-114.0929918555364, 51.02874509570624], [-114.09299211254208, 51.028744781905466], [-114.09299395441587, 51.028742532999765], [-114.09299533401162, 51.028740284461904], [-114.09299540949387, 51.02874011152182], [-114.09299615564255, 51.028738036368026], [-114.09299696397021, 51.02873578828473], [-114.09299777229778, 51.02873354020143], [-114.09299858062528, 51.02873129211812], [-114.09299895369949, 51.028730254541195], [-114.09299939282592, 51.02872904403171], [-114.09300019728005, 51.02872679595147], [-114.0930010056073, 51.02872454786814], [-114.09300181393449, 51.0287222997848], [-114.09300249790358, 51.02872039756044], [-114.09300262336824, 51.028720051700596], [-114.0930034388884, 51.028717803611514], [-114.09300423891558, 51.02871555553476], [-114.09300504724244, 51.0287133074514], [-114.09300585556925, 51.02871105936802], [-114.09300604210618, 51.02871054057956], [-114.09300666942914, 51.028708811280254], [-114.09300748494893, 51.02870656319115], [-114.09300828054916, 51.0287043151179], [-114.09300908887565, 51.028702067034494], [-114.0930095863073, 51.02870068359856], [-114.09300989996865, 51.02869981894889], [-114.0930107154881, 51.02869757085976], [-114.09301153100748, 51.02869532277062], [-114.09301234652679, 51.02869307468148], [-114.09301313025084, 51.028690826617634], [-114.09301313050548, 51.028690825909756], [-114.09301394602603, 51.028688578528275], [-114.09301476154512, 51.02868633043911], [-114.09301557706411, 51.02868408234993], [-114.09301614959466, 51.02868183445417], [-114.09301667218674, 51.028679711455915], [-114.09301670319928, 51.02867958657344], [-114.09301725626017, 51.02867733869316], [-114.09301778838875, 51.02867509082953], [-114.09301834661461, 51.028672842945134], [-114.09301888526743, 51.028670595076306], [-114.09301943180375, 51.0286683472012], [-114.09301999002946, 51.02866609931679], [-114.09301973412886, 51.02866385208038], [-114.09301948230217, 51.02866160484073], [-114.09301919077674, 51.02865935763269], [-114.09301890786216, 51.028657110417775], [-114.09301863164491, 51.02865486319754], [-114.09301834011956, 51.028652615989486], [-114.09301806278614, 51.02865036877012], [-114.09301778098789, 51.02864812155432], [-114.09301748946264, 51.02864587434627], [-114.09301721771038, 51.02864362712246], [-114.09301693033113, 51.02864137991111], [-114.09301663880596, 51.028639132703056], [-114.09301659021844, 51.02863875816837], [-114.09301634887542, 51.02863688549371], [-114.09301607967461, 51.02863463826787], [-114.09301578814953, 51.0286323910598], [-114.09301550380015, 51.02863014384602], [-114.09301522901835, 51.02862789662463], [-114.09301493749335, 51.028625649416554], [-114.09301465872512, 51.02862340219832], [-114.09301437836233, 51.02862115498135], [-114.09301408683741, 51.02861890777328], [-114.09301379531253, 51.02861666056519], [-114.09301352770656, 51.028614413338076], [-114.09301323618173, 51.02861216613], [-114.09301296895065, 51.02861010618924], [-114.09301294481638, 51.02860991892178], [-114.09301267705102, 51.028607671694786], [-114.09301239685628, 51.02860542447768], [-114.09301234546463, 51.028603177078466], [-114.09301229407296, 51.02860092967926], [-114.09301224268133, 51.02859868228005], [-114.09301219128969, 51.02859643488083], [-114.09301213989804, 51.028594187481616], [-114.09301208850641, 51.0285919400824], [-114.09301203711478, 51.028589692683184], [-114.09301198572315, 51.02858744528396], [-114.09301193433154, 51.02858519788475], [-114.09301188293992, 51.028582950485536], [-114.09301183154831, 51.02858070308631], [-114.09301178015671, 51.02857845568709], [-114.0930117287651, 51.028576208287866], [-114.09301167737353, 51.02857396088865], [-114.09301162598194, 51.02857171348942], [-114.09301157459036, 51.0285694660902], [-114.09301156757458, 51.02856721865565], [-114.09301167355079, 51.028564971131196], [-114.09301181608014, 51.02856272357761], [-114.09301198625568, 51.02856047600204], [-114.09301216566104, 51.02855822841912], [-114.0930124151333, 51.028555980780446], [-114.09301266854986, 51.02855373313861], [-114.09301285506574, 51.028553204180724], [-114.0930137782428, 51.028551484815274], [-114.09301525962118, 51.028549236196085], [-114.09301625158756, 51.028546987966415], [-114.09301640597789, 51.02854670691351], [-114.09301791400378, 51.02854473920309], [-114.09301914795243, 51.0285424907808], [-114.09301995850153, 51.02854101525305], [-114.09302055094015, 51.02854024222395], [-114.09302206014524, 51.02853799358251], [-114.09302333886248, 51.028535745124536], [-114.0930235113447, 51.02853548365699], [-114.09302496359017, 51.02853349639112], [-114.09302631287584, 51.02853124787693], [-114.09302706452947, 51.02853012314025], [-114.09302788760719, 51.02852899918326], [-114.09302930685078, 51.02852675061335], [-114.09303061771507, 51.02852476345995], [-114.09303080476609, 51.0285245019808], [-114.09303229184216, 51.02852225335685], [-114.09303379149074, 51.02852000472288], [-114.09303417095137, 51.02851942949424], [-114.09303527483677, 51.028517756101856], [-114.09303675818263, 51.028515507480805], [-114.09303772408221, 51.028514043262454], [-114.09303824152838, 51.02851325885975], [-114.09303973984557, 51.02851101022675], [-114.09304124282045, 51.028508761590025], [-114.09304127731686, 51.028508709296524], [-114.09304272616575, 51.02850651296891], [-114.09304421549955, 51.02850426434301], [-114.09304483007877, 51.02850313962243], [-114.0930453856589, 51.02850201597121], [-114.09304575826216, 51.028500891954465], [-114.09304660652562, 51.0285003878525]]}}, {"type": "Feature", "properties": {"elev": 1085.5, "index": true}, "geometry": {"type": "LineString", "coordinates": [[-114.09239219362806, 51.02917791606128], [-114.09239228736449, 51.02917788985413], [-114.09239397387985, 51.02917704573084], [-114.09239461164228, 51.029176764296636], [-114.0923975347463, 51.02917548766399], [-114.09239976693472, 51.02917451278082], [-114.09240109561826, 51.029173932493215], [-114.09240465649238, 51.02917237852907], [-114.09240492625646, 51.0291722612616], [-114.09240821737826, 51.02917083059851], [-114.09241010572674, 51.02917000972622], [-114.0924117782639, 51.029169282667866], [-114.09241523280906, 51.02916775823202], [-114.09241533910371, 51.02916771180901], [-114.09241889998792, 51.02916616339544], [-114.0924204106664, 51.02916550669746], [-114.09242246087285, 51.02916461546447], [-114.09242559013516, 51.02916325516139], [-114.09242602175755, 51.02916306753337], [-114.09242958263144, 51.029161514292504], [-114.0924307518723, 51.0291610036391], [-114.09243314347965, 51.029159948260066], [-114.09243589507184, 51.02915875213127], [-114.09243670436364, 51.029158400328654], [-114.09244026524738, 51.02915685239714], [-114.0924410624497, 51.02915650060407], [-114.09244382610927, 51.02915529360482], [-114.09244621773763, 51.0291542490862], [-114.09244738696758, 51.02915373312296], [-114.09245094785061, 51.02915218519112], [-114.09245137947276, 51.029151997563005], [-114.0924545087334, 51.029150637259164], [-114.09245745110155, 51.029149745319735], [-114.09245807057941, 51.029149573596115], [-114.09246163376937, 51.02914918550164], [-114.09246519695928, 51.029148797407046], [-114.09246876007147, 51.029148370281234], [-114.09247073829356, 51.02914748736699], [-114.09247232050743, 51.02914659823755], [-114.0924747432723, 51.029145236758055], [-114.09247588048842, 51.029144597696224], [-114.09247874825068, 51.029142986148976], [-114.09247944046912, 51.02914259715479], [-114.09248270779771, 51.02914073557571], [-114.0924830003943, 51.02914056886713], [-114.09248656037437, 51.02913856832548], [-114.09248670870687, 51.029138484969565], [-114.09249012035414, 51.02913656778372], [-114.09249071368409, 51.02913623436008], [-114.0924936803336, 51.029134567241854], [-114.0924947186609, 51.029133983750455], [-114.09249724031278, 51.02913256669987], [-114.09249870329512, 51.029131733156795], [-114.09250080026536, 51.02913055296147], [-114.09250270216852, 51.02912948255172], [-114.09250436021495, 51.02912853786948], [-114.09250668408967, 51.029127231959926], [-114.09250792019319, 51.02912653732718], [-114.09251068906494, 51.029124981349746], [-114.09251148017113, 51.029124536784764], [-114.09251469403982, 51.02912273073944], [-114.09251504014874, 51.02912253624224], [-114.09251860012606, 51.02912053569962], [-114.09251869765816, 51.029120480130054], [-114.09252216004784, 51.02911850741075], [-114.09252265448906, 51.02911822955758], [-114.09252571930887, 51.029116147410605], [-114.09252596647174, 51.029115979495515], [-114.09252700148365, 51.02911373123616], [-114.09252803649545, 51.02911148297679], [-114.09252911891498, 51.02910923467986], [-114.09252926886532, 51.02910891349829], [-114.09253015601813, 51.02910698641881], [-114.09253119102962, 51.02910473815939], [-114.09253231089704, 51.029102489832795], [-114.09253281879015, 51.02910186514178], [-114.09253444122089, 51.02910024070609], [-114.0925363756574, 51.029098303878904], [-114.09253668227315, 51.02909799149169], [-114.0925388899064, 51.029095742303696], [-114.09253993245692, 51.02909470887062], [-114.09254115898688, 51.029093493067], [-114.0925433666197, 51.029091243878916], [-114.09254348927269, 51.029091122298546], [-114.09254563569975, 51.02908899464213], [-114.09254704613157, 51.02908755766082], [-114.09254785734647, 51.029086745442875], [-114.09255011241176, 51.02908449621711], [-114.09255060299665, 51.02908399639749], [-114.09255232004371, 51.02908224702885], [-114.09255415983766, 51.02908042332322], [-114.0925545891229, 51.029079997791904], [-114.09255679675442, 51.029077748603555], [-114.09255771665124, 51.029076836750704], [-114.09255906583316, 51.02907549936651], [-114.09256127325868, 51.02907325017825], [-114.09256127346352, 51.02907324980249], [-114.09256376375329, 51.02907100076575], [-114.09256483032716, 51.029069688914326], [-114.09256575017324, 51.02906875175244], [-114.09256828362487, 51.02906650230581], [-114.09256838776453, 51.0290664163339], [-114.09257138991953, 51.02906425240537], [-114.09257194524768, 51.029063166994476], [-114.09257329633074, 51.02906200345531], [-114.09257526358351, 51.02905975445702], [-114.09257550207231, 51.02905958731543], [-114.0925784436412, 51.02905750449796], [-114.09257906025793, 51.02905669110568], [-114.09258085434938, 51.029055255148286], [-114.09258210502834, 51.029053006717554], [-114.09258261615678, 51.02905264725418], [-114.09258520768064, 51.029050756819615], [-114.09258617376425, 51.029049461333415], [-114.09258734978144, 51.02904850768261], [-114.0925888497289, 51.02904625905432], [-114.09258973010652, 51.0290456406394], [-114.09259197015703, 51.02904400914212], [-114.09259267185628, 51.02904176114623], [-114.09259328547448, 51.02904133121293], [-114.09259560298767, 51.029039511383914], [-114.09259684292762, 51.029038068647544], [-114.09259786730729, 51.02903726214987], [-114.09259926763939, 51.029035013600364], [-114.09260039904578, 51.02903413634365], [-114.09260216914923, 51.02903276386135], [-114.09260276780051, 51.029030515947035], [-114.09260395414572, 51.02902969336227], [-114.09260584565492, 51.029028266068195], [-114.09260626085819, 51.02902601829925], [-114.09260750905611, 51.02902515559742], [-114.09260936642488, 51.029023768398346], [-114.09260974578262, 51.02902152065777], [-114.09261106379421, 51.029020531727625], [-114.09261273650326, 51.0290192708478], [-114.09261323748495, 51.02901702301083], [-114.09261461656823, 51.02901492266083], [-114.09261478464833, 51.02901477434478], [-114.09261533083577, 51.02901252647197], [-114.09261460900987, 51.02901112998675], [-114.09261383969607, 51.02901028021374], [-114.09261181850376, 51.029008034375536], [-114.09261103719601, 51.029007184612], [-114.09260975361904, 51.029005788571915], [-114.09260746647475, 51.02900378723134], [-114.09260722188212, 51.0290035431382], [-114.092603898621, 51.02900182862646], [-114.09260287231982, 51.02900129914489], [-114.09260032938526, 51.02899917630754], [-114.09260018267751, 51.02899905383615], [-114.09259754185662, 51.02899680848866], [-114.09259675941534, 51.02899615530791], [-114.09259485221482, 51.0289945631798], [-114.0925931905848, 51.028993705923774], [-114.09259050265398, 51.02899231918601], [-114.0925896223806, 51.028991570736785], [-114.09258889040689, 51.02899007302341], [-114.09258870368213, 51.02898782573138], [-114.0925887369245, 51.02898557826507], [-114.09258958499812, 51.02898333015321], [-114.09258960585329, 51.02898327532108], [-114.09259056471284, 51.02898108193704], [-114.0925913683929, 51.02897883386033], [-114.09259229548053, 51.02897658568583], [-114.09259315233415, 51.02897450782759], [-114.09259322256804, 51.02897433751133], [-114.09259423352543, 51.028972089270376], [-114.09259582935154, 51.028969840566], [-114.09259670452973, 51.028968609131645], [-114.09259742905877, 51.028967591858525], [-114.09259903064918, 51.028965343149544], [-114.09260025856746, 51.02896363539435], [-114.09260065176575, 51.02896309442506], [-114.09260236354599, 51.02896084562872], [-114.09260381317854, 51.02895894977727], [-114.09260408247125, 51.028958596826676], [-114.09260579483681, 51.0289563480298], [-114.09260736791424, 51.02895432705748], [-114.09260754722068, 51.0289540992012], [-114.09260935597547, 51.0289518503279], [-114.09261092304305, 51.02894990195059], [-114.09261116473009, 51.02894960145458], [-114.09261297678522, 51.02894735257861], [-114.092614478393, 51.02894558815318], [-114.09261489440125, 51.02894510361895], [-114.0926168017051, 51.028942854667434], [-114.09261803400783, 51.028941407592136], [-114.09261871991151, 51.02894060570724], [-114.09262066524758, 51.02893835672552], [-114.09262158984865, 51.02893734073991], [-114.09262273496543, 51.02893610764517], [-114.09262482432511, 51.02893385854923], [-114.09262514616448, 51.02893351253416], [-114.09262692030339, 51.028931609448016], [-114.09262870264743, 51.028929768464074], [-114.09262918963627, 51.02892936020934], [-114.0926322618416, 51.02892738487946], [-114.09263265124193, 51.02892711002558], [-114.09263582079198, 51.02892487917327], [-114.09263584852486, 51.028924860051234], [-114.09263880728672, 51.02892261026587], [-114.09263937939195, 51.02892219788268], [-114.09264223254122, 51.028920360110654], [-114.0926429387638, 51.028919903988665], [-114.09264572395016, 51.02891810990288], [-114.09264649813751, 51.028917611207845], [-114.09264998585519, 51.028915859084165], [-114.09265005850247, 51.02891581580657], [-114.09265362228629, 51.02891573537105], [-114.09265718631966, 51.02891578008937], [-114.09265749194621, 51.02891585313314], [-114.09266075194621, 51.02891662386105], [-114.0926643159503, 51.02891665386943], [-114.09266787993764, 51.02891667547212], [-114.09267144559327, 51.02891753369054], [-114.09267500735373, 51.02891643856192], [-114.09267546602162, 51.02891583888086], [-114.0926750050721, 51.028915294412464], [-114.09267401169392, 51.028913592594165], [-114.09267270043483, 51.028911346193986], [-114.092671428911, 51.02890916786654], [-114.09267137129233, 51.02890909980799], [-114.09266946987604, 51.02890685387576], [-114.09266785655329, 51.028904948236274], [-114.09266765787775, 51.0289046078726], [-114.09266619801977, 51.028902361590184], [-114.09266680601543, 51.02890011366809], [-114.0926675721114, 51.02889786562062], [-114.09266784160731, 51.02889745283341], [-114.09266925848006, 51.02889561684342], [-114.09267080652438, 51.02889336817588], [-114.0926713952752, 51.028892300175016], [-114.09267218743054, 51.028891119640846], [-114.0926740351471, 51.028888870735635], [-114.09267495118499, 51.02888827213255], [-114.09267719932008, 51.0288866207864], [-114.0926773095124, 51.02888437325901], [-114.09267818535362, 51.02888212512445], [-114.09267850245276, 51.028881916698005], [-114.09268069721526, 51.02887987569242], [-114.09268130253147, 51.02887762777235], [-114.092682054655, 51.02887603031061], [-114.09268246515681, 51.028875379410316], [-114.09268387576664, 51.0288731308516], [-114.09268528705127, 51.02887088229231], [-114.09268560731402, 51.02887037340715], [-114.09268669986798, 51.0288686337318], [-114.09268807473278, 51.02886638520136], [-114.09268915978014, 51.028864620221206], [-114.09268945643075, 51.02886413666549], [-114.0926908319179, 51.02886188813453], [-114.09269216609852, 51.028859639636316], [-114.09269271208605, 51.02885878715184], [-114.09269354831237, 51.02885739109999], [-114.09269489515464, 51.028855142591695], [-114.09269624336852, 51.02885289408231], [-114.09269626422156, 51.02885286909421], [-114.09269748682952, 51.028850645655986], [-114.09269850447023, 51.02884839740878], [-114.09269981525708, 51.02884640003963], [-114.09269996263724, 51.028846148812114], [-114.09270155414544, 51.02884390010967], [-114.09270337114634, 51.028842364701354], [-114.09270422850213, 51.02884165054823], [-114.09270692896266, 51.028839400966014], [-114.0927069291719, 51.02883940057426], [-114.09270807198271, 51.02883715261925], [-114.09270912501167, 51.02883490434386], [-114.09270990089671, 51.02883265628834], [-114.09271047624749, 51.028830947777486], [-114.09271065793719, 51.02883040824774], [-114.09271149812777, 51.028828160141195], [-114.0927136377767, 51.02882591100372], [-114.09271402934492, 51.028825514086], [-114.09271585666316, 51.02882366180334], [-114.09271758603707, 51.02882188260563], [-114.0927180428528, 51.028821412628865], [-114.09272026173885, 51.02881916342841], [-114.09272114274049, 51.02881825704464], [-114.09272244792805, 51.02881691425383], [-114.09272466681367, 51.028814665053304], [-114.09272469944335, 51.02881463148354], [-114.09272685300246, 51.02881241587866], [-114.09272825612105, 51.02881099359003], [-114.09272907188763, 51.028810166678035], [-114.09273125807601, 51.02880791750329], [-114.09273181279721, 51.02880735520312], [-114.09273347696076, 51.028805668302574], [-114.09273536948169, 51.028803721255734], [-114.0927356631487, 51.02880341912776], [-114.09273763234988, 51.02880117012511], [-114.09273882344709, 51.02879892173987], [-114.09273892314951, 51.028798575900765], [-114.09273947151271, 51.02879667378557], [-114.09274011957825, 51.02879442583125], [-114.09274076764373, 51.02879217787692], [-114.09274141570916, 51.028789929922596], [-114.09274206377452, 51.02878768196826], [-114.09274246258394, 51.028786298611756], [-114.09274271183982, 51.02878543401393], [-114.09274335990504, 51.0287831860596], [-114.09274400797023, 51.02878093810525], [-114.09274465603534, 51.02877869015091], [-114.09274529406115, 51.028776442204524], [-114.0927459019692, 51.028774194282036], [-114.0927460016715, 51.0287738484429], [-114.09274655792208, 51.02877194632141], [-114.09274719809898, 51.02876969837331], [-114.09274784616377, 51.02876745041894], [-114.09274849422852, 51.02876520246456], [-114.09274914229319, 51.028762954510185], [-114.0927495411022, 51.028761571153645], [-114.0927497903578, 51.0287607065558], [-114.09275043842236, 51.028758458601416], [-114.09275108648683, 51.028756210647025], [-114.09275173455126, 51.028753962692626], [-114.09275238261561, 51.028751714738235], [-114.0927530306799, 51.02874946678382], [-114.09275308053101, 51.02874929386425], [-114.09275367874415, 51.028747218829416], [-114.09275432680832, 51.028744970875], [-114.09275495120855, 51.028742722939356], [-114.09275557274034, 51.028740475005996], [-114.09275622080435, 51.02873822705157], [-114.09275661961291, 51.02873684369499], [-114.09275686886826, 51.02873597909714], [-114.09275751693212, 51.028733731142715], [-114.09275816499593, 51.02873148318827], [-114.09275881305966, 51.02872923523381], [-114.09276016577782, 51.02872794307754], [-114.09276209031438, 51.02872698519248], [-114.09276372629765, 51.028726234747204], [-114.09276708923508, 51.02872473378438], [-114.09276728705493, 51.028724645492446], [-114.09277084778996, 51.02872304522074], [-114.09277209885778, 51.02872248236759], [-114.09277440848076, 51.02872142291524], [-114.0927770790482, 51.02872023097394], [-114.09277796923732, 51.028719833660155], [-114.09278152990564, 51.02871820033759], [-114.09278202445509, 51.028717979607706], [-114.09278509066168, 51.028716611082295], [-114.09278701534701, 51.028715728205135], [-114.0927886513295, 51.02871497775952], [-114.09279201426531, 51.028713476795986], [-114.09279221206593, 51.02871337892414], [-114.09279505891192, 51.02871122693839], [-114.09279577057458, 51.028710664513284], [-114.09279790556249, 51.02870897723795], [-114.09279932888685, 51.028707851969415], [-114.09279989895255, 51.02870672821498], [-114.09280129556761, 51.028704479665876], [-114.09280250795346, 51.028702231263054], [-114.09280288016747, 51.02870151836452], [-114.09280531100049, 51.02869998159704], [-114.09280644006805, 51.02869950173778], [-114.0928100009733, 51.02869798833542], [-114.09281060893271, 51.02869772994964], [-114.09281356074658, 51.02869590824911], [-114.09281425529097, 51.02869547961367], [-114.09281712028651, 51.02869371149248], [-114.09281790164889, 51.02869322927759], [-114.09282068092935, 51.0286920671011], [-114.09282328650464, 51.02869097756057], [-114.09282424150298, 51.02869038818678], [-114.09282693286177, 51.02868872722422], [-114.09282780106685, 51.02868820387411], [-114.09283136239776, 51.02868690434946], [-114.09283243071894, 51.02868647541701], [-114.09283492260667, 51.0286850432484], [-114.09283631177249, 51.02868422489392], [-114.09283848240067, 51.02868297459175], [-114.09284187461536, 51.02868197303465], [-114.09284204425572, 51.02868193778363], [-114.09284328720821, 51.02867972447235], [-114.0928446652736, 51.02867747593745], [-114.0928455978327, 51.028676757526625], [-114.09284749397077, 51.028675226250044], [-114.09284880335422, 51.028672977769666], [-114.09284915256579, 51.02867215631218], [-114.09285121303823, 51.02867072841507], [-114.09285271156357, 51.02866968994441], [-114.09285445984302, 51.028668478395296], [-114.09285627056094, 51.02866722357654], [-114.09285768185313, 51.02866622839513], [-114.09285982947158, 51.02866471398861], [-114.09286089092674, 51.02866397840515], [-114.0928633884682, 51.028662247620524], [-114.0928641377306, 51.0286617283851], [-114.09286694746446, 51.0286597812523], [-114.09286738453415, 51.02865947836498], [-114.09287050637565, 51.028657272511495], [-114.09287056881246, 51.02865722839444], [-114.09287381561538, 51.02865497837412], [-114.09287406536943, 51.02865480529563], [-114.09287706241797, 51.02865272835372], [-114.09287762436455, 51.0286523389271], [-114.09288030922025, 51.028650478333226], [-114.09288118286901, 51.02864962725612], [-114.09288211155544, 51.02864822946067], [-114.09288267405061, 51.02864598157352], [-114.09288323654575, 51.028643733686366], [-114.0928837990408, 51.0286414857992], [-114.09288436153582, 51.02863923791203], [-114.09288472313973, 51.02863779284171], [-114.09288492403078, 51.02863699002485], [-114.09288548652569, 51.02863474213767], [-114.09288604902055, 51.0286324942505], [-114.09288661151534, 51.028630246363306], [-114.09288717401009, 51.02862799847613], [-114.09288773650476, 51.028625750588944], [-114.09288825882122, 51.02862366326512], [-114.0928882989994, 51.02862350270174], [-114.09288890199302, 51.02862125478236], [-114.09288946448756, 51.02861900689516], [-114.09289002665032, 51.028616759008216], [-114.09288824143059, 51.0286149624751], [-114.09288746096279, 51.02861676104753], [-114.09288468452682, 51.028618473501396], [-114.09288419916074, 51.02861901108016], [-114.09288221911063, 51.02862126009399], [-114.09288112835134, 51.02862234919507], [-114.09288048388333, 51.02862350891322], [-114.09287757049775, 51.028625385508896], [-114.09287721075543, 51.028625758954654], [-114.09287668475594, 51.02862800681279], [-114.09287401453557, 51.0286293684974], [-114.09287325769354, 51.028630256976435], [-114.09287292935178, 51.028632504677475], [-114.09287046000024, 51.02863406580143], [-114.09287003544414, 51.02863475441735], [-114.09286963030733, 51.028637002179394], [-114.0928669055788, 51.02863882045785], [-114.09286661767983, 51.028639252013505], [-114.0928663108219, 51.02864149969746], [-114.09286535620876, 51.02864374789613], [-114.09286335403117, 51.028645013672175], [-114.0928629331582, 51.02864599726165], [-114.09286261099328, 51.028648244957736], [-114.09285980025751, 51.02865009330266], [-114.09285948774793, 51.02865049487957], [-114.09285908393025, 51.02865274264053], [-114.09285624553563, 51.02865469875142], [-114.09285598902362, 51.02865499253976], [-114.09285551064656, 51.02865724035994], [-114.09285269100013, 51.028659397837686], [-114.09285255857341, 51.02865949014557], [-114.09285171459585, 51.028661738256226], [-114.09285114095036, 51.02866398615209], [-114.0928491387715, 51.028665251927876], [-114.09284557329498, 51.02866447531753], [-114.09284459224877, 51.028663991354954], [-114.09284200575009, 51.02866266329219], [-114.0928401762667, 51.0286617474231], [-114.09283843822129, 51.028660859192144], [-114.09283693762985, 51.02865950255582], [-114.09283486792503, 51.028657669555], [-114.09283406521874, 51.028657257397526], [-114.09283130034156, 51.028655837743976], [-114.09283036897456, 51.02865501289356], [-114.0928277318387, 51.02865354550825], [-114.09282633570801, 51.02865276865718], [-114.09282416243856, 51.02865080387332], [-114.09282361358234, 51.02865052337925], [-114.09282141988623, 51.02864827768155], [-114.09282059190915, 51.02864749662089], [-114.09281777536232, 51.028646033136106], [-114.0928170242832, 51.028645642873485], [-114.09281674971749, 51.028643786510614], [-114.09281701865874, 51.02864282671585], [-114.09281790706599, 51.02864153815132], [-114.09281871131243, 51.028639290072455], [-114.09281955702504, 51.02863704196065], [-114.09282056777937, 51.02863541535013], [-114.09282141276466, 51.02863479304663], [-114.09282277696408, 51.028632544522985], [-114.0928237703153, 51.02863029629388], [-114.09282412046743, 51.02862979061058], [-114.09282600995343, 51.02862804707487], [-114.09282695142163, 51.02862579888695], [-114.09282767437482, 51.02862477674901], [-114.09282929059728, 51.028623549588794], [-114.09283027774288, 51.02862130136455], [-114.09283122823695, 51.0286197406217], [-114.09283206543216, 51.02861905250441], [-114.09283328569403, 51.02861680409498], [-114.09283463833792, 51.028614555580376], [-114.09283478139827, 51.0286143540452], [-114.09283640725346, 51.02861230673508], [-114.09283790660912, 51.02861005810387], [-114.09283833556741, 51.028609472383366], [-114.09283959711877, 51.02860780932081], [-114.09284119421801, 51.02860556061192], [-114.09284188966949, 51.028604557524886], [-114.09284273323784, 51.02860331194915], [-114.0928441662933, 51.02860106337055], [-114.09284544262893, 51.02859907110131], [-114.09284560683584, 51.02859881478599], [-114.09284695388482, 51.028596566275674], [-114.09284814465104, 51.02859431788951], [-114.09284899404034, 51.028592810260605], [-114.09284941141264, 51.02859206944295], [-114.09285067817412, 51.02858982099638], [-114.09285225934784, 51.02858757229999], [-114.09285254690563, 51.02858727757937], [-114.09285444981076, 51.02858532311947], [-114.09285610314902, 51.02858343602273], [-114.09285644107878, 51.028583074097185], [-114.0928587331677, 51.02858082483583], [-114.09285965966866, 51.02857973301876], [-114.09286063941406, 51.028578575881035], [-114.0928625435965, 51.02857632692783], [-114.09286321519608, 51.02857553372855], [-114.0928646870115, 51.028574077784505], [-114.0928664349012, 51.028571828955435], [-114.09286677083269, 51.028571389416086], [-114.09286914764371, 51.0285695793596], [-114.09287032717924, 51.02856760067494], [-114.09287145208613, 51.02856733008817], [-114.09287388801353, 51.0285660578601], [-114.092875667287, 51.0285650792982], [-114.0928774446703, 51.028562830445516], [-114.0928774454786, 51.02856282929537], [-114.09287890310685, 51.0285605818463], [-114.09288053147333, 51.028558333112], [-114.09288099891178, 51.028557583593795], [-114.0928819591365, 51.02855608453721], [-114.09288339947346, 51.028553835952316], [-114.09288455148625, 51.02855190865944], [-114.09288474348838, 51.028551587443964], [-114.09288623921016, 51.02854933881501], [-114.09288739298906, 51.02854709045783], [-114.09288810300679, 51.0285457068534], [-114.09288857021463, 51.028544842082], [-114.09288992220434, 51.028542593567245], [-114.09289109348218, 51.028540345196106], [-114.09289165375449, 51.02853911887433], [-114.09289209720127, 51.02853809695815], [-114.09289312493891, 51.0285358487011], [-114.09289457771226, 51.02853360010617], [-114.09289520521878, 51.02853288988943], [-114.09289636041548, 51.02853135124897], [-114.09289806616471, 51.0285291024529], [-114.09289876017925, 51.028528410381185], [-114.09290036082794, 51.02852685318867], [-114.09290205571122, 51.028524604401184], [-114.09290231581112, 51.0285242670784], [-114.09290420531863, 51.0285223552522], [-114.09290587235365, 51.02852057963208], [-114.09290621910615, 51.028520106211126], [-114.09290795310497, 51.02851785739246], [-114.09290942700383, 51.02851594589656], [-114.09290968710361, 51.028515608573755], [-114.09291202957415, 51.02851335927127], [-114.09291298314315, 51.02851205736359], [-114.09291367664787, 51.02851111052164], [-114.09291532372141, 51.02850886177196], [-114.09291653841737, 51.02850773642896], [-114.09291775311588, 51.028506612400264], [-114.09291931326453, 51.028504363719655], [-114.09292009345704, 51.028503298522395], [-114.09292096033757, 51.028502114969896], [-114.09292260741044, 51.028499866220116], [-114.09292364850785, 51.02849886653003], [-114.09292381957822, 51.02849761781613], [-114.09292404291318, 51.02849537019839], [-114.09292429653674, 51.02849312255657], [-114.09292456340107, 51.028490874904215], [-114.09292483893874, 51.02848862724497], [-114.09292525640777, 51.02848637947286], [-114.09292556299734, 51.028484131788915], [-114.09292588938833, 51.02848188408922], [-114.09292616876255, 51.02847963642692], [-114.09292637582995, 51.0284773888221], [-114.0929267325384, 51.028475141098305], [-114.09292695345303, 51.02847289348248], [-114.09292688497158, 51.02847064609677], [-114.0929268252241, 51.02846839870412], [-114.09292669009234, 51.0284661513714], [-114.09292656936678, 51.02846390402722], [-114.0929264596315, 51.028461656674324], [-114.09292590647568, 51.028459409674], [-114.09292471501604, 51.02845716318122], [-114.09292356157151, 51.0284553873263], [-114.09292317741503, 51.02845491696367], [-114.0929218227499, 51.02845267060063], [-114.09292061214359, 51.02845042412303], [-114.09291998629419, 51.02844970143446], [-114.09291889339241, 51.02844817804945], [-114.09291662220484, 51.02844593241507], [-114.09291641440944, 51.02844571197266], [-114.0929148874105, 51.02844368635418], [-114.09291284265583, 51.02844178778367], [-114.09291253205707, 51.028441440786644], [-114.09291180214491, 51.02843919392677], [-114.09291093965236, 51.0284369471723], [-114.09291048967154, 51.02843470008987], [-114.09291001776715, 51.02843245302487], [-114.09290956427864, 51.02843020594522], [-114.09290925250532, 51.02842866107796], [-114.09290911188637, 51.028427958864704], [-114.09290866190572, 51.028425711782276], [-114.09290821192513, 51.02842346469982], [-114.09290776194456, 51.02842121761738], [-114.09290729683677, 51.02841897054695], [-114.09290684334853, 51.02841672346728], [-114.09290638986033, 51.02841447638762], [-114.09290593417981, 51.028412229309694], [-114.09290565294211, 51.02841082488316], [-114.09290548419948, 51.02840998222724], [-114.0929050342192, 51.02840773514478], [-114.09290457590798, 51.028405488068934], [-114.09290412242, 51.02840324098925], [-114.09290366893207, 51.02840099390958], [-114.0929032064555, 51.02839874683704], [-114.09290273389412, 51.02839649977252], [-114.09290208397097, 51.02839425284899], [-114.09290205570457, 51.02839415071508], [-114.09290146211008, 51.028392005903136], [-114.09290081218705, 51.0283897589796], [-114.09290019032626, 51.02838751203374], [-114.09289954886657, 51.02838526510347], [-114.09289891854272, 51.028383018164334], [-114.09289846628045, 51.028381384021884], [-114.09289829534582, 51.02838077121953], [-114.09289764675938, 51.02837852429491], [-114.09289702489892, 51.02837627734903], [-114.09289637497633, 51.028374030425454], [-114.09289575311597, 51.02837178347957], [-114.09289513125569, 51.028369536533695], [-114.09289487693822, 51.02836865730273], [-114.09289448133327, 51.02836728961011], [-114.09289385947311, 51.028365042664205], [-114.09289320955082, 51.028362795740605], [-114.09289258769078, 51.02836054879471], [-114.09289194289109, 51.02835830186704], [-114.09289131590869, 51.028356054925204], [-114.09289128764235, 51.02835595279129], [-114.0928906893718, 51.028353807983], [-114.09289004412686, 51.02835156105566], [-114.0928894222671, 51.02834931410974], [-114.09288877234526, 51.02834706718611], [-114.09288815048563, 51.028344820240186], [-114.09288769822413, 51.028343186097686], [-114.09288752728979, 51.028342573295305], [-114.09288687870442, 51.028340326370596], [-114.09288625684498, 51.02833807942466], [-114.09288560692345, 51.028335832501014], [-114.09288498506413, 51.02833358555507], [-114.09288411126933, 51.02833165095381], [-114.092883905824, 51.02833133897262], [-114.09288185311752, 51.028329093163876], [-114.09288053938549, 51.02832765584626], [-114.09287980041125, 51.028326847355096], [-114.09287774770517, 51.028324601546274], [-114.09287696767692, 51.02832374813891], [-114.09287569499931, 51.028322355737416], [-114.09287460974804, 51.028320109159665], [-114.09287609307214, 51.02831786054061], [-114.09287695332674, 51.02831656757882], [-114.09287758916706, 51.02831561191138], [-114.09287907009632, 51.02831336329419], [-114.09288050655172, 51.02831122708434], [-114.09288058135644, 51.028311114652865], [-114.09288205629905, 51.02830886604039], [-114.0928835360306, 51.02830661742409], [-114.09288405966359, 51.02830583040382], [-114.0928850425012, 51.028304368786515], [-114.09288652821884, 51.028302120165414], [-114.09288761288694, 51.02830048990912], [-114.09288802431274, 51.02829987153605], [-114.09288950284646, 51.02829762292063], [-114.09289101490374, 51.02829537427853], [-114.09289116536077, 51.02829477484155], [-114.09289172210653, 51.028293126276175], [-114.09289115971352, 51.02829194949261], [-114.09289059187749, 51.02829087973431], [-114.09288937066628, 51.028288633264765], [-114.09288815952088, 51.02828638678719], [-114.09288758256085, 51.028285317036136], [-114.09288695794139, 51.028284140302006], [-114.09288658114203, 51.02828189316126], [-114.09288757254517, 51.028280305944875], [-114.09288809532543, 51.028279644517504], [-114.09288976795796, 51.0282773957478], [-114.09289030104406, 51.02827627160395]]}}, {"type": "Feature", "properties": {"elev": 1085.0, "index": true}, "geometry": {"type": "LineString", "coordinates": [[-114.09222326699961, 51.02915105407863], [-114.0922239127228, 51.029149929849105], [-114.0922264120295, 51.0291490634768], [-114.09222997353856, 51.02914782745552], [-114.09223041092007, 51.02914767728102], [-114.09223353507356, 51.029146604605906], [-114.09223697164224, 51.0291454246632], [-114.09223709660756, 51.02914538134456], [-114.09224065810052, 51.0291441375022], [-114.09224346983825, 51.029143172094365], [-114.09224421963495, 51.029142914652255], [-114.09224778116919, 51.02914169180222], [-114.0922499917502, 51.02914091950645], [-114.09225134266077, 51.0291404475479], [-114.09225490419465, 51.02913922469764], [-114.0922565287539, 51.02913866690625], [-114.09225846572834, 51.02913800184726], [-114.09226202721933, 51.02913675759263], [-114.092263026948, 51.02913641433633], [-114.09226558875264, 51.02913553474203], [-114.09226915028577, 51.02913431189133], [-114.09226948262412, 51.02913416179961], [-114.09227271068083, 51.029132515961514], [-114.09227388183496, 51.0291319108863], [-114.09227627098925, 51.02913067653282], [-114.092278238528, 51.02912966000638], [-114.09227983126152, 51.029128819045916], [-114.09228253707188, 51.02912740917222], [-114.0922833914169, 51.029126902823606], [-114.09228633416068, 51.0291251587339], [-114.09228695119653, 51.029124797546395], [-114.09229013625115, 51.02912290829149], [-114.09229051096344, 51.0291226860262], [-114.09229397585655, 51.02912065781934], [-114.09229407078375, 51.02912060155837], [-114.09229763055139, 51.02911849073161], [-114.09229786798302, 51.029118407305575], [-114.09230119349573, 51.02911797948777], [-114.092301681917, 51.02911840429335], [-114.09230419487542, 51.02912064974846], [-114.09230476314126, 51.0291208421273], [-114.09230833067824, 51.02912264299393], [-114.09230909726031, 51.02912289331619], [-114.0923118974896, 51.02912407843106], [-114.09231546245222, 51.02912458307906], [-114.09231902611405, 51.02912443289085], [-114.0923225887534, 51.02912376801391], [-114.09232597709759, 51.02912287998199], [-114.09232615085882, 51.02912283444189], [-114.09232971440737, 51.02912262731384], [-114.0923332766709, 51.029121773428066], [-114.09233683880265, 51.029120853291225], [-114.09233772933555, 51.02912062325699], [-114.09234040093425, 51.02911993315428], [-114.09234396374357, 51.02911935414595], [-114.09234752674648, 51.02911887260287], [-114.09234948591869, 51.02911836652739], [-114.09235108887772, 51.02911795246559], [-114.09235229335188, 51.02911611686894], [-114.0923510807662, 51.02911387061737], [-114.09235108060709, 51.029113870387405], [-114.09234906535372, 51.02911162454], [-114.09234750935589, 51.02911012104585], [-114.0923468024188, 51.02910937888828], [-114.09234437408922, 51.029107133367205], [-114.09234393794979, 51.02910637329983], [-114.0923430540178, 51.02910488697037], [-114.09234199594604, 51.02910264036652], [-114.09234236977267, 51.02910039263122], [-114.09234247877161, 51.02909814510517], [-114.09234035409368, 51.02909635948804], [-114.09233989190489, 51.02909589970929], [-114.09234021601341, 51.02909365201328], [-114.09234034793226, 51.029093258607055], [-114.09234348052594, 51.02909140199388], [-114.09234390770399, 51.02909115194079], [-114.09234728010986, 51.02908915155158], [-114.09234746746573, 51.02908904041885], [-114.0923510272823, 51.02908695664292], [-114.09235112096022, 51.02908690107656], [-114.0923545870434, 51.029084845120764], [-114.0923549192929, 51.029084650635006], [-114.09235814681246, 51.02908273776042], [-114.0923587163747, 51.029082400194305], [-114.09236170657636, 51.02908062797217], [-114.09236251345614, 51.02908014975349], [-114.09236526637991, 51.029078538299764], [-114.09236634367568, 51.029077899286364], [-114.09236882613973, 51.02907642677715], [-114.09237023009733, 51.02907564877468], [-114.09237238608375, 51.029074408097266], [-114.09237487884472, 51.02907339766029], [-114.09237594717084, 51.02907296461585], [-114.09237950825768, 51.029071521134334], [-114.09238043414022, 51.029071145829114], [-114.0923830693168, 51.02907006380735], [-114.0923843175048, 51.02906889531938], [-114.09238500922369, 51.02906664733264], [-114.09238560373909, 51.02906439942273], [-114.09238617204893, 51.02906215153352], [-114.09238661462885, 51.029060685461964], [-114.09238684677642, 51.0290599035602], [-114.09238817674472, 51.029057655068875], [-114.09238951752621, 51.02905540656897], [-114.0923901659019, 51.02905430624536], [-114.09239084246782, 51.02905315808159], [-114.09239219569459, 51.02905090957182], [-114.09239352063594, 51.029048661084396], [-114.09239371796761, 51.02904832620328], [-114.09239484557715, 51.02904641259697], [-114.09239619880353, 51.02904416408714], [-114.09239727003241, 51.0290423461611], [-114.09239752374448, 51.02904191559967], [-114.09239886135713, 51.02903966710217], [-114.0924002019113, 51.029037418602314], [-114.09240082209628, 51.02903636611881], [-114.09240152685187, 51.0290351701148], [-114.09240288007761, 51.0290329216049], [-114.09240420501793, 51.02903067311735], [-114.09240437415923, 51.029030386076386], [-114.09240553923568, 51.02902842462245], [-114.09240688318346, 51.02902617611985], [-114.09240792622128, 51.02902440603387], [-114.09240820812339, 51.02902392763225], [-114.09240956134848, 51.02902167912226], [-114.09241088628814, 51.02901943063463], [-114.09241147828241, 51.02901842599122], [-114.09241221122768, 51.02901718214699], [-114.092413744893, 51.029014933494274], [-114.09241503221014, 51.02901338505862], [-114.09241570126338, 51.029012684507265], [-114.09241784186608, 51.029010435374545], [-114.09241858873041, 51.02900964817992], [-114.09241996200235, 51.029008186257954], [-114.09242211001482, 51.02900593711928], [-114.09242214522814, 51.029005900248144], [-114.09242425802708, 51.02900368798057], [-114.09242570172285, 51.02900215108816], [-114.09242637745702, 51.02900143886443], [-114.09242851876442, 51.02899918973093], [-114.09242925824385, 51.02899841543724], [-114.09243066677605, 51.028996940592094], [-114.09243277950091, 51.02899469148114], [-114.09243281471421, 51.02899465461], [-114.09243492751214, 51.02899244234222], [-114.09243637125728, 51.02899093062588], [-114.09243707552316, 51.02899019320327], [-114.09243921647666, 51.028987944069854], [-114.09243992777535, 51.02898719436058], [-114.092441336258, 51.02898569495315], [-114.09244295742455, 51.028983446230825], [-114.09244347954397, 51.028981198377856], [-114.09244347979566, 51.02898119729571], [-114.09244400217104, 51.02897895052448], [-114.0924445245442, 51.02897670267131], [-114.09244502951897, 51.02897445483188], [-114.09244555651347, 51.02897220697505], [-114.09244606067259, 51.02896995913627], [-114.09244658304556, 51.02896771128309], [-114.09244701323502, 51.028965860109885], [-114.09244710541847, 51.02896546342989], [-114.09244762779134, 51.02896321557672], [-114.09244815016415, 51.0289609677235], [-114.09244867253692, 51.0289587198703], [-114.09244918294827, 51.028956472026564], [-114.09244970994237, 51.028954224169695], [-114.09245023693641, 51.028951976312825], [-114.092450547079, 51.02895072748972], [-114.09245091537151, 51.02894972833616], [-114.09245174402965, 51.02894748024064], [-114.09245257268769, 51.02894523214511], [-114.09245341024659, 51.02894298404254], [-114.09245409208998, 51.02894120920842], [-114.09245427391488, 51.028940735919306], [-114.09245510494625, 51.028938487821875], [-114.09245593360399, 51.02893623972632], [-114.09245676226162, 51.028933991630765], [-114.09245759091917, 51.0289317435352], [-114.0924576369557, 51.028931618641], [-114.09245841957664, 51.02892949543962], [-114.09245916823541, 51.028927247407324], [-114.09245942624234, 51.02892499976323], [-114.09245954466545, 51.02892275222956], [-114.09245962212371, 51.02892050472829], [-114.09245974054679, 51.028918257194626], [-114.09245985896985, 51.02891600966093], [-114.0924599364281, 51.02891376215967], [-114.09246005485114, 51.028911514625996], [-114.09246017327418, 51.02890926709231], [-114.09246030887597, 51.02890701954503], [-114.09246057363224, 51.02890477189558], [-114.09246074425295, 51.02890252432059], [-114.09246111569801, 51.028900276586725], [-114.09246113837816, 51.02890019333028], [-114.09246188134948, 51.028898028540965], [-114.09246242122907, 51.02889578067383], [-114.09246299848088, 51.028893532777126], [-114.09246363369031, 51.02889128483454], [-114.09246426889968, 51.028889036891975], [-114.09246467714205, 51.02888753827564], [-114.09246488126323, 51.028886788967476], [-114.09246551647247, 51.02888454102489], [-114.09246615168163, 51.0288822930823], [-114.09246678689077, 51.02888004513971], [-114.09246740449258, 51.028877797211045], [-114.09246803446307, 51.028875549272584], [-114.09246821595134, 51.02887490700327], [-114.092468669672, 51.02887330132998], [-114.09246930488088, 51.02887105338738], [-114.09246994008969, 51.028868805444766], [-114.09247056016497, 51.02886655751412], [-114.09247118766139, 51.02886430957761], [-114.09247175481197, 51.02886230248597], [-114.09247182287002, 51.028862061634975], [-114.09247245807859, 51.02885981369234], [-114.09247308470175, 51.02885756575651], [-114.09247370564981, 51.02885531782516], [-114.09247434085819, 51.02885306988251], [-114.09247497606653, 51.02885082193986], [-114.09247529366935, 51.02884969731139], [-114.09247561127478, 51.0288485739972], [-114.09247624037138, 51.02884632605939], [-114.09247681315394, 51.02884407816613], [-114.0924773341334, 51.02884183031385], [-114.09247785511282, 51.02883958246158], [-114.09247839893791, 51.02883733459122], [-114.09247882931211, 51.02883547766977], [-114.09247891991721, 51.028835086738944], [-114.09247944487605, 51.0288328388835], [-114.09247998472141, 51.02883059101629], [-114.09248050570056, 51.028828343163994], [-114.09248104097666, 51.02882609530038], [-114.09248157050445, 51.02882384744133], [-114.09248236662589, 51.0288220988024], [-114.09248286759419, 51.02882159897484], [-114.09248547332483, 51.0288193494727], [-114.09248592430146, 51.028818952508736], [-114.09248802885901, 51.02881710001023], [-114.0924894820547, 51.028815845480146], [-114.09249061855425, 51.028814850520675], [-114.09249303979226, 51.028812730824384], [-114.09249319012284, 51.02881260104541], [-114.09249579585247, 51.028810351543044], [-114.0924965975884, 51.02880964582925], [-114.09249835138567, 51.02880810208034], [-114.09250015535201, 51.028806544732475], [-114.0925009459601, 51.02880585258669], [-114.0925035126475, 51.028803603115044], [-114.09250371308818, 51.028803430076394], [-114.092506084912, 51.028801353638926], [-114.09250727082384, 51.02880031542019], [-114.09250867390833, 51.02879910414952], [-114.09251082857254, 51.02879720754348], [-114.09251122944028, 51.02879685468654], [-114.09251383516815, 51.02879460518376], [-114.09251438637979, 51.0287941293274], [-114.09251641231185, 51.02879235570356], [-114.09251794411404, 51.028791014670865], [-114.09251899642699, 51.02879010621778], [-114.0925215018495, 51.02878790086168], [-114.09252155195794, 51.02878785675456], [-114.09252415768482, 51.028785607251564], [-114.09252505963678, 51.02878481332332], [-114.09252671321528, 51.028783357788235], [-114.09252861739998, 51.028781713920566], [-114.0925293091813, 51.02878110829285], [-114.09253187865464, 51.02877885881836], [-114.0925321751323, 51.0287785992636], [-114.09253444812772, 51.028776609343815], [-114.09253573286347, 51.028775484252584], [-114.09253703572696, 51.02877435985487], [-114.09253924125827, 51.02877211066841], [-114.09253928996142, 51.028772051486676], [-114.09254109197815, 51.02876986176286], [-114.09254284517698, 51.02876767367613], [-114.09254289455501, 51.028767612895415], [-114.09254474459648, 51.02876536399034], [-114.09254640039504, 51.02876329746394], [-114.0925465485291, 51.02876311512176], [-114.09254839721407, 51.02876086621771], [-114.09254995571429, 51.028758972402386], [-114.09255024793306, 51.02875861731202], [-114.09255191526053, 51.028756368551534], [-114.09255325234913, 51.02875412005256], [-114.09255350905632, 51.02875365486166], [-114.09255449310044, 51.02875187162988], [-114.09255571761862, 51.028749623220016], [-114.09255693166378, 51.02874737481845], [-114.09255706001734, 51.028747142223004], [-114.09255817241471, 51.02874512639573], [-114.09255941316553, 51.028742877972974], [-114.09256061113172, 51.02874070708203], [-114.09256065391622, 51.02874062955021], [-114.0925618946668, 51.02873838112743], [-114.09256312284978, 51.028736132714606], [-114.09256416211282, 51.028734205514255], [-114.09256433532332, 51.02873388431421], [-114.09256557397894, 51.02873163589305], [-114.09256681472905, 51.028729387470214], [-114.09256771320318, 51.028727759301944], [-114.09256805547902, 51.028727139047376], [-114.09256929622889, 51.02872489062451], [-114.09257049403976, 51.02872264223566], [-114.09257126416023, 51.028721246662826], [-114.09257173478939, 51.028720393812776], [-114.09257297553889, 51.02871814538988], [-114.09257421628827, 51.02871589696696], [-114.09257481527068, 51.028714811521404], [-114.09257545703753, 51.028713648544034], [-114.09257667736453, 51.02871140013726], [-114.09257789559685, 51.02870915173215], [-114.09257836622577, 51.02870829888206], [-114.09257913634575, 51.02870690330917], [-114.09258037709452, 51.028704654886205], [-114.0925816178432, 51.0287024064632], [-114.09258191733423, 51.028701863740416], [-114.09258285859173, 51.02870015804019], [-114.09258408258354, 51.028697909630445], [-114.09258529714964, 51.02869566122814], [-114.09258546828733, 51.02869535110083], [-114.09258653789783, 51.02869341280509], [-114.09258777864588, 51.02869116438203], [-114.09258901903785, 51.028688915959236], [-114.09258901939252, 51.02868891530179], [-114.09259023186486, 51.028686667558254], [-114.09259145795055, 51.028684419146764], [-114.09259257093531, 51.02868269963431], [-114.09259290140922, 51.02868217056304], [-114.09259457484849, 51.028679921797064], [-114.09259540520875, 51.02867767369907], [-114.09259612008518, 51.028675425692576], [-114.09259612036675, 51.02867542477256], [-114.0925968146985, 51.028673177702125], [-114.09259753006042, 51.02867092969524], [-114.09259821760564, 51.02866868171038], [-114.09259893975198, 51.02866643369809], [-114.09259962729708, 51.02866418571322], [-114.09259966167433, 51.02866407331399], [-114.09260040153511, 51.028661937659656], [-114.09260120247201, 51.028659689584934], [-114.09260197275877, 51.028657441534484], [-114.09260278178373, 51.028655193453325], [-114.09260320544138, 51.028653957025575], [-114.09260355590162, 51.028652945399834], [-114.09260433470206, 51.02865069734262], [-114.09260511350243, 51.02864844928541], [-114.09260589230273, 51.02864620122818], [-114.09260671026689, 51.02864395313991], [-114.0926067492069, 51.028643840737054], [-114.09260748906703, 51.02864170508268], [-114.0926082678671, 51.02863945702545], [-114.0926090466671, 51.02863720896819], [-114.09260982546702, 51.02863496091094], [-114.09261029287491, 51.02863367628906], [-114.0926106434308, 51.02863271282264], [-114.09261142223056, 51.02863046476537], [-114.09261220103026, 51.0286282167081], [-114.09261297982988, 51.02862596865082], [-114.09261383877298, 51.02862463165439], [-114.09261484561277, 51.02862371973211], [-114.09261739732759, 51.028621938486445], [-114.09261806883146, 51.02862146973758], [-114.09262095629792, 51.028619454117404], [-114.09262129204983, 51.028619219742964], [-114.09262451535929, 51.02861701561431], [-114.09262458251156, 51.02861696969496], [-114.09262780572931, 51.02861471970015], [-114.09262807433078, 51.028614532200585], [-114.09263102894674, 51.02861246970527], [-114.0926316333933, 51.02861209465281], [-114.09263465562594, 51.02861021939048], [-114.09263519292378, 51.0286098920642], [-114.09263829102157, 51.028607969068666], [-114.09263875245055, 51.02860768777288], [-114.09264198245324, 51.02860571870232], [-114.09264231204534, 51.028605517776754], [-114.09264567388456, 51.028603468335845], [-114.09264587163979, 51.028603347780496], [-114.09264936531551, 51.02860121796927], [-114.09264943123246, 51.02860117705446], [-114.09265299082772, 51.02859900778768], [-114.09265305674612, 51.02859896760257], [-114.09265655042117, 51.028596837791135], [-114.09265674817635, 51.02859671723576], [-114.09266011001431, 51.02859466779444], [-114.09266043960625, 51.02859446686882], [-114.09266366953581, 51.02859246204298], [-114.09266407250888, 51.02859221654818], [-114.09266722913117, 51.02859029350546], [-114.09266776642855, 51.02858996617903], [-114.09267078872621, 51.02858812496784], [-114.09267146034787, 51.02858771580977], [-114.09267434832091, 51.028585956430085], [-114.09267513932382, 51.02858546545224], [-114.09267790789491, 51.028583777676616], [-114.09267883075191, 51.02858321508473], [-114.09268146748605, 51.02858160767929], [-114.09268252217964, 51.028580964717094], [-114.09268502707684, 51.02857943768184], [-114.09268621360704, 51.028578714349344], [-114.09268858661491, 51.02857724141555], [-114.09268986269548, 51.028576464015046], [-114.09269214620797, 51.02857507287726], [-114.09269353046236, 51.02857421366583], [-114.0926957057672, 51.02857288755607], [-114.09269719428936, 51.028571963319614], [-114.09269926527661, 51.028570677425385], [-114.09270081851697, 51.02856971300471], [-114.09270282478568, 51.02856846729462], [-114.09270447274349, 51.028567462665876], [-114.09270638433226, 51.02856627613559], [-114.09270809817038, 51.02856521234978], [-114.09270994384211, 51.028564066734276], [-114.09271172305642, 51.02856296203401], [-114.09271350335162, 51.028561857332846], [-114.0927153490231, 51.028560711717255], [-114.09271706286081, 51.028559647931324], [-114.09271897444893, 51.02855846140082], [-114.09272062236964, 51.028557438529674], [-114.0927225998744, 51.02855621108428], [-114.09272418187814, 51.02855522912792], [-114.09272622529953, 51.0285539607676], [-114.0927277413863, 51.02855301972606], [-114.09272985072431, 51.028551710450834], [-114.09273129950539, 51.02855011434374], [-114.0927318155453, 51.028549461451654], [-114.09273253825911, 51.02854721343804], [-114.0927332436369, 51.02854496543819], [-114.0927339435401, 51.02854271744268], [-114.09273467172821, 51.028540469424705], [-114.09273484305432, 51.02853990742873], [-114.09273535703255, 51.02853822144077], [-114.09273607974603, 51.02853597342714], [-114.09273678512346, 51.02853372542727], [-114.09273748502632, 51.02853147743171], [-114.09273821321409, 51.02852922941373], [-114.09273838454011, 51.02852866741773], [-114.0927388985181, 51.02852698142977], [-114.09273958382207, 51.02852473344579], [-114.0927402955861, 51.028522485440824], [-114.09274101191214, 51.02852023743223], [-114.09274170086557, 51.028517989445355], [-114.09274192576545, 51.02851729774682], [-114.09274243179019, 51.02851574142515], [-114.09274308666986, 51.028513493465304], [-114.09274363624588, 51.028511245589016], [-114.09274416634696, 51.02850899772817], [-114.09274475584643, 51.02850674982021], [-114.09274528594739, 51.02850450195936], [-114.09274546279721, 51.02850382758696], [-114.09274587544675, 51.028502254051375], [-114.09274640554762, 51.02850000619053], [-114.09274693564842, 51.028497758329685], [-114.09274752514762, 51.02849551042169], [-114.09274805524831, 51.02849326256083], [-114.09274858534897, 51.028491014699966], [-114.0927489979983, 51.02848944116436], [-114.092749174848, 51.028488766791966], [-114.09274970494855, 51.02848651893109], [-114.09275023504904, 51.028484271070226], [-114.09275091616242, 51.028482023089495], [-114.09275175734943, 51.02847977498172], [-114.09275253845159, 51.028477687453055], [-114.09275259853636, 51.02847752687392], [-114.09275343972323, 51.028475278766145], [-114.09275428091, 51.02847303065834], [-114.09275513820474, 51.02847078253776], [-114.09275596529682, 51.02846853444112], [-114.09275608349553, 51.028468234688624], [-114.09275685178721, 51.02846628629735], [-114.09275770606143, 51.02846403817913], [-114.09275854724781, 51.02846179007131], [-114.09275938843409, 51.02845954196347], [-114.09275962877301, 51.02845889964693], [-114.09276019126781, 51.02845729388606], [-114.09276080905082, 51.02845504595553], [-114.09276148340363, 51.0284527979801], [-114.0927621011865, 51.028450550049556], [-114.09276276915226, 51.02844830207919], [-114.09276316867367, 51.02844687157286], [-114.09276339332193, 51.02844605414358], [-114.09276401110462, 51.028443806213026], [-114.09276468545711, 51.02844155823757], [-114.09276530323969, 51.028439310307014], [-114.09276596573064, 51.028437062340956], [-114.09276659537448, 51.02843481440099], [-114.09276670769857, 51.02843440568632], [-114.09276721315689, 51.02843256647041], [-114.09276788750907, 51.028430318494934], [-114.09276850529132, 51.02842807056435], [-114.09276916230746, 51.02842582260263], [-114.09276979742552, 51.02842357465828], [-114.09277024672159, 51.028421939799664], [-114.0927704152076, 51.02842132672769], [-114.09277108955946, 51.02841907875218], [-114.09277152843929, 51.028416830963586], [-114.09277023327286, 51.02841520259761], [-114.09276989114433, 51.02841458482315], [-114.09276951477284, 51.02841233768174], [-114.09276928754282, 51.028410090421936], [-114.09276827463498, 51.02840784378581], [-114.09276712538109, 51.028405597257894], [-114.09276664571202, 51.02840335203658], [-114.09276664529138, 51.0284033501988], [-114.09276460470846, 51.0284011043784], [-114.09276414200686, 51.028398857305504], [-114.09276307048206, 51.02839767824995], [-114.09276210100728, 51.02839661148538], [-114.09276158739301, 51.02839436445288], [-114.09276060028942, 51.02839211779619], [-114.0927594919153, 51.02839033224913], [-114.09275872042257, 51.02838987184812], [-114.09275592545032, 51.02838904905685], [-114.09275309412081, 51.02838762887354], [-114.09275235749845, 51.028387020776464], [-114.09275037428456, 51.028385383592], [-114.09274878776695, 51.028384100599595], [-114.09274761644078, 51.028383138340544], [-114.0927452180111, 51.02838116800056], [-114.09274487804309, 51.028380893073596], [-114.09274215820766, 51.02837864779186], [-114.0927416482557, 51.0283782354014], [-114.09273938180267, 51.02837640255495], [-114.09273807854841, 51.028375326690714], [-114.09273706374186, 51.02837415695424], [-114.09273599278804, 51.02837191036389], [-114.09273513445315, 51.028369663604806], [-114.09273450003177, 51.02836800295678], [-114.09273427611835, 51.02836741684572], [-114.09273341778362, 51.028365170086616], [-114.09273255944899, 51.02836292332751], [-114.09273170111445, 51.02836067656838], [-114.09273091741774, 51.028358625179635], [-114.09273084199842, 51.028358429809884], [-114.09272997467613, 51.02835618305788], [-114.09272910735393, 51.028353936305884], [-114.09272824003182, 51.02835168955387], [-114.09272737270979, 51.028349442801854], [-114.09272733499127, 51.02834934067541], [-114.09272654290253, 51.02834719602006], [-114.09272567558065, 51.028344949268025], [-114.09272480825888, 51.02834270251598], [-114.09272394093718, 51.028340455763924], [-114.09272375238899, 51.028339967339576], [-114.09272308064958, 51.0283382090063], [-114.09272222231593, 51.0283359622471], [-114.09272136398238, 51.028333715487896], [-114.0927205056489, 51.028331468728695], [-114.0927201697793, 51.028330589562046], [-114.0927196473155, 51.02832922196948], [-114.09271878898221, 51.02832697521025], [-114.09271793064899, 51.02832472845102], [-114.09271707231585, 51.02832248169178], [-114.09271658717107, 51.02832121178439], [-114.09271621398278, 51.02832023493254], [-114.09271535564982, 51.028317988173285], [-114.09271449731693, 51.028315741414026], [-114.09271363898412, 51.02831349465476], [-114.09271300456427, 51.02831183400661], [-114.0927127806514, 51.02831124789549], [-114.09271192231876, 51.028309001136215], [-114.0927110639862, 51.02830675437692], [-114.09271020565373, 51.02830450761763], [-114.09270942195894, 51.02830245622871], [-114.09270934732133, 51.028302260858325], [-114.09270848898902, 51.02830001409901], [-114.09270763035273, 51.02829776733993], [-114.09270677232466, 51.028295520580365], [-114.0927059139926, 51.02829327382104], [-114.09270583935503, 51.02829307845066], [-114.09270504745429, 51.02829102706821], [-114.09270418013453, 51.028288780316], [-114.09270331281483, 51.02828653356377], [-114.09270244549523, 51.02828428681154], [-114.09270225694749, 51.028283798387136], [-114.09270158520971, 51.02828204005372], [-114.09270072687815, 51.028279793294345], [-114.09269986854667, 51.028277546534966], [-114.09269901021528, 51.028275299775586], [-114.0926986743465, 51.02827442060885], [-114.09269815188397, 51.02827305301618], [-114.09269729355275, 51.02827080625677], [-114.09269652431882, 51.02826855942669], [-114.09269584665712, 51.02826631252396], [-114.09269516899549, 51.02826406562124], [-114.09269508927059, 51.02826380127974], [-114.09269449786117, 51.02826181871333], [-114.09269385327116, 51.02825957178436], [-114.09269317560972, 51.028257324881615], [-114.09269208147869, 51.028255078309186], [-114.09269150677267, 51.028254473684974], [-114.0926899468564, 51.028252832562025], [-114.09268793538558, 51.02825071637716], [-114.09268781223432, 51.02825058681481], [-114.09268567761245, 51.02824834106757], [-114.09268436405114, 51.028246985164294], [-114.09268350202656, 51.02824609535277], [-114.09268207565488, 51.02824384904374], [-114.09268132279492, 51.028241602200566], [-114.09268084746647, 51.02823935513728], [-114.09268078419515, 51.028238980614084], [-114.09268046783856, 51.028237107998095], [-114.09268006736926, 51.02823486087543], [-114.09267967332207, 51.0282326137477], [-114.0926792872722, 51.02823036661359], [-114.09267889770841, 51.028228119482286], [-114.0926785071753, 51.02822587235173], [-114.09267810670617, 51.028223625229074], [-114.09267772392809, 51.02822137809237], [-114.09267732660949, 51.0282191309672], [-114.09267717897656, 51.028218257079736], [-114.09267694698194, 51.028216883827994], [-114.09267654651296, 51.028214636705314], [-114.09267615198144, 51.02821238957794], [-114.09267576641659, 51.02821014244343], [-114.09267536594774, 51.028207895320755], [-114.09267497820191, 51.02820564818797], [-114.0926745858516, 51.028203401058846], [-114.09267420258917, 51.02820115392251], [-114.09267380575561, 51.02819890679694], [-114.09267357390533, 51.02819760583117], [-114.09267340625632, 51.028196659673476], [-114.09267302565976, 51.028194412535015], [-114.09267262519118, 51.02819216541232], [-114.09267249167867, 51.02818991807793], [-114.09267294119493, 51.028187670281184], [-114.09267341341103, 51.028185422466464], [-114.09267354826588, 51.02818474812744], [-114.0926738629272, 51.02818317466973], [-114.09267433514322, 51.02818092685498], [-114.0926747846593, 51.028178679058236], [-114.09267525687521, 51.02817643124349], [-114.09267572909108, 51.02817418342874], [-114.09267617860704, 51.02817193563198], [-114.09267665082284, 51.02816968781724], [-114.09267707786289, 51.02816755241031], [-114.09267710033869, 51.028167440020475], [-114.09267757255438, 51.02816519220571], [-114.09267802207016, 51.028162944408955], [-114.09267849428576, 51.028160696594185], [-114.09267894380146, 51.02815844879742], [-114.09267941601696, 51.02815620098265], [-114.09267986553256, 51.028153953185885], [-114.09268033774799, 51.0281517053711], [-114.09268060758535, 51.02815042090552], [-114.09268080996338, 51.028149457556324], [-114.09268125947884, 51.028147209759545], [-114.09268173169413, 51.028144961944754], [-114.09268218120951, 51.028142714147975], [-114.0926826534247, 51.02814046633319], [-114.09268310293999, 51.02813821853639], [-114.0926835751551, 51.0281359707216], [-114.0926840246703, 51.0281337229248], [-114.09268413710245, 51.0281331877308], [-114.09268449688533, 51.028131475109994], [-114.09268494640045, 51.02812922731319], [-114.09268541861537, 51.02812697949838], [-114.09268494267461, 51.02812473243556], [-114.09268411841802, 51.028123818876274], [-114.09268289285993, 51.02812248662095], [-114.09268201749899, 51.02812023987488], [-114.09268263669554, 51.02811799194352], [-114.09268325589204, 51.02811574401214], [-114.09268387508847, 51.02811349608076], [-114.09268409623003, 51.02811269324813], [-114.09268449428482, 51.028111248149386], [-114.09268518178877, 51.02810900016384], [-114.0926860235526, 51.02810675205594], [-114.09268705953673, 51.02810450379398], [-114.09268764164435, 51.028103433122624], [-114.09268857269264, 51.028102255153556], [-114.09269035014832, 51.02810000630348], [-114.09269119655575, 51.02809893542249], [-114.09269212760385, 51.02809775745339], [-114.09269390505919, 51.028095508603265], [-114.09269475146644, 51.02809443772225], [-114.09269568251437, 51.02809325975312], [-114.0926965294552, 51.02809245642408], [-114.09269673246483, 51.028092135200154]]}}, {"type": "Feature", "properties": {"elev": 1084.5, "index": true}, "geometry": {"type": "LineString", "coordinates": [[-114.0920700102879, 51.029117463320866], [-114.09207000806161, 51.02911633960267], [-114.09207299858078, 51.02911408980671], [-114.0920730922591, 51.02911403424056], [-114.0920766520349, 51.02911192272687], [-114.09207679255238, 51.029111839377634], [-114.09208021181041, 51.02910981121306], [-114.09208058165147, 51.02910958895228], [-114.0920837715306, 51.02910767195302], [-114.09208433360033, 51.02910733855608], [-114.09208733130544, 51.02910556043901], [-114.09208812757082, 51.02910508812665], [-114.09209089107996, 51.02910344892488], [-114.09209192154094, 51.02910283769709], [-114.09209445085415, 51.029101337410644], [-114.09209569906731, 51.02910058728036], [-114.09209801057303, 51.02909919815016], [-114.09209946258598, 51.029098336874554], [-114.09210157034659, 51.029097086635716], [-114.09210325655499, 51.02909608644462], [-114.0921051301198, 51.029094975121154], [-114.09210705052365, 51.02909383601456], [-114.09210868989271, 51.02909286360647], [-114.09211081647727, 51.029091585606466], [-114.09211224961028, 51.029090724345565], [-114.09211459156576, 51.029089335191046], [-114.09211580938253, 51.02908861283068], [-114.09211838553331, 51.02908708476061], [-114.09211936915446, 51.029086501315675], [-114.09212217950049, 51.02908483433007], [-114.09212292892606, 51.02908438980056], [-114.09212593388139, 51.02908258393061], [-114.09212648864234, 51.02908225053922], [-114.09212972053967, 51.02908033350556], [-114.0921300484133, 51.02908013902387], [-114.09213360946089, 51.029078671615004], [-114.09213547512546, 51.02907808152893], [-114.09213717119658, 51.02907755138236], [-114.09214073294582, 51.029076438074476], [-114.0921426380394, 51.02907582844161], [-114.09214429464247, 51.02907529832606], [-114.09214785639138, 51.02907418501797], [-114.09214980687284, 51.0290735753492], [-114.09215141812824, 51.029073065729186], [-114.09215497985059, 51.029071939200655], [-114.09215693031751, 51.02907132229213], [-114.09215854158462, 51.029070818652585], [-114.09216210333284, 51.02906970534407], [-114.09216413861746, 51.02906906916772], [-114.09216566506964, 51.02906858636962], [-114.0921692267763, 51.02906745228625], [-114.09217126206075, 51.029066816109776], [-114.09217278851278, 51.02906633331159], [-114.09217635023408, 51.029065206782406], [-114.09217838550333, 51.02906456305139], [-114.09217991196647, 51.029064085918925], [-114.09218347371366, 51.02906297260974], [-114.09218559380118, 51.02906230992565], [-114.09218703545005, 51.02906185394941], [-114.09219059717068, 51.02906072741979], [-114.09219271724238, 51.02906005686639], [-114.09219415889112, 51.02905960089007], [-114.0921977206114, 51.029058474360234], [-114.09219984068291, 51.02905780380671], [-114.09220128234212, 51.02905735318134], [-114.09220484408827, 51.0290562398715], [-114.09220704897868, 51.029055550679644], [-114.09220840582427, 51.02905512152527], [-114.09221196754386, 51.02905399499501], [-114.0922141724178, 51.02905329761908], [-114.09221552926326, 51.02905286846463], [-114.09221909098251, 51.02905174193415], [-114.09222129585623, 51.029051044558074], [-114.09222265271157, 51.02905062043983], [-114.0922262144567, 51.02904950712936], [-114.09222850414992, 51.029048791429695], [-114.09222977619228, 51.02904838909723], [-114.09223333791084, 51.02904726256632], [-114.09223562758696, 51.02904653836782], [-114.09223689962921, 51.0290461360353], [-114.09224046125183, 51.02904496134481], [-114.09224066955763, 51.02904428694841], [-114.0922414945331, 51.029042038857334], [-114.09224279301506, 51.02903979039251], [-114.09224398337692, 51.02903754201299], [-114.09224401038625, 51.02903749517002], [-114.09224536785193, 51.02903529348026], [-114.0922466245286, 51.029033045048386], [-114.09224745036214, 51.029030796956576], [-114.09224756061886, 51.029030582827644], [-114.0922511228463, 51.029029713557684], [-114.09225468507198, 51.02902884346435], [-114.0922559014347, 51.029028542845495], [-114.09225824670342, 51.02902767412437], [-114.09226180803725, 51.029026354955164], [-114.09226198176086, 51.02902629060546], [-114.09226536940591, 51.02902505342168], [-114.09226814901197, 51.02902403829648], [-114.09226893095563, 51.0290238431891], [-114.09227249314331, 51.02902295436661], [-114.09227605560181, 51.02902220199551], [-114.09227718480496, 51.02902178372219], [-114.09227961693472, 51.02902088282576], [-114.09228317826742, 51.02901956365591], [-114.09228322770294, 51.02901953151059], [-114.09228673813915, 51.02901750888742], [-114.09228682461273, 51.02901728123028], [-114.0922879051957, 51.029015032937004], [-114.09228860501847, 51.02901278494441], [-114.0922892832671, 51.02901053696886], [-114.09228992925219, 51.02900828901877], [-114.09229028139207, 51.02900708588549], [-114.092291227787, 51.02900604055335], [-114.09229325929647, 51.029003791509034], [-114.09229383752454, 51.0290031489267], [-114.09229527141109, 51.02900154248003], [-114.0922973075936, 51.028999293431966], [-114.09229739362677, 51.02899919704516], [-114.09229933069034, 51.028997044394195], [-114.0923009497284, 51.02899524516353], [-114.0923013544879, 51.02899479535586], [-114.09230338739842, 51.02899254631028], [-114.09230450586445, 51.0289913109176], [-114.09230542358013, 51.02899029726206], [-114.09230743102016, 51.028988048236535], [-114.09230806194961, 51.02898735134833], [-114.09230946720147, 51.02898579918824], [-114.09231150244791, 51.02898355014067], [-114.09231161809343, 51.02898342162419], [-114.09231351082204, 51.028981301114285], [-114.09231517418097, 51.02897946386349], [-114.09231554700277, 51.02897905206591], [-114.09231757383648, 51.02897680302487], [-114.09231873029124, 51.02897551785991], [-114.09231959763228, 51.02897455398619], [-114.0923216268023, 51.02897230494323], [-114.0923222864099, 51.02897157637822], [-114.09232366298224, 51.0289700558947], [-114.09232544370778, 51.02896780704795], [-114.0923258417727, 51.028967254730674], [-114.09232706440064, 51.028965558327606], [-114.09232867934504, 51.028963309611775], [-114.09232939588846, 51.02896230572425], [-114.09233027727434, 51.02896106090936], [-114.09233188945925, 51.028958812195654], [-114.09233294994327, 51.028957326442104], [-114.09233349451613, 51.028956563487576], [-114.09233509957285, 51.02895431477946], [-114.09233650399734, 51.028952347159844], [-114.09233670462942, 51.02895206607133], [-114.09233832371164, 51.02894981735209], [-114.09233994348352, 51.02894756863228], [-114.09234005813039, 51.028947408010275], [-114.09234153658318, 51.02894531993353], [-114.09234315359556, 51.028943071215856], [-114.09234361218294, 51.02894242872779], [-114.09234474945409, 51.02894082251486], [-114.09234619648397, 51.02893857393146], [-114.09234716518661, 51.028936921985604], [-114.09234750467253, 51.02893632545776], [-114.0923487842732, 51.02893407700664], [-114.09235006387374, 51.02893182855549], [-114.0923507167311, 51.028930681386534], [-114.09235134347415, 51.028929580104325], [-114.09235262307446, 51.02892733165315], [-114.09235390267463, 51.02892508320196], [-114.09235426827466, 51.02892444078732], [-114.09235518227469, 51.02892283475075], [-114.09235646187462, 51.028920586299535], [-114.09235774204826, 51.02891833784785], [-114.09235781981727, 51.02891820018802], [-114.09235902107409, 51.02891608939705], [-114.09236030851615, 51.02891384093958], [-114.0923613713589, 51.0289119595886], [-114.09236158027309, 51.02891159249451], [-114.09236324335181, 51.02890934374013], [-114.09236477917115, 51.02890709508631], [-114.0923649247102, 51.0289066299837], [-114.09236545692293, 51.02890484711067], [-114.09236612797369, 51.0289025991403], [-114.0923667990244, 51.028900351169945], [-114.09236747007505, 51.028898103199566], [-114.09236814112563, 51.02889585522919], [-114.09236846508105, 51.02889477000212], [-114.09236881447485, 51.02889360725699], [-114.09236950652028, 51.02889135927001], [-114.09237017757067, 51.02888911129963], [-114.09237084862099, 51.02888686332923], [-114.09237151967123, 51.028884615358834], [-114.09237200560415, 51.02888298751819], [-114.0923721919474, 51.028882367387446], [-114.09237286744172, 51.02888011941352], [-114.09237354293597, 51.0288778714396], [-114.0923742271653, 51.02887562345877], [-114.09237489821521, 51.028873375488345], [-114.09237554612544, 51.028871205034136], [-114.09237556926509, 51.02887112751792], [-114.09237624031488, 51.02886887954748], [-114.09237691136462, 51.02886663157704], [-114.09237758241429, 51.028864383606596], [-114.09237825890916, 51.02886213563185], [-114.09237890362425, 51.028859887682216], [-114.09237908633683, 51.02885926755434], [-114.0923795690928, 51.02885763971617], [-114.09238022829044, 51.02885539175508], [-114.09238086748385, 51.028853143809805], [-114.0923814913466, 51.02885089587662], [-114.09238207733054, 51.02884864797339], [-114.09238260185204, 51.028846400118745], [-114.09238262450351, 51.02884630238606], [-114.09238312283607, 51.0288441522669], [-114.09238361739071, 51.028841904435936], [-114.09238394456467, 51.02883965673728], [-114.09238426820934, 51.02883740904142], [-114.09238451730836, 51.02883516140449], [-114.0923847684071, 51.02883291376596], [-114.09238501370658, 51.02883066613204], [-114.09238527520391, 51.028828418485304], [-114.0923855321018, 51.0288261708422], [-114.09238577160197, 51.02882392321284], [-114.09238603229933, 51.02882167556673], [-114.09238613749955, 51.028820676621336], [-114.09238626899982, 51.02881942793959], [-114.09238653249676, 51.02881718029126], [-114.09238679099433, 51.02881493264688], [-114.09238703269408, 51.028812685015794], [-114.0923872873921, 51.02881043737441], [-114.09238754888919, 51.02880818972766], [-114.09238779638812, 51.02880594209197], [-114.09238804528684, 51.02880369445518], [-114.09238829658521, 51.02880144681648], [-114.09238856008194, 51.02879919916814], [-114.09238880318135, 51.02879695153593], [-114.09238906027889, 51.02879470389265], [-114.09238929957874, 51.02879245626344], [-114.09238956047572, 51.028790208617146], [-114.09238963952473, 51.02878953432264], [-114.09238982257253, 51.0287879609699], [-114.09239006067247, 51.02878571334163], [-114.09239031896973, 51.0287834656974], [-114.09239056086912, 51.02878121806612], [-114.09239082436565, 51.02877897041777], [-114.09239107686359, 51.02877672277812], [-114.09239132456214, 51.02877447514226], [-114.09239157326056, 51.0287722275056], [-114.09239183475724, 51.028769979858815], [-114.09239208825495, 51.028767732218355], [-114.09239190561053, 51.028765484922715], [-114.09239167280684, 51.02876323766672], [-114.09239144453444, 51.02876099040715], [-114.09239120069819, 51.02875874315988], [-114.09239098345843, 51.02875649589158], [-114.09239073962225, 51.0287542486443], [-114.09239052238253, 51.028752001376006], [-114.09239027854638, 51.028749754128725], [-114.09239006130672, 51.02874750686042], [-114.09238981747062, 51.02874525961314], [-114.09238960023099, 51.028743012344826], [-114.0923895460452, 51.02874251295654], [-114.092389357774, 51.02874076509645], [-114.09238913915534, 51.028738517829225], [-114.0923889000476, 51.028736270578214], [-114.0923886780798, 51.02873402331364], [-114.09238844232127, 51.02873177605996], [-114.09238821700434, 51.02872952879803], [-114.09238798459505, 51.0287272815417], [-114.09238775592897, 51.02872503428242], [-114.0923875268689, 51.02872278702345], [-114.0923872948537, 51.028720539766795], [-114.09238705101787, 51.02871829251951], [-114.0923868337785, 51.02871604525118], [-114.09238658994272, 51.02871379800388], [-114.09238637270342, 51.02871155073555], [-114.09238612886767, 51.02870930348824], [-114.09238591163297, 51.02870705851659], [-114.09238591141055, 51.02870705622009], [-114.09238566956581, 51.02870480897121], [-114.09238545055348, 51.02870256170429], [-114.09238521184011, 51.02870031445292], [-114.09238589435304, 51.02869836613198], [-114.09238612003809, 51.02869806629489], [-114.09238813111129, 51.02869581726498], [-114.09238945027522, 51.0286943393329], [-114.09239013853463, 51.02869356823791], [-114.09239215964408, 51.028691319199986], [-114.0923930063854, 51.02869040740621], [-114.0923942890773, 51.02868907007639], [-114.09239656394216, 51.02868720338076], [-114.09239703058108, 51.02868682046884], [-114.09239977208459, 51.028684570861216], [-114.09240012206375, 51.02868428367726], [-114.09240251358784, 51.02868232125353], [-114.09240368018487, 51.02868136397363], [-114.09240525509081, 51.028680071645766], [-114.09240723830555, 51.028678444269914], [-114.09240799659352, 51.028677822037956], [-114.09241073809596, 51.028675572430075], [-114.0924107964258, 51.02867552456608], [-114.09241347959814, 51.02867332282212], [-114.09241435454558, 51.02867260486214], [-114.09241622110005, 51.02867107321411], [-114.09241791266493, 51.02866968515807], [-114.0924189626017, 51.02866882360603], [-114.09242147078383, 51.028666765453906], [-114.09242170410309, 51.028666573997896], [-114.09242444560421, 51.02866432438968], [-114.09242502890227, 51.02866384574963], [-114.09242718710506, 51.02866207478141], [-114.09242858702028, 51.02866092604524], [-114.09242992860564, 51.02865982517308], [-114.09243214513783, 51.028658006340756], [-114.09243267010595, 51.02865757556467], [-114.09243541160602, 51.028655325956194], [-114.09243570325494, 51.02865508663615], [-114.0924381531058, 51.02865307634766], [-114.0924392613716, 51.02865216693142], [-114.09244089460533, 51.02865082673906], [-114.09244281948781, 51.0286492472266], [-114.09244363610458, 51.0286485771304], [-114.09244637712509, 51.02864632752205], [-114.0924463776028, 51.02864632713009], [-114.09244911910231, 51.02864407791288], [-114.0924499357189, 51.02864340781663], [-114.09245186060078, 51.02864182830402], [-114.09245349383377, 51.02864048811148], [-114.09245462060018, 51.028639578680455], [-114.09245705195855, 51.0286375736038], [-114.09245734846564, 51.028637329082244], [-114.09246008509457, 51.028635079477056], [-114.09246061006218, 51.028634648700844], [-114.09246282659197, 51.028632829867924], [-114.09246416817571, 51.02863172899535], [-114.09246559145906, 51.02863058024026], [-114.09246772630948, 51.02862881968494], [-114.0924681547249, 51.02862833077203], [-114.09246997801269, 51.02862608188926], [-114.09247114054872, 51.028623833529295], [-114.09247127983942, 51.02862359684644], [-114.09247242986821, 51.028621585069], [-114.09247369482915, 51.028619336627955], [-114.09247483130706, 51.028617338004146], [-114.09247497057157, 51.028617088178365], [-114.09247619430568, 51.02861483976992], [-114.09247741380449, 51.02861259136481], [-114.0924783823314, 51.0286108568589], [-114.09247866930232, 51.0286103429312], [-114.09247988880088, 51.02860809452607], [-114.09248110829932, 51.02860584612091], [-114.09248193334054, 51.028604368578804], [-114.09248236379679, 51.028603597687265], [-114.092483583295, 51.028601349282084], [-114.0924848027931, 51.0285991008769], [-114.09248548427726, 51.02859784441517], [-114.09248602780114, 51.02859685246734], [-114.09248727778805, 51.02859460403799], [-114.0924884972858, 51.02859235563276], [-114.09248903529947, 51.028591363689266], [-114.09248972376284, 51.02859010722198], [-114.09249097228003, 51.02858785879376], [-114.09249219177742, 51.028585610388475], [-114.09249258632067, 51.02858488296326], [-114.09249341972347, 51.028583361976516], [-114.0924946517101, 51.02858111356133], [-114.09249588626798, 51.02857886514409], [-114.09249613734087, 51.02857840223712], [-114.09249711568302, 51.02857661673091], [-114.09249834766929, 51.02857436831569], [-114.09249958075746, 51.02857211989958], [-114.0924996883601, 51.028571921510874], [-114.09250081164149, 51.028569871485196], [-114.0925020436274, 51.02856762306993], [-114.09250323937833, 51.0285654407845], [-114.09250327561321, 51.028565374654654], [-114.09250450759889, 51.028563126239355], [-114.09250573958445, 51.02856087782404], [-114.09250679039557, 51.02855896005803], [-114.0925069715699, 51.02855862940872], [-114.09250820355523, 51.028556380993386], [-114.09250943554044, 51.02855413257802], [-114.09251034141184, 51.028552479331445], [-114.09251066752552, 51.028551884162674], [-114.09251189951048, 51.02854963574729], [-114.09251313149534, 51.0285473873319], [-114.09251389242709, 51.028545998604734], [-114.09251436348006, 51.0285451389165], [-114.09251557819981, 51.02854289051474], [-114.09251679108276, 51.02854064211443], [-114.09251744330979, 51.028539451776844], [-114.09251801718972, 51.028538393703634], [-114.09251921838708, 51.02853614531255], [-114.0925204506691, 51.02853389689683], [-114.09252099413166, 51.028532874902886], [-114.0925216462867, 51.02853164851014], [-114.09252285916905, 51.02852940010976], [-114.09252407388797, 51.02852715170793], [-114.09252454494056, 51.02852629201963], [-114.09252529815755, 51.028524903298496], [-114.09252650148876, 51.02852265490564], [-114.0925277011465, 51.02852040651569], [-114.09252809568862, 51.02851967909031], [-114.09252892908908, 51.02851815810332], [-114.09253014013404, 51.02851590970431], [-114.09253142487597, 51.02851366124694], [-114.09253164698094, 51.0285133400082], [-114.0925331011076, 51.028511412479574], [-114.09253475708961, 51.028509163728216], [-114.09253520140602, 51.028508574761126], [-114.09253645357039, 51.02850691494477], [-114.09253810955205, 51.02850466619337], [-114.09253875583035, 51.028503809513936], [-114.09253980603252, 51.02850241740987], [-114.09254146201387, 51.02850016865841], [-114.09254231025308, 51.028499043828454], [-114.09254315849401, 51.028497919874866], [-114.09254481447505, 51.02849567112336], [-114.09254586467685, 51.028494279019235], [-114.09254651095485, 51.028493422339764], [-114.09254816693554, 51.028491173588215], [-114.092549419099, 51.02848951377171], [-114.09254986341503, 51.02848892480456], [-114.09255151939541, 51.028486676052964], [-114.09255297352041, 51.02848474852408], [-114.09255321587457, 51.028484427269255], [-114.09255487185465, 51.028482178517606], [-114.09255652794111, 51.02847998327634], [-114.09255656833346, 51.02847992973386], [-114.09255822431321, 51.02847768098216], [-114.0925599207917, 51.02847543219838], [-114.09256008235069, 51.028475212807955], [-114.09256157677113, 51.02847318344662], [-114.09256327324931, 51.02847093466277], [-114.09256363675694, 51.02847044103434], [-114.0925649292284, 51.02846868591097], [-114.09256661918918, 51.02846643713223], [-114.09256718900447, 51.02846458584782], [-114.09256731399934, 51.02846418914172], [-114.09256789651876, 51.02846194124015], [-114.09256847903812, 51.02845969333858], [-114.09256906155741, 51.028457445437], [-114.09256964407668, 51.02845519753542], [-114.09257022659585, 51.02845294963384], [-114.09257072560281, 51.028450874678406], [-114.09257076718671, 51.02845070176546], [-114.09257134970579, 51.02844845386386], [-114.09257193222481, 51.02844620596226], [-114.0925725147438, 51.028443958060656], [-114.0925730972627, 51.02844171015906], [-114.09257367978155, 51.02843946225745], [-114.09257426195694, 51.02843721435611], [-114.09257426229775, 51.028437213042295], [-114.09257484481908, 51.02843496645423], [-114.09257542733778, 51.02843271855261], [-114.09257600985642, 51.02843047065098], [-114.09257659237498, 51.02842822274935], [-114.0925771748935, 51.02842597484773], [-114.09257775741196, 51.0284237269461], [-114.09257779902042, 51.02842356638169], [-114.09257833993036, 51.02842147904445], [-114.09257892244871, 51.028419231142806], [-114.092579504967, 51.02841698324116], [-114.09258008748525, 51.02841473533952], [-114.09258067000343, 51.028412487437855], [-114.09258125252154, 51.0284102395362], [-114.09258133573842, 51.028409918407384], [-114.09258183503961, 51.02840799163453], [-114.09258240488164, 51.02840574374292], [-114.09258288758521, 51.02840349592032], [-114.09258321921553, 51.02840124821741], [-114.09258345233152, 51.02839900059255], [-114.09258477837646, 51.02839675210182], [-114.09258487318989, 51.0283966396547], [-114.09258660519471, 51.028394503214344], [-114.09258829301959, 51.02839225443695], [-114.09258842799447, 51.028392072105135], [-114.09258990159391, 51.02839000572233], [-114.09259150521667, 51.0283877570116], [-114.09259198193239, 51.02838706991607], [-114.09259307879137, 51.028385508324675], [-114.09259466899958, 51.028383259624526], [-114.09259553582247, 51.02838204410518], [-114.09259627262188, 51.028381010913726], [-114.09259786122009, 51.028378762214814], [-114.09259908970171, 51.02837701323239], [-114.09259943640387, 51.02837651352651], [-114.09260104002571, 51.02837426481565], [-114.09260264328704, 51.02837201610505], [-114.09260264364639, 51.0283720155936], [-114.09260420380679, 51.0283697674283], [-114.09260580742817, 51.028367518717374], [-114.09260619749821, 51.02836697173363], [-114.09260741104939, 51.02836527000642], [-114.09260900554877, 51.02836302130268], [-114.09260716328694, 51.028360775322355], [-114.09260618348952, 51.02835994157135], [-114.09260461804284, 51.02835852989905], [-114.0926026129473, 51.02835660887303], [-114.09260226066236, 51.02835628432683], [-114.09260232761387, 51.02835403683359], [-114.09260260423932, 51.028352238662215], [-114.09260289427391, 51.02835178894437], [-114.09260333427243, 51.0283495411555], [-114.09260450492894, 51.02834729278766], [-114.09260593560627, 51.02834504421376], [-114.09260611295929, 51.02834279663302], [-114.0926061492136, 51.02834274041829], [-114.09260756313172, 51.02834054804365], [-114.09260899890904, 51.02833829946567], [-114.09260914866694, 51.028336051906784], [-114.09260969806208, 51.02833518707135], [-114.09261057709425, 51.02833380333461], [-114.09261130032793, 51.02833155532127], [-114.09261213652584, 51.028329307218385], [-114.09261074504876, 51.02832706088087], [-114.09260968002178, 51.02832613400244], [-114.09260816498347, 51.028324815485234], [-114.09260611150022, 51.02832381418314], [-114.09260396816585, 51.028322571370666], [-114.0926025421852, 51.028321095984644], [-114.09260102791757, 51.02832032626028], [-114.09260031519429, 51.028318079384796], [-114.09259960878805, 51.028315832504305], [-114.09259896380195, 51.028313826372326], [-114.09259888640362, 51.02831358563648], [-114.09259818408498, 51.028311338752744], [-114.09259746727452, 51.0283090918805], [-114.09259675473736, 51.028306845004856], [-114.09259604814567, 51.02830459812449], [-114.09259537736045, 51.02830251174719], [-114.09259532983675, 51.02830235125341], [-114.09259500703547, 51.02830010406894], [-114.092594819794, 51.02829785677707], [-114.09259463255256, 51.028295609485205], [-114.09259443941554, 51.02829336219801], [-114.09259423522427, 51.02829111491956], [-114.09259404798289, 51.02828886762769], [-114.09259385116117, 51.0282866203434], [-114.0925936506547, 51.028284373062036], [-114.09259346341337, 51.02828212577015], [-114.09259326290697, 51.02827987848878], [-114.09259306608531, 51.028277631204496], [-114.09259287884403, 51.028275383912614], [-114.09259267465293, 51.02827313663416], [-114.09259248151609, 51.02827088934695], [-114.09259229427488, 51.02826864205507], [-114.09259208639908, 51.02826639477952], [-114.09259189694704, 51.02826414748939], [-114.09259173311102, 51.02826218110898], [-114.09259170970589, 51.028261900197506], [-114.09259149961929, 51.028259652923715], [-114.09259131237818, 51.02825740563182], [-114.09259112513706, 51.02825515833994], [-114.09259091505054, 51.02825291106614], [-114.09259072780947, 51.02825066377423], [-114.09259051772297, 51.028248416500446], [-114.09259033048194, 51.02824616920856], [-114.0925901203955, 51.02824392193475], [-114.09258992180548, 51.02824167465185], [-114.09258972306809, 51.02823942736905], [-114.0925895129817, 51.028237180095246], [-114.09258932574076, 51.02823493280335], [-114.09258911565442, 51.02823268552955], [-114.0925889284135, 51.02823043823764], [-114.0925887183272, 51.02822819096383], [-114.09258853108635, 51.02822594367193], [-114.09258832100008, 51.028223696398115], [-114.09258811106122, 51.028221449124196], [-114.09258808750873, 51.02822116821281], [-114.09258792367304, 51.02821920183239], [-114.09258771358682, 51.02821695455859], [-114.09258752634605, 51.02821470726667], [-114.09258731625988, 51.02821245999286], [-114.09258712901915, 51.028210212700934], [-114.09258691893302, 51.02820796542712], [-114.09258672314373, 51.02820571814197], [-114.09258652160624, 51.028203470861385], [-114.09258632331135, 51.02820122357822], [-114.09258612427953, 51.02819897629564], [-114.0925859141935, 51.028196729021815], [-114.0925857269529, 51.028194481729884], [-114.09258551686692, 51.02819223445606], [-114.09258532962636, 51.02818998716413], [-114.09258511954042, 51.028187739890306], [-114.09258493229989, 51.02818549259838], [-114.09258472221397, 51.02818324532454], [-114.09258451257026, 51.02818099805036], [-114.0925844419129, 51.02818015531623], [-114.09258428416321, 51.02817875079104], [-114.09258399309445, 51.02817650358136], [-114.09258371738372, 51.02817425635952], [-114.09258340271677, 51.028172009168536], [-114.09258284890488, 51.028169762167], [-114.09258085292421, 51.02816755505694], [-114.09258081790702, 51.028167516335714], [-114.09257875196931, 51.02816527053207], [-114.09257728124699, 51.02816364424039], [-114.09257672097183, 51.028163024700696], [-114.09257465503454, 51.02816077889698], [-114.09257370957035, 51.02815973342374], [-114.09257262403746, 51.02815853306554], [-114.09257055810056, 51.028156287261766], [-114.09257013789433, 51.02815582260696], [-114.09256852710386, 51.02815404143025], [-114.09256656621497, 51.02815190981979], [-114.09256646116737, 51.02815179562638], [-114.09256443017107, 51.0281495497948], [-114.09256299452052, 51.02814798915138], [-114.09256236423496, 51.028147303990856], [-114.09256030694758, 51.02814505818003], [-114.09255942286985, 51.028144090155976], [-114.09255826730336, 51.02814281235518], [-114.09255620136784, 51.02814056655114], [-114.09255585119622, 51.02814017933875], [-114.09255417037254, 51.028138320719364], [-114.09255227951667, 51.028136265237606], [-114.09255210443743, 51.02813607491523], [-114.09255007344251, 51.02813382908339], [-114.09254870782463, 51.02813234456875], [-114.0925480075078, 51.02813158327918], [-114.09254597651329, 51.028129337447275], [-114.09254513606932, 51.02812839182217], [-114.09254422880157, 51.02812709139099], [-114.09254340189287, 51.02812484460553], [-114.09254257498426, 51.02812259782005], [-114.09254174807572, 51.028120351034566], [-114.09254155513041, 51.02811982678462], [-114.09254091627943, 51.02811810425295], [-114.0925400829956, 51.028115857472486], [-114.0925392673506, 51.02811361067807], [-114.09253844044238, 51.02811136389255], [-114.09253797186109, 51.0281100907141], [-114.09253761077156, 51.02810911710923], [-114.0925367498611, 51.028106870350626], [-114.09253583369684, 51.02810462363577], [-114.0925349451596, 51.02810237689902], [-114.09253438990862, 51.028101015253654], [-114.09253402899552, 51.02810013018416], [-114.0925331128315, 51.02809788346927], [-114.09253219666759, 51.02809563675437], [-114.09253130813072, 51.02809339001761], [-114.09253080840503, 51.02809216453675], [-114.09253039196697, 51.028091143302696], [-114.09252947580332, 51.02808889658779], [-114.0925285872667, 51.02808664985099], [-114.09252767110323, 51.02808440313607], [-114.09252722690279, 51.02808331381973], [-114.09252675493984, 51.02808215642113], [-114.09252583877654, 51.02807990970618], [-114.09252495024027, 51.02807766296936], [-114.09252403407714, 51.028075416254396], [-114.09252364540191, 51.0280744631026], [-114.09252311791413, 51.02807316953943], [-114.0925222293781, 51.02807092280258], [-114.09252131321524, 51.02806867608759], [-114.09252069910687, 51.02806642913347], [-114.09252111846817, 51.02806418136114], [-114.09252154479181, 51.0280619335833], [-114.09252195283915, 51.02805968581994], [-114.09252238394934, 51.02805743803831], [-114.09252281505951, 51.02805519025668], [-114.09252321092255, 51.028052942502946], [-114.09252359848931, 51.02805089906853], [-114.09252363768113, 51.02805069472475], [-114.09252406879116, 51.02804844694311], [-114.09252449990117, 51.028046199161466], [-114.09252491621606, 51.02804395139154], [-114.09252534253933, 51.028041703613674], [-114.09252575363236, 51.02803945584788], [-114.0925261847422, 51.02803720806623], [-114.09252666067233, 51.02803496024908], [-114.09252712650306, 51.028032885319966], [-114.09252716532228, 51.02803271240921], [-114.09252766997217, 51.02803046456932], [-114.09252821378543, 51.02802821669843], [-114.09252871843523, 51.028025968858536], [-114.09252922308497, 51.02802372101864], [-114.09252976689807, 51.02802147314773], [-114.09253027154772, 51.02801922530784], [-114.09253065973972, 51.02801749620022], [-114.09253077619732, 51.028016977467935], [-114.09253132001027, 51.02801472959701], [-114.09253182465976, 51.02801248175711], [-114.09253232930921, 51.028010233917186], [-114.09253287312201, 51.02800798604626], [-114.09253334973393, 51.02800573822855], [-114.09253063489936, 51.028005019906814], [-114.09252947155721, 51.028005741299225], [-114.09252707467033, 51.028006850864], [-114.09252508454036, 51.028007992212984], [-114.09252351459374, 51.02800875854202], [-114.09252114527617, 51.02801024277209], [-114.09251995497971, 51.028010898717106], [-114.0925174056489, 51.02801249317302], [-114.09251639554002, 51.02801312663016], [-114.09251364625594, 51.02801474358948], [-114.0925128358863, 51.02801524719921], [-114.09251004935805, 51.02801699387717], [-114.09250927639829, 51.02801745118815], [-114.09250640182407, 51.02801924420485], [-114.09250571694454, 51.02801967254392], [-114.09250263664458, 51.02802149462551], [-114.09250215729375, 51.0280217950893], [-114.09249906435949, 51.028023744893396], [-114.0924985978542, 51.028024023921006], [-114.0924954628625, 51.028025995184294], [-114.09249503843284, 51.028026262063], [-114.09249171270199, 51.02802824559273], [-114.09249147878131, 51.0280283847325], [-114.0924881304415, 51.02803049586816], [-114.09248791937208, 51.02803062930659], [-114.09248454371279, 51.028032746147026], [-114.09248435993825, 51.02803286170155], [-114.09248317175162, 51.02803274723276], [-114.09248260824073, 51.02803050023837], [-114.0924816953308, 51.028028253520496], [-114.09248178632812, 51.02802600600815], [-114.09248113433576, 51.02802375908377], [-114.09248077554061, 51.02802254920753], [-114.09248035419768, 51.02802151226081], [-114.09247985258058, 51.02801926521744], [-114.09247920847625, 51.028017018286796], [-114.09247908294472, 51.02801477094581], [-114.09247817003526, 51.02801252422788], [-114.09247725852353, 51.028010277508855], [-114.09247758433678, 51.02800802981069], [-114.09247718002203, 51.028006647090436], [-114.0924768356223, 51.02800578296283], [-114.09247619742757, 51.028003536027505], [-114.09247630998533, 51.0280012884981], [-114.0924768996677, 51.02799904059114], [-114.09247716442712, 51.02799880987492], [-114.09247968669999, 51.02799679094533], [-114.09248072225701, 51.027995772583964], [-114.09248226786474, 51.02799454146238], [-114.09248427965014, 51.02799251605587], [-114.09248452669594, 51.02799229223445], [-114.09248699130825, 51.027990042843626], [-114.0924878371043, 51.02798929044421], [-114.09248943001266, 51.02798779347326], [-114.09249139433699, 51.027985953805896], [-114.0924918542174, 51.02798554411431], [-114.09249440146381, 51.02798329465793], [-114.09249495189036, 51.02798277854248], [-114.09249690422438, 51.0279810452367], [-114.09249851007401, 51.02797992019575], [-114.09250038089252, 51.027978795044554], [-114.09250206969071, 51.02797778205677], [-114.09250402160944, 51.02797654472245], [-114.09250562907185, 51.027975525741205], [-114.0925075819346, 51.02797429446387], [-114.09250918846585, 51.02797327605791], [-114.09251123701681, 51.02797204413016], [-114.09251274808149, 51.027971137883675], [-114.09251486835916, 51.027969793815146], [-114.09251630746158, 51.02796888155141], [-114.0925185774115, 51.02796754343848], [-114.09251986690853, 51.02796665898979], [-114.09252245000543, 51.02796529293224], [-114.09252342641747, 51.027964467721276], [-114.09252649924926, 51.02796304228598], [-114.092526986665, 51.027962647612284], [-114.09252766387664, 51.02796079392353], [-114.09252812173864, 51.02795966984084], [-114.0925287619279, 51.027959296127634]]}}, {"type": "Feature", "properties": {"elev": 1081.0, "index": true}, "geometry": {"type": "LineString", "coordinates": [[-114.0914227121808, 51.02822349034245], [-114.09142271562888, 51.02822236661962], [-114.0914233880746, 51.02822011865333], [-114.09142413122082, 51.02821787063173], [-114.0914248889106, 51.02821562259874], [-114.09142569416744, 51.02821337452853], [-114.09142624069884, 51.028211828985796], [-114.09142648796029, 51.028211126467276], [-114.09142728407684, 51.0282088784042], [-114.09142807903145, 51.028206630342034], [-114.09142887824619, 51.02820438227653], [-114.09142966948261, 51.02820213421725], [-114.0914297848844, 51.02820181306407], [-114.09143047729513, 51.028199886145], [-114.0914312685314, 51.02819763808572], [-114.09143205976757, 51.02819539002642], [-114.09143286541102, 51.02819314195586], [-114.09143332913422, 51.02819183058623], [-114.09143365881589, 51.028190893894845], [-114.09143445531905, 51.02818864583141], [-114.09143525027295, 51.02818639776919], [-114.0914360490997, 51.028184149703925], [-114.09143684033543, 51.028181901644594], [-114.09143687330734, 51.028181809886554], [-114.09143764814728, 51.0281796535723], [-114.09143843938283, 51.02817740551295], [-114.09143923061832, 51.0281751574536], [-114.09144003664836, 51.028172909382675], [-114.09144041824992, 51.02817218104007], [-114.09144171121736, 51.02817066063214], [-114.09144397519027, 51.028168650509784], [-114.09144424471084, 51.0281684112095], [-114.091446751205, 51.028166161807924], [-114.0914475327999, 51.02816546038161], [-114.0914503456626, 51.028163911554934], [-114.09145109293499, 51.02816355390022], [-114.091454654088, 51.02816216484186], [-114.09145594905267, 51.028161659729705], [-114.09145821524079, 51.02816077578339], [-114.09146177598566, 51.02815940772924], [-114.09146177643437, 51.028159407556856], [-114.09146533758707, 51.0281580186702], [-114.09146754981799, 51.02815715577005], [-114.09146889873922, 51.02815662961141], [-114.09147245989118, 51.02815524055249], [-114.0914733232007, 51.028154903810936], [-114.09147602104291, 51.02815385149348], [-114.09147914393512, 51.02815265181446], [-114.09147958223578, 51.02815248343843], [-114.09148314338708, 51.02815109437922], [-114.09148461212315, 51.02815040009367], [-114.09148670297394, 51.02814891071474], [-114.0914876114052, 51.02814815030544], [-114.09149026099621, 51.028145932445], [-114.09149029844842, 51.028145900761594], [-114.09149298628955, 51.02814365121704], [-114.09149381901801, 51.028142954175145], [-114.09149565417587, 51.02814140168807], [-114.09149737701685, 51.02813996447459], [-114.09149835079647, 51.02813915213652], [-114.09150093499792, 51.0281369659811], [-114.09150100990232, 51.02813690261428], [-114.09150370652239, 51.028134653062594], [-114.09150449301835, 51.02813398771093], [-114.09150636562771, 51.02813240354024], [-114.09150805101497, 51.028130997570386], [-114.09150906224725, 51.02813015398845], [-114.09151160899552, 51.028127999516215], [-114.09151172254933, 51.02812790446503], [-114.0915144179711, 51.02812565491406], [-114.09151516701458, 51.02812502124572], [-114.09151709742899, 51.02812340537551], [-114.09151872503318, 51.02812204297511], [-114.0915197736939, 51.02812115583939], [-114.091522283047, 51.0281190625062], [-114.09152247031216, 51.02811890628729], [-114.09152512941566, 51.028116656764496], [-114.09152584089736, 51.02811599926321], [-114.09152761938638, 51.02811440737411], [-114.09152939794032, 51.02811252630382], [-114.09152974585618, 51.028112158268364], [-114.09153191074626, 51.0281099091325], [-114.09153295449367, 51.02810880502612], [-114.09153403689834, 51.02810766002692], [-114.09153651336642, 51.028106261619456], [-114.09153824908013, 51.02810540928736], [-114.09154007371484, 51.02810446760251], [-114.09154235362269, 51.02810315863198], [-114.09154363349319, 51.02810238431663], [-114.09154719470591, 51.02810102935359], [-114.09154762458867, 51.02810090706272], [-114.09155075642836, 51.028099933257984], [-114.09155284847328, 51.028098655530094], [-114.09155431518946, 51.028097334009885], [-114.09155515341956, 51.02809640628406], [-114.09155719036707, 51.02809415724795], [-114.09155572018163, 51.02809191095945], [-114.09155430226184, 51.02809077177611], [-114.09155294125159, 51.02808966569625], [-114.09155073195087, 51.028087507652835], [-114.09155064247834, 51.02808742005681], [-114.09154796969956, 51.02808517471032], [-114.09154716099448, 51.02808391563208], [-114.09154640473174, 51.02808292849596], [-114.0915463321891, 51.02808068111249], [-114.09154715301186, 51.02807986321848], [-114.09154858945159, 51.028078431903936], [-114.09155070986766, 51.02807629746786], [-114.09155082386852, 51.028076182713235], [-114.09155159618304, 51.02807393466791], [-114.09155383059961, 51.028071685477144], [-114.09155426211203, 51.02807039115831], [-114.09155458006855, 51.028069437449695], [-114.0915568373301, 51.028067188240975], [-114.09155758679881, 51.0280649402135], [-114.09155781480045, 51.02806471070423], [-114.09155982121466, 51.02806269102262], [-114.09156137165657, 51.02806114611152], [-114.09156208304469, 51.02806044181022], [-114.09156493295983, 51.028059838968254], [-114.09156728478285, 51.02806043773458], [-114.09156849865454, 51.02806076073883], [-114.09157206399922, 51.02806150480413], [-114.0915756295266, 51.02806234152017], [-114.09157701318645, 51.02806267755195], [-114.09157919524573, 51.02806327548446], [-114.0915827602944, 51.02806386914362], [-114.09158632411139, 51.02806383775683], [-114.09158752990322, 51.028062669310394], [-114.09158985079424, 51.02806042005117], [-114.0915898811964, 51.02806039045576], [-114.09159214199897, 51.02805817081516], [-114.09159343822488, 51.028056914735174], [-114.09159446314764, 51.028055921555634], [-114.09159678248913, 51.02805367229748], [-114.0915969953043, 51.028053465129595], [-114.09159909305367, 51.02805142304615], [-114.09160055235746, 51.02805000246635], [-114.09160139639006, 51.02804917380046], [-114.09160371418204, 51.028046924543375], [-114.09160410941008, 51.028046539803], [-114.09160602474589, 51.02804467529192], [-114.09160766792517, 51.02804381934348], [-114.09161089838298, 51.02804242403122], [-114.09161122880538, 51.02804229891442], [-114.0916147900243, 51.02804095043311], [-114.09161686741787, 51.028040171911584], [-114.09161835126358, 51.028039612378045], [-114.09162191248889, 51.028038267343256], [-114.09162283032867, 51.02803791979644], [-114.09162547370718, 51.02803691886162], [-114.09162881237481, 51.02803566766599], [-114.09162903495164, 51.02803558373594], [-114.09163259617054, 51.0280342357711], [-114.09163476227204, 51.02803341556046], [-114.09163615738824, 51.02803288728914], [-114.0916397186103, 51.02803154113363], [-114.09164072020577, 51.02803116344828], [-114.09164327985033, 51.028030204197975], [-114.0916461593929, 51.02802891174264], [-114.09164684040302, 51.028028518798365], [-114.09164935812268, 51.028026661793795], [-114.09165039911477, 51.02802590003306], [-114.0916524189205, 51.028024411953055], [-114.09165395782003, 51.028023278177784], [-114.09165547267419, 51.02802216211774], [-114.09165751652489, 51.02802065632242], [-114.09165852642755, 51.02801991228236], [-114.09166107522935, 51.028018034466925], [-114.09166158018063, 51.02801766244689], [-114.09166463373482, 51.0280154126115], [-114.09166463393312, 51.028015412465244], [-114.09166768424588, 51.02801316277841], [-114.09166819263126, 51.028012787806254], [-114.09167071735789, 51.02801091295889], [-114.09167175130541, 51.02801015120348], [-114.09167377110978, 51.0280086631231], [-114.09167530999055, 51.02800752035894], [-114.09167680078119, 51.02800641330612], [-114.09167886867581, 51.02800488979518], [-114.0916798545325, 51.02800416347017], [-114.09168242734822, 51.02800225291118], [-114.09168290020065, 51.02800191364049], [-114.09168591387385, 51.02799966383582], [-114.09168598600968, 51.02799961069009], [-114.0916895464131, 51.027997851605924], [-114.0916904665485, 51.0279974128236], [-114.09169310693696, 51.027996153709054], [-114.09169518724292, 51.027995161679364], [-114.09169666746057, 51.02799445581206], [-114.09169994479505, 51.02799291050603], [-114.09170022801922, 51.02799277582155], [-114.09170378854456, 51.02799107906385], [-114.09170466867383, 51.027990659358906], [-114.09170734906739, 51.02798938116654], [-114.09170862713123, 51.02798840881228], [-114.09171070485482, 51.02798615974144], [-114.09171090610225, 51.02798591588515], [-114.09171256080332, 51.027983910844604], [-114.09171441646792, 51.02798166194796], [-114.09171446147198, 51.02798160709703], [-114.09171626163452, 51.02797941305954], [-114.09171801679284, 51.027977273872956], [-114.09171810680095, 51.02797716417108], [-114.09171996218129, 51.02797491527458], [-114.09172157215994, 51.02797296442419], [-114.09172181812889, 51.0279726663776], [-114.09172366485527, 51.02797041748783], [-114.09172512786883, 51.02796882847408], [-114.09172573558212, 51.027968168422206], [-114.09172780630877, 51.027965919356554], [-114.09172868411675, 51.027964965948286], [-114.0917298770352, 51.02796367029086], [-114.09173194776146, 51.02796142122513], [-114.09173224036407, 51.02796110342236], [-114.09173401830274, 51.027959172159505], [-114.0917357966108, 51.027957240896335], [-114.09173608921334, 51.02795692309356], [-114.09173610401301, 51.027955799361756]]}}, {"type": "Feature", "properties": {"elev": 1081.5, "index": true}, "geometry": {"type": "LineString", "coordinates": [[-114.09140358824577, 51.02847257786067], [-114.09140537019812, 51.028472576466925], [-114.0914089366966, 51.02847389239591], [-114.09141121062582, 51.02847184148068], [-114.09141249435994, 51.028470716493516], [-114.0914137395167, 51.02846959206242], [-114.09141605194955, 51.02846750334485], [-114.09141623162895, 51.02846734267286], [-114.09141875578008, 51.0284650932582], [-114.0914196096013, 51.02846432203938], [-114.09142126265145, 51.028462843857], [-114.09142316725257, 51.0284611407338], [-114.09142377816234, 51.02846059444899], [-114.09142629367297, 51.028458345040924], [-114.09142672460017, 51.028457805318155], [-114.0914280621145, 51.028456096217255], [-114.09142957499846, 51.028453847593504], [-114.09143027866536, 51.02845280172198], [-114.09143108788226, 51.02845159896973], [-114.09143207431251, 51.02844935075783], [-114.09143279534183, 51.02844710275357], [-114.09143349922321, 51.0284448547627], [-114.0914338249732, 51.02844385564554], [-114.09143423216065, 51.0284426067491], [-114.09143493699456, 51.028440358757486], [-114.09143565707096, 51.02843811075393], [-114.09143637857628, 51.02843586274927], [-114.09143707864666, 51.02843361476136], [-114.09143736701208, 51.02843274053123], [-114.09143781491808, 51.02843136674513], [-114.09143852022797, 51.02842911875312], [-114.09143923982768, 51.02842687074992], [-114.09143996180899, 51.02842462274485], [-114.09144066187903, 51.02842237475692], [-114.09144090904928, 51.028421625416804], [-114.09144139767376, 51.028420126741025], [-114.09144210345964, 51.02841787874861], [-114.09144280352949, 51.02841563076067], [-114.09144354503997, 51.02841338274029], [-114.0914442048201, 51.028411134783866], [-114.09144445108477, 51.028410510302244], [-114.09144498042772, 51.0284088867368], [-114.09144551263867, 51.02840663888018], [-114.0914462206221, 51.02840439088602], [-114.09144727190345, 51.02840214262322], [-114.09144796603914, 51.02839989463989], [-114.09144799399849, 51.02839984235196], [-114.09144931431398, 51.028397646144654], [-114.09145106654408, 51.02839539733331], [-114.09145154814674, 51.02839488438236], [-114.09145355513719, 51.0283931479457], [-114.09145510599335, 51.0283918061537], [-114.09145615510188, 51.02839089847085], [-114.09145866383949, 51.02838872792492], [-114.09145875506631, 51.02838864899597], [-114.09146135503049, 51.028386399521025], [-114.09146222168516, 51.02838564969602], [-114.09146395499441, 51.02838415004602], [-114.09146577953035, 51.02838257146703], [-114.09146654512587, 51.02838190057865], [-114.09146911212235, 51.02837965112933], [-114.09146933730418, 51.028379457208246], [-114.09147172423125, 51.02837740164465], [-114.09147289514175, 51.02837637558], [-114.09147430915664, 51.02837515218118], [-114.09147645298553, 51.02837329735067], [-114.09147690911931, 51.028372902705875], [-114.09147950908174, 51.02837065323052], [-114.09148001082883, 51.028370219121236], [-114.09148210904391, 51.02836840375511], [-114.09148356867168, 51.02836714089168], [-114.09148470900583, 51.02836615427964], [-114.09148712651405, 51.02836406266204], [-114.09148730896749, 51.0283639048041], [-114.0914899089289, 51.02836165532851], [-114.09149068435595, 51.028360984432275], [-114.09149250889007, 51.028359405852854], [-114.09149424219736, 51.028357906202395], [-114.09149510885098, 51.02835715637715], [-114.09149770881164, 51.02835490690139], [-114.09149780003833, 51.028354827972414], [-114.09150030877204, 51.028352657425565], [-114.09150135787881, 51.02835174974231], [-114.09150290873221, 51.028350407949674], [-114.09150491571883, 51.02834867151212], [-114.09150550869211, 51.028348158473726], [-114.09150810865177, 51.02834590899773], [-114.09150847355836, 51.02834559328179], [-114.09151070861117, 51.02834365952167], [-114.09151203139743, 51.02834251505137], [-114.09151330857033, 51.02834141004554], [-114.09151558923604, 51.028339436820836], [-114.09151590852922, 51.02833916056938], [-114.09151850848787, 51.02833691109314], [-114.09151914707415, 51.02833635859019], [-114.09152110844626, 51.02833466161685], [-114.09152270491182, 51.02833328035944], [-114.09152369568034, 51.02833241215046], [-114.09152626274766, 51.02833020144878], [-114.09152630778394, 51.02833016266453], [-114.0915288747747, 51.028327913213886], [-114.09152982050806, 51.02832708446889], [-114.09153146258639, 51.02832566374686], [-114.09153337834431, 51.02832400623781], [-114.09153406254353, 51.02832341427028], [-114.09153666250042, 51.02832116479364], [-114.09153693606865, 51.02832087143499], [-114.09153888503742, 51.02831891561257], [-114.09154049226794, 51.02831696262923], [-114.09154073578772, 51.028316666722674], [-114.0915426063299, 51.028314417817235], [-114.09154404774583, 51.02831268788798], [-114.0915444861082, 51.02831216890455], [-114.09154633685796, 51.02830992001457], [-114.09154701354707, 51.02830767204428], [-114.09154558003783, 51.02830542572701], [-114.09154418859349, 51.02830317937676], [-114.09154545014587, 51.02830093094834], [-114.09154745445757, 51.02829868193803], [-114.09154758375847, 51.028298532007405], [-114.09154939397105, 51.028296432978465], [-114.09155113966158, 51.02829447416298], [-114.09155139365394, 51.028294183971724], [-114.09155333779547, 51.02829193500846], [-114.09155469555452, 51.028290411485266], [-114.09155533053533, 51.028289686007085], [-114.09155728161913, 51.02828743703831], [-114.09155825144684, 51.02828634880742], [-114.09155926741597, 51.02828518804231], [-114.09156122544205, 51.02828293906803], [-114.09156180733855, 51.02828228612948], [-114.09156320429584, 51.028280690077395], [-114.09156516926417, 51.02827844109761], [-114.09156536322965, 51.02827822345143], [-114.09156714065377, 51.02827619211276], [-114.09156891912012, 51.028274160773265], [-114.09156910961423, 51.02827394312979], [-114.09157105259695, 51.02827169416712], [-114.09157247500995, 51.028270098094985], [-114.0915729254849, 51.02826944525935], [-114.09157448366794, 51.02826719659816], [-114.09157602889921, 51.02826502044515], [-114.09157607627486, 51.02826494790997], [-114.09157754492028, 51.02826269931889], [-114.09157906108406, 51.028260450690546], [-114.09157958210785, 51.028259597804926], [-114.09158042343779, 51.02825820218273], [-114.09158154444738, 51.02825595386402], [-114.09158271235013, 51.02825370550854], [-114.0915831327951, 51.02825289610058], [-114.09158387050871, 51.0282514571607], [-114.09158500126203, 51.028249208834325], [-114.09158612495081, 51.02824696051347], [-114.09158668267028, 51.028245782845794], [-114.09158716876493, 51.0282447122552], [-114.09158821871014, 51.02824246399211], [-114.09158922493549, 51.02824021576328], [-114.09159023072513, 51.028237967534785], [-114.09159023115886, 51.02823796656628], [-114.09159122252338, 51.028235719317244], [-114.09159219041868, 51.028233471118426], [-114.09159319664366, 51.02823122288956], [-114.09159377919492, 51.02822992128336], [-114.09159420286855, 51.028228974660685], [-114.09159518797284, 51.028226726448345], [-114.09159617933497, 51.028224478231095], [-114.091597170697, 51.02822223001383], [-114.09159732722784, 51.028221875032166], [-114.09159817457478, 51.02821998178676], [-114.09159918079918, 51.02821773355785], [-114.09160018702347, 51.028215485328914], [-114.0916008753243, 51.02821386163811], [-114.09160114005537, 51.028213237141664], [-114.09160214627948, 51.028210988912704], [-114.09160315250351, 51.028208740683745], [-114.0916041587274, 51.02820649245477], [-114.09160442352317, 51.028205900815564], [-114.09160515399988, 51.028204244234374], [-114.09160614536104, 51.02820199601704], [-114.09160713672212, 51.02819974779968], [-114.09160797155242, 51.02819785456402], [-114.09160813042982, 51.028197499580486], [-114.09160913665325, 51.02819525135147], [-114.09161011080475, 51.028193003147585], [-114.09161110216544, 51.0281907549302], [-114.09161151958045, 51.02818980831234], [-114.09161210213067, 51.028188506706044], [-114.09161310835371, 51.028186258477], [-114.09161411457667, 51.028184010247934], [-114.09161506784042, 51.02818188034671], [-114.09161512001728, 51.028181762019464], [-114.09161761568707, 51.02817951262273], [-114.09161862572986, 51.0281788375988], [-114.09162095103139, 51.028177262567624], [-114.09162218486479, 51.02817642683677], [-114.09162430114462, 51.02817501250085], [-114.09162574406263, 51.02817404818088], [-114.0916276679532, 51.02817276242089], [-114.09162930326012, 51.028171669524866], [-114.09163103476146, 51.02817051234083], [-114.09163286245723, 51.028169290868746], [-114.0916344015694, 51.02816826226068], [-114.09163642165399, 51.02816691221253], [-114.09163776837698, 51.02816601218042], [-114.09163998018619, 51.028164196722315], [-114.09164039638088, 51.028163762679405], [-114.09164236345778, 51.02816151369663], [-114.09164353608635, 51.02816014668593], [-114.09164429262088, 51.02815926474354], [-114.09164625969741, 51.0281570157607], [-114.09164709188528, 51.02815604562403], [-114.09164818886013, 51.02815476680753], [-114.09165015593629, 51.02815251782462], [-114.0916506477053, 51.028151955578885], [-114.0916521074477, 51.02815026885387], [-114.0916540521744, 51.028148019888405], [-114.09165420348792, 51.02814784688972], [-114.09165600009364, 51.02814577092041], [-114.0916552706474, 51.02814352405224], [-114.09165602095977, 51.028141276023504], [-114.09165418815022, 51.02814006976172], [-114.09165297642794, 51.028139030971], [-114.09165061916522, 51.02813748349438], [-114.09164955422253, 51.02813678621459], [-114.09164705039548, 51.028135006184094], [-114.09164639811597, 51.028134541249415], [-114.09164348182945, 51.02813263199069], [-114.09164296938297, 51.02813229649792], [-114.09164075377204, 51.02813005079507], [-114.09164074934041, 51.02812780335825], [-114.0916421492369, 51.02812555482023], [-114.09164226468108, 51.02812330728943], [-114.09164346034615, 51.02812173738407], [-114.09164397272035, 51.028121058509726], [-114.09164566995982, 51.028118809738466], [-114.09164600965664, 51.02811656203179], [-114.09164701142981, 51.02811524670565], [-114.09164771594418, 51.02811431325341], [-114.09164804192243, 51.02811206555748], [-114.0916497546311, 51.02810981677404], [-114.09165007856605, 51.028107569079715], [-114.09165055891664, 51.02810693263499], [-114.09165178689622, 51.028105320299666], [-114.09165411892764, 51.028104969729995], [-114.09165533572492, 51.02810531751641], [-114.09165768534767, 51.028106256620006], [-114.09166125111909, 51.02810721455714], [-114.09166228745751, 51.02810755950435], [-114.09166481726359, 51.0281083615612], [-114.09166838358524, 51.028109598291515], [-114.09166896868592, 51.02810980170403], [-114.09167195006027, 51.02811091268072], [-114.0916749871614, 51.028112044423246], [-114.09167551653825, 51.02811222846312], [-114.0916790822281, 51.02811314462273], [-114.09168196628035, 51.028114286388515], [-114.09168264882155, 51.028114518748424], [-114.09168474476044, 51.02811428420872], [-114.09168620954044, 51.02811291505241], [-114.09168715118467, 51.02811203488048], [-114.09168955760865, 51.02810978555219], [-114.0916897668629, 51.02810958995842], [-114.0916919321307, 51.02810753624887], [-114.09169332408847, 51.028106216007], [-114.09169431804598, 51.028105286936565], [-114.09169653521114, 51.028103037756615], [-114.09169688062875, 51.02810249500001], [-114.09169790891312, 51.02810078923846], [-114.09169921748567, 51.02809854077139], [-114.09170043273062, 51.02809652487136], [-114.09170057295118, 51.0280962922675], [-114.09170192841657, 51.0280940437636], [-114.09170328388183, 51.028091795259684], [-114.09170398498449, 51.028090632240406], [-114.09170463934696, 51.02808954675575], [-114.0917063026753, 51.02808729801021], [-114.09170753926456, 51.02808576686771], [-114.09170811891575, 51.02808504914466], [-114.09170997389378, 51.02808280024867], [-114.09171109455258, 51.02808141265073], [-114.09171179013387, 51.028080551383056], [-114.09171360637379, 51.02807830251741], [-114.09171464979866, 51.02807703751338], [-114.09171546135128, 51.028076053621334], [-114.09171727759085, 51.028073804755635], [-114.09171820503227, 51.02807265639867], [-114.09171909383024, 51.028071555889895], [-114.09172094880721, 51.028069306993736], [-114.09172176031828, 51.02806830218136], [-114.09172276504624, 51.02806705812794], [-114.09172458128509, 51.028064809262126], [-114.09172531554661, 51.028063919074036], [-114.09172643626152, 51.02806256036586], [-114.09172825250003, 51.028060311499985], [-114.09172887079394, 51.02805954592861], [-114.09173006873834, 51.02805806263408], [-114.09173214700037, 51.02805581356246], [-114.0917324270418, 51.028055680019925], [-114.09173598756853, 51.02805398212176], [-114.09173687770956, 51.02805356240871], [-114.09173954811138, 51.02805229252562], [-114.09174161160358, 51.02805131125226], [-114.0917431086469, 51.02805059934806], [-114.09174634549714, 51.028049060095626], [-114.09174666918473, 51.02804890747267], [-114.09175022971041, 51.02804720957409], [-114.09175106983442, 51.02804680894631], [-114.09175379007458, 51.02804543000031], [-114.0917547582702, 51.02804455861011], [-114.09175660811881, 51.02804230971739], [-114.09175734602607, 51.02804141557741], [-114.09175846406733, 51.02804006081986], [-114.09176031632724, 51.028037811925195], [-114.09176090138008, 51.02803709886279], [-114.09176216149385, 51.02803556303606], [-114.09176400666028, 51.0280333141469], [-114.09176445670084, 51.02803276563734], [-114.09176585182652, 51.02803106525772], [-114.09176769897867, 51.02802881636693], [-114.09176801203006, 51.02802843703479], [-114.09176997559732, 51.02802656713887], [-114.09177156880683, 51.02802484182396], [-114.0917722335513, 51.028024317925436], [-114.09177508846777, 51.02802206824314], [-114.09177512714552, 51.02802203784195], [-114.09177795062071, 51.0280198185551], [-114.09177868549774, 51.02801924093248], [-114.09178081277334, 51.02801756886699], [-114.09178224384907, 51.028016443774156], [-114.09178367492571, 51.028015319178806], [-114.09178580215574, 51.02801362423112], [-114.09178650600249, 51.028013069514955], [-114.09178936017462, 51.02801081983289], [-114.0917893604914, 51.02801081958391], [-114.09179222264343, 51.028008570144245], [-114.09179291884242, 51.02800802292274], [-114.0917950847947, 51.02800632045578], [-114.0917964771925, 51.028005226012716], [-114.09179794694568, 51.028004070767246], [-114.09180003554216, 51.028002429102585], [-114.09180080909638, 51.02800182107863], [-114.09180359383222, 51.02799960223762], [-114.0918036329348, 51.027999571420054], [-114.09180649465925, 51.02799732173163], [-114.0918071521802, 51.02799680491124], [-114.09180935680914, 51.02799507204281], [-114.09181071047024, 51.027993978473646], [-114.09181157570913, 51.02799282285928], [-114.09181204904986, 51.02799057504708], [-114.09181251664542, 51.027988327239385], [-114.09181299262573, 51.027986079425105], [-114.09181345711568, 51.02798383161984], [-114.09181392160559, 51.02798158381459], [-114.09181424674848, 51.027980010350895], [-114.09181438609544, 51.02797933600932], [-114.0918148546224, 51.02797708820088], [-114.09181532221766, 51.02797484039316], [-114.09181580301122, 51.02797259257509], [-114.0918162675009, 51.02797034476981], [-114.09181778782246, 51.02796847070839], [-114.09181808031191, 51.02796809590519], [-114.09182015103409, 51.0279658468379], [-114.09182134395003, 51.027964551179565], [-114.09182222175605, 51.02796359777058], [-114.09182429247782, 51.027961348703215], [-114.09182490018962, 51.02796068865083], [-114.0918263631994, 51.02795909963581], [-114.09182843392078, 51.02795685056837], [-114.09182845642862, 51.02795682612198], [-114.09183050464195, 51.027954601500895], [-114.09183201266703, 51.02795296359302], [-114.09183257536291, 51.027952352433374], [-114.0918346460837, 51.02795010336582], [-114.09183556683773, 51.02794805497439], [-114.0918356465298, 51.0279478551393], [-114.09183648300056, 51.027945607041616], [-114.0918373092907, 51.02794335895193], [-114.0918381505122, 51.02794111085052], [-114.09183897239062, 51.027938862764266], [-114.09183911180236, 51.02793848808132], [-114.09183981282014, 51.027936614663446], [-114.0918406540414, 51.02793436656201], [-114.09184148180168, 51.02793211847113], [-114.09184231827186, 51.0279298703734], [-114.0918426568431, 51.02792896042908], [-114.09184315474197, 51.02792762227567], [-114.09184399121199, 51.027925374177926], [-114.09184482768192, 51.027923126080175], [-114.09184566415179, 51.02792087798242], [-114.09184566193105, 51.02791975426399]]}}, {"type": "Feature", "properties": {"elev": 1082.0, "index": true}, "geometry": {"type": "LineString", "coordinates": [[-114.09133638783042, 51.02873404781642], [-114.0913381697928, 51.0287340464237], [-114.09133844586907, 51.02873260142506], [-114.09133884433038, 51.02873035367358], [-114.0913392737823, 51.02872810589789], [-114.09133967224352, 51.028725858146416], [-114.09134010169534, 51.02872361037072], [-114.09134050015649, 51.028721362619244], [-114.09134092960824, 51.02871911484354], [-114.09134132806932, 51.02871686709206], [-114.09134145025365, 51.028715743276535], [-114.09134169617074, 51.028714940427164], [-114.09134175698665, 51.028714619316766], [-114.09134293309565, 51.028712370957464], [-114.0913447646386, 51.02871012208585], [-114.09134524945877, 51.02870952679629], [-114.09134658603122, 51.02870787322213], [-114.09134840376963, 51.02870562436125], [-114.0913488047413, 51.028705128288976], [-114.09135023226702, 51.02870337549192], [-114.09135206380927, 51.02870112662018], [-114.09135236008814, 51.028700762832095], [-114.09135388378017, 51.028698877757456], [-114.09135570151787, 51.02869662889645], [-114.09135591536933, 51.028696364324574], [-114.09135753143556, 51.0286943800259], [-114.0913593629771, 51.02869213115404], [-114.09135947071485, 51.028691998867465], [-114.0913611815263, 51.02868988229232], [-114.09136299926328, 51.0286876334312], [-114.0913630259947, 51.02868760035972], [-114.0913648306013, 51.02868538455942], [-114.09136658133887, 51.02868323490239], [-114.09136666214214, 51.028683135687444], [-114.09136849368281, 51.02868088681544], [-114.09137013668237, 51.02867886944497], [-114.09137032380227, 51.02867863794452], [-114.09137214153837, 51.028676389083266], [-114.0913736919602, 51.02867447093686], [-114.09137396130433, 51.028674140220375], [-114.09137579284429, 51.02867189134827], [-114.09137724730236, 51.02867010547921], [-114.09137762154202, 51.028669642478334], [-114.09137915204816, 51.028667393841545], [-114.09138010266634, 51.02866514565816], [-114.09138079824055, 51.02866350064593], [-114.09138105328441, 51.028662897474774], [-114.0913820039024, 51.028660649291375], [-114.0913829545203, 51.028658401107975], [-114.0913839022264, 51.028656152926835], [-114.09138434561706, 51.02865508504609], [-114.09138483568042, 51.02865390475683], [-114.09138578307983, 51.02865165657591], [-114.09138679156963, 51.02864940834722], [-114.09138789492381, 51.028647651671854], [-114.09138820006044, 51.02864715980572], [-114.0913896497653, 51.02864491123198], [-114.09139109920339, 51.028642662658406], [-114.09139144796437, 51.028642117551705], [-114.09139253784238, 51.028640414093275], [-114.0913939827473, 51.02863816552321], [-114.09139500101338, 51.02863658816444], [-114.09139543431809, 51.02863591694793], [-114.09139687562308, 51.02863366838065], [-114.09139831426153, 51.02863141981545], [-114.09139855404557, 51.02863105064521], [-114.09139976729841, 51.028629171238954], [-114.0914012134025, 51.02862692266787], [-114.0914021071019, 51.02862552583188], [-114.09140265204053, 51.028624674102595], [-114.09140410027746, 51.0286224255298], [-114.09140555118067, 51.02862017695491], [-114.09140566016838, 51.02862000660907], [-114.09140696571463, 51.02861792840844], [-114.09140826095796, 51.02861567995526], [-114.09140921226285, 51.028613993631105], [-114.09140952748157, 51.028613431524526], [-114.09141078835643, 51.02861118309821], [-114.09141204923114, 51.02860893467185], [-114.09141276376783, 51.02860768144142], [-114.091413331194, 51.028606686229004], [-114.09141459206847, 51.02860443780263], [-114.09141585294284, 51.028602189376244], [-114.09141631526342, 51.02860136495323], [-114.09141711381709, 51.028599940949846], [-114.09141838699269, 51.02859769251381], [-114.0914196553982, 51.02859544408148], [-114.09141986679909, 51.028595069342764], [-114.09142091752732, 51.02859319565406], [-114.09142217840106, 51.0285909472276], [-114.09142341826012, 51.0285887362749], [-114.09142343940022, 51.028588698801016], [-114.09142470780523, 51.02858645036865], [-114.09142598210981, 51.028584201931636], [-114.09142696979389, 51.0285824406642], [-114.09142724298307, 51.02858195350512], [-114.09142855079043, 51.02857970504188], [-114.09142999845723, 51.02857745646919], [-114.09143052241039, 51.02857669589571], [-114.09143213944463, 51.028575207354045], [-114.09143407988557, 51.028573421104035], [-114.09143457792295, 51.028572958006116], [-114.0914370264808, 51.028570708650236], [-114.09143763736026, 51.02857014631225], [-114.09143945163898, 51.02856845931264], [-114.0914411947694, 51.02856683846981], [-114.09144187751691, 51.0285662099744], [-114.09144432103417, 51.028563960622314], [-114.09144475224308, 51.028563563677814], [-114.09144691793868, 51.02856171115015], [-114.09144831061745, 51.02856074687175], [-114.09145029725019, 51.02855946106567], [-114.09145187000102, 51.02855844313584], [-114.09145377385722, 51.02855721090496], [-114.09145542935889, 51.02855612650575], [-114.09145720868368, 51.02855496077684], [-114.09145898871448, 51.0285538089085], [-114.09146068562944, 51.02855271061566], [-114.09146254806846, 51.02855149066644], [-114.09146412079464, 51.02855046048707], [-114.09146610751367, 51.02854921896518], [-114.0914677217228, 51.02854821022863], [-114.09146966702386, 51.02854698045391], [-114.09147128120978, 51.028545960002525], [-114.09147322651066, 51.02854473022774], [-114.0914748406964, 51.028543709776315], [-114.09147678599709, 51.02854248000147], [-114.09147840018271, 51.02854145954999], [-114.09148034551099, 51.028540243892905], [-114.09148200110945, 51.02853920929111], [-114.0914839050204, 51.028538005681575], [-114.09148556059506, 51.02853695906456], [-114.09148746450582, 51.02853575545497], [-114.09148912008031, 51.02853470883792], [-114.0914910240181, 51.028533519045695], [-114.09149272100602, 51.0285324585787], [-114.09149458352707, 51.028531281134434], [-114.09149628049059, 51.02853020835183], [-114.09149814301145, 51.02852903090749], [-114.09149983997482, 51.02852795812485], [-114.09150170232182, 51.02852669248163], [-114.09150297321045, 51.0285257082315], [-114.09150525993866, 51.028523494117145], [-114.09150529661083, 51.028523458972174], [-114.09150764363041, 51.028521209694304], [-114.091508817105, 51.028520067218565], [-114.09150995390844, 51.02851896044516], [-114.09151230092758, 51.02851671116719], [-114.09151237427191, 51.028516640877264], [-114.09151462470196, 51.028514461907385], [-114.09151593140318, 51.02851319669906], [-114.09151694772629, 51.028512212648124], [-114.09151927075042, 51.02850996338881], [-114.09151948853392, 51.02850975252075], [-114.09152161551917, 51.02850771411241], [-114.09152304569047, 51.028506321719924], [-114.09152392579585, 51.028505464862995], [-114.09152627281361, 51.02850321558474], [-114.0915266028531, 51.028502894263376], [-114.09152858308984, 51.02850096633521], [-114.09153015999213, 51.02849945510133], [-114.09153092223403, 51.02849871706304], [-114.09153324525678, 51.028496467803436], [-114.09153371712077, 51.02849601092258], [-114.09153556827934, 51.02849421854379], [-114.09153727424888, 51.02849256674371], [-114.09153789767515, 51.02849196927912], [-114.09154024469156, 51.028489720000586], [-114.09154083142806, 51.028489148762546], [-114.09154255496644, 51.028487470750775], [-114.09154438857269, 51.02848571350186], [-114.09154489673364, 51.02848522147625], [-114.09154721975506, 51.02848297221639], [-114.0915479456992, 51.02848226932266], [-114.09154954277626, 51.02848072295646], [-114.0915515028252, 51.02847882514335], [-114.09155186954632, 51.02847847369354], [-114.09155421656139, 51.02847622441473], [-114.0915550599946, 51.02847540325993], [-114.09155652683492, 51.02847397516465], [-114.09155861714481, 51.02847197190061], [-114.09155887122513, 51.02847172588778], [-114.09156118412261, 51.02846947663556], [-114.09156217426923, 51.028468527720975], [-114.09156351726506, 51.028467227367415], [-114.09156573152102, 51.02846514845299], [-114.09156591118072, 51.028464978051616], [-114.09156837322081, 51.028462728682385], [-114.09156928798389, 51.02846136904832], [-114.09156988609818, 51.02846048005682], [-114.0915713989754, 51.02845823143123], [-114.0915728414861, 51.02845608739287], [-114.09157291476268, 51.028455982803344], [-114.09157459922146, 51.028453734043275], [-114.09157639668067, 51.028451664989845], [-114.09157657232159, 51.02845148505699], [-114.09157875298347, 51.02844923590803], [-114.09157995336035, 51.02844799658198], [-114.0915809314452, 51.02844698676075], [-114.0915831099067, 51.02844473761343], [-114.09158351003227, 51.028444324504726], [-114.09158528800313, 51.028442488466354], [-114.0915870667036, 51.02844065242736], [-114.09158746682908, 51.028440239318655], [-114.09158964528997, 51.0284379901712], [-114.09159062337437, 51.02843698034988], [-114.09159182375063, 51.028435741023706], [-114.09159400441104, 51.02843349187445], [-114.0915941800446, 51.028433308272305], [-114.09159618067133, 51.02843124272861], [-114.09159773671423, 51.02842963619461], [-114.09159835913138, 51.028428993580995], [-114.09160054694094, 51.028426744426], [-114.09160129341409, 51.028425979711244], [-114.09160274245009, 51.02842449526495], [-114.09160485013867, 51.02842233607028], [-114.091604937959, 51.028422246103844], [-114.09160708946897, 51.02841999697718], [-114.09160840677409, 51.02841864748048], [-114.09160928497747, 51.02841774781599], [-114.09161147443592, 51.028415498659506], [-114.09161196347766, 51.028414993748754], [-114.09161363199506, 51.02841324952798], [-114.09161551980053, 51.02841114718007], [-114.09161565150788, 51.02841100050465], [-114.0916176710205, 51.028408751481265], [-114.0916190759643, 51.0284072202078], [-114.09161973453168, 51.02840650242336], [-114.0916217540439, 51.028404253399906], [-114.09162263209262, 51.02840327556362], [-114.09162377355592, 51.02840200437643], [-114.09162579306775, 51.0283997553529], [-114.09162618820805, 51.02839932468222], [-114.09162785657814, 51.02839750629485], [-114.09162974438233, 51.02839540394672], [-114.09162987608958, 51.028395257271264], [-114.09163189560083, 51.02839300824764], [-114.09163330054369, 51.028391476973994], [-114.09163395911062, 51.02839075918946], [-114.09163597862148, 51.02838851016576], [-114.09163685666961, 51.02838753232937], [-114.09163799813213, 51.02838626114204], [-114.09164001764259, 51.02838401211826], [-114.09164041278262, 51.02838358144753], [-114.09164208115159, 51.02838176305994], [-114.09164396895449, 51.02837966071157], [-114.09164410066165, 51.028379514036104], [-114.09164612017153, 51.028377265012224], [-114.09164752511344, 51.028375733738415], [-114.09164818367994, 51.0283750159538], [-114.09165020318942, 51.028372766929856], [-114.09165108123696, 51.02837178909334], [-114.09165222269871, 51.02837051790587], [-114.0916542422078, 51.02836826888185], [-114.09165463734756, 51.02836783821107], [-114.0916563057154, 51.02836601982328], [-114.09165819351702, 51.02836391747467], [-114.0916583252241, 51.02836377079919], [-114.0916603447326, 51.02836152177506], [-114.09166174967358, 51.02835999050106], [-114.09166240823963, 51.02835927271637], [-114.09166442774773, 51.028357023692166], [-114.09166530579466, 51.02835604585555], [-114.09166644725565, 51.02835477466793], [-114.09166846676335, 51.02835252564366], [-114.09166886190286, 51.02835209497283], [-114.09167053026958, 51.028350276584845], [-114.09167241806992, 51.028348174235994], [-114.09167254977692, 51.02834802756049], [-114.09167456928404, 51.028345778536114], [-114.09167597422406, 51.02834424726195], [-114.09167659441871, 51.028343529507275], [-114.09167852599427, 51.02834128055181], [-114.09167952995723, 51.028340107186715], [-114.09168035315975, 51.028339031678215], [-114.09168211191596, 51.028336782858254], [-114.091683085577, 51.028335909953434], [-114.09168640376512, 51.028334532050955], [-114.09168664660501, 51.02833445436251], [-114.0916902082334, 51.028333303189626], [-114.09169337412362, 51.028332279141935], [-114.091693769851, 51.028332146629076], [-114.0916973315082, 51.0283310102372], [-114.0917003390816, 51.028330026236745], [-114.09170089301519, 51.02832979780091], [-114.09170445434317, 51.0283284947482], [-114.0917067646388, 51.028327773754405], [-114.09170801578809, 51.02832725104539], [-114.0917115767271, 51.02832575109119], [-114.0917121389961, 51.02832552209668], [-114.09171513763503, 51.028324235491844], [-114.09171744744873, 51.02832327049044], [-114.09171869859776, 51.02832274778132], [-114.09172225948106, 51.02832121993786], [-114.09172274069219, 51.02832101889588], [-114.09172582044333, 51.028319732227104], [-114.09172813025658, 51.02831876722548], [-114.09172938140537, 51.028318244516235], [-114.09173294228796, 51.028316716672464], [-114.09173342349901, 51.02831651563043], [-114.09173650324956, 51.02831522896139], [-114.09173881306236, 51.02831426395953], [-114.09174006421092, 51.028313741250194], [-114.09174362509282, 51.02831221340609], [-114.09174410630376, 51.02831201236402], [-114.09174718605371, 51.02831072569467], [-114.09174949586607, 51.02830976069263], [-114.09175074701439, 51.02830923798315], [-114.0917543106932, 51.02830912713524], [-114.0917548746564, 51.02830975646966], [-114.09175787966035, 51.028311694757065], [-114.0917582682341, 51.02831200124539], [-114.09176102469682, 51.028314246521276], [-114.09176144897035, 51.02831443581591], [-114.0917645794423, 51.02831649117027], [-114.09176501742874, 51.0283167453707], [-114.09176829932831, 51.028318735689496], [-114.09176858557046, 51.02831889437464], [-114.09177215309445, 51.02832073038789], [-114.09177264982583, 51.02832097971338], [-114.09177572032104, 51.028322415663844], [-114.0917776419035, 51.02832322323325], [-114.09177928717685, 51.028323913055395], [-114.09178285371168, 51.02832524780297], [-114.09178350481308, 51.028325466068964], [-114.09178641997599, 51.02832644547725], [-114.09178998596585, 51.02832750410606], [-114.091790768244, 51.02832770780437], [-114.09179355169883, 51.02832843259135], [-114.09179711723677, 51.02832926226572], [-114.09180068247132, 51.028329938283846], [-114.09180073268512, 51.02832994741763], [-114.09180424762128, 51.02833057143264], [-114.09180781239947, 51.02833101632949], [-114.09181137715984, 51.02833145218365], [-114.09181494153613, 51.028331693585734], [-114.09181850586616, 51.028331911555526], [-114.09182206991058, 51.02833198495546], [-114.09182563380445, 51.0283319821552], [-114.09182919754775, 51.028331903154765], [-114.09183276100538, 51.02833167958447], [-114.09183632441666, 51.028331432581886], [-114.09183988744364, 51.02833099112722], [-114.09184345045269, 51.028330540629874], [-114.09184696291206, 51.02832991109324], [-114.09184701308962, 51.02832990188058], [-114.09185057563893, 51.02832921885501], [-114.09185413789001, 51.02832838498708], [-114.0918569184721, 51.02832765582828], [-114.09185769994288, 51.02832745090129], [-114.09186126173836, 51.02832638667198], [-114.09186417302195, 51.02832540268568], [-114.09186482325786, 51.02832518291209], [-114.09186838450815, 51.028323843049115], [-114.09187002705045, 51.028323150643644], [-114.09187194543573, 51.028322340057066], [-114.09187501998564, 51.02832089927826], [-114.09187550600166, 51.02832065423812], [-114.09187906623886, 51.02831880227946], [-114.09187934244407, 51.0283186484398], [-114.09188262588789, 51.028316652962424], [-114.09188302902993, 51.028316398101126], [-114.09188618519026, 51.028314328489785], [-114.09188643682616, 51.02831414798154], [-114.0918893482945, 51.0283118982521], [-114.0918897436638, 51.02831158500652], [-114.09189202072982, 51.02830964871057], [-114.09189330133692, 51.02830843693475], [-114.09189439522572, 51.02830739940323], [-114.09189651180752, 51.028305150298664], [-114.09189685792367, 51.028304739705455], [-114.09189841102413, 51.02830290136498], [-114.09190008974826, 51.02830065260466], [-114.0919004127634, 51.02830015928979], [-114.09190156209623, 51.028298404006605], [-114.091902877754, 51.028296155531756], [-114.09190394975019, 51.028293907248525], [-114.09190396423408, 51.02829387558304], [-114.09190495376605, 51.02829165901872], [-114.09190565925996, 51.028289411023685], [-114.09190635041448, 51.02828716303991], [-114.09190673321523, 51.02828491529865], [-114.09190707885813, 51.0282826675866], [-114.09190719524845, 51.02828042005484], [-114.0919071908039, 51.028278172618116], [-114.0919070655245, 51.028275925276404], [-114.09190671099259, 51.028273678115], [-114.09190631930294, 51.02827143098281], [-114.0919056192597, 51.02826918409312], [-114.09190490487723, 51.02826693721469], [-114.0919039065822, 51.02826472221363], [-114.09190389197312, 51.02826469057104], [-114.09190280885787, 51.028262443982584], [-114.09190148654358, 51.02826019758221], [-114.09190033027326, 51.02825844411213], [-114.09190000530842, 51.02825795130681], [-114.09189831769761, 51.02825570519366], [-114.09189675733334, 51.02825386930148], [-114.09189640882562, 51.02825345925448], [-114.09189428412756, 51.028251213484985], [-114.09189318614047, 51.028250177676995], [-114.09189190074692, 51.02824896791885], [-114.09188961602182, 51.02824702906853], [-114.09188922744774, 51.02824672258063], [-114.09188629069185, 51.0282444774495], [-114.09188604673962, 51.02824430327093], [-114.09188288239852, 51.02824223268902], [-114.09188247825061, 51.02824197846244], [-114.09187919635158, 51.028239988146815], [-114.09187891010954, 51.02823982946194], [-114.09187534258756, 51.02823799345193], [-114.09187484585651, 51.02823774412687], [-114.09187177536384, 51.02823630817898], [-114.09186985378332, 51.0282355006111], [-114.09186820851178, 51.02823481079024], [-114.09186464198145, 51.02823347604524], [-114.09186399088097, 51.02823325777968], [-114.09186107572228, 51.02823227837332], [-114.09185750973809, 51.02823121974666], [-114.09185672746129, 51.02823101604879], [-114.0918539440113, 51.02823029126329], [-114.09185037847995, 51.02822946159065], [-114.09184681325239, 51.028228785574015], [-114.09184676303867, 51.02822877644026], [-114.09184324810965, 51.02822815242652], [-114.09183968333903, 51.02822770753074], [-114.09183611858634, 51.02822727167743], [-114.09183255421794, 51.02822703027598], [-114.0918289898959, 51.028226812306606], [-114.09182542585954, 51.02822673890689], [-114.09182186197373, 51.02822674170713], [-114.09181829823848, 51.028226820707346], [-114.09181473433362, 51.02822681387199], [-114.0918126515502, 51.02822655580411], [-114.09181380837634, 51.02822430745501], [-114.09181472597643, 51.02822258369658], [-114.09181500524602, 51.02822205907446], [-114.09181616207192, 51.02821981072534], [-114.09181735894137, 51.028217562344764], [-114.09181827642382, 51.0282157791713], [-114.09181851576706, 51.02821531399561], [-114.09181971263627, 51.028213065615], [-114.09182086946173, 51.02821081726583], [-114.09182182695693, 51.02820901856131], [-114.09182206633072, 51.02820856888519], [-114.09182322315594, 51.02820632053599], [-114.09182442002471, 51.02820407215533], [-114.09182537739713, 51.02820221145253], [-114.09182557684971, 51.02820182380612], [-114.09182677371824, 51.028199575425425], [-114.09182793054302, 51.028197327076185], [-114.09182892686883, 51.02819507885305], [-114.0918289271915, 51.02819507801655], [-114.09182979392386, 51.028192830731484], [-114.09183066065448, 51.02819058261015], [-114.09183148778631, 51.028188334519946], [-114.09183235451675, 51.02818608639861], [-114.09183247270727, 51.02818577983661], [-114.09183322124713, 51.02818383827728], [-114.0918340879774, 51.028181590155924], [-114.09183495470761, 51.028179342034576], [-114.09183578444994, 51.02817709394227], [-114.09183601821995, 51.02817648082032], [-114.09183664856907, 51.028174845822946], [-114.09183751529902, 51.02817259770157], [-114.09183675110008, 51.028170350861856], [-114.09183600575679, 51.02817017376533], [-114.09183244058164, 51.02816952186386], [-114.0918288746239, 51.02816847385128], [-114.0918279167475, 51.02816811036363], [-114.09182530880317, 51.02816749509018], [-114.09182174324444, 51.02816664886743], [-114.09181845970896, 51.02816587035399], [-114.0918181775846, 51.0281657513932], [-114.09181461158579, 51.02816468228789], [-114.09181104629147, 51.028163969695896], [-114.09180960791592, 51.02816362986809], [-114.09180814034482, 51.02816138358074], [-114.09181103686147, 51.02815919629384], [-114.09181111961908, 51.02815913379993], [-114.09181375380696, 51.02815688429017], [-114.09181459537704, 51.028156477841165], [-114.0918170367263, 51.02815463427064], [-114.09181815395385, 51.02815379060276], [-114.09181999456497, 51.02815238450644], [-114.09182171246859, 51.02815107214987], [-114.09182295383235, 51.02815013474105], [-114.09182527104457, 51.02814838491124], [-114.0918263068228, 51.02814788466622], [-114.09182882960782, 51.028145691429614], [-114.09182889549456, 51.02814563519186], [-114.09183185020952, 51.02814338542981], [-114.09183238813364, 51.02814297921928], [-114.09183526489011, 51.02814113530624], [-114.09183594822179, 51.02814105783975], [-114.09183698783858, 51.02814113395228], [-114.09183951305624, 51.0281415384198], [-114.09184307740995, 51.02814177569061], [-114.09184664109951, 51.028141676891664], [-114.09184982874555, 51.02814112386067], [-114.09185020211403, 51.02814022459109], [-114.09185075630508, 51.02813887569136], [-114.09185165807327, 51.028136627542324], [-114.09185256648459, 51.02813437938806], [-114.09185348740063, 51.028132131223956], [-114.09185374870664, 51.02813147551515], [-114.09185438330694, 51.0281298830795], [-114.09185531672765, 51.02812763490556], [-114.09185621263376, 51.0281253867611], [-114.0918571476174, 51.028123138585904], [-114.09185729542891, 51.02812279270968], [-114.09185811698924, 51.02812089038367], [-114.09185910708044, 51.02811864216514], [-114.09186050315708, 51.02811639362749], [-114.0918608457281, 51.02811592021289], [-114.0918621303694, 51.02811414490813], [-114.09186375758159, 51.02811189618875], [-114.09186439990215, 51.02811100853636], [-114.09186538479362, 51.02810964746935], [-114.0918670120055, 51.028107398749924], [-114.09186795407544, 51.02810609685972], [-114.09186857200947, 51.028105150083306], [-114.0918700700706, 51.02810290146535], [-114.0918715075375, 51.02810082577505], [-114.09187160351674, 51.02810065281957], [-114.09187287102677, 51.02809840438283], [-114.09187413108327, 51.02809615595194], [-114.09187505888221, 51.028094484048985], [-114.09187537881286, 51.028093907530724], [-114.09187664431585, 51.02809165909552], [-114.09187790637867, 51.02808941066301], [-114.09187861022593, 51.02808814232281], [-114.0918791541079, 51.02808716224175], [-114.09188041760382, 51.02808491380807], [-114.09188168167297, 51.02808266537394], [-114.0918821615687, 51.02808180059654], [-114.09188292940185, 51.02808041695264], [-114.09188419089072, 51.02807816852051], [-114.09188545696618, 51.02807592008475], [-114.09188571291051, 51.02807545887012], [-114.09188670469467, 51.0280736716634], [-114.09188796417651, 51.0280714232328], [-114.0918892322583, 51.02806917479543], [-114.09188926425132, 51.0280691171436], [-114.09189047998643, 51.02806692637403], [-114.09189173746122, 51.028064677944975], [-114.0918928155741, 51.02806276677297], [-114.0918930058293, 51.02806242950733], [-114.0918942552771, 51.02806018108454], [-114.09189551074482, 51.028057932657006], [-114.09189636689304, 51.028056414961576], [-114.09189677911253, 51.02805568421932], [-114.09189803056665, 51.02805343579491], [-114.09189928402733, 51.02805118736891], [-114.09189991701452, 51.02804945807091], [-114.09190008983637, 51.02804893929493], [-114.09190080975642, 51.02804669128849], [-114.09190154297622, 51.028044443271575], [-114.0919022785709, 51.02804219525279], [-114.09190299849075, 51.028039947246334], [-114.0919034592394, 51.02803850852219], [-114.09190372054799, 51.02803769923817], [-114.09190427789257, 51.02803545135955], [-114.0919046857969, 51.02803320359846], [-114.09190512315467, 51.028030955814174], [-114.09190553105896, 51.02802870805307], [-114.09190596841664, 51.02802646026879], [-114.09190637632082, 51.02802421250768], [-114.09190681367842, 51.0280219647234], [-114.09190698849447, 51.028021001397214], [-114.09190722158253, 51.02801971696229], [-114.09190765894006, 51.028017469178], [-114.09190806684407, 51.028015221416894], [-114.0919085042015, 51.0280129736326], [-114.09190891210544, 51.02801072587147], [-114.09190934946281, 51.02800847808718], [-114.09190975736666, 51.028006230326035], [-114.09191019472394, 51.02800398254175], [-114.09191051521977, 51.02800221644371], [-114.09191060262772, 51.02800173478062], [-114.09191103998492, 51.027999486996315], [-114.0919114478886, 51.02799723923517], [-114.09191188524572, 51.02799499145086], [-114.09191229314933, 51.027992743689715], [-114.09191273050637, 51.0279904959054], [-114.0919131384099, 51.02798824814426], [-114.09191357576685, 51.027986000359945], [-114.09191398367031, 51.027983752598786], [-114.09191404198455, 51.02798345289421], [-114.09191442102717, 51.02798150481446], [-114.09191482893056, 51.027979257053296], [-114.09191503382257, 51.02797700945181], [-114.09191467852487, 51.02797476229091], [-114.09191402035421, 51.027972515961814], [-114.09191402018031, 51.027972515368376], [-114.09191337950355, 51.027970268431915], [-114.09191272509757, 51.027968021506254], [-114.09191206692594, 51.02796577458356], [-114.09191173823923, 51.02796352740172], [-114.09191261218123, 51.027961279274024], [-114.09191348174764, 51.02795903114976], [-114.09191399111596, 51.02795773222805], [-114.09191436334665, 51.02795678301604], [-114.09191523214714, 51.02795453489237], [-114.0919160988692, 51.027952286770336], [-114.09191698539041, 51.0279500386327], [-114.09191753694071, 51.02794860800959], [-114.0919178521123, 51.02794779051066], [-114.0919187188341, 51.02794554238858], [-114.09191959386932, 51.027943294259984], [-114.09192047207671, 51.02794104612887], [-114.09192108272143, 51.02793946222467], [-114.09192133879824, 51.02793879800679], [-114.09192221897446, 51.027936549874106], [-114.09192309204035, 51.02793430174702], [-114.09192395876163, 51.02793205362491], [-114.09192462850076, 51.02793031643963], [-114.09192482548285, 51.0279298055028], [-114.09192571200322, 51.027927557365096], [-114.09192657872426, 51.02792530924297], [-114.09192744949257, 51.027923061117654], [-114.09192817436177, 51.027921212652046], [-114.09192833109023, 51.0279208129838], [-114.09192919868613, 51.02791856486096], [-114.09193006540683, 51.0279163167388], [-114.0919309519267, 51.02791406860106], [-114.09193172015627, 51.02791207594731], [-114.09193181864724, 51.0279118204789], [-114.09193268000767, 51.02790957236093], [-114.09193345556682, 51.027907324310455], [-114.09193410646542, 51.027905076358046], [-114.0919347202404, 51.02790282843483], [-114.09193526191861, 51.027900901631234], [-114.09193535219829, 51.02790058049732], [-114.09193596597316, 51.02789833257408], [-114.09193769286144, 51.027896083775175], [-114.0919388140099, 51.027894949401485], [-114.09193990986046, 51.027893834590664], [-114.09194000452456, 51.027892710795996]]}}, {"type": "Feature", "properties": {"elev": 1084.0, "index": true}, "geometry": {"type": "LineString", "coordinates": [[-114.0919097580955, 51.02907039322436], [-114.0919097558731, 51.02906926950616], [-114.09191141769075, 51.02906702075927], [-114.09191261780056, 51.029065350288604], [-114.09191303322316, 51.02906477204877], [-114.09191469504051, 51.02906252330183], [-114.09191617209844, 51.0290604673379], [-114.09191631057261, 51.02906027459129], [-114.09191797238962, 51.02905802584431], [-114.09191958792142, 51.029055777133706], [-114.09191972640615, 51.02905558973812], [-114.09192145189489, 51.02905352822768], [-114.0919232828981, 51.029051816778825], [-114.0919238943888, 51.029051278866554], [-114.09192639584487, 51.02904902945901], [-114.0919268405653, 51.02904863825007], [-114.09192892043207, 51.02904678003321], [-114.09193039823204, 51.0290454597212], [-114.09193145444294, 51.02904453059993], [-114.09193395726626, 51.02904297271113], [-114.09193516401635, 51.02904228024184], [-114.09193751717892, 51.029040929926666], [-114.091939059778, 51.02904002973713], [-114.09194107702288, 51.029038852566174], [-114.09194291627544, 51.0290377792632], [-114.0919446368665, 51.029036775205554], [-114.09194677277253, 51.02903552878912], [-114.09194819670981, 51.02903469784483], [-114.09195062926922, 51.029033278314934], [-114.0919517565528, 51.02903262048398], [-114.09195453207671, 51.02903102780417], [-114.09195531646388, 51.029030577699], [-114.0919584016606, 51.02902877731941], [-114.09195887630625, 51.029028500337944], [-114.09196225815619, 51.02902652684484], [-114.09196243614828, 51.02902642297677], [-114.09196599707093, 51.02902489183311], [-114.09196840675844, 51.02902427456636], [-114.09196955922451, 51.02902398281424], [-114.09197312136428, 51.02902306687036], [-114.09197668350761, 51.02902215281499], [-114.09197720735578, 51.02902202020035], [-114.09198024565706, 51.029021241907174], [-114.09198380779016, 51.02902032281533], [-114.09198600795229, 51.029019765833695], [-114.09198736994928, 51.02901941694357], [-114.09199093207214, 51.029018492815204], [-114.091994494188, 51.02901756522431], [-114.09199476823179, 51.02901751149811], [-114.0919980567723, 51.02901687433809], [-114.0920016199055, 51.02901646078347], [-114.0920051830758, 51.02901606598298], [-114.09200874624602, 51.029015671182385], [-114.09201230754158, 51.02901525025014], [-114.09201230936402, 51.02901525003466], [-114.09201587253455, 51.0290148554479], [-114.09201943568634, 51.029014451423585], [-114.09202299884717, 51.02901405201085], [-114.09202656200797, 51.02901365259802], [-114.09203012516869, 51.02901325318507], [-114.09203250060914, 51.02901298690971], [-114.09203368832937, 51.02901285377201], [-114.09203725148996, 51.02901245435885], [-114.0920408146505, 51.029012054945575], [-114.09204437781098, 51.0290116555322], [-114.09204794097141, 51.0290112561187], [-114.09205150409248, 51.02901083687479], [-114.09205199886239, 51.02901072411308], [-114.09205506651385, 51.02901006442655], [-114.09205862860483, 51.02900912525156], [-114.09206105382596, 51.02900846954041], [-114.09206219065379, 51.02900816493674], [-114.09206575273215, 51.02900721953111], [-114.09206931477536, 51.02900625645512], [-114.09206946964855, 51.02900621547057], [-114.09207287685888, 51.02900531381024], [-114.09207643890178, 51.02900435073401], [-114.09207787887652, 51.029003961405294], [-114.09208000095475, 51.02900339281152], [-114.09208356302763, 51.029002445012495], [-114.09208629140059, 51.029001707336846], [-114.0920871250741, 51.02900148396064], [-114.09209068715289, 51.02900053929051], [-114.09209424919506, 51.02899957621374], [-114.09209470392383, 51.02899945326777], [-114.09209781125203, 51.02899862068355], [-114.09210137331944, 51.028997670491144], [-114.09210311644627, 51.0289971991981], [-114.09210493536993, 51.0289967118316], [-114.09210849744325, 51.028995764768084], [-114.09211068902019, 51.02899494578986], [-114.09211205870754, 51.02899440960554], [-114.09211561959751, 51.02899286569714], [-114.0921160208293, 51.02899269414736], [-114.09211918052965, 51.0289913431928], [-114.09212125771522, 51.028990442579456], [-114.09212274143115, 51.028989805341965], [-114.09212630235083, 51.02898827677963], [-114.09212650017801, 51.02898819100692], [-114.09212986326708, 51.02898674660176], [-114.09213174264029, 51.02898593943413], [-114.0921334241847, 51.028985217231494], [-114.09213698469665, 51.028983687861434], [-114.09213698510172, 51.0289836876858], [-114.09214054599038, 51.028982143951964], [-114.09214220107079, 51.028981436308754], [-114.0921441069209, 51.02898062144686], [-114.09214742052487, 51.02897918475341], [-114.09214766781074, 51.02897907854712], [-114.09215122873879, 51.02897755503215], [-114.09215266298511, 51.0289769331797], [-114.09215478964337, 51.028976019805384], [-114.09215790544485, 51.02897468160574], [-114.09215835055933, 51.02897449043435], [-114.09216191147506, 51.02897296106322], [-114.09216314790409, 51.02897243003155], [-114.09216547237175, 51.02897142220146], [-114.09216838129957, 51.02897017846427], [-114.09216903266993, 51.028969581690966], [-114.09217097336386, 51.02896792897998], [-114.0921706989108, 51.028965681756496], [-114.09217047845691, 51.02896343449039], [-114.0921702040039, 51.02896118726689], [-114.09216998355005, 51.02895894000079], [-114.0921697090971, 51.028956692777285], [-114.09216948138967, 51.0289544455169], [-114.09216921419039, 51.02895219828767], [-114.09216899374572, 51.02894995560554], [-114.09216899329438, 51.02894995102193], [-114.09216871928378, 51.02894770379806], [-114.09216849883005, 51.02894545653196], [-114.09216822437726, 51.028943209308444], [-114.09216800392359, 51.02894096204233], [-114.09216772947083, 51.028938714818814], [-114.09216750901722, 51.028936467552704], [-114.09216723456451, 51.02893422032919], [-114.09216698993222, 51.02893197308214], [-114.09216673965828, 51.02892972583954], [-114.09216721065643, 51.028927478028116], [-114.09216894646211, 51.028926114574304], [-114.09217010298647, 51.02892522830702], [-114.09217250488452, 51.028923330135164], [-114.09217294968043, 51.02892297862186], [-114.09217588547261, 51.02892072886633], [-114.09217606339095, 51.02892058826103], [-114.09217873216602, 51.02891847918104], [-114.09217962175765, 51.028917776154366], [-114.09218157885914, 51.02891622949566], [-114.0921831801999, 51.02891500235617], [-114.09218451465047, 51.02891397973993], [-114.09218673862907, 51.028912222173126], [-114.09218736134305, 51.02891173005442], [-114.09219021020849, 51.028909480367105], [-114.0921902969987, 51.028909412194395], [-114.09219314382581, 51.028907230612866], [-114.09219385553256, 51.02890668521748], [-114.09219607961602, 51.02890498085686], [-114.09219741418181, 51.02890401661543], [-114.0921991928732, 51.028902730960745], [-114.09220097309446, 51.02890148097847], [-114.0922023619176, 51.028900481020536], [-114.09220453195363, 51.02889891858623], [-114.09220551067389, 51.02889823109625], [-114.09220809083365, 51.02889636689594], [-114.09220862465978, 51.028895981199305], [-114.09221164979466, 51.02889385623018], [-114.0922118233975, 51.028893731235414], [-114.09221494172904, 51.02889148133488], [-114.09221520895079, 51.02889144407832], [-114.09221529887145, 51.02889148105306], [-114.092218775614, 51.02889281524827], [-114.09222083253766, 51.028893724126455], [-114.0922223425721, 51.02889433491381], [-114.09222571417273, 51.02889596771414], [-114.09222590992188, 51.02889605183868], [-114.09222635524678, 51.02889596720823], [-114.0922265652829, 51.02889371960248], [-114.09222724309642, 51.02889147162757], [-114.09222816433409, 51.02888922346057], [-114.09222885065405, 51.02888697547893], [-114.09222880340216, 51.02888472807623], [-114.09222944810409, 51.02888307155901], [-114.09222967835476, 51.02888247994573], [-114.09223055330727, 51.028880231815215], [-114.0922307156472, 51.0288779842471], [-114.092231192375, 51.028875736430855], [-114.09223164814352, 51.02887348863118], [-114.09223292132033, 51.028871240186355], [-114.09223270639478, 51.02886899291598], [-114.09223298276589, 51.02886831846586], [-114.09223361932422, 51.028866744755476], [-114.09223654138246, 51.02886563601725], [-114.09223937309002, 51.02886449277427], [-114.09223979801902, 51.02886224499887], [-114.09223953508254, 51.0288599977664], [-114.0922388560008, 51.02885775086239], [-114.0922384652396, 51.0288555037308], [-114.09223813678496, 51.028853256550036], [-114.09223780833034, 51.02885100936926], [-114.0922379989273, 51.02884876177883], [-114.09223872179999, 51.02884651376827], [-114.09223944467261, 51.02884426575771], [-114.09224005891471, 51.028842254405525], [-114.0922401311785, 51.02884201777586], [-114.09224085405098, 51.02883976976529], [-114.0922415769234, 51.02883752175471], [-114.09224229979573, 51.02883527374413], [-114.09224302266801, 51.028833025733555], [-114.09224360096577, 51.02883122732508], [-114.09224374407084, 51.02883077772412], [-114.09224440392714, 51.02882852976327], [-114.09224470488046, 51.028826282085696], [-114.09224486266638, 51.02882403452114], [-114.09224500780253, 51.02882178696656], [-114.09224513698898, 51.02881953942457], [-114.09224528927497, 51.02881729186434], [-114.09224541681144, 51.02881504432364], [-114.0922455690974, 51.02881279676343], [-114.09224569828379, 51.02881054922143], [-114.09224584341987, 51.02880830166685], [-114.0922460012057, 51.028806054102276], [-114.09224613039204, 51.028803806560276], [-114.09224627002818, 51.02880155901003], [-114.09224643331385, 51.02879931144112], [-114.09224656250016, 51.02879706389913], [-114.09224669663638, 51.0287948163532], [-114.0922468241727, 51.02879256881251], [-114.09224699460816, 51.02879032123795], [-114.09224708073235, 51.028788822876606], [-114.09224712379444, 51.02878807369594], [-114.09224725298068, 51.02878582615393], [-114.09224742231613, 51.02878357858023], [-114.09224755590226, 51.028781331034764], [-114.09224768508848, 51.02877908349275], [-114.09224784892399, 51.02877683592339], [-114.09224798800999, 51.028774588373565], [-114.09224811719616, 51.02877234083155], [-114.09224827553173, 51.02877009326653], [-114.09224840306791, 51.028767845725824], [-114.09224854930372, 51.02876559817035], [-114.09224867848984, 51.02876335062833], [-114.0922488296755, 51.028761103068945], [-114.09224898141113, 51.028758855509125], [-114.09224911059722, 51.02875660796711], [-114.09224925628295, 51.02875436041207], [-114.09224941351843, 51.028752112847904], [-114.0922493383932, 51.02874986546717], [-114.09224820177117, 51.02874761892432], [-114.09224699593503, 51.0287461028541], [-114.09224637673809, 51.02874537292486], [-114.09224442399787, 51.028743127026175], [-114.0922434237568, 51.028741947909666], [-114.09224265215404, 51.028740880984664], [-114.09224077723255, 51.02873863502449], [-114.09223985125891, 51.028737631580015], [-114.09223894915976, 51.028736389027316], [-114.0922373683408, 51.028734142834956], [-114.092236277711, 51.02873278586737], [-114.09223562484378, 51.02873189677098], [-114.09223397549513, 51.02872965063265], [-114.09223270412231, 51.02872791923434], [-114.09223232614663, 51.028727404494305], [-114.0922306767983, 51.02872515835594], [-114.09222913053438, 51.0287230526012], [-114.09222902645202, 51.028722912218335], [-114.0922273611342, 51.028720666092525], [-114.09222569581657, 51.0287184199667], [-114.09222555704011, 51.028718232789544], [-114.09222404513805, 51.02871617382928], [-114.09222239579053, 51.028713927690795], [-114.09222198345367, 51.02871336615616], [-114.09222074644315, 51.028711681552274], [-114.09221909709593, 51.02870943541374], [-114.09221840986797, 51.02870849952267], [-114.09221744774888, 51.02870718927517], [-114.09221579840198, 51.0287049431366], [-114.09221483628303, 51.02870363288908], [-114.09221414240118, 51.028702697003226], [-114.09221247708481, 51.028700450877196], [-114.09221126279174, 51.02869881307695], [-114.09221081609377, 51.02869820474772], [-114.09220916674751, 51.028695958609035], [-114.0922076892083, 51.02869394644313], [-114.09220751740142, 51.028693712470336], [-114.09220586805547, 51.0286914663316], [-114.0922042187097, 51.02868922019285], [-114.09220411562559, 51.028689079809176], [-114.09220255439241, 51.028686974065884], [-114.09220088907718, 51.02868472793968], [-114.09220054211677, 51.02868425003467], [-114.09219925836328, 51.02868248178614], [-114.09219819120008, 51.028680235188], [-114.09219722976279, 51.02867798850642], [-114.09219696453872, 51.028677368732204], [-114.09219626832557, 51.02867574182484], [-114.09219530688846, 51.02867349514326], [-114.09219434545143, 51.028671248461656], [-114.09219338401577, 51.02866900241455], [-114.09219338374423, 51.02866900178026], [-114.09219242257767, 51.02866675509843], [-114.09219221923188, 51.02866450781877], [-114.09219289190376, 51.02866225984804], [-114.0921933679641, 51.02866091100843], [-114.09219368533763, 51.02866001178202], [-114.09219447877146, 51.02865776371601], [-114.09219521901237, 51.028655515691945], [-114.09219601244602, 51.02865326762591], [-114.09219680587961, 51.02865101955988], [-114.09219691167074, 51.028650719817755], [-114.09219759931311, 51.02864877149384], [-114.09219839274655, 51.028646523427796], [-114.0921991861799, 51.028644275361735], [-114.09219997961318, 51.02864202729568], [-114.09220045567311, 51.02864067845605], [-114.09220077304637, 51.028639779229614], [-114.09220151328671, 51.02863753120551], [-114.09220230671976, 51.02863528313943], [-114.09220310015273, 51.02863303507335], [-114.09220389358562, 51.02863078700725], [-114.09220399937666, 51.02863048726511], [-114.09220468701844, 51.028628538941156], [-114.09220548045118, 51.02862629087505], [-114.09220627388385, 51.02862404280894], [-114.09220706006288, 51.028621794748545], [-114.09220754318486, 51.02862034958445], [-114.09220780755618, 51.02861954671868], [-114.09220860098861, 51.02861729865255], [-114.09220939442098, 51.0286150505864], [-114.09221018785327, 51.02861280252027], [-114.09221098128546, 51.02861055445413], [-114.09221108703396, 51.02861023330782], [-114.09221172152483, 51.028608306429945], [-114.09221230218586, 51.02860605853167], [-114.09221288284682, 51.0286038106334], [-114.09221346350775, 51.028601562735126], [-114.0922140441686, 51.02859931483684], [-114.09221462439373, 51.02859706693891], [-114.09221462482635, 51.02859706540641], [-114.09221525868288, 51.028594818998286], [-114.09221583934357, 51.028592571100006], [-114.09221642000419, 51.0285903232017], [-114.09221700066476, 51.0285880753034], [-114.09221758132527, 51.028585827405095], [-114.09221816155008, 51.02858357950713], [-114.09221816198269, 51.02858357797462], [-114.09221879583887, 51.0285813315665], [-114.09221937649922, 51.02857908366818], [-114.09221995715951, 51.02857683576986], [-114.09222053781974, 51.02857458787154], [-114.09222111847991, 51.02857233997321], [-114.09222169870439, 51.02857009207522], [-114.09222169913699, 51.02857009054272], [-114.09222233299282, 51.02856784413457], [-114.09222291365282, 51.028565596236234], [-114.09222349431276, 51.02856334833789], [-114.09222407497266, 51.02856110043954], [-114.09222465563249, 51.028558852541195], [-114.09222523585663, 51.02855660464318], [-114.09222523628924, 51.02855660311068], [-114.0922258701447, 51.0285543567025], [-114.09222645080438, 51.028552108804135], [-114.09222703146399, 51.02854986090578], [-114.09222761212354, 51.028547613007404], [-114.09222819278304, 51.02854536510904], [-114.09222877300684, 51.028543117210994], [-114.09222877344057, 51.028543116242496], [-114.09222979495638, 51.028540868964356], [-114.09223095769738, 51.028538620606575], [-114.09223210465406, 51.02853637226126], [-114.09223232312199, 51.02853594400501], [-114.09223325161062, 51.02853412391593], [-114.09223442099727, 51.02853187555287], [-114.09223560035277, 51.02852962718194], [-114.0922358734376, 51.028529091861614], [-114.092236747309, 51.028527378836564], [-114.09223789426511, 51.02852513049118], [-114.09223904703636, 51.028522882141196], [-114.09223942360735, 51.02852216674939], [-114.09224023054516, 51.02852063376693], [-114.09224138996215, 51.02851838541167], [-114.09224253691782, 51.028516137066234], [-114.09224297385329, 51.02851528055369], [-114.09224368387338, 51.02851388872079], [-114.09224485658201, 51.028511640355], [-114.09224603261352, 51.02850939198659], [-114.09224652416576, 51.02850842840995], [-114.09224717956873, 51.02850714364109], [-114.09224832652384, 51.02850489529561], [-114.09224948261706, 51.02850264694289], [-114.09225007436932, 51.028501521919466], [-114.09225193894868, 51.028500397563754], [-114.0922536344538, 51.028499593568135], [-114.09225719656928, 51.02849868845874], [-114.09225927443786, 51.02849814433282], [-114.09226075862969, 51.02849775567144], [-114.09226432068995, 51.028496822884016], [-114.0922678803204, 51.02849589009842], [-114.0922678827488, 51.028495889462], [-114.09227144481002, 51.02849495730887], [-114.09227500689732, 51.02849403836003], [-114.09227662605785, 51.028493635752945], [-114.09227856905045, 51.02849315262444], [-114.09228213114298, 51.02849223644314], [-114.0922853963641, 51.02849138138743], [-114.09228569320238, 51.02849130365509], [-114.09228925526163, 51.02849037086691], [-114.09229281732075, 51.02848943807864], [-114.09229400467376, 51.02848912714918], [-114.09229637937973, 51.02848850529025], [-114.09229994159249, 51.028487649999555], [-114.09230290997475, 51.02848687267573], [-114.09230350365118, 51.02848671721096], [-114.09230706570973, 51.02848578442223], [-114.09231062776814, 51.02848485163341], [-114.09231151828271, 51.028484618436195], [-114.09231419076042, 51.02848438905595], [-114.09231775489417, 51.02848450113772], [-114.0923189430859, 51.028484612571106], [-114.09232131965175, 51.028484927234544], [-114.09232488410102, 51.02848519811457], [-114.09232844866462, 51.02848552651211], [-114.09233201328463, 51.02848588328627], [-114.09233557787242, 51.02848622381648], [-114.09233914036982, 51.02848551223799], [-114.09233968303612, 51.02848459618546], [-114.09234096553645, 51.02848234773194], [-114.09234229753532, 51.028480099239296], [-114.09234269220164, 51.02847943301925], [-114.09234362953408, 51.02847785074663], [-114.09234493034177, 51.02847560227862], [-114.09234624362713, 51.02847335380071], [-114.09234624403119, 51.028473353118905], [-114.0923476142156, 51.02847110527752], [-114.09234890802917, 51.02846885681496], [-114.0923497959134, 51.028467300193235], [-114.09235030366841, 51.028466608271934], [-114.09235190425359, 51.028464359566925], [-114.09235334968974, 51.02846220088212], [-114.09235341430934, 51.028462110933454], [-114.09235502979938, 51.02845986221663], [-114.0923566404894, 51.02845761350356], [-114.09235690373785, 51.02845723872217], [-114.0923582199801, 51.028455364815144], [-114.09235981147032, 51.02845311611722], [-114.0923604576661, 51.02845221663045], [-114.09236142695974, 51.02845086740029], [-114.092363042449, 51.028448618683356], [-114.09236401174248, 51.028447269453174], [-114.0923646579381, 51.028446369966396], [-114.09236620862882, 51.028444121300616], [-114.09236756563942, 51.02844223237833], [-114.09236782411762, 51.0284418725836], [-114.09236943960626, 51.02843962386657], [-114.09237105509474, 51.02843737514952], [-114.09237111971427, 51.02843728520082], [-114.09237267058306, 51.028435126432434], [-114.09237422127302, 51.02843287776655], [-114.09237467360968, 51.02843224812576], [-114.09237583676104, 51.02843062904943], [-114.0923774522489, 51.02842838033229], [-114.09237822768303, 51.02842730094804], [-114.09237906773662, 51.02842613161511], [-114.09238068322416, 51.02842388289792], [-114.09238178162903, 51.02842229009284], [-114.09238224231312, 51.02842163422529], [-114.09238384940059, 51.02841938551469], [-114.09238533564871, 51.0284173166948], [-114.09238546488767, 51.02841713679742], [-114.0923870803746, 51.028414888080135], [-114.09238779732658, 51.028412640073164], [-114.0923880304521, 51.02841039244869], [-114.09238826357759, 51.02840814482421], [-114.09238844918438, 51.02840589723729], [-114.09238868230983, 51.028403649612805], [-114.09238886752742, 51.028401402026205], [-114.0923888679093, 51.02840139835572], [-114.092389101042, 51.02839915440141], [-114.09239033205905, 51.028396905988025], [-114.0923922758557, 51.028394657011106], [-114.09239241807654, 51.02839448834065], [-114.09239417213352, 51.028392408071724], [-114.0923959737008, 51.02839032365404], [-114.09239611592979, 51.028390159094734], [-114.09239801220724, 51.02838791015528], [-114.09239952931625, 51.02838615485613], [-114.09239995600315, 51.028385661178234], [-114.0924018685366, 51.02838341222587], [-114.09240308493106, 51.02838198605812], [-114.09240379607576, 51.028381163261606], [-114.0924057398711, 51.02837891428446], [-114.09240664060246, 51.02837784603815], [-114.09240763614761, 51.02837666534485], [-114.09240957994258, 51.02837441636763], [-114.09241019623235, 51.028373685462256], [-114.09241147621873, 51.02837216742796], [-114.09241342001333, 51.0283699184507], [-114.0924137518616, 51.02836952488624], [-114.0924153162891, 51.02836766951095], [-114.09241726008332, 51.0283654205336], [-114.09241730749022, 51.02836536431012], [-114.09241915635874, 51.0283631715938], [-114.09242086310456, 51.028361196881924], [-114.09242110015259, 51.0283609226164], [-114.09242299642764, 51.02835867367653], [-114.09242441871557, 51.02835702808326], [-114.09242494022111, 51.02835642469906], [-114.09242683649578, 51.028354175759134], [-114.09242797432591, 51.02835285928448], [-114.09242878028888, 51.02835192678159], [-114.0924306765632, 51.0283496778416], [-114.09243152993564, 51.028348690485586], [-114.09243262035592, 51.028347428864], [-114.09243451662987, 51.02834517992394], [-114.09243508554471, 51.02834452168658], [-114.0924364604222, 51.028342930946266], [-114.09243836044723, 51.028340682003176], [-114.09243864115315, 51.02834035288747], [-114.09244030048774, 51.02833843302841], [-114.0924421963769, 51.02833618408853], [-114.09244219676006, 51.02833618363937], [-114.09244414055254, 51.028333935110425], [-114.09244575247715, 51.02833207010442], [-114.09244607996726, 51.028331686136056], [-114.09244798061661, 51.028329437192305], [-114.09244930808369, 51.028327901304976], [-114.09244992440765, 51.028327188214405], [-114.09245182067994, 51.02832493927407], [-114.09245286368957, 51.02832373250541], [-114.0924537644706, 51.0283226902961], [-114.0924556607425, 51.028320441355696], [-114.09245641925122, 51.02831954177953], [-114.09245751315093, 51.02831819244996], [-114.09245924493511, 51.028315943639626], [-114.09245816955065, 51.028313697050216], [-114.09245676354881, 51.028311450722356], [-114.0924564020055, 51.02831087309518], [-114.09245535754708, 51.02830920439448], [-114.0924540925328, 51.02830695795504], [-114.09245309738476, 51.0283047113021], [-114.09245282452544, 51.02830404560976], [-114.0924522426276, 51.02830246453808], [-114.09245144618083, 51.028300217727924], [-114.09244964258816, 51.02829797171451], [-114.09244924791743, 51.028297655980445], [-114.09244685366066, 51.02829572648052], [-114.09244567824996, 51.02829475496024], [-114.09244411043167, 51.028293481210326], [-114.09244210814903, 51.02829163580695], [-114.09244162891235, 51.02829123573305], [-114.09243921944797, 51.02828899019872], [-114.09243853775837, 51.028288370754424], [-114.09243675250661, 51.028286744709796], [-114.09243496704808, 51.028284944738644], [-114.09243456675941, 51.02828449899842], [-114.09243289555631, 51.02828225288002], [-114.0924313937841, 51.02828023447867], [-114.09243122435339, 51.0282800067616], [-114.09242980858342, 51.02827776044113], [-114.09242822737275, 51.02827551425149], [-114.0924278196427, 51.02827508268153], [-114.09242680224385, 51.028273267938374], [-114.0924242847969, 51.028271022489136], [-114.09242424754082, 51.02827095602628], [-114.09242351169188, 51.028268775660315], [-114.0924233878555, 51.02826652831802], [-114.09242067100617, 51.028264600013735], [-114.09242022433216, 51.028264283379634], [-114.09242010013912, 51.02826203603762], [-114.09241709778165, 51.02825990809183], [-114.09241693271892, 51.028259791102236], [-114.09241372338919, 51.028257546199896], [-114.09241352890919, 51.0282574044101], [-114.09241050390312, 51.02825530130551], [-114.09240996007293, 51.0282549187398], [-114.09240728440271, 51.02825305641104], [-114.09240639122706, 51.02825242804909], [-114.09240407109738, 51.028250811511576], [-114.09240282229815, 51.028249895407505], [-114.09240094811443, 51.02824856654061], [-114.09239925338292, 51.02824736943377], [-114.09239712667224, 51.0282463221218], [-114.09239568527349, 51.0282452485841], [-114.0923921200339, 51.02824457111769], [-114.09239113120864, 51.02824407942162], [-114.09238855138175, 51.02824217698756], [-114.0923874075664, 51.02824183492517], [-114.09238564679885, 51.02823958887688], [-114.0923867789817, 51.0282373405416], [-114.09238685115669, 51.028235093044295], [-114.09238822625781, 51.02823284451696], [-114.09238826296507, 51.028230597047695], [-114.09238833228625, 51.02822834955264], [-114.09238852327249, 51.02822803725717], [-114.09238970738711, 51.028226101025275], [-114.0923897412406, 51.02822385355825], [-114.09239056425403, 51.02822160546736], [-114.09239118851599, 51.028219357533565], [-114.09239122236939, 51.02821711006656], [-114.09239125622278, 51.02821486259954], [-114.09239206029596, 51.02821452242251], [-114.09239562402132, 51.028214439411634], [-114.09239699825532, 51.02821485805984], [-114.09239919061734, 51.028215800251374], [-114.09240275620625, 51.02821665446943], [-114.09240411840628, 51.028217099870446], [-114.09240632241855, 51.02821782213532], [-114.09240988866705, 51.02821900791496], [-114.09241086533459, 51.02821934197575], [-114.09241345498343, 51.028220227742956], [-114.09241702131993, 51.028221457600516], [-114.09241741919595, 51.028221584233336], [-114.09242058762683, 51.02822267247182], [-114.09242343106659, 51.0282238269192], [-114.09242415436535, 51.028224104282216], [-114.09242772013265, 51.028225047637186], [-114.09243008810876, 51.02822606909448], [-114.09243128690292, 51.02822649521337], [-114.09243395064097, 51.02822606603949], [-114.09243407678798, 51.028223818499455], [-114.09243424701822, 51.02822157092455], [-114.09243441724846, 51.02821932334965], [-114.09243458505708, 51.028217075776666], [-114.09243475701697, 51.02821482820041], [-114.09243482580094, 51.0282139291699], [-114.09243492793904, 51.028212580624945], [-114.09243509816919, 51.02821033305005], [-114.09243526839934, 51.02820808547515], [-114.09243540957041, 51.02820583792322], [-114.09243558153024, 51.028203590346955], [-114.09243575349005, 51.02820134277068], [-114.09243592544983, 51.028199095194395], [-114.0924360974096, 51.028196847618126], [-114.09243625483984, 51.02819460005333], [-114.09243642506988, 51.02819235247842], [-114.0924365952999, 51.028190104903516], [-114.09243676552988, 51.0281878573286], [-114.09243693575988, 51.02818560975369], [-114.09243710598984, 51.02818336217877], [-114.0924372762198, 51.028181114603846], [-114.09243744644972, 51.02817886702893], [-114.09243761667965, 51.02817661945401], [-114.09243778690956, 51.02817437187909], [-114.09243795713942, 51.02817212430417], [-114.09243801695885, 51.02816987681659], [-114.09243729971242, 51.02816762994363], [-114.09243658246605, 51.028165383070686], [-114.09243590085855, 51.028163136169546], [-114.09243518361231, 51.02816088929658], [-114.0924347174023, 51.028159428829156], [-114.09243446636616, 51.028158642423605], [-114.09243378475885, 51.02815639552245], [-114.09243306751283, 51.02815414864948], [-114.09243235026686, 51.02815190177649], [-114.09243166865977, 51.028149654875314], [-114.09243113072542, 51.02814796972057], [-114.09243095141396, 51.028147408002326], [-114.0924302341682, 51.02814516112933], [-114.09242955256131, 51.028142914228134], [-114.0924288353157, 51.02814066735513], [-114.09242811807015, 51.028138420482115], [-114.09242754408558, 51.02813652835479], [-114.09242743646347, 51.02813617358091], [-114.09242671921805, 51.02813392670788], [-114.09242579299985, 51.02813168000012], [-114.09242435724985, 51.02812943369533], [-114.09242396500531, 51.0281288873309], [-114.09242274468897, 51.02812718753036], [-114.09242117559019, 51.02812494133098], [-114.09242039104187, 51.02812381874247], [-114.09241959683335, 51.02812269513922], [-114.09241799393114, 51.02812044896653], [-114.09241681710738, 51.02811876431697], [-114.0924164248328, 51.0281182027671], [-114.09241481227271, 51.028115956602015], [-114.09241324317568, 51.028113710913715], [-114.0924132428187, 51.02811371040281], [-114.09241174275735, 51.02811146414871], [-114.09241047223222, 51.02810921771309], [-114.0924096675862, 51.028107823386414], [-114.0924091819079, 51.028106971293106], [-114.09240792403257, 51.028104724847445], [-114.09240662765872, 51.028102478432224], [-114.09240609116215, 51.028101515667736], [-114.09240252810746, 51.02810193164228], [-114.09240144606221, 51.02810248252928], [-114.09239896793238, 51.028103796008594], [-114.09239730299558, 51.028104733245314], [-114.09239540786383, 51.02810571410682], [-114.0923931679457, 51.028106983954856], [-114.0923918479939, 51.028107732258164], [-114.0923889360771, 51.0281092347408], [-114.0923882877602, 51.028109567581616], [-114.09238491630786, 51.02811148535891], [-114.0923847279037, 51.02811159279773], [-114.09238116799946, 51.02811359414279], [-114.09238091606812, 51.028113735961455], [-114.09237760779362, 51.02811544392073], [-114.09237665051761, 51.02811598677357], [-114.0923740479307, 51.0281174663671], [-114.09237254888103, 51.02811823745597], [-114.09237048787212, 51.028119390513346], [-114.09236853814215, 51.028120488066385], [-114.09236692782684, 51.028121321514774], [-114.0923644279165, 51.02812273875529], [-114.09236336795448, 51.02812333966525], [-114.09236009965598, 51.02812498961636], [-114.09235980764677, 51.02812513891205], [-114.09235835952511, 51.02812499099161], [-114.09235623912085, 51.02812280285373], [-114.09235620226534, 51.02812274525618], [-114.092355844741, 51.02812049809844], [-114.09235366853696, 51.02811825237794], [-114.0923531026224, 51.02811600538487], [-114.0923526603562, 51.028115314214276], [-114.09235115375365, 51.02811375948467], [-114.0923502278923, 51.02811151277603], [-114.09234908537151, 51.02810972725197], [-114.09234863897083, 51.02810926659134], [-114.09234646276768, 51.0281070208707], [-114.09234591579819, 51.028104773862616], [-114.09234551038769, 51.02810414028955], [-114.09234394798568, 51.02810252797726], [-114.09234304106948, 51.02810028125358], [-114.09234418654579, 51.028098032908154], [-114.09234544668472, 51.02809578447211], [-114.09234549369508, 51.02809573948616], [-114.09234778205261, 51.02809353518639], [-114.09234905046785, 51.02809216215123], [-114.0923499291156, 51.02809128604943], [-114.09235217845055, 51.02808903683162], [-114.09235260728136, 51.02808860559252], [-114.09235442803617, 51.02808678761355], [-114.09235616409158, 51.0280850476557], [-114.09235663304189, 51.02808453843067], [-114.09235871990428, 51.02808228934112], [-114.09235972058315, 51.02808132964241], [-114.09236106229086, 51.0280800400496], [-114.09236314427459, 51.02807779096382], [-114.09236327714595, 51.02807764776337], [-114.09236538426362, 51.02807554175313], [-114.09236683394965, 51.02807408737526], [-114.09236757026578, 51.02807329258506], [-114.09236987662113, 51.02807104332182], [-114.09237039075387, 51.028070527525], [-114.09237199654942, 51.02806879420589], [-114.09237394701903, 51.0280666967367], [-114.09237409837206, 51.028066545104245], [-114.09237623199321, 51.028064295977416], [-114.09237750381516, 51.02806313337372], [-114.09237858851174, 51.02806204667435], [-114.09238035869339, 51.028059797834736], [-114.09238059674053, 51.02805755020624], [-114.0923790681161, 51.028055303974284], [-114.0923775572697, 51.02805305772826], [-114.09237748356988, 51.028052948155285], [-114.09237604642345, 51.02805081148219], [-114.09237452920392, 51.02804856524117], [-114.0923739091731, 51.02804765605305], [-114.09237298799044, 51.028046319019076], [-114.09237147714462, 51.028044072772964], [-114.09237033479788, 51.02804237439174], [-114.09236996629896, 51.02804182652683], [-114.09236878612191, 51.02803958001932], [-114.09236787461312, 51.02803733329943], [-114.09236697688226, 51.02803508656865], [-114.09236675536461, 51.02803454735806], [-114.09236604662046, 51.02803283986359], [-114.09236513090201, 51.028030593147015], [-114.09236421862813, 51.0280283464277], [-114.09236332166306, 51.02802609969629], [-114.09236317398468, 51.02802574022256], [-114.09236239867325, 51.02802385298545], [-114.09236149292927, 51.02802160626095], [-114.09236058943483, 51.02801935953468], [-114.09235970206149, 51.028017112795666], [-114.09235959240513, 51.028016831952286], [-114.09235882481073, 51.02801486604863], [-114.09235792809139, 51.02801261931698], [-114.09235705965679, 51.02801037256296], [-114.09235615522361, 51.028008125837395], [-114.09235601048455, 51.02800775137839], [-114.0923552867892, 51.028005879083366], [-114.09235440219221, 51.02800363234211], [-114.09235351392196, 51.028001385603744], [-114.09235264548781, 51.027999138849694], [-114.09235242842394, 51.027998599635545], [-114.09235174105507, 51.02799689212407], [-114.09235087262107, 51.02799464537001], [-114.0923499681885, 51.027992398644386], [-114.09234909975468, 51.02799015189031], [-114.09234884646152, 51.027989496587026], [-114.0923482250763, 51.02798790514116], [-114.09234732688864, 51.02798565841057], [-114.09234645845508, 51.027983411656464], [-114.09234555402294, 51.02798116493081], [-114.09234526454513, 51.02798041601277], [-114.09234468558955, 51.027978918176686], [-114.0923438024629, 51.02797667143417], [-114.09234291272436, 51.02797442469687], [-114.09234204429123, 51.02797217794273], [-114.09234168251852, 51.027971279252455], [-114.09234113985951, 51.02796993121704], [-114.09234032983251, 51.02796768441673], [-114.09233970714546, 51.02796543746839], [-114.09233907454048, 51.027963190527885], [-114.09233842540557, 51.02796094360043], [-114.0923380957478, 51.02795975403955], [-114.0923378027187, 51.027958696652085], [-114.09233714366593, 51.027956449732464], [-114.0923365209792, 51.02795420278411], [-114.09233592708223, 51.027951955812995], [-114.09233538393003, 51.02794970880179], [-114.09233488658998, 51.02794746175438], [-114.09233450402074, 51.02794573325639], [-114.09233439044723, 51.02794521470602], [-114.09233389829544, 51.02794296765452], [-114.09233340614368, 51.027940720603006], [-114.09233291399197, 51.02793847355149], [-114.0923324218403, 51.02793622649997], [-114.0923319296887, 51.027933979448434], [-114.09233140521093, 51.027931732422445], [-114.09233090787407, 51.02792948678947], [-114.09233090756399, 51.02792948537526], [-114.0923304157198, 51.02792723832349], [-114.09232992356837, 51.02792499127195], [-114.092329431417, 51.02792274422042], [-114.09232893926567, 51.02792049716887], [-114.0923284471144, 51.027918250117324], [-114.09232795496317, 51.027916003065776], [-114.09232746281198, 51.02791375601423], [-114.092327311479, 51.027913114007966], [-114.09232693314651, 51.02791150899231], [-114.09232644099544, 51.027909261940756], [-114.09232594884439, 51.027907014889195], [-114.0923254566934, 51.02790476783763], [-114.09232496454246, 51.027902520786064], [-114.09232447239157, 51.0279002737345], [-114.09232398024072, 51.02789802668292], [-114.09232371523643, 51.02789681673207], [-114.0923234856954, 51.02789577963324], [-114.09232298835649, 51.02789353258577], [-114.09232297885914, 51.0278912851529], [-114.09232370362798, 51.02789097318797], [-114.0923272644718, 51.027889452120185], [-114.09232817826071, 51.027889033604865], [-114.09233082524229, 51.027887894254604], [-114.09233340920036, 51.02788678203167], [-114.09233438606252, 51.02788636155713], [-114.09233794687898, 51.027884827076015], [-114.0923386340531, 51.02788453046306], [-114.0923415076754, 51.02788328262311], [-114.09234383953955, 51.027882278909516], [-114.09234506849494, 51.02788174992532], [-114.09234862931423, 51.02788021722741], [-114.09234906660451, 51.027880027338696], [-114.0923521901064, 51.02787867099063], [-114.09235426987672, 51.02787777578644], [-114.09235575106119, 51.027877206714294], [-114.09235931276133, 51.0278761175937], [-114.09236159949175, 51.027875522553465], [-114.09236287479996, 51.0278751988932], [-114.09236643692364, 51.0278743230476], [-114.09236999904579, 51.02787344648941], [-114.09237178085385, 51.02787338406936]]}}, {"type": "Feature", "properties": {"elev": 1082.5, "index": true}, "geometry": {"type": "LineString", "coordinates": [[-114.09138653749439, 51.028911235308705], [-114.0913866309077, 51.02891104477464], [-114.09138729561056, 51.02891011099588], [-114.09138791692065, 51.028907863070046], [-114.09138840330739, 51.02890617710971], [-114.0913885654363, 51.02890561512294], [-114.09138928876737, 51.028903367117316], [-114.09138999849557, 51.028901119122324], [-114.09139072862791, 51.028898871111366], [-114.09139143547054, 51.02889662311862], [-114.09139194535132, 51.02889504118803], [-114.09139216168678, 51.02889437511072], [-114.09139289181891, 51.02889212709975], [-114.09139360917258, 51.02888987909877], [-114.09139432487736, 51.028887631099074], [-114.09139505500929, 51.02888538308809], [-114.09139548757928, 51.028883999709805], [-114.09139575793552, 51.02888313509838], [-114.0913964880673, 51.02888088708738], [-114.0913964517912, 51.02887863967576], [-114.09139547636441, 51.02887829715423], [-114.0913919098142, 51.028876970514844], [-114.09139120012702, 51.02887639634282], [-114.09138834081008, 51.028874395909554], [-114.09138812413413, 51.02887415130828], [-114.09138833903808, 51.02887349480821], [-114.09138886292367, 51.028871903290565], [-114.09138919916802, 51.028869655587634], [-114.0913892678042, 51.028867408093966], [-114.09139120583376, 51.02886515913841], [-114.09139188282859, 51.028863248284985], [-114.0913919616586, 51.02886291110734], [-114.09139188060573, 51.02886211795661], [-114.09139165873319, 51.02886066390425], [-114.09139187656014, 51.02886006076219], [-114.09139246078789, 51.02885841583702], [-114.09139220957664, 51.02885616859349], [-114.09139314944254, 51.02885392041848], [-114.09139315286654, 51.028851672975804], [-114.09139428416844, 51.02884942465108], [-114.09139185263565, 51.02884789511122], [-114.09139126268813, 51.028847179573994], [-114.09139185081109, 51.02884696731343], [-114.09139541505958, 51.02884712474608], [-114.09139627542082, 51.02884717565381], [-114.0913989824476, 51.02884887849119], [-114.09139984377435, 51.02884942030306], [-114.0914025508014, 51.028851123140356], [-114.09140341212823, 51.02885166495221], [-114.09140611602828, 51.028851777822695], [-114.09140627647126, 51.02885166271188], [-114.09140967585643, 51.02884968772337], [-114.0914103526711, 51.02884941208361], [-114.09140967378691, 51.0288486355742], [-114.09140642375537, 51.02884716771669], [-114.09140692703292, 51.02884491988305], [-114.09140742794627, 51.02884267205126], [-114.09140794166531, 51.02884042420945], [-114.09140843883534, 51.02883817638058], [-114.09140893600534, 51.02883592855171], [-114.09140943317527, 51.028833680722826], [-114.09140964250997, 51.02883273426857], [-114.09140993034516, 51.028831432893945], [-114.09141042751502, 51.02882918506506], [-114.09141092468482, 51.028826937236175], [-114.09141142185457, 51.02882468940728], [-114.09141191902427, 51.02882244157839], [-114.09141241619393, 51.02882019374948], [-114.09141291336354, 51.02881794592059], [-114.09141317503173, 51.02881676285275], [-114.0914134123062, 51.028815698090305], [-114.09141393410209, 51.02881345024215], [-114.09141443127157, 51.02881120241323], [-114.09141492844098, 51.02880895458432], [-114.09141542561035, 51.028806706755404], [-114.09141592277966, 51.028804458926494], [-114.09141641994894, 51.02880221109757], [-114.09141670778376, 51.02880090972293], [-114.09141691711817, 51.028799963268646], [-114.09141743525163, 51.02879771542333], [-114.09141810780257, 51.0287954674572], [-114.09141882111736, 51.02879321945919], [-114.09141953443206, 51.02879097146116], [-114.09142024754257, 51.0287887234633], [-114.09142024774542, 51.02878872280599], [-114.09142093631178, 51.028786475484466], [-114.0914216496263, 51.02878422748645], [-114.09142236294073, 51.02878197948841], [-114.0914230762551, 51.02877973149035], [-114.09142378936667, 51.02877748349246], [-114.0914237895681, 51.02877748283514], [-114.09142448298019, 51.02877523550982], [-114.0914251914483, 51.02877298751555], [-114.09142592951189, 51.028770739498114], [-114.09142672134155, 51.028768491438626], [-114.09142733246223, 51.028766788354446], [-114.09142752938632, 51.02876624336644], [-114.09142834169819, 51.02876399529091], [-114.09142914137918, 51.028761747225246], [-114.09142994157216, 51.02875949915918], [-114.09143087805234, 51.02875746502839], [-114.09143098093344, 51.028757250906004], [-114.09143224196396, 51.02875500247937], [-114.09143350299436, 51.02875275405274], [-114.0914344294656, 51.02875110214743], [-114.09143476160929, 51.02875050562797], [-114.09143601353547, 51.02874825720842], [-114.09143726546154, 51.02874600878886], [-114.0914379808478, 51.028744723977674], [-114.09143852128918, 51.02874376036623], [-114.09143978231896, 51.02874151193952], [-114.09144104334862, 51.02873926351279], [-114.09144153231927, 51.028738391673855], [-114.09144230437816, 51.02873701508606], [-114.09144356540759, 51.028734766659305], [-114.09144482643688, 51.02873251823254], [-114.09144508378978, 51.028732059369915], [-114.09144608022005, 51.02873026981142], [-114.09144733214514, 51.028728021391736], [-114.09144858407011, 51.02872577297206], [-114.09144863517268, 51.028725683034466], [-114.09145003312672, 51.028723524398096], [-114.09145158195368, 51.028721275746044], [-114.09145218870856, 51.02872040126676], [-114.09145315001797, 51.02871902707891], [-114.09145470240712, 51.02871677842401], [-114.09145574255814, 51.02871527931664], [-114.09145626690861, 51.028714529759625], [-114.09145782285997, 51.0287122811019], [-114.09145929632811, 51.02871011731778], [-114.09145935318398, 51.028710032464225], [-114.0914608191337, 51.028707783876904], [-114.09146228101025, 51.028705535292744], [-114.09146284950329, 51.028704653498785], [-114.09146373066747, 51.028703286718134], [-114.09146518032458, 51.028701038143495], [-114.09146640258436, 51.02869914228646], [-114.09146662998153, 51.02869878956885], [-114.09146807963833, 51.02869654099418], [-114.09146955780638, 51.02869429239718], [-114.09146995572704, 51.02869366280252], [-114.09147098722903, 51.028692043838305], [-114.09147210371626, 51.028689795524365], [-114.09147322020337, 51.0286875472104], [-114.09147350651047, 51.028686985126285], [-114.0914743654317, 51.02868529887394], [-114.0914754819186, 51.028683050559955], [-114.09147659840538, 51.02868080224596], [-114.09147705649659, 51.028679902911364], [-114.09147774363336, 51.02867855390946], [-114.09147886011995, 51.02867630559545], [-114.09148000044067, 51.02867405726276], [-114.09148060653268, 51.02867284662828], [-114.09148112183406, 51.02867180894487], [-114.09148223832032, 51.028669560630824], [-114.0914833772387, 51.028667312299206], [-114.09148415649965, 51.02866575576914], [-114.0914845000338, 51.02866506398019], [-114.09148561651972, 51.0286628156661], [-114.09148675403576, 51.02866056733554], [-114.09148770673292, 51.028658800743955], [-114.09148802653755, 51.0286583188993], [-114.09149048121715, 51.02865606953755], [-114.09149126388873, 51.02865536258651], [-114.0914929715357, 51.02865382014784], [-114.09149482148648, 51.028652149172586], [-114.09149546185402, 51.02865157075808], [-114.09149791653292, 51.02864932139617], [-114.09149837902052, 51.028648903652346], [-114.09150040685074, 51.02864707200631], [-114.09150193661729, 51.028645690238214], [-114.09150289716834, 51.02864482261639], [-114.09150535184652, 51.028642573254324], [-114.09150549415037, 51.02864244471775], [-114.09150784216364, 51.028640323864295], [-114.09150905174614, 51.0286392313034], [-114.0915103324805, 51.0286380744742], [-114.09151260928279, 51.028635988109265], [-114.09151278895793, 51.02863582511058], [-114.09151527747436, 51.0286335757218], [-114.091516166873, 51.028632772368155], [-114.0915177677905, 51.02863132633155], [-114.0915197244673, 51.02862955895346], [-114.09152025810641, 51.028629076941264], [-114.09152271278292, 51.02862682757882], [-114.0915232819979, 51.02862631343244], [-114.09152520309834, 51.02862457818841], [-114.09152683959121, 51.02862310001756], [-114.09152769341354, 51.028622328797965], [-114.09153014808932, 51.02862007943537], [-114.0915303971208, 51.02861985449631], [-114.09153263840403, 51.0286178300448], [-114.09153395471314, 51.02861664108121], [-114.0915351287185, 51.02861558065418], [-114.09153751224358, 51.028613396490364], [-114.0915375863635, 51.028613331289115], [-114.091540237496, 51.02861108177242], [-114.0915410704844, 51.02861051280177], [-114.09154353158634, 51.028608831752024], [-114.09154462961638, 51.028608081745205], [-114.09154680252888, 51.028606581749656], [-114.09154818871852, 51.02860563571737], [-114.09155009941226, 51.02860433172689], [-114.0915517478534, 51.02860320650629], [-114.0915533962953, 51.02860208170402], [-114.09155530695925, 51.028600762742286], [-114.09155667003054, 51.028599831699196], [-114.09155886608974, 51.0285983316853], [-114.0915599641193, 51.02859758167834], [-114.09156242521988, 51.02859590062819], [-114.09156324942765, 51.028595331664256], [-114.09156598434096, 51.02859346516772], [-114.09156654630941, 51.02859308164101], [-114.09156954342812, 51.02859101268106], [-114.09156980846964, 51.028590831644884], [-114.09157310224985, 51.028588581623886], [-114.09157310255671, 51.02858858141447], [-114.09157639943794, 51.028586331600124], [-114.09157666168576, 51.028586150566106], [-114.09157969073112, 51.02858408158089], [-114.09158022081404, 51.028583719508454], [-114.09158298481763, 51.028581831559364], [-114.09158377994191, 51.0285812884507], [-114.09158625256362, 51.028579581558404], [-114.09158733903531, 51.02857884007326], [-114.09158954944316, 51.0285773315345], [-114.09159089816652, 51.02857641107016], [-114.09159284632237, 51.02857508151052], [-114.09159445727245, 51.028573969444196], [-114.09159612324656, 51.02857283150207], [-114.09159801639886, 51.028571538386], [-114.09159941733148, 51.02857058148008], [-114.09160157552489, 51.02856910732769], [-114.09160269944326, 51.0285683314674], [-114.09160513474511, 51.028566724244136], [-114.09160627745109, 51.02856608122267], [-114.09160869500244, 51.02856486747264], [-114.09161076090984, 51.02856383026804], [-114.09161225539599, 51.0285630799498], [-114.09161524436814, 51.02856157931324], [-114.09161581578927, 51.028561292426836], [-114.0916193761857, 51.028559506648996], [-114.0916197322259, 51.02855932835482], [-114.09162293661842, 51.02855773941429], [-114.09162425528234, 51.02855707736863], [-114.09162649701052, 51.028555951710516], [-114.09162873873933, 51.02855482641332], [-114.09163005740307, 51.0285541643676], [-114.09163322219588, 51.028552575457844], [-114.09163361779497, 51.02855237684412], [-114.09163717819177, 51.02855059193837], [-114.09163771225185, 51.028550324497], [-114.09164073862142, 51.02854882383046], [-114.0916422331066, 51.028548073511836], [-114.09164429901251, 51.02854703630665], [-114.09164671656185, 51.028545822555834], [-114.09164785940332, 51.028545248782706], [-114.09165120001668, 51.02854357159965], [-114.09165141979386, 51.02854346125866], [-114.09165498019101, 51.02854167722499], [-114.09165569227083, 51.028541320636386], [-114.09165854061757, 51.02853990824393], [-114.09165996453014, 51.028539069845515], [-114.0916621002712, 51.02853774750969], [-114.09166331687389, 51.02853681977602], [-114.09166554202045, 51.02853457059058], [-114.09166565752591, 51.028534370727535], [-114.09166685119425, 51.02853232212356], [-114.09166816131791, 51.028530073655794], [-114.09166920941675, 51.028528274881566], [-114.09166947144145, 51.028527825188014], [-114.09167078156486, 51.02852557672021], [-114.0916720971506, 51.028523328248106], [-114.09167276130667, 51.028522179035505], [-114.09167340181129, 51.028521079784554], [-114.09167472499678, 51.028518831306464], [-114.09167602443222, 51.02851658284698], [-114.09167631319563, 51.02851608318931], [-114.09167733218001, 51.028514334380965], [-114.09167865227761, 51.02851208590525], [-114.09167986508369, 51.02850998734302], [-114.09167995242518, 51.02850983744516], [-114.09168128012249, 51.02850758896345], [-114.09168257955731, 51.02850534050389], [-114.09168341703291, 51.02850392298245], [-114.09168390796687, 51.02850309202159], [-114.09168520740143, 51.028500843562], [-114.09168650683587, 51.02849859510239], [-114.09168696889125, 51.02849781302158], [-114.09168783524504, 51.028496346620045], [-114.09168913467923, 51.02849409816041], [-114.09169046261314, 51.02849184967841], [-114.09169052084077, 51.02849174974648], [-114.09169287426461, 51.028489600346084], [-114.0916940795533, 51.02848911465841], [-114.09169764093768, 51.028487833907874], [-114.09169899180756, 51.028487348105934], [-114.09170120233706, 51.028486560858326], [-114.09170476374933, 51.028485294440166], [-114.09170531637788, 51.028485095702976], [-114.09170832513314, 51.02848401368932], [-114.09171157950092, 51.028482843347916], [-114.09171188651885, 51.028482734007945], [-114.09171544794364, 51.02848147422096], [-114.09171790407002, 51.02848059094429], [-114.091719009086, 51.028480071437], [-114.0917220174249, 51.02847834027582], [-114.0917225682605, 51.02847767168561], [-114.09172385210923, 51.02847609139571], [-114.09172567912458, 51.02847384252157], [-114.09172612356208, 51.028473309884276], [-114.09172755563843, 51.02847159360856], [-114.09172938265341, 51.02846934473436], [-114.0917296789261, 51.02846898005206], [-114.09173123128032, 51.028467095843176], [-114.09173308618153, 51.02846484694703], [-114.09173323431784, 51.02846466460587], [-114.09173491319599, 51.02846259807276], [-114.09173678930354, 51.028460349159914], [-114.09173678970795, 51.028460348662215], [-114.09173861672303, 51.02845810028525], [-114.09174034508989, 51.028456028917795], [-114.0917404932356, 51.02845585137202], [-114.09174232024935, 51.02845360249761], [-114.09174390036921, 51.028451657525146], [-114.09174415074875, 51.028451353620454], [-114.09174602377497, 51.028449104709864], [-114.09174745575831, 51.028447342078515], [-114.0917478507882, 51.028446855835384], [-114.0917497091736, 51.02844460693624], [-114.09175101114675, 51.028443026631784], [-114.09175155431272, 51.02844235804746], [-114.0917533813254, 51.02844010917288], [-114.09175456649035, 51.028438688806474], [-114.09175525783655, 51.0284378602594], [-114.09175708484887, 51.028435611384765], [-114.09175812186801, 51.02843436856413], [-114.09175896135966, 51.02843336247123], [-114.09176078837162, 51.02843111359654], [-114.09176167718819, 51.02843001954937], [-114.09176262862952, 51.02842886471141], [-114.09176449189366, 51.028426615808186], [-114.09176523257399, 51.0284257041022], [-114.09176631890509, 51.02842436693341], [-114.09176819541497, 51.028422118019726], [-114.09176878795913, 51.02842138865491], [-114.09177002242606, 51.02841986914487], [-114.09177191097578, 51.02841762022167], [-114.09177234353551, 51.02841717039395], [-114.09177394374021, 51.02841537118518], [-114.09177589997972, 51.02841339190159], [-114.09177615401143, 51.02841312200927], [-114.0917783092637, 51.02841087287652], [-114.09177945739575, 51.02841010580206], [-114.09178253963739, 51.028408622114], [-114.09178301790024, 51.028408383774114], [-114.09178657814827, 51.02840653203345], [-114.09178690782193, 51.02840637124307], [-114.09179013853218, 51.02840474922665], [-114.09179146501913, 51.028404120223534], [-114.09179369900592, 51.02840301203675], [-114.09179614693295, 51.02840186910585], [-114.0917972595945, 51.028401333127064], [-114.09180082026704, 51.028399696852276], [-114.09180099396, 51.02839961785829], [-114.0918043810251, 51.028398103987804], [-114.09180603113364, 51.028397366461135], [-114.09180794175603, 51.028396497527126], [-114.09181105744123, 51.02839511507231], [-114.09181150253912, 51.02839491757875], [-114.09181506332195, 51.02839333763028], [-114.09181613155674, 51.0283928636457], [-114.09181862410453, 51.028391757681675], [-114.09182114265161, 51.02839061226838], [-114.09182218482509, 51.028390146461916], [-114.09182574559108, 51.02838855835544], [-114.09182619068883, 51.028388360861825], [-114.09182930637294, 51.02838697840651], [-114.09183126480286, 51.02838610943457], [-114.09183286715457, 51.02838539845749], [-114.09183625416519, 51.02838385807368], [-114.09183642786071, 51.02838378043925], [-114.09183998863917, 51.02838219913038], [-114.09184132393202, 51.02838160664938], [-114.09184354942005, 51.02838061918103], [-114.09184639804458, 51.02837935522146], [-114.09184711020069, 51.02837903923155], [-114.09185067096901, 51.02837745316374], [-114.09185145259869, 51.02837710380869], [-114.09185423168334, 51.02837583990358], [-114.0918564571708, 51.02837485243498], [-114.09185779246326, 51.0283742599538], [-114.09186135324293, 51.0283726800039], [-114.09186152693569, 51.028372601009806], [-114.09186491399683, 51.028371087137586], [-114.09186656410346, 51.02837034961005], [-114.09186847475317, 51.02836949563077], [-114.09187160127074, 51.028368098210066], [-114.09187203550256, 51.028367900724824], [-114.09187559628126, 51.02836632077449], [-114.09187666451481, 51.02836584678936], [-114.09187915705972, 51.02836474082404], [-114.09188167560383, 51.028363595409445], [-114.09188271777612, 51.02836312960244], [-114.09188627853796, 51.02836154149411], [-114.09188672363518, 51.02836134400026], [-114.09188983931568, 51.02835996154333], [-114.09189179774334, 51.02835909257037], [-114.09189340009317, 51.028358381592454], [-114.09189687185099, 51.02835684114024], [-114.09189696087043, 51.028356801641465], [-114.09190052156947, 51.02835518226164], [-114.09190102001146, 51.028354590438056], [-114.09190279809926, 51.02835234159958], [-114.0919040762067, 51.0283504976935], [-114.09190434955251, 51.028350092939306], [-114.09190589860081, 51.028347844280894], [-114.09190741718832, 51.02834559564643], [-114.09190762980276, 51.02834528700705], [-114.09190896623633, 51.028343346987974], [-114.09191050950717, 51.02834109833405], [-114.09191118357322, 51.028340164904215], [-114.09191238185092, 51.028338849421296], [-114.09191474130022, 51.02833704369912], [-114.09191532149264, 51.02833659966907], [-114.09191826113408, 51.028334349916776], [-114.09191829981357, 51.02833432031476], [-114.09192120077523, 51.0283321001644], [-114.09192185831324, 51.02833159022742], [-114.09192412636826, 51.028329850423], [-114.09192541500774, 51.028327947729196], [-114.09192565191674, 51.028327601782806], [-114.09192719150073, 51.02832535313155], [-114.09192873173326, 51.028323104479774], [-114.09192896862419, 51.028322749434444], [-114.0919302320425, 51.02832085585937], [-114.09193177195039, 51.028318607207794], [-114.09193252216185, 51.02831751171087], [-114.09193331185813, 51.02831635855621], [-114.09193485176573, 51.02831410990459], [-114.09193607570172, 51.02831227550368], [-114.09193635207436, 51.02831186128411], [-114.09193789198166, 51.02830961263246], [-114.09193944988827, 51.028307363966626], [-114.0919396294382, 51.02830713908134], [-114.0919411977419, 51.02830511515133], [-114.09194301187776, 51.02830286628387], [-114.09194318446275, 51.02830265412541], [-114.09194484127853, 51.028300617404355], [-114.09194667067914, 51.02829836852481], [-114.09194673971312, 51.028298283661435], [-114.09194850007957, 51.02829611964524], [-114.09195029496281, 51.028293913197345], [-114.0919503294798, 51.02829387076565], [-114.09195215887988, 51.02829162188603], [-114.09195385021185, 51.02828954273315], [-114.09195398827977, 51.028289373006366], [-114.09195581767948, 51.02828712412669], [-114.09195740546022, 51.028285172268816], [-114.09195764945359, 51.028284875245106], [-114.09195947647838, 51.02828262636723], [-114.09196096070792, 51.02828080180439], [-114.0919613092698, 51.02828037748478], [-114.0919631566477, 51.028278128590834], [-114.09196451603886, 51.02827647374433], [-114.09196499927627, 51.0282758797006], [-114.09196682867491, 51.02827363082073], [-114.09196807128522, 51.02827210327967], [-114.09196865807338, 51.02827138194084], [-114.09197048747168, 51.02826913306092], [-114.09197162624245, 51.02826758704957], [-114.09197210645915, 51.02826688434656], [-114.09197319365305, 51.02826463605071], [-114.09197428887362, 51.02826238774853], [-114.09197517628749, 51.02826058909792], [-114.09197540014763, 51.0282601394337], [-114.09197648734121, 51.02825789113781], [-114.09197758485483, 51.02825564283379], [-114.09197869383516, 51.02825339452074], [-114.09197872581143, 51.02825332839439], [-114.09197978102843, 51.02825114622481], [-114.09198088083508, 51.02824889791896], [-114.09198198752172, 51.02824664960767], [-114.0919822753081, 51.02824605447051], [-114.09198307471468, 51.02824440131171], [-114.0919841619075, 51.028242153015746], [-114.09198528120734, 51.02823990469451], [-114.09198582480259, 51.028238780005275], [-114.09198636839996, 51.02823765639852], [-114.0919874555925, 51.02823540810252], [-114.091988574892, 51.028233159781244], [-114.09198937429812, 51.0282315066224], [-114.0919896620843, 51.02823091148522], [-114.09199074927652, 51.02822866318919], [-114.0919918685757, 51.02822641486788], [-114.09199292379147, 51.02822423269817], [-114.0919929557677, 51.028224166571825], [-114.09199404295958, 51.028221918275754], [-114.09199516225844, 51.02821966995441], [-114.09199624945013, 51.028217421658326], [-114.09199647328369, 51.028216958773825], [-114.0919973366417, 51.02821517336222], [-114.09199845594024, 51.02821292504085], [-114.09199950063696, 51.02821067677818], [-114.09200002155976, 51.02820907105363], [-114.09200023848561, 51.02820842875706], [-114.09200024140188, 51.02820618131451], [-114.09200014672791, 51.02820393394879], [-114.09200009603863, 51.02820168654844], [-114.09200000251057, 51.028199448312535], [-114.09200000212302, 51.02819943918212], [-114.09199990781858, 51.0281971918161], [-114.09199976803222, 51.02819494448589], [-114.09199962824587, 51.028192697155674], [-114.09199901624994, 51.028190450197194], [-114.09199837788147, 51.02818820325947], [-114.09199812785921, 51.02818595601604], [-114.09199781644367, 51.028183708820926], [-114.09199774183095, 51.02818146143941], [-114.09199725500596, 51.02817921438237], [-114.09199725914021, 51.02817696693885], [-114.09199639133979, 51.028175562971825], [-114.09199590806583, 51.02817472056216], [-114.09199541325492, 51.02817247351141], [-114.09199513110109, 51.028170226293255], [-114.09199422515336, 51.02816797956615], [-114.09199299313168, 51.0281657330957], [-114.09199280502922, 51.028164234950246], [-114.09199271097799, 51.02816348587753], [-114.0919928034616, 51.02816344299634], [-114.09199636564773, 51.0281625840245], [-114.09199744567638, 51.028161234710126], [-114.09199726077783, 51.02815898741542], [-114.09199712099172, 51.02815674008518], [-114.09199698120561, 51.02815449275495], [-114.09199679630713, 51.02815224546023], [-114.09199665652105, 51.02814999813], [-114.09199651447938, 51.02814775080153], [-114.09199633184562, 51.02814550808901], [-114.09199633146706, 51.02814550350532], [-114.09199619205052, 51.02814325617479], [-114.09199605226449, 51.02814100884456], [-114.09199586736611, 51.02813876154983], [-114.09199572758011, 51.028136514219604], [-114.09199555226814, 51.028134266917306], [-114.0919954028958, 51.02813201959462], [-114.09199526310987, 51.02812977226438], [-114.09199509343698, 51.02812752495765], [-114.09199493842563, 51.0281252776394], [-114.0919948172486, 51.0281230302945], [-114.09199499012023, 51.02812078271812], [-114.09199544576887, 51.02811853491915], [-114.09199604085086, 51.02811628701042], [-114.09199627216984, 51.028115361411736], [-114.0919966026255, 51.0281140391279], [-114.09199719770737, 51.02811179121915], [-114.09199777860275, 51.02810954332158], [-114.09199863212415, 51.02810729520937], [-114.09199981586217, 51.028105162090554], [-114.091999879848, 51.02810504678684], [-114.09200114763863, 51.028102798348485], [-114.0920022123524, 51.028100550069986], [-114.09200296051854, 51.028098302040696], [-114.09200336367142, 51.02809704315674], [-114.09200368043437, 51.02809605403363], [-114.09200440890004, 51.02809380601984], [-114.09200514924046, 51.02809155799669], [-114.09200586915608, 51.02808930998962], [-114.09200658907164, 51.028087061982525], [-114.09200690590978, 51.02808611089296], [-114.09200723745612, 51.02808481403175], [-114.0920076562169, 51.02808256626176], [-114.09200807497763, 51.02808031849176], [-114.09200850591304, 51.02807807071218], [-114.09200893477316, 51.02807582293423], [-114.09200935353377, 51.02807357516424], [-114.09200977229435, 51.02807132739423], [-114.09201019257671, 51.02806907962303], [-114.09201043362395, 51.02806784334106], [-114.09201063084441, 51.028066831837656], [-114.09201105085, 51.02806458406666], [-114.0920114696104, 51.02806233629665], [-114.09201190137559, 51.028060088516405], [-114.09201232940529, 51.02805784073908], [-114.09201274816559, 51.028055592969054], [-114.09201316692582, 51.028053345199034], [-114.09201358803796, 51.02805109742715], [-114.09201396056524, 51.02804918680958], [-114.09201402630534, 51.02804884964178], [-114.0920144454805, 51.02804660187142], [-114.09201486424058, 51.02804435410139], [-114.09201528300062, 51.02804210633134], [-114.0920157129669, 51.028039858552496], [-114.09201614279476, 51.02803761077374], [-114.09201656155469, 51.02803536300369], [-114.09201698031455, 51.028033115233654], [-114.09201716220737, 51.02803086765011], [-114.09201730987398, 51.02802862009352], [-114.09201743580965, 51.02802637255404], [-114.09201747800009, 51.02802573039501], [-114.09201758347622, 51.02802412499744], [-114.09201770941188, 51.02802187745796], [-114.0920178570784, 51.02801962990136], [-114.09201746258458, 51.02801794463173], [-114.09201731400165, 51.02801738288864], [-114.09201659677791, 51.028015136013046], [-114.0920158686305, 51.02801288914604], [-114.09201514645709, 51.02801064227433], [-114.09201442428372, 51.028008395402615], [-114.09201387642813, 51.02800669087924], [-114.09201370211045, 51.028006148530885], [-114.09201297993722, 51.02800390165917], [-114.0920122577641, 51.02800165478743], [-114.09201153559103, 51.0279994079157], [-114.09201080983365, 51.02799716104677], [-114.0920102904652, 51.02799553399888], [-114.09201009124509, 51.0279949141722], [-114.09200936907222, 51.02799266730044], [-114.09200863358613, 51.02799042043916], [-114.09200791636322, 51.02798817356351], [-114.0920071991404, 51.02798592668783], [-114.09200670460628, 51.02798442878362], [-114.09200645733922, 51.02798367983151], [-114.09200574011653, 51.02798143295583], [-114.09200501128745, 51.02797918608929], [-114.09200428911507, 51.027976939217496], [-114.09200356694278, 51.0279746923457], [-114.09200311869793, 51.027973297735606], [-114.09200284477055, 51.0279724454739], [-114.09200212259837, 51.02797019860209], [-114.09200140042628, 51.027967951730275], [-114.09200067825427, 51.02796570485845], [-114.09199995608232, 51.02796345798663], [-114.09199953274016, 51.02796214085486], [-114.09199923391044, 51.0279612111148], [-114.09199913046523, 51.02795896375589], [-114.09199952278641, 51.02795711261382], [-114.09199960618709, 51.02795671594104], [-114.0920000787909, 51.02795446812863], [-114.09200055139468, 51.02795222031623], [-114.09200100774031, 51.02794997251662], [-114.09200145584546, 51.02794772472349], [-114.09200187566597, 51.02794547695263], [-114.09200232377106, 51.02794322915951], [-114.09200277187611, 51.02794098136638], [-114.09200305175636, 51.02793948285247], [-114.09200319169648, 51.027938733595505], [-114.09200363980145, 51.02793648580238], [-114.09200408790636, 51.02793423800924], [-114.09200450772661, 51.02793199023836], [-114.09200495583146, 51.027929742445224], [-114.09200540393624, 51.027927494652076], [-114.09200582375637, 51.027925246881196], [-114.09200627186107, 51.02792299908805], [-114.0920065797291, 51.02792135072272], [-114.0920066916811, 51.027920751317154], [-114.09200713978572, 51.02791850352399], [-114.09200758789031, 51.02791625573084], [-114.09200800771023, 51.027914007959936], [-114.0920084558147, 51.02791176016678], [-114.09200890391917, 51.02790951237362], [-114.09200932373896, 51.027907264602725], [-114.09200978970728, 51.027905016795486], [-114.09201010995638, 51.02790435875591], [-114.0920109470691, 51.02790276844389], [-114.09201324564066, 51.02790051919376], [-114.09201366547889, 51.027900144289795], [-114.09201575168912, 51.027898269780216], [-114.09201722301621, 51.02789694775763], [-114.09201824879786, 51.02789602037366], [-114.09202078042901, 51.02789377093987], [-114.09202078059182, 51.027893770799196], [-114.09202339898296, 51.02789152143757], [-114.09202433840558, 51.027890714364254], [-114.0920260079779, 51.02788927194275], [-114.09202789620906, 51.027887652979786], [-114.09202863162537, 51.02788702243631], [-114.09203123536273, 51.027884772945505], [-114.092031454, 51.02788458548664], [-114.09203385900966, 51.02788252343896], [-114.09203501180923, 51.02788152748115], [-114.0920364709118, 51.027880273941605], [-114.09203856962083, 51.027878470905236], [-114.09203908639296, 51.02787802444137], [-114.09204171003914, 51.027875774934664], [-114.09204212743197, 51.0278754143292], [-114.09204431377523, 51.027873525443546], [-114.09204431154969, 51.02787240172511]]}}, {"type": "Feature", "properties": {"elev": 1083.0, "index": true}, "geometry": {"type": "LineString", "coordinates": [[-114.09153745193102, 51.02896056087801], [-114.09153744971762, 51.02895943715978], [-114.09153533042425, 51.02895719137979], [-114.09153462399318, 51.02895644278645], [-114.09153345466117, 51.028954945409005], [-114.09153170066331, 51.02895269934284], [-114.09153105103452, 51.02895186746648], [-114.09152993655937, 51.02895045328456], [-114.09152816651073, 51.028948207230904], [-114.09152747815853, 51.028947333765586], [-114.09152640627127, 51.02894596116954], [-114.09152465227409, 51.02894371510326], [-114.09152390520127, 51.0289427584454], [-114.09152288906255, 51.02894146904417], [-114.09152111188078, 51.02893922299598], [-114.09152033232668, 51.02893822474428], [-114.09151934896683, 51.028936976936606], [-114.09151757891921, 51.02893473088279], [-114.09151675945279, 51.02893369104304], [-114.09151581749181, 51.028932484822185], [-114.09151406349565, 51.02893023875575], [-114.0915131864983, 51.02892911606336], [-114.09151230147411, 51.02892799269555], [-114.09151053142718, 51.02892574664162], [-114.09150961362513, 51.028924582021055], [-114.09150876910873, 51.02892350058161], [-114.09150699133383, 51.02892125453368], [-114.09150604075333, 51.028920048319485], [-114.09150522871849, 51.02891900847385], [-114.09150347472335, 51.028916762407235], [-114.09150246780028, 51.02891547299862], [-114.09150171389179, 51.02891451634596], [-114.09150060708347, 51.02891226977257], [-114.09150002315634, 51.02891002278977], [-114.09149946820436, 51.028907775784305], [-114.09150002691392, 51.028905527906886], [-114.09150064821849, 51.02890327998045], [-114.09150135113988, 51.02890103199012], [-114.09150205406121, 51.028898783999765], [-114.09150243264554, 51.028897618364105], [-114.09150257484885, 51.028896536152025], [-114.09150243034063, 51.028896447729664], [-114.09149973616597, 51.02889429093463], [-114.09149886047105, 51.02889343742719], [-114.0914976530169, 51.028892045125644], [-114.09149688281413, 51.02888979828867], [-114.09149885048778, 51.02888836685513], [-114.09149948241077, 51.028887548813366], [-114.09149942035866, 51.028885301421965], [-114.09149915656845, 51.028883054188505], [-114.09149883838143, 51.02888221794652], [-114.09149588196134, 51.028883056752306], [-114.09149527643179, 51.028883229716136], [-114.09149171249638, 51.028883232896575], [-114.09149122499929, 51.02888306039824], [-114.09148911810892, 51.028880814607675], [-114.09148849576468, 51.028878567654886], [-114.09148813861572, 51.02887818422522], [-114.09148639143864, 51.02887632186226], [-114.09148574601875, 51.02887407492754], [-114.09148456407435, 51.02887279952885], [-114.09148366476889, 51.028871829116795], [-114.09148300488101, 51.02886958219339], [-114.09148098959251, 51.02886744464131], [-114.09148088827476, 51.028867336410265], [-114.09147878593167, 51.028865090615945], [-114.0914774181423, 51.02886362949672], [-114.0914766835888, 51.02886284482158], [-114.09147637269189, 51.02886059762495], [-114.09147703716283, 51.028858349664844], [-114.09147740711693, 51.0288580283124], [-114.09147962193303, 51.028856100201565], [-114.09148096498052, 51.02885494158326], [-114.0914829551732, 51.02885385015233], [-114.09148452552044, 51.028853214645544], [-114.0914880874468, 51.02885219209355], [-114.09149165022357, 51.02885160159517], [-114.091491724461, 51.028851595847335], [-114.09149521373995, 51.028851386807624], [-114.09149877738714, 51.028851238475795], [-114.09150234064272, 51.02885089126989], [-114.0915059033804, 51.02885028105525], [-114.09150946661848, 51.0288499250198], [-114.0915130298277, 51.028849554349556], [-114.09151413816863, 51.028849330857874], [-114.09151463533364, 51.02884708302855], [-114.09151521372783, 51.028844835135615], [-114.09151590815661, 51.02884258715182], [-114.09151657627557, 51.02884067214269], [-114.09151669958278, 51.02884033909206], [-114.09151753190645, 51.02883809100027], [-114.0915183484786, 51.0288358429208], [-114.09151916556283, 51.02883359484092], [-114.09151999788625, 51.02883134674911], [-114.09152012119341, 51.02883101369846], [-114.0915208302096, 51.02882909865729], [-114.09152164486272, 51.02882685057929], [-114.09152246386535, 51.02882460249789], [-114.09152329618846, 51.028822354406046], [-114.09152366610981, 51.02882135525412], [-114.09152412851148, 51.02882010631419], [-114.0915249409895, 51.02881785823788], [-114.09152576216658, 51.028815610154744], [-114.09152659448938, 51.028813362062884], [-114.09152721102473, 51.02881169680964], [-114.09152742681209, 51.028811113971], [-114.09152823711501, 51.028808865896366], [-114.09152906046656, 51.02880661781149], [-114.09152989278903, 51.02880436971961], [-114.09153072511141, 51.0288021216277], [-114.09153075593817, 51.02880203836504], [-114.09153155743373, 51.028799873535796], [-114.09153235876526, 51.02879762546815], [-114.09153319108741, 51.02879537737623], [-114.09153402340947, 51.02879312928429], [-114.09153430085014, 51.028792379920326], [-114.09153530025414, 51.02879088084418], [-114.0915369971427, 51.02878863207505], [-114.0915378554647, 51.02878764814774], [-114.09153906336553, 51.028786383016595], [-114.09154121074464, 51.02878413389453], [-114.09154141206142, 51.02878392303934], [-114.09154335812354, 51.02878188477244], [-114.09154496865757, 51.02878019793083], [-114.09154550550222, 51.028779635650295], [-114.09154763606973, 51.02877738654128], [-114.09154852519515, 51.02877644336992], [-114.09154975629181, 51.02877513744033], [-114.09155188039314, 51.0287728883363], [-114.09155208170982, 51.028772677481086], [-114.09155345574942, 51.02877063966213], [-114.09155390212746, 51.028768391872404], [-114.09155436663771, 51.02876614406846], [-114.09155478425413, 51.02876389630127], [-114.0915552487643, 51.02876164849732], [-114.09155561997882, 51.02875965048202], [-114.09155566638064, 51.02875940073012], [-114.09155608399695, 51.0287571529629], [-114.09155654850697, 51.02875490515895], [-114.09155850189401, 51.02875265618855], [-114.09155916865424, 51.02875190651949], [-114.09156051909198, 51.02875040716811], [-114.0915625470041, 51.028748158139244], [-114.09156272481536, 51.02874796257036], [-114.09156459183339, 51.028745909097076], [-114.09156628104004, 51.02874405119266], [-114.09156663666248, 51.02874366005488], [-114.09156866682966, 51.028741411024136], [-114.09156983720852, 51.02874011158618], [-114.09157069248535, 51.02873916199688], [-114.09157271814082, 51.02873691296961], [-114.09157339335927, 51.02873616329384], [-114.09157474379612, 51.028734663942295], [-114.09157676945121, 51.028732414914934], [-114.09157694950943, 51.0287322150014], [-114.09157879510612, 51.028730165887545], [-114.09158050565898, 51.028728266708825], [-114.09158082076081, 51.02872791686013], [-114.09158284641532, 51.02872566783265], [-114.09158406180794, 51.02872431841616], [-114.09158487206963, 51.028723418805164], [-114.09158690674633, 51.02872116977056], [-114.0915876179905, 51.02872038749487], [-114.09158895157326, 51.02871892072797], [-114.09159099414433, 51.0287166716871], [-114.09159117420243, 51.02871647177354], [-114.09159299667746, 51.02871442267758], [-114.09159473033458, 51.02871251588051], [-114.09159503765389, 51.02871217363789], [-114.09159695268283, 51.02870992469689], [-114.09159828606343, 51.028708355670354], [-114.09159886386166, 51.02870767575886], [-114.09160078824004, 51.02870542681046], [-114.0916018418008, 51.02870420010826], [-114.09160271976806, 51.028703177856436], [-114.09160464194612, 51.02870092890968], [-114.09160539752818, 51.0287000397946], [-114.09160653882452, 51.02869867998274], [-114.09160847035199, 51.02869643102859], [-114.09160895320808, 51.02869585572358], [-114.09161037547986, 51.02869418209513], [-114.09161228940735, 51.028691933154725], [-114.09161250892093, 51.02869168869568], [-114.09161433148182, 51.02868968411383], [-114.09161606569364, 51.028688059603155], [-114.09161674115681, 51.02868743478472], [-114.09161917846326, 51.0286851854339], [-114.09161962314779, 51.0286847764598], [-114.09162162422811, 51.028682936076386], [-114.09162318062383, 51.02868150466704], [-114.09162406999276, 51.02868068671882], [-114.09162651293761, 51.028678437363425], [-114.0916267380919, 51.028678229090595], [-114.09162894460397, 51.02867618801682], [-114.09163029552963, 51.02867493837979], [-114.09163137627012, 51.02867393867016], [-114.09163380849992, 51.028671689323005], [-114.09163385296836, 51.02867164842558], [-114.09163625426338, 51.02866943996518], [-114.09163741044239, 51.02866837663238], [-114.0916387000266, 51.02866719060731], [-114.09164096791592, 51.02866510483907], [-114.09164114578958, 51.02866494124939], [-114.09164357971018, 51.0286626919007], [-114.0916445253576, 51.02866181715467], [-114.0916460113749, 51.028660442553736], [-114.09164808279282, 51.028658526443316], [-114.0916484430394, 51.02865819320672], [-114.09165088429015, 51.028655943852115], [-114.09165164025292, 51.02865524859597], [-114.09165333005194, 51.02865369449394], [-114.09165519772444, 51.0286519768022], [-114.0916557758135, 51.0286514451357], [-114.09165821480791, 51.02864919578272], [-114.09165875517753, 51.028648695927785], [-114.09166062278695, 51.02864694645402], [-114.09166231258538, 51.02864539235186], [-114.0916630685478, 51.02864469709564], [-114.0916655143084, 51.0286424477372], [-114.0916658700554, 51.02864212055778], [-114.09166796006879, 51.028640198378696], [-114.09166942752492, 51.028638848763585], [-114.09167040582895, 51.028637949020165], [-114.09167280703988, 51.028635699696515], [-114.09167298491332, 51.0286355361068], [-114.09167525279955, 51.028633450337864], [-114.09167654238183, 51.02863226431238], [-114.09167767030843, 51.02863120100133], [-114.09168001389173, 51.02862895172274], [-114.09168009960193, 51.02862886684644], [-114.09168211488829, 51.028626702634405], [-114.09168365604991, 51.02862507827416], [-114.09168424880436, 51.028624453520216], [-114.09168638272023, 51.02862220440598], [-114.09168721257633, 51.02862132975043], [-114.09168851663588, 51.0286199552917], [-114.09169061095227, 51.028617706208465], [-114.09169076902008, 51.0286175396074], [-114.09169274486753, 51.02861545709411], [-114.09169432554535, 51.02861379108345], [-114.09169487878256, 51.02861320797972], [-114.0916970126974, 51.028610958865286], [-114.09169788203596, 51.028610025283506], [-114.09169910701297, 51.028608709781885], [-114.09170143926912, 51.02860663609301], [-114.09170163474217, 51.028606460358354], [-114.09170457228254, 51.028604210613196], [-114.09170499776089, 51.02860388499194], [-114.09170751195109, 51.028601960866276], [-114.09170855630695, 51.02860116161408], [-114.09171045161936, 51.02859971111931], [-114.0917121148526, 51.02859843823611], [-114.09171339128734, 51.02859746137226], [-114.09171567339783, 51.02859571485804], [-114.09171633095504, 51.02859521162512], [-114.09171923194263, 51.02859299147984], [-114.09171927062246, 51.028592961877905], [-114.09172220390418, 51.02859071213564], [-114.09172279047534, 51.02859026218724], [-114.09172513675992, 51.028588462393614], [-114.09172634900688, 51.02858753250024], [-114.09172806961537, 51.02858621265154], [-114.09172990753798, 51.02858480281313], [-114.09173100247054, 51.02858396290937], [-114.09173346606867, 51.02858207312591], [-114.09173393532544, 51.02858171316714], [-114.09173686988281, 51.0285794634235], [-114.09173702460205, 51.028579345015736], [-114.09173980954823, 51.028577213675774], [-114.09174058314436, 51.02857662163689], [-114.09174274921338, 51.02857496392797], [-114.09174414168625, 51.02857389825793], [-114.09174568887823, 51.028572714180086], [-114.09174770022771, 51.028571174878856], [-114.09174862854282, 51.028570464432136], [-114.09175125876877, 51.028568451499694], [-114.09175156820709, 51.028568214684114], [-114.09175450446554, 51.02856596493868], [-114.09175481730317, 51.028565724966114], [-114.09175743731815, 51.028563715195844], [-114.09175837583093, 51.02856299527813], [-114.09176037017049, 51.02856146545294], [-114.09176193435829, 51.02856026559002], [-114.09176330302255, 51.02855921570997], [-114.09176549288522, 51.02855753590183], [-114.09176622778611, 51.02855696597326], [-114.09176905140937, 51.02855480503065], [-114.09176916744869, 51.02855471622478], [-114.09177243895235, 51.02855246621565], [-114.09177261056506, 51.0285523941628], [-114.091773707295, 51.02855246521963], [-114.09177617493742, 51.02855262509746], [-114.09177973934531, 51.0285528740115], [-114.09178330375326, 51.02855312292544], [-114.09178686657496, 51.028552568679366], [-114.09178717625551, 51.028552454641705], [-114.09179042687126, 51.028550735861586], [-114.09179143301418, 51.028550203858195], [-114.0917939870692, 51.02854885338801], [-114.09179568977245, 51.02854795307453], [-114.09179754726685, 51.02854697091434], [-114.09179999990289, 51.02854570224878], [-114.09180110752399, 51.02854511870907], [-114.09180427215558, 51.02854345145264], [-114.091804667742, 51.02854324682913], [-114.09180822793878, 51.028541364355135], [-114.09180853752109, 51.02854120066174], [-114.09181178813527, 51.028539481881026], [-114.09181281665975, 51.028538949859865], [-114.09181534836438, 51.02853761605448], [-114.09181708891123, 51.02853669906325], [-114.09181890860815, 51.02853575779495], [-114.09182138526602, 51.02853444824752], [-114.09182246880378, 51.02853387532051], [-114.09182564202138, 51.02853219746276], [-114.09182602899912, 51.028531992845956], [-114.09182958919418, 51.02853011037131], [-114.09182990566313, 51.02852994667243], [-114.09183314940839, 51.028528237733795], [-114.09183417791293, 51.02852769587519], [-114.09183670966418, 51.02852638628414], [-114.09183848912684, 51.02852544504716], [-114.09184026985838, 51.02852450380915], [-114.09184274651503, 51.02852319426128], [-114.09184383005228, 51.02852262133406], [-114.09184700326834, 51.02852094347574], [-114.09184739024589, 51.02852073885886], [-114.09185095051998, 51.02851889724602], [-114.09185102375065, 51.028518692875735], [-114.09185167325415, 51.028516444925124], [-114.09185212573827, 51.02851419712935], [-114.09185266257968, 51.02851194926727], [-114.09185347475407, 51.02850970118879], [-114.0918542645852, 51.02850745312786], [-114.09185449065805, 51.02850686799999], [-114.09185486472703, 51.02850520521602], [-114.09185533685634, 51.0285029574048], [-114.0918561406768, 51.028500709332846], [-114.09185744018491, 51.02849846087129], [-114.09185803635752, 51.02849765336736], [-114.0918591004124, 51.028496212126164], [-114.09186071337216, 51.02849396341818], [-114.09186159062153, 51.02849277230372], [-114.09186236790019, 51.028491714677514], [-114.09186401123266, 51.0284894659456], [-114.09186514490892, 51.02848790345285], [-114.09186563538735, 51.02848721722874], [-114.0918672743817, 51.02848496850019], [-114.09186869913671, 51.02848300482684], [-114.09186890287387, 51.02848271977989], [-114.09187052590148, 51.028480471063844], [-114.09187225418898, 51.028478523645894], [-114.09187263388795, 51.02847822196654], [-114.09187581363533, 51.028476265460924], [-114.09187602845606, 51.02847597185771], [-114.09187722479535, 51.02847372347704], [-114.09187936960974, 51.02847225132281], [-114.09187994305027, 51.028471473899806], [-114.09188145619814, 51.028469225269994], [-114.09188292588685, 51.02846839058586], [-114.09188398438408, 51.02846697584211], [-114.09188453477584, 51.02846472796921], [-114.091885704604, 51.02846247960929], [-114.09188647630748, 51.02846156810821], [-114.09188775406052, 51.028460230557705], [-114.09188992282998, 51.02845798141229], [-114.09189003285451, 51.028457844599366], [-114.0918920711037, 51.02845573228293], [-114.09189358961109, 51.02845422734713], [-114.09189433887016, 51.028453483059586], [-114.09189660311446, 51.02845123383896], [-114.09189714653692, 51.028450695980304], [-114.09189887560834, 51.028448984611806], [-114.09190070374758, 51.0284473089067], [-114.09190134751081, 51.028446735227796], [-114.09190386325471, 51.02844448580925], [-114.09190426137141, 51.02844413103413], [-114.09190638748385, 51.02844223638398], [-114.09190781900118, 51.02844095641176], [-114.09190890581948, 51.028439986963285], [-114.09191137663281, 51.02843778298275], [-114.09191142895335, 51.02843773753876], [-114.0919139516843, 51.028435488114496], [-114.09191493426398, 51.02843460955362], [-114.0919165125997, 51.02843323866014], [-114.09191849192861, 51.02843145329594], [-114.09191900511965, 51.02843098925955], [-114.09192159624507, 51.028428739781326], [-114.09192204965954, 51.02842833079918], [-114.09192420093945, 51.02842649029236], [-114.09192560794641, 51.0284254895974], [-114.09192796903744, 51.0284242398882], [-114.09192916872071, 51.028423906117474], [-114.09193217804955, 51.028421989137065], [-114.09193272705589, 51.028421089729115], [-114.0919338820886, 51.02841974035639], [-114.09193628416706, 51.02841765483415], [-114.09193650770611, 51.0284174908507], [-114.09193966657496, 51.028415240925426], [-114.09193984290842, 51.02841504421759], [-114.09194264161678, 51.02841299114469], [-114.09194340164935, 51.02841243360092], [-114.09194593832194, 51.02841074111082], [-114.0919469606985, 51.028409978958614], [-114.09195030716407, 51.028408490233275], [-114.0919505213012, 51.028408309714656], [-114.09195184539222, 51.028408489022965], [-114.09195408663282, 51.02840903059666], [-114.09195765053258, 51.02840902779239], [-114.09196121443236, 51.028409024988], [-114.09196477833211, 51.028409022183496], [-114.09196834223188, 51.0284090193789], [-114.09197190779344, 51.0284098562758], [-114.09197547169326, 51.02840985347097], [-114.0919790355931, 51.02840985066604], [-114.09198259949292, 51.02840984786099], [-114.09198616339275, 51.028409845055855], [-114.09198972900292, 51.0284107063264], [-114.09199329157663, 51.02841003355581], [-114.0919947140146, 51.02840845528508], [-114.09199685044776, 51.02840749041463], [-114.09199800689727, 51.028406205252736], [-114.09200040922276, 51.028404898903275], [-114.09200145813715, 51.028403955095634], [-114.09200385184165, 51.02840170577098], [-114.09200396666168, 51.02840163271175], [-114.09200572070442, 51.0283994568595], [-114.09200752383329, 51.02839823174472], [-114.09200858268801, 51.02839720716609], [-114.09201072126599, 51.02839495804217], [-114.0920110808063, 51.02839473074493], [-114.09201290497313, 51.02839270888267], [-114.09201463802849, 51.028391355854836], [-114.09201556452612, 51.02839045934847], [-114.09201765527615, 51.02838821026207], [-114.09201819502576, 51.02838786763427], [-114.09202006411815, 51.028385960925185], [-114.09202175220577, 51.02838447196652], [-114.0920225362472, 51.02838371153841], [-114.0920246342372, 51.02838146244618], [-114.09202530927466, 51.02838102045317], [-114.09202716620187, 51.02837921301217], [-114.09202886633342, 51.02837756408377], [-114.09202949259229, 51.028376963740016], [-114.09203162560647, 51.028374714620085], [-114.09203242338424, 51.028374103972354], [-114.09203412279967, 51.028372465213316], [-114.09203598042942, 51.02837064128068], [-114.09203641461747, 51.02837021596823], [-114.09203865496625, 51.02836796676364], [-114.09203953747983, 51.02836718150766], [-114.09204103208845, 51.02836571745128], [-114.09204309451005, 51.028363711791805], [-114.09204336402011, 51.02836346817447], [-114.09204563282663, 51.028361218947325], [-114.09204665151243, 51.02836022829767], [-114.09204792773428, 51.02835896969957], [-114.09205017783086, 51.028356720487075], [-114.09205020841715, 51.02835669576586], [-114.09205243144933, 51.02835447127177], [-114.09205376527818, 51.02835314144262], [-114.09205468529751, 51.02835222205623], [-114.09205682344886, 51.028349972931785], [-114.09205732189575, 51.02834946449711], [-114.09205896207312, 51.02834772380692], [-114.09206087833516, 51.028345697885605], [-114.09206110500429, 51.02834547467863], [-114.09206319807268, 51.02834322558957], [-114.09206443469583, 51.02834189183108], [-114.09206528335875, 51.02834097650661], [-114.09206732625849, 51.028338727457005], [-114.09206799100245, 51.028338058775425], [-114.09206945868726, 51.02833647833683], [-114.09207150488815, 51.02833422928455], [-114.09207154724508, 51.02833419371852], [-114.09207352811927, 51.028331980250336], [-114.09207510329944, 51.02833023393808], [-114.09207555777934, 51.028329731211], [-114.09207756516236, 51.028327482189205], [-114.09207865917891, 51.028326186192196], [-114.09207944229065, 51.02832523326999], [-114.09208120582042, 51.02832298444026], [-114.09208221450575, 51.02832185984737], [-114.09208313857759, 51.02832073547715], [-114.092084852836, 51.02831848668618], [-114.0920857689163, 51.02831707139903], [-114.0920862181199, 51.02831623817017], [-114.09208683198057, 51.02831399024626], [-114.09208710006025, 51.028311742594795], [-114.0920873548736, 51.028309494953795], [-114.09208762224354, 51.0283072473029], [-114.09208779010252, 51.02830499973041], [-114.09208792486756, 51.028302752184], [-114.09208810692277, 51.028300504600324], [-114.09208839881074, 51.0282982569301], [-114.09208859362876, 51.028296009336366], [-114.09208878844676, 51.02829376174264], [-114.0920889686105, 51.028291514160436], [-114.09208926238979, 51.02828926648872], [-114.09208927737579, 51.028289093596904], [-114.09208967863643, 51.02828701872049], [-114.09209010838194, 51.028284770941625], [-114.09209055714193, 51.028282523147766], [-114.09209114177202, 51.02828027524685], [-114.09209159215284, 51.02827802745173], [-114.09209206098805, 51.02827577964203], [-114.09209254838356, 51.028273531817725], [-114.09209280813069, 51.02827236914394], [-114.09209321833154, 51.02827128384956], [-114.09209404888836, 51.02826903575482], [-114.09209490570791, 51.02826678763937], [-114.09209576252738, 51.028264539523924], [-114.09209635332762, 51.02826293374389], [-114.0920965896477, 51.02826229143187], [-114.09209744646702, 51.02826004331641], [-114.09209830328624, 51.028257795200936], [-114.09209913040631, 51.02825554710886], [-114.09209989858893, 51.02825353155705], [-114.09209998722538, 51.02825329899338], [-114.09210084404435, 51.02825105087788], [-114.09210167092093, 51.028248802785974], [-114.09210255768207, 51.028246554646884], [-114.09210344492213, 51.02824467095715], [-114.092103616646, 51.02824430637205], [-114.09210459197995, 51.02824205816312], [-114.09210502716121, 51.028239810379894], [-114.09210518902182, 51.02823756281209], [-114.09210536379851, 51.02823531523409], [-114.09210553650222, 51.02823306765774], [-114.09210569836277, 51.028230820089924], [-114.0921058602233, 51.0282285725221], [-114.09210602208383, 51.02822632495429], [-114.09210618394432, 51.028224077386476], [-114.09210634580481, 51.028221829818655], [-114.09210650766529, 51.02821958225084], [-114.09210669153094, 51.02821733466567], [-114.09210685514543, 51.02821508709646], [-114.0921069476371, 51.028213802771994], [-114.09210701700586, 51.02821283952865], [-114.09210717886627, 51.02821059196082], [-114.09210734072666, 51.028208344393], [-114.09210750258704, 51.028206096825166], [-114.0921076644474, 51.028203849257345], [-114.09210783236715, 51.02820160168474], [-114.09210801192731, 51.02819935410296], [-114.09210817378762, 51.02819710653514], [-114.09210833564794, 51.028194858967304], [-114.09210849750822, 51.02819261139947], [-114.09210865936849, 51.028190363831634], [-114.09210882122873, 51.02818811626379], [-114.09210898308899, 51.028185868695964], [-114.09210916009769, 51.028183621116185], [-114.09210933056863, 51.028181373541564], [-114.09210949242882, 51.02817912597372], [-114.09210950436017, 51.02817687852404], [-114.0921093032779, 51.02817463124227], [-114.09210910219565, 51.02817238396049], [-114.09210686496695, 51.02817209017889], [-114.09210626385841, 51.02817238619754], [-114.09210330455463, 51.0281738435201], [-114.09210169279086, 51.0281746372404], [-114.0921016443486, 51.02817688471884], [-114.09209974854436, 51.028177818316024], [-114.0920970732804, 51.028179135761505], [-114.09209618962775, 51.02818032680173], [-114.09209508150792, 51.02818138477139], [-114.0920926316064, 51.02818328727047], [-114.09209221301349, 51.02818363447215], [-114.09209037347698, 51.02818588336199], [-114.09208907492125, 51.02818692229404], [-114.09208735360993, 51.0281881331819], [-114.09208693115224, 51.02819038095505], [-114.0920855219852, 51.02819244971049], [-114.09208195515228, 51.028190963762064], [-114.09208047629772, 51.02819038604118], [-114.09207838850311, 51.028189570435174], [-114.09207482185415, 51.02818817710818], [-114.09207473486272, 51.02818814312459], [-114.09207125516389, 51.02818676282594], [-114.09206908035223, 51.028185900139256], [-114.09206768845569, 51.028185339375746], [-114.09206723494184, 51.02818365415284], [-114.09206411756624, 51.028181805119445], [-114.09206371640902, 51.02818140948446], [-114.09206054908068, 51.02817948412944], [-114.09206017266412, 51.02817916483584], [-114.09205991668972, 51.02817691759722], [-114.09205697621384, 51.02817495110329], [-114.09205662684248, 51.02817467274848], [-114.09205659426114, 51.02817242533388], [-114.09205398236986, 51.02817017995102], [-114.09205479003613, 51.028167931874556], [-114.09205572170136, 51.02816568370041], [-114.09205695395099, 51.02816371189749], [-114.09205717731182, 51.02816343511352], [-114.0920596263391, 51.02816118574406], [-114.09206051114337, 51.02816033256971], [-114.09206177172507, 51.02815893661374], [-114.09206406773987, 51.02815668736473], [-114.09206406780842, 51.0281566872944], [-114.09206627077162, 51.02815443818892], [-114.09206762546675, 51.02815354369479], [-114.0920711873175, 51.02815251649984], [-114.09207233968448, 51.02815218596738], [-114.0920747488778, 51.028151342803184], [-114.09207649269591, 51.02814993525506], [-114.09207830707302, 51.028148470754076], [-114.09207956991013, 51.028147685390216], [-114.09208186709678, 51.02814652179591], [-114.09208470220905, 51.028145433906005], [-114.09208542753981, 51.028144784588825], [-114.09208721931866, 51.02814318448231], [-114.09208898512956, 51.02814160756572], [-114.09208973819595, 51.02814093505718], [-114.09209239838643, 51.02813868552062], [-114.09209254301118, 51.02813857807592], [-114.09209542674117, 51.028136435693874], [-114.09209546178867, 51.02813418822596], [-114.09209609726236, 51.028133716802], [-114.092098494532, 51.02813193839567], [-114.09209965591484, 51.028131076827705], [-114.09210161169432, 51.02812968849877], [-114.09210321359602, 51.028127946961746], [-114.09210498583761, 51.02812743839927], [-114.0921067748816, 51.02812663599842], [-114.09211033670665, 51.0281255973317], [-114.09211189851631, 51.02812518551065], [-114.09211212719093, 51.028122937890124], [-114.09211237137912, 51.02812069025736], [-114.09211261556729, 51.028118442624596], [-114.09211285975543, 51.02811619499185], [-114.09211280565553, 51.02811394759419], [-114.09211211770138, 51.028111700696144], [-114.09211144834457, 51.028109453783436], [-114.09211075579123, 51.02810720688901], [-114.09211029722917, 51.02810567899104], [-114.09211008303505, 51.028104959978975], [-114.09210940707939, 51.02810271307144], [-114.09210871772578, 51.02810046617448], [-114.09210804836928, 51.028098219261736], [-114.09210735241678, 51.02809597236996], [-114.09210670983468, 51.02809381533373], [-114.09210668286045, 51.02809372545738], [-114.09210598710804, 51.028091478565436], [-114.09210531775182, 51.028089231652686], [-114.09210463299793, 51.028086984752065], [-114.09210395244347, 51.028084737848125], [-114.09210328308744, 51.028082490935354], [-114.09210312248312, 51.028081972421866], [-114.0921025871354, 51.02808024404355], [-114.0921019177795, 51.028077997130765], [-114.09210122182759, 51.028075750238955], [-114.09210060838181, 51.028073503282094], [-114.09210088765477, 51.028071255621704], [-114.09210131466773, 51.02806900784486], [-114.09210173360626, 51.028066760074374], [-114.0921021523623, 51.02806451230405], [-114.09210257430033, 51.02806226453121], [-114.09210301214846, 51.02806001674582], [-114.09210307826781, 51.0280596618347], [-114.09210343090437, 51.02805776897547], [-114.09210384966025, 51.02805552120513], [-114.09210428308108, 51.028053273423225], [-114.09210470944608, 51.02805102564687], [-114.09210503421556, 51.0280487779506], [-114.09210516014704, 51.02804653041104], [-114.09210530780945, 51.02804428285434], [-114.0921054337409, 51.02804203531477], [-114.09210558140326, 51.02803978775807], [-114.0921057073347, 51.0280375402185], [-114.09210585499703, 51.02803529266179], [-114.09210598092844, 51.02803304512223], [-114.09210612859076, 51.02803079756552], [-114.09210625649767, 51.02802855002439], [-114.09210640218441, 51.028026302469236], [-114.09210652837918, 51.02802405492945], [-114.09210657030499, 51.02802341277061], [-114.09210667577804, 51.02802180737295], [-114.09210680170936, 51.02801955983338], [-114.09210694937158, 51.02801731227667], [-114.0921070753029, 51.02801506473708], [-114.0921072229651, 51.028012817180375], [-114.09210734889638, 51.0280105696408], [-114.09210749655855, 51.028008322084084], [-114.0921076224898, 51.02800607454449], [-114.09210777015196, 51.028003826987785], [-114.09210789608319, 51.028001579448194], [-114.09210804374531, 51.02799933189148], [-114.09210816967652, 51.02799708435189], [-114.09210831733861, 51.02799483679517], [-114.0921084432698, 51.02799258925557], [-114.09210859093186, 51.027990341698846], [-114.09210871686301, 51.027988094159255], [-114.09210846678377, 51.027985846916025], [-114.09210887666842, 51.02798359915262], [-114.09210934926722, 51.0279813513398], [-114.09210982186598, 51.02797910352696], [-114.09211004426537, 51.027978045732674], [-114.0921102423747, 51.02797685575518], [-114.092110575395, 51.027974608052354], [-114.09211092396515, 51.02797236033728], [-114.09211126132816, 51.02797011263103], [-114.09211160555547, 51.027967864919354], [-114.09211194726117, 51.027965617209674], [-114.09211228714567, 51.02796336950144], [-114.09211263319406, 51.02796112178834], [-114.09211296873572, 51.0279588740835], [-114.09211332066778, 51.027956626365764], [-114.09211356241688, 51.027954978052286], [-114.092113650886, 51.02795437866512], [-114.09211400225763, 51.02795213094782], [-114.09211433681857, 51.02794988324376], [-114.09211468384737, 51.02794763552986], [-114.09211502275099, 51.027945387822385], [-114.09211536543697, 51.02794314011192], [-114.09211570868328, 51.027940892401], [-114.09211604702644, 51.02793864469395], [-114.09211639461543, 51.02793639697961], [-114.09211672861576, 51.02793414927598], [-114.09211708036386, 51.02793190155835], [-114.09211708054502, 51.02793190033214], [-114.09211741230631, 51.02792965385634], [-114.0921177621366, 51.02792740614023], [-114.09211809823815, 51.02792515843493], [-114.0921184437256, 51.02792291072223], [-114.09211878416983, 51.02792066301351], [-114.09211912531447, 51.02791841530424], [-114.0921194701014, 51.027916167592096], [-114.09211980690323, 51.02791391988623], [-114.09211968331935, 51.02791167254328], [-114.0921194650016, 51.027909425275006], [-114.0921192539543, 51.027907178000994], [-114.09211971854938, 51.0279049301944], [-114.09212058904947, 51.02790396923824], [-114.09212175588995, 51.027902681148056], [-114.0921237932303, 51.02790043210167], [-114.09212414514145, 51.02790004712725], [-114.09212584913223, 51.027898183040605], [-114.09212770125947, 51.02789613845291], [-114.0921278864722, 51.02789593399415], [-114.09212992381195, 51.02789368494766], [-114.09213125734333, 51.02789221284446], [-114.09213196115154, 51.027891435901125], [-114.09213401287383, 51.02788918684322], [-114.0921348134671, 51.02788830766716], [-114.09213605439183, 51.02788693779332], [-114.0921380519556, 51.02788468877804], [-114.0921383694229, 51.02788431807053], [-114.09213993132775, 51.027882439855915], [-114.09214187455402, 51.02788019088341], [-114.09214192496376, 51.02788011949634], [-114.09214347347367, 51.027877942182336], [-114.09214507564288, 51.02787569347869], [-114.09214547892071, 51.027875122382206], [-114.09214666354927, 51.02787344478626], [-114.09214827131491, 51.02787119607815], [-114.0921490328769, 51.02787012526793], [-114.09214986463721, 51.02786894738141], [-114.09215145254315, 51.02786669868892], [-114.09215258681132, 51.027865117562975], [-114.09215306572453, 51.02786444997648], [-114.09215304704989, 51.027863326271]]}}, {"type": "Feature", "properties": {"elev": 1083.5, "index": true}, "geometry": {"type": "LineString", "coordinates": [[-114.09172792878874, 51.02901659752596], [-114.09172805919225, 51.02901547370364], [-114.09172972014474, 51.029013224959996], [-114.09173075040002, 51.029011819501356], [-114.09173135969863, 51.02901097623314], [-114.09173328997589, 51.02900872727803], [-114.0917343064716, 51.02900782750416], [-114.09173622834044, 51.02900647753159], [-114.09173786548789, 51.02900532755494], [-114.09173943145494, 51.029004227577246], [-114.09174142450381, 51.0290028276056], [-114.09174263456913, 51.029001977622805], [-114.09174498351932, 51.029000327656156], [-114.09174583768299, 51.02899972766828], [-114.09174854261593, 51.028997868963906], [-114.09174911207546, 51.028997477657704], [-114.09175210164784, 51.02899537769998], [-114.09175231518871, 51.028995227703014], [-114.09175551830165, 51.02899297774822], [-114.09175566066222, 51.02899287775021], [-114.09175872141428, 51.02899072779332], [-114.09175921969123, 51.02899038540036], [-114.09176194129812, 51.02898847782519], [-114.09176277871556, 51.028987890878966], [-114.0917651989175, 51.02898622782733], [-114.0917663378017, 51.02898542784328], [-114.0917684020292, 51.02898397787217], [-114.09176989681455, 51.02898292789308], [-114.09177160514058, 51.028981727916936], [-114.09177345582702, 51.02898042794277], [-114.09177462145186, 51.02897947810831], [-114.09177538779991, 51.02897723006654], [-114.09177614875777, 51.02897498202899], [-114.09177694313428, 51.02897273396519], [-114.0917770042117, 51.028972546630584], [-114.09177768792165, 51.02897048594034], [-114.09177847043975, 51.02896823788584], [-114.09177926481601, 51.02896598982204], [-114.09178005056802, 51.028963741765], [-114.09178054781142, 51.02896224308118], [-114.09178079212103, 51.028961493742656], [-114.09178158649706, 51.02895924567882], [-114.0917823506884, 51.02895699763869], [-114.09178311380165, 51.02895474959941], [-114.09178390817746, 51.02895250153555], [-114.09178409140958, 51.02895193953165], [-114.09178465080814, 51.02895025351234], [-114.0917854354816, 51.0289480054561], [-114.09178622985718, 51.028945757392236], [-114.09178696278543, 51.02894350937662], [-114.09178763494927, 51.02894160716872], [-114.09178775716087, 51.02894126131274], [-114.09178855153623, 51.02893901324885], [-114.09178931357086, 51.02893676521037], [-114.09179007883947, 51.02893451716933], [-114.09179087321459, 51.02893226910543], [-114.0917911786012, 51.02893133243224], [-114.09179161368856, 51.02893002108385], [-114.09179240051739, 51.02892777302587], [-114.0917931948923, 51.02892552496194], [-114.0917939278199, 51.02892327694628], [-114.09179472169141, 51.02892102888275], [-114.09179472219186, 51.0289210274679], [-114.0917961656056, 51.02891878030861], [-114.09179814018036, 51.0289165313176], [-114.09179827699379, 51.028916399007784], [-114.09180183988788, 51.02891586739965], [-114.09180540278189, 51.02891533579141], [-114.09180896567581, 51.02891480418306], [-114.09181252130048, 51.028914272580295], [-114.09181252856753, 51.02891427149264], [-114.09181609152148, 51.02891377034428], [-114.0918196544732, 51.028913268113854], [-114.09182321742485, 51.02891276588332], [-114.09182678037642, 51.028912263652686], [-114.09182855458302, 51.02891201254304], [-114.09183034329891, 51.02891174673281], [-114.09183390619228, 51.0289112151237], [-114.09183746908556, 51.028910683514475], [-114.09184103197876, 51.02891015190514], [-114.0918445854541, 51.02890975250545], [-114.09184459513102, 51.028909751415895], [-114.09184815802621, 51.0289092208883], [-114.09185172064046, 51.028908548263026], [-114.0918548370133, 51.0289074970083], [-114.09185528195027, 51.0289072157286], [-114.09185839650902, 51.02890524677055], [-114.09185884144597, 51.02890496549082], [-114.0918619560044, 51.028902996532665], [-114.09186240094128, 51.02890271525293], [-114.09186551549942, 51.02890074629469], [-114.09186596043627, 51.028900465014935], [-114.09186872850019, 51.02889849632898], [-114.09186951949897, 51.02889799627605], [-114.09187228799455, 51.028896246090795], [-114.09187307899325, 51.02889574603784], [-114.09187584748857, 51.02889399585249], [-114.09187663848718, 51.02889349579952], [-114.09187940698223, 51.02889174561409], [-114.09188019798077, 51.02889124556109], [-114.09188296647555, 51.028889495375566], [-114.09188375747401, 51.028888995322546], [-114.09188652596852, 51.02888724513695], [-114.09188731696692, 51.02888674508389], [-114.09189008546116, 51.0288849948982], [-114.09189087633602, 51.02888443241635], [-114.09189354595522, 51.028882744737196], [-114.09189443582824, 51.028882182177476], [-114.09189595989633, 51.02888049539905], [-114.0918979900427, 51.02887824636265], [-114.09189799198175, 51.028878243737125], [-114.0918990722188, 51.02887599807167], [-114.09190030740426, 51.02887374966037], [-114.0919015412635, 51.02887150125008], [-114.09190154258441, 51.028871498625044], [-114.09190267212456, 51.02886925292079], [-114.09190385800622, 51.0288670045482], [-114.09190509192274, 51.02886475613783], [-114.09190509318601, 51.028864753512835], [-114.09190622272584, 51.02886250780853], [-114.09190740860717, 51.02886025943592], [-114.09190864252334, 51.02885801102553], [-114.09190864378726, 51.028858008727845], [-114.0919100649207, 51.02885576246687], [-114.09191202063955, 51.02885351348875], [-114.09191219843217, 51.0288533090362], [-114.09191397489961, 51.028851264511744], [-114.09191575428409, 51.02884921998497], [-114.09191593207667, 51.02884901553241], [-114.09191788779495, 51.02884676655419], [-114.0919193101354, 51.02884513093365], [-114.09191984351303, 51.02884451757594], [-114.09192185014427, 51.02884226855761], [-114.09192286719846, 51.02884165481944], [-114.09192534322305, 51.02884001837002], [-114.09192642660165, 51.028839362014494], [-114.09192894790499, 51.02883776809453], [-114.09192998614054, 51.028837137994614], [-114.09193265588897, 51.028835517737676], [-114.0919335457606, 51.028834955177636], [-114.09193633159059, 51.028833267406085], [-114.09193710543221, 51.02883279858065], [-114.09193992335867, 51.028831017140426], [-114.09194066495527, 51.028830567068994], [-114.09194363134156, 51.02882876678322], [-114.09194422458916, 51.02882839174313], [-114.09194731995493, 51.02882651644113], [-114.09194778425976, 51.02882623514582], [-114.09195089880916, 51.028824266185275], [-114.091951343767, 51.02882399614238], [-114.09195460679099, 51.028822015827714], [-114.09195490341469, 51.028821828307656], [-114.09195830831607, 51.02881976547513], [-114.09195846308431, 51.02881967171], [-114.09196187425646, 51.0288175152291], [-114.09196202257569, 51.02881742521478], [-114.09196558102157, 51.02881526487215], [-114.0919655822357, 51.028815264104594], [-114.09196914190584, 51.02881310827321], [-114.09196929021763, 51.02881301451316], [-114.09197270138878, 51.02881085803193], [-114.09197285615696, 51.0288107642668], [-114.09197626105673, 51.028808701433725], [-114.09197657059305, 51.028808513903456], [-114.09197982072435, 51.028806544835426], [-114.09198026565959, 51.02880626355524], [-114.09198338036195, 51.028804373254104], [-114.09198397363856, 51.02880401319675], [-114.09198693987321, 51.028802137995314], [-114.09198755894569, 51.028801762934684], [-114.09199049921966, 51.02879981964936], [-114.09199098460343, 51.02879951279819], [-114.09199405831635, 51.02879737531064], [-114.09199424566913, 51.02879726279116], [-114.09199761585869, 51.028795012698126], [-114.09199761757216, 51.02879501154727], [-114.09200096741174, 51.02879276261966], [-114.09200117677655, 51.02879262198984], [-114.09200431724871, 51.02879051254245], [-114.09200473597829, 51.02879023128279], [-114.09200766708535, 51.02878826246515], [-114.09200829517968, 51.02878784057565], [-114.09201086551293, 51.02878601250697], [-114.0920118541026, 51.02878530940361], [-114.0920141571148, 51.02878376247532], [-114.09201541330324, 51.028782918696244], [-114.0920175069505, 51.02878151239774], [-114.0920189725035, 51.028780527988765], [-114.09202085678587, 51.02877926232005], [-114.09202253170115, 51.02877813613168], [-114.09202420662089, 51.02877701224229], [-114.09202609073607, 51.0287756622946], [-114.09202727693186, 51.028774762384515], [-114.0920296493233, 51.02877296256428], [-114.09202994542716, 51.028772512843105], [-114.09203321067261, 51.02877165779445], [-114.09203507918005, 51.028772508800216], [-114.09203677765096, 51.02877319545444], [-114.0920401005625, 51.02877475228564], [-114.0920403448791, 51.02877485911417], [-114.09204076894427, 51.02877475175924], [-114.09204034295519, 51.02877388769472], [-114.09203958991553, 51.02877250524777], [-114.09203899929223, 51.02877025827289], [-114.09203777259692, 51.02876801179895], [-114.09203683718425, 51.028765765095606], [-114.09203676271324, 51.028765652782255], [-114.0920353477638, 51.028763518828555], [-114.0920346750767, 51.02876127191827], [-114.09203318565832, 51.02875902657097], [-114.09203318499321, 51.0287590256517], [-114.09203175563522, 51.02875677933731], [-114.09202988012328, 51.02875453337422], [-114.0920296122725, 51.02875425265514], [-114.09202773731708, 51.02875228762159], [-114.09202612909996, 51.028750041447964], [-114.09202603981639, 51.02874994787492], [-114.09202398629414, 51.02874779569526], [-114.09202246847349, 51.02874620495375], [-114.09202184348854, 51.02874554994252], [-114.09202023527195, 51.02874330376881], [-114.09201889589774, 51.02874183910166], [-114.0920181632883, 51.02874105796024], [-114.09201614058625, 51.02873881211283], [-114.0920153239971, 51.028737813893535], [-114.09201443054376, 51.028736566019205], [-114.0920123820783, 51.028734320192015], [-114.0920117493364, 51.028732394312996], [-114.09201167287256, 51.02873207331034], [-114.0920117478108, 51.02873162376332], [-114.09201197053197, 51.028729825635935], [-114.09201174276784, 51.028729076668576], [-114.09201128723959, 51.02872757873386], [-114.09201150292188, 51.02872533112399], [-114.09201088234875, 51.02872308417253], [-114.09201116958928, 51.02872083650633], [-114.09201172619215, 51.02872070463885], [-114.09201199044671, 51.02872083586004], [-114.09201529336652, 51.02872234363586], [-114.09201675388195, 51.02872307954957], [-114.0920188608217, 51.02872412431771], [-114.09202123133346, 51.028725323464094], [-114.09202242830584, 51.02872591949784], [-114.09202559203503, 51.02872756747039], [-114.09202599595854, 51.02872779964612], [-114.09202806487347, 51.02872756552312], [-114.09202806042302, 51.02872531808657], [-114.09202800615427, 51.028723070689246], [-114.09202800170381, 51.02872082325271], [-114.09202793210635, 51.02871857586746], [-114.09202792765589, 51.02871632843091], [-114.09202786955498, 51.0287140810366], [-114.09202780378973, 51.02871183364832], [-114.09202750105106, 51.028709586446666], [-114.09202664321944, 51.028707339682114], [-114.09202595348673, 51.02870635135161], [-114.09202507564515, 51.02870509347646], [-114.09202357059597, 51.028702847221524], [-114.09202325454599, 51.02870060003032], [-114.0920237533042, 51.02869835219753], [-114.09202423886964, 51.0286961043751], [-114.09202476024386, 51.028693856524484], [-114.09202522319309, 51.028691608719875], [-114.09202574456722, 51.02868936086925], [-114.09202591817315, 51.02868851794252], [-114.09202620751635, 51.028687113064635], [-114.09202672889039, 51.028684865214], [-114.09202719183943, 51.02868261740937], [-114.09202771321337, 51.02868036955874], [-114.09202819689375, 51.028678121737784], [-114.09202869753615, 51.02867587390347], [-114.0920291651967, 51.02867362609511], [-114.0920294501371, 51.028672377292914], [-114.09202968185876, 51.028671378248184], [-114.09203019098206, 51.028669130407174], [-114.09203066618117, 51.028666882592894], [-114.09203115928464, 51.02866463476449], [-114.0920316505034, 51.028662386937576], [-114.09203217187688, 51.02866013908691], [-114.09203264047945, 51.02865789127782], [-114.09203298240769, 51.028656392715135], [-114.0920331533718, 51.02865564343382], [-114.09203361914726, 51.02865339562692], [-114.09203414052057, 51.02865114777625], [-114.09203555141272, 51.02864889922505], [-114.09203587694357, 51.02864665152859], [-114.0920358881328, 51.0286444040797], [-114.09203598056347, 51.028642156566825], [-114.09203625724253, 51.028639908908836], [-114.0920363251221, 51.02863766141529], [-114.09203614246447, 51.02863541411906], [-114.09203565747116, 51.02863316706092], [-114.09203494723639, 51.02863092018015], [-114.0920342694307, 51.02862867327387], [-114.09203292359928, 51.028626696586464], [-114.09203277247718, 51.028626427012654], [-114.09203157128032, 51.02862418051851], [-114.09202935038311, 51.02862200319057], [-114.092029289456, 51.02862193487534], [-114.09202840792463, 51.028619688129446], [-114.09202737755642, 51.02861744150072], [-114.09202739294227, 51.02861519404851], [-114.09202742449101, 51.02861294658358], [-114.09202742004058, 51.028610699146995], [-114.09202745158932, 51.02860845168204], [-114.09202748313804, 51.02860620421711], [-114.09202747868761, 51.02860395678051], [-114.09202751023633, 51.028601709315566], [-114.09202754178506, 51.02859946185061], [-114.09202753733464, 51.02859721441403], [-114.09202756888335, 51.02859496694908], [-114.09202758316717, 51.028592719497716], [-114.09202759598165, 51.02859047204752], [-114.09202762753034, 51.02858822458258], [-114.09202762307993, 51.02858597714597], [-114.09202765462864, 51.02858372968102], [-114.09202768617733, 51.02858148221606], [-114.09202768172692, 51.028579234779464], [-114.09202771327561, 51.02857698731451], [-114.09202774482429, 51.028574739849546], [-114.09202774037387, 51.02857249241294], [-114.09202777192256, 51.02857024494799], [-114.09202778877773, 51.028567997494605], [-114.09202779902083, 51.02856575004642], [-114.0920278305695, 51.02856350258146], [-114.09202784815935, 51.0285612551275], [-114.09202785766776, 51.02855900767988], [-114.09202788921642, 51.028556760214926], [-114.09202779883267, 51.028554512845986], [-114.09202768489189, 51.02855226549559], [-114.09202754467346, 51.02855001816589], [-114.0920273690156, 51.028547770864094], [-114.09202714515197, 51.02854552360026], [-114.09202684229962, 51.028543276398615], [-114.09202638981485, 51.028541029314795], [-114.09202572966683, 51.02853878239452], [-114.09202562111327, 51.028538501549974], [-114.09202472624186, 51.02853653574454], [-114.09202408537921, 51.028534288809055], [-114.09202506958815, 51.028532040593916], [-114.09202560722703, 51.028531488911646], [-114.09202728100196, 51.028529791412396], [-114.09202916351622, 51.028527638125574], [-114.09202924718352, 51.02852754242394], [-114.0920309822715, 51.02852529361744], [-114.09203271799495, 51.02852304481041], [-114.09203271833348, 51.02852304436128], [-114.09203458722014, 51.02852079589822], [-114.09203627377545, 51.02851876639232], [-114.09203645610575, 51.02851854698627], [-114.09203834407732, 51.02851629805926], [-114.09203982930116, 51.028514531043726], [-114.09204023436219, 51.02851404913039], [-114.09204210845256, 51.02851180021425], [-114.0920433847642, 51.02851026437186], [-114.09204397733743, 51.02850955130217], [-114.09204586010296, 51.02850730237913], [-114.09204694026535, 51.028506017276854], [-114.0920477503871, 51.02850505345014], [-114.09204962968205, 51.02850280452977], [-114.09205049575034, 51.02850176235094], [-114.0920514985662, 51.028500555617576], [-114.09205337612569, 51.02849830669851], [-114.09205405122694, 51.02849750350954], [-114.0920552664091, 51.02849605776938], [-114.09205715090864, 51.0284938088448], [-114.09205760673389, 51.028493260329604], [-114.09205901979207, 51.028491559932476], [-114.09206089214551, 51.028489311017395], [-114.09206116218591, 51.02848898974179], [-114.0920622100142, 51.02848706253908], [-114.0920626895845, 51.02848481472114], [-114.09206314872984, 51.02848256691929], [-114.09206361675453, 51.02848031911044], [-114.09206409599524, 51.02847807129275], [-114.09206455514045, 51.0284758234909], [-114.09206469862333, 51.028475121052814], [-114.09206501428562, 51.02847357568904], [-114.09206547343075, 51.028471327887175], [-114.09206595126929, 51.028469080070586], [-114.09206642069572, 51.02846683226062], [-114.0920668798407, 51.028464584458746], [-114.09206733898564, 51.02846233665687], [-114.09206823449898, 51.02846096986029], [-114.09206884196726, 51.028460088032645], [-114.09207106114697, 51.02845783884413], [-114.09207179074023, 51.02845709938489], [-114.09207329319348, 51.02845558964546], [-114.09207534756816, 51.028453525307825], [-114.09207552996644, 51.028453340443], [-114.0920777491455, 51.02845109125438], [-114.09207890433451, 51.02844992044383], [-114.09207996832434, 51.0284488420657], [-114.09208218750298, 51.028446592876996], [-114.09208246110032, 51.02844631557975], [-114.0920844234873, 51.02844434367499], [-114.09208601792659, 51.028442741502346], [-114.09208665632029, 51.02844209447543], [-114.09208887549828, 51.02843984528658], [-114.0920895746913, 51.02843913663802], [-114.09209109467604, 51.028437596097696], [-114.09209313145546, 51.02843553177361], [-114.0920933138536, 51.02843534690876], [-114.09209553303094, 51.02843309771979], [-114.0920966882504, 51.02843194271851], [-114.09209778266876, 51.028430848506765], [-114.09210000184568, 51.02842859931771], [-114.09210024504313, 51.02842835283123], [-114.09210222102236, 51.0284263501286], [-114.09210380180564, 51.028424747966476], [-114.09210444019884, 51.02842410093945], [-114.09210665937512, 51.02842185175027], [-114.09210735858655, 51.02842115267047], [-114.09210890901184, 51.02841960253703], [-114.09211091539001, 51.02841756902344], [-114.09211115031479, 51.028417353330305], [-114.09211400955212, 51.0284151036365], [-114.09211447378709, 51.028414789674265], [-114.09211803590229, 51.028413886328444], [-114.0921215980102, 51.02841297937799], [-114.09212210688274, 51.028412849813634], [-114.09212516011797, 51.028412072427415], [-114.0921287222256, 51.02841116547673], [-114.0921309612646, 51.028410595393375], [-114.09213228433309, 51.02841025852594], [-114.09213584644044, 51.028409351575036], [-114.09213940855004, 51.02840844582555], [-114.0921398276251, 51.028408340963026], [-114.09214297068807, 51.02840755449415], [-114.09214653281289, 51.028406656554274], [-114.09214877185144, 51.02840608647059], [-114.09215009491967, 51.028405749602946], [-114.09215365667046, 51.028404663182876], [-114.09215561167923, 51.02840383363695], [-114.09215707471054, 51.02840158504306], [-114.09215721404685, 51.028401370891274], [-114.09215853774171, 51.02839933644916], [-114.09215998539906, 51.02839708786736], [-114.09216076700555, 51.02839585115888], [-114.09216139392328, 51.028394839316405], [-114.09216285695402, 51.02839259072243], [-114.09216431941235, 51.0283903421289], [-114.0921643199829, 51.028390341252425], [-114.0921657830151, 51.02838809353446], [-114.09216723346697, 51.02838584495037], [-114.09216787296289, 51.028384833097924], [-114.09216865456895, 51.02838359638939], [-114.09217010222532, 51.02838134780745], [-114.09217142591906, 51.0283793133652], [-114.09217156525523, 51.02837909921338], [-114.092173028285, 51.02837685061928], [-114.09217448153137, 51.02837460203288], [-114.09217497891684, 51.02837381503652], [-114.09217590263266, 51.02837235347182], [-114.09217765739719, 51.028370104647564], [-114.09217853400139, 51.02836936921608], [-114.09218026345074, 51.0283678551518], [-114.09218209189868, 51.02836634179524], [-114.09218298141387, 51.02836560556771], [-114.09218564947274, 51.028363356022915], [-114.09218564987746, 51.02836335568177], [-114.09218835598895, 51.02836110644772], [-114.09218920791268, 51.02836039824822], [-114.0921910363045, 51.028358856893135], [-114.0921927658642, 51.02835739885452], [-114.09219371801409, 51.02835660733738], [-114.09219632389782, 51.02835444107992], [-114.0921964227298, 51.02835435776343], [-114.09219909119278, 51.028352108218], [-114.09219988184843, 51.02835144168601], [-114.0922017861477, 51.028349858651616], [-114.09220343988116, 51.028348483911195], [-114.09220447761652, 51.02834760908791], [-114.09220699783084, 51.02834548451707], [-114.09220714817023, 51.028345359540644], [-114.09220985427896, 51.02834310996528], [-114.09221055586265, 51.02834252674202], [-114.09221253250091, 51.02834086041184], [-114.09221411381144, 51.02833952734768], [-114.09221521629992, 51.02833861085396], [-114.09221767184233, 51.02833656957241], [-114.09221791892206, 51.028336361281134], [-114.09222062851555, 51.028334111702755], [-114.09222122945549, 51.02833340151057], [-114.09222244563092, 51.0283318628286], [-114.0922240355446, 51.028329614133725], [-114.09222478373921, 51.02832855592434], [-114.09222563671251, 51.02832736542993], [-114.0922272478842, 51.02832511671822], [-114.09222833779435, 51.02832359553088], [-114.09222885217804, 51.02832286801193], [-114.09223042270851, 51.028320619332256], [-114.09223189171757, 51.02831856903622], [-114.09223203387972, 51.02831837062048], [-114.09223362191673, 51.02831612192695], [-114.09223521182933, 51.0283138732319], [-114.09223544564, 51.028313542541454], [-114.09223681987386, 51.02831162452252], [-114.09223843104445, 51.02830937581067], [-114.09223899969287, 51.028308582147645], [-114.09224002845951, 51.028307127109635], [-114.0922417642618, 51.028304878299345], [-114.09224255471918, 51.02830411258941], [-114.09224570836666, 51.02830262774597], [-114.09224611528064, 51.02830243199518], [-114.09224967576344, 51.028300711899206], [-114.0922503878773, 51.02830037661194], [-114.09225323627486, 51.02829900635635], [-114.0922550673875, 51.02829812547772], [-114.09225679680667, 51.028297311208554], [-114.09225976386813, 51.02829587432991], [-114.09226035728041, 51.02829558695417], [-114.09226391758345, 51.02829377684499], [-114.09226407223102, 51.02829362348834], [-114.09226472742104, 51.02829137553085], [-114.09226538482457, 51.0282891275716], [-114.09226604222806, 51.028286879612345], [-114.0922666885635, 51.02828463166182], [-114.0922673555591, 51.028282383694986], [-114.09226745817381, 51.02828203785394], [-114.09226802255465, 51.028280135728146], [-114.09226868955012, 51.02827788776131], [-114.09226935654554, 51.02827563979446], [-114.09227002354089, 51.028273391827604], [-114.09227069053618, 51.02827114386074], [-114.09227099838013, 51.02827010633758], [-114.09227135236634, 51.028268895897966], [-114.09227197287599, 51.02826664796781], [-114.09227263987108, 51.02826440000093], [-114.09227330686612, 51.02826215203405], [-114.09227397386108, 51.02825990406717], [-114.09227453824138, 51.02825800194134], [-114.09227464085598, 51.02825765610029], [-114.09227453606744, 51.02825690703629], [-114.09227429550005, 51.02825540893274], [-114.09227353541564, 51.028253162092646], [-114.09227280162227, 51.02825091523179], [-114.09227202498444, 51.02824866840475], [-114.09227130190236, 51.028246421535435], [-114.09227094929663, 51.028245384533726], [-114.09227053110712, 51.02824417470377], [-114.0922697739443, 51.02824192786135], [-114.09226903723008, 51.028239681002766], [-114.09226826059262, 51.02823743417571], [-114.09226754043212, 51.02823518730405], [-114.09226736412933, 51.02823466880319], [-114.09226676671601, 51.02823294047467], [-114.09226601247478, 51.02823069362991], [-114.0922652728397, 51.02822844677361], [-114.0922644962026, 51.028226199946516], [-114.09226377896671, 51.02822395460467], [-114.09226377847723, 51.02822395307291], [-114.09226301498535, 51.02822170623542], [-114.09226228508794, 51.02821945937142], [-114.09226150845114, 51.0282172125443], [-114.09226078147512, 51.028214965677975], [-114.09226019379969, 51.02821323734172], [-114.09226001457586, 51.02821271884316], [-114.09225923793927, 51.02821047201603], [-114.09225843111687, 51.028208225212715], [-114.09225766713905, 51.028205978375574], [-114.09225684863193, 51.02820373158148], [-114.09225660966692, 51.028203040250055], [-114.0922560807593, 51.028201484747406], [-114.09225529535946, 51.02819923792716], [-114.09225449437987, 51.02819699111921], [-114.09225373040243, 51.02819474428204], [-114.09225302897812, 51.028194577324655], [-114.09225036975643, 51.028192499494644], [-114.09224946024625, 51.028192137492795], [-114.0922464772339, 51.028190255126994], [-114.09224589206053, 51.0281899726182], [-114.09224232536288, 51.02818855730298], [-114.09224157756019, 51.02818801155416], [-114.0922387579759, 51.02818679458001], [-114.09223716186622, 51.02818576759913], [-114.09223519019311, 51.028184832270554], [-114.09223243213029, 51.0281835238918], [-114.09223162294658, 51.028183140028595], [-114.09222805568957, 51.028181442371], [-114.09222774456347, 51.02818128015098], [-114.09222448814265, 51.0281795984816], [-114.09222327206521, 51.02817903624026], [-114.09222092011508, 51.02817751224218], [-114.0922190988286, 51.028176792093205], [-114.09221735077895, 51.02817476636962], [-114.09221694535518, 51.02817454635225], [-114.09221685989836, 51.028172298979406], [-114.09221677444155, 51.02817005160658], [-114.09221672250086, 51.028167804207285], [-114.09221663611308, 51.028165556835184], [-114.09221654972528, 51.02816330946309], [-114.09221646333751, 51.02816106209098], [-114.09221637694972, 51.028158814718864], [-114.09221629056196, 51.02815656734676], [-114.0922162041742, 51.028154319974654], [-114.09221611778646, 51.02815207260255], [-114.09221599043458, 51.028149825262766], [-114.09221729997773, 51.02814916443043], [-114.09222086364616, 51.02814905509809], [-114.092224428113, 51.02814934810369], [-114.09222668106892, 51.02814981682646], [-114.09222799368678, 51.028150198876965], [-114.09223155883211, 51.02815083370846], [-114.09223512397635, 51.02815146792856], [-114.09223736047969, 51.02815205583831], [-114.09223868960372, 51.02815234552588], [-114.09224225398208, 51.028152593769555], [-114.092244976249, 51.02815204982718], [-114.0922451674333, 51.02814980223598], [-114.09224533716386, 51.02814755466174], [-114.092245534432, 51.02814530706574], [-114.09224573170013, 51.02814305946975], [-114.09224579745617, 51.02814231027109], [-114.09224592896824, 51.028140811873755], [-114.09224609549668, 51.028138564302026], [-114.09224628988292, 51.0281363167083], [-114.09224648715097, 51.028134069112305], [-114.09224668441901, 51.02813182151631], [-114.09224685831208, 51.028129573938756], [-114.09224704533354, 51.02812732635084], [-114.09224724260152, 51.02812507875485], [-114.09224743986948, 51.02812283115884], [-114.0922476211272, 51.028120583575465], [-114.09224780078387, 51.02811833599336], [-114.09224799805177, 51.028116088397354], [-114.09224819531967, 51.02811384080135], [-114.09224838394202, 51.02811159321217], [-114.09224855623391, 51.02810934563587], [-114.09224875350175, 51.028107098039854], [-114.09224895076956, 51.02810485044385], [-114.09224914675654, 51.02810260284884], [-114.09224898107252, 51.02810035553934], [-114.09224739266664, 51.028098109352854], [-114.0922458042609, 51.02809586316637], [-114.09224570498554, 51.02809572277971], [-114.0922442019773, 51.028093616990795], [-114.09224259876864, 51.02809137081595], [-114.09224213113846, 51.02809070173475], [-114.09224102886738, 51.028089124614766], [-114.09223942565906, 51.028086878439865], [-114.0922385572546, 51.02808566176179], [-114.09223782923567, 51.02808463225959], [-114.09223624083086, 51.02808238607297], [-114.09223498334383, 51.02808060784186], [-114.09223464934219, 51.02808013988874], [-114.09223304613447, 51.02807789371375], [-114.0922314429269, 51.02807564753873], [-114.09223140952675, 51.02807560074342], [-114.09222985421431, 51.02807340135226], [-114.09222826581026, 51.02807115516551], [-114.09222783561754, 51.02807054682327], [-114.09222666661236, 51.02806890898726], [-114.09222506340542, 51.02806666281215], [-114.09222426175455, 51.02806551581569], [-114.09222349350586, 51.02806441661074], [-114.0922218902992, 51.02806217043559], [-114.09222068789434, 51.028060485804204], [-114.09222029079352, 51.028059924257484], [-114.09221870239041, 51.028057678070596], [-114.09221711398821, 51.02805543226713], [-114.09221711371463, 51.028055431883914], [-114.09221551078143, 51.02805318570845], [-114.09221408948422, 51.028050939389644], [-114.09221353822329, 51.02804944153108], [-114.09221331980548, 51.02804869255667], [-114.09221283118795, 51.02804644550189], [-114.09221238626552, 51.02804419841265], [-114.09221198078758, 51.02804195129227], [-114.0922116096827, 51.02803970414476], [-114.09221128399018, 51.02803745696143], [-114.0922109845888, 51.028035209757334], [-114.09221072050987, 51.02803296252539], [-114.09221048003276, 51.02803071527482], [-114.09221021595387, 51.028028468042855], [-114.09220995187502, 51.0280262208109], [-114.09220992782731, 51.02802599608583], [-114.09220970998186, 51.02802397356143], [-114.09220944731916, 51.028021726328355], [-114.09220918324037, 51.02801947909639], [-114.09220891916162, 51.02801723186444], [-114.09220867868467, 51.02801498461384], [-114.09220841460596, 51.02801273738188], [-114.09220815052728, 51.0280104901499], [-114.09220789683341, 51.028008242909735], [-114.09220764597178, 51.02800599566734], [-114.09220738189318, 51.028003748435374], [-114.0922071178146, 51.02800150120339], [-114.09220687733782, 51.02799925395281], [-114.09220661325928, 51.02799700672082], [-114.09220634918078, 51.02799475948885], [-114.09220630116651, 51.02799435090121], [-114.0922060851023, 51.02799251225686], [-114.09220584462562, 51.02799026500626], [-114.0922055805472, 51.02798801777427], [-114.09220531646879, 51.027985770542294], [-114.09220506796758, 51.02798352329802], [-114.09220481191383, 51.0279812760597], [-114.09220454783551, 51.0279790288277], [-114.09220428375721, 51.02797678159572], [-114.0922040432807, 51.0279745343451], [-114.09220377920245, 51.027972287113116], [-114.09220351512423, 51.02797003988111], [-114.0922032548223, 51.027967792646145], [-114.09220337064396, 51.027965545114405], [-114.0922037225717, 51.02796329739639], [-114.09220405222523, 51.027961049695946], [-114.09220440415291, 51.02795880197793], [-114.09220473380638, 51.027956554277495], [-114.09220508573398, 51.02795430655947], [-114.09220523771519, 51.02795205899919], [-114.09220507156047, 51.02794981168993], [-114.09220485446879, 51.02794756442086], [-114.09220464218679, 51.027945317148], [-114.09220443751083, 51.02794306986913], [-114.09220422388665, 51.027940822597316], [-114.09220400813727, 51.027938575327184], [-114.09220379686205, 51.027936328053514], [-114.09220357876379, 51.02793408078523], [-114.09220336983752, 51.02793183350971], [-114.0922031493904, 51.02792958624327], [-114.09220294281307, 51.027927338965895], [-114.0922027200171, 51.0279250917013], [-114.09220259721161, 51.02792374333397], [-114.09220251534131, 51.02792284442242], [-114.09220231066556, 51.027920597143535], [-114.09220208876445, 51.02791834987824], [-114.09220188129241, 51.02791610260156], [-114.09220166174026, 51.02791385533441], [-114.09220145191934, 51.02791160805958], [-114.09220123471616, 51.02790936079058], [-114.09220102254638, 51.0279071135176], [-114.09220080769212, 51.027904866246736], [-114.09220059317347, 51.02790261897561], [-114.09220038066819, 51.027900371702884], [-114.09220189671952, 51.027898123066414], [-114.0922025449629, 51.02789740746031], [-114.09220393405579, 51.02789587401864], [-114.09220598995364, 51.02789362495617], [-114.09220610108106, 51.027893502280826], [-114.09220802728953, 51.02789137590831], [-114.09220965715811, 51.027889576669985], [-114.09221006462522, 51.02788912686042], [-114.0922121019607, 51.02788687781249], [-114.09221321339943, 51.0278857341692], [-114.09221442000204, 51.027884628543035], [-114.09221677133438, 51.02788274549679], [-114.09221725161935, 51.027882378868256], [-114.09222033060928, 51.02788043233373], [-114.09222096230498, 51.02788012849973], [-114.09222389107576, 51.02787871981478], [-114.09222562856995, 51.027877877376966], [-114.0922274515253, 51.02787699888842], [-114.09223029989286, 51.02787562625003], [-114.09223101198474, 51.02787528309041], [-114.09223457244624, 51.02787356846932], [-114.09223497443429, 51.02787337512036], [-114.09223813291167, 51.027871855949925], [-114.09223965472343, 51.02787112398597], [-114.09224169337683, 51.02787014343044], [-114.09224431385888, 51.027868872868076], [-114.09224525381988, 51.02786841989727], [-114.092248814279, 51.02786670460316], [-114.09224898655955, 51.02786662173931], [-114.09225237474337, 51.02786499208334], [-114.09225366684733, 51.027864370604355], [-114.09225593520749, 51.027863279563405], [-114.09225834713465, 51.0278621194692], [-114.0922583449039, 51.02786099575077]]}}], "crs": {"type": "name", "properties": {"name": "urn:ogc:def:crs:EPSG::4617"}}}