{"type": "FeatureCollection", "features": [{"type": "Feature", "properties": {"tag": "T1778", "code": "TREE", "canopy_m": 11.0, "condition": "F", "in_inventory": false, "botanical": ""}, "geometry": {"type": "Polygon", "coordinates": [[[-114.09187941883778, 51.027970771594276], [-114.0918797867984, 51.02796592497612], [-114.09188090629867, 51.027961124439884], [-114.09188276655698, 51.02795641621733], [-114.09188534965777, 51.02795184565119], [-114.09188863072426, 51.02794745675846], [-114.09189257815777, 51.027943291806515], [-114.0918971539423, 51.02793939090608], [-114.09190231401041, 51.02793579162485], [-114.09190800866787, 51.027932528625826], [-114.09191418307198, 51.02792963333338], [-114.09192077775995, 51.02792713363071], [-114.09192772922145, 51.02792505359125], [-114.09193497051024, 51.02792341324684], [-114.09194243188891, 51.02792222839488], [-114.09195004150054, 51.02792151044607], [-114.09195772606064, 51.027921266314664], [-114.09196541156291, 51.027921498351745], [-114.09197302399201, 51.027922204322685], [-114.09198049003629, 51.027923377428614], [-114.09198773779391, 51.02792500637193], [-114.09199469746515, 51.02792707546505], [-114.09200130202474, 51.02792956478154], [-114.09200748786725, 51.02793245034799], [-114.09201319541974, 51.02793570437488], [-114.09201836971535, 51.02793929552424], [-114.09202296092278, 51.0279431892114], [-114.09202692482611, 51.027947347938074], [-114.0920302232507, 51.027951731653545], [-114.09203282443075, 51.0279562981403], [-114.09203470331528, 51.02796100342059], [-114.09203584180942, 51.027965802180056], [-114.09203622894863, 51.02797064820404], [-114.09203586100429, 51.02797549482268], [-114.09203474151968, 51.027980295360365], [-114.09203288127584, 51.02798500358533], [-114.09203029818771, 51.027989574154695], [-114.09202701713164, 51.027993963051365], [-114.09202306970587, 51.0279981280078], [-114.09201849392616, 51.028002028913136], [-114.0920133338597, 51.028005628199445], [-114.09200763920069, 51.02800889120356], [-114.09200146479189, 51.02801178650092], [-114.09199487009626, 51.028014286208105], [-114.09198791862443, 51.028016366251535], [-114.09198067732305, 51.028018006599204], [-114.09197321592997, 51.0280191914536], [-114.0919656063027, 51.0280199094039], [-114.09195792172633, 51.02802015353584], [-114.09195023620778, 51.02801992149828], [-114.09194262376302, 51.02801921552588], [-114.09193515770427, 51.02801804241755], [-114.091927909934, 51.028016413471015], [-114.09192095025233, 51.02801434437395], [-114.091914345685, 51.02801185505296], [-114.09190815983769, 51.02800896948161], [-114.09190245228355, 51.02800571544963], [-114.09189727798949, 51.02800212429519], [-114.09189268678674, 51.027998230603146], [-114.09188872289107, 51.02799407187193], [-114.09188542447681, 51.02798968815248], [-114.09188282330938, 51.02798512166248], [-114.09188094443923, 51.02798041637975], [-114.09187980596073, 51.02797561761878], [-114.09187941883778, 51.027970771594276]]]}}, {"type": "Feature", "properties": {"tag": "T1779", "code": "TREE", "canopy_m": 13.0, "condition": "F", "in_inventory": true, "botanical": "Ulmus americana"}, "geometry": {"type": "Polygon", "coordinates": [[[-114.09165834202773, 51.028807846970786], [-114.09165877692521, 51.028802119150946], [-114.09166010002163, 51.02879644579325], [-114.09166229857449, 51.02879088153514], [-114.09166535141027, 51.02878547996346], [-114.09166922912821, 51.02878029309822], [-114.09167389438358, 51.02877537089167], [-114.09167930224726, 51.02877076074731], [-114.09168540063845, 51.028766507063196], [-114.0916921308263, 51.02876265080457], [-114.09169942799544, 51.02875922910918], [-114.09170722187025, 51.028756274929734], [-114.09171543739158, 51.02875381671651], [-114.09172399543972, 51.02875187814337], [-114.0917328135962, 51.028750477879754], [-114.09174180693766, 51.02874962941091], [-114.09175088885364, 51.02874934090806], [-114.09175997188062, 51.028749615149586], [-114.09176896854441, 51.028750449494446], [-114.09177779220256, 51.02875183590744], [-114.0917863578787, 51.02875376103673], [-114.09179458308094, 51.02875620634232], [-114.09180238859628, 51.02875914827465], [-114.09180969925353, 51.02876255850142], [-114.09181644464712, 51.02876640418034], [-114.0918225598153, 51.028770648275554], [-114.09182798586558, 51.02877524991419], [-114.09183267054208, 51.02878016478007], [-114.09183656872862, 51.02878534554043], [-114.09183964288333, 51.02879074230178], [-114.09184186340018, 51.028796303090466], [-114.09184320889406, 51.028801974353044], [-114.09184366640685, 51.02880770147223], [-114.0918432315321, 51.02881342929273], [-114.09184190845757, 51.02881910265249], [-114.09183970992488, 51.02882466691393], [-114.09183665710681, 51.02883006849012], [-114.09183277940342, 51.02883525536087], [-114.09182811415887, 51.02884017757369], [-114.0918227063019, 51.02884478772489], [-114.09181660791302, 51.0288490414161], [-114.09180987772301, 51.02885289768186], [-114.09180258054731, 51.02885631938409], [-114.09179478666181, 51.02885927356986], [-114.09178657112604, 51.02886173178861], [-114.09177801306029, 51.0288636703663], [-114.09176919488371, 51.02886507063332], [-114.0917602015204, 51.02886591910426], [-114.09175111958172, 51.02886620760785], [-114.091742036532, 51.028865933365644], [-114.09173303984632, 51.02886509901874], [-114.09172421616799, 51.02886371260239], [-114.09171565047416, 51.02886178746861], [-114.09170742525737, 51.02885934215752], [-114.09169961973119, 51.0288564002189], [-114.09169230906724, 51.0288529899853], [-114.09168556367133, 51.028849144299265], [-114.09167944850532, 51.02884490019695], [-114.09167402246159, 51.02884029855146], [-114.09166933779579, 51.028835383679265], [-114.0916654396237, 51.02883020291337], [-114.0916623654866, 51.02882480614745], [-114.09166014498986, 51.028819245355386], [-114.0916587995178, 51.0288135740907], [-114.09165834202773, 51.028807846970786]]]}}, {"type": "Feature", "properties": {"tag": "T1780", "code": "TREE", "canopy_m": 9.0, "condition": "F", "in_inventory": false, "botanical": ""}, "geometry": {"type": "Polygon", "coordinates": [[[-114.09170571080494, 51.02798994835], [-114.09170601187857, 51.02798598293559], [-114.09170692784843, 51.02798205522548], [-114.09170844989309, 51.02797820304567], [-114.09171056335427, 51.02797446349472], [-114.09171324787806, 51.027970872586515], [-114.09171647761094, 51.02796746490343], [-114.09172022144874, 51.02796427326328], [-114.09172444333619, 51.027961328403244], [-114.09172910261422, 51.027958658683865], [-114.09173415441144, 51.027956289816004], [-114.09173955007631, 51.02795424461306], [-114.09174523764572, 51.027952542771445], [-114.09175116234537, 51.02795120068077], [-114.09175726711727, 51.02795023126607], [-114.09176349316928, 51.027949643863316], [-114.09176978054124, 51.027949444129504], [-114.09177606868253, 51.02794963398817], [-114.09178229703501, 51.02795021161087], [-114.09178840561644, 51.02795117143483], [-114.09179433559795, 51.0279525042164], [-114.09180002987073, 51.027954197120216], [-114.09180543359588, 51.027956233842744], [-114.09181049473266, 51.02795859476925], [-114.09181516453961, 51.02796125716278], [-114.09181939804397, 51.02796419538307], [-114.09182315447474, 51.02796738113349], [-114.0918263976554, 51.0279707837336], [-114.09182909635227, 51.02797437041455], [-114.09183122457532, 51.02797810663463], [-114.09183276182848, 51.02798195641207], [-114.09183369330704, 51.027985882671416], [-114.09183401004019, 51.027989847600665], [-114.09183370897745, 51.027993813015385], [-114.09183279301807, 51.02799774072646], [-114.09183127098308, 51.02800159290789], [-114.0918291575304, 51.028005332461], [-114.09182647301358, 51.02800892337184], [-114.09182324328589, 51.02801233105794], [-114.09181949945132, 51.02801552270138], [-114.09181527756495, 51.02801846756481], [-114.09181061828589, 51.028021137287595], [-114.09180556648553, 51.028023506158746], [-114.09180017081553, 51.0280255513647], [-114.0917944832392, 51.028027253208975], [-114.0917885585311, 51.02802859530183], [-114.09178245374959, 51.02802956471817], [-114.0917762276871, 51.02803015212192], [-114.09176994030425, 51.02803035185608], [-114.09176365215208, 51.028030161997094], [-114.09175742378909, 51.02802958437342], [-114.091751315198, 51.02802862454786], [-114.091745385208, 51.028027291764126], [-114.09173969092826, 51.02802559885766], [-114.09173428719792, 51.028023562132134], [-114.09172922605792, 51.02802120120235], [-114.09172455624986, 51.02801853880541], [-114.09172032274654, 51.02801560058172], [-114.09171656631891, 51.028012414828005], [-114.09171332314338, 51.02800901222487], [-114.09171062445344, 51.02800542554129], [-114.09170849623882, 51.02800168931903], [-114.09170695899527, 51.02799783953994], [-114.0917060275272, 51.02799391327959], [-114.09170571080494, 51.02798994835]]]}}, {"type": "Feature", "properties": {"tag": "T1781", "code": "TREE", "canopy_m": 1.0, "condition": "F", "in_inventory": false, "botanical": ""}, "geometry": {"type": "Polygon", "coordinates": [[[-114.09278482568652, 51.02918367391609], [-114.09278485912975, 51.029183233314264], [-114.09278496089667, 51.02918279690118], [-114.09278513000719, 51.02918236887975], [-114.09278536483266, 51.02918195337201], [-114.0927856631116, 51.02918155437954], [-114.09278602197142, 51.02918117574488], [-114.09278643795612, 51.02918082111447], [-114.0927869070595, 51.029180493903596], [-114.09278742476387, 51.029180197263464], [-114.09278798608344, 51.029179934050916], [-114.0927885856124, 51.02917970680078], [-114.09278921757696, 51.02917951770165], [-114.09278987589096, 51.02917936857462], [-114.09279055421447, 51.029179260855884], [-114.09279124601487, 51.029179195582806], [-114.09279194462974, 51.02917917338403], [-114.09279264333105, 51.02917919447332], [-114.09279333538991, 51.02917925864761], [-114.09279401414145, 51.02917936528881], [-114.09279467304886, 51.02917951336997], [-114.09279530576659, 51.02917970146493], [-114.09279590620113, 51.029179927762286], [-114.09279646857004, 51.02918019008262], [-114.09279698745738, 51.02918048589969], [-114.09279745786597, 51.02918081236458], [-114.09279787526553, 51.02918116633328], [-114.09279823563625, 51.02918154439687], [-114.0927985355076, 51.029181942914406], [-114.09279877199162, 51.02918235804792], [-114.09279894281087, 51.02918278579945], [-114.09279904632024, 51.02918322204953], [-114.09279908152287, 51.02918366259685], [-114.09279904807977, 51.029184103198666], [-114.09279894631298, 51.02918453961176], [-114.09279877720259, 51.02918496763323], [-114.09279854237722, 51.029185383140984], [-114.09279824409836, 51.02918578213347], [-114.0927978852386, 51.02918616076818], [-114.09279746925395, 51.02918651539863], [-114.09279700015057, 51.02918684260953], [-114.09279648244619, 51.02918713924971], [-114.09279592112658, 51.02918740246231], [-114.09279532159756, 51.02918762971248], [-114.09279468963291, 51.02918781881166], [-114.09279403131882, 51.029187967938704], [-114.09279335299519, 51.029188075657466], [-114.09279266119466, 51.02918814093055], [-114.09279196257965, 51.02918816312932], [-114.09279126387821, 51.02918814204003], [-114.09279057181922, 51.02918807786574], [-114.09278989306758, 51.029187971224495], [-114.09278923416004, 51.02918782314334], [-114.09278860144225, 51.02918763504833], [-114.09278800100762, 51.02918740875094], [-114.09278743863867, 51.02918714643056], [-114.09278691975133, 51.02918685061344], [-114.09278644934275, 51.02918652414851], [-114.09278603194323, 51.029186170179784], [-114.09278567157257, 51.029185792116145], [-114.09278537170131, 51.029185393598596], [-114.09278513521738, 51.029184978465054], [-114.09278496439825, 51.029184550713495], [-114.09278486088903, 51.0291841144634], [-114.09278482568652, 51.02918367391609]]]}}, {"type": "Feature", "properties": {"tag": "T1782", "code": "TREE", "canopy_m": 1.0, "condition": "F", "in_inventory": false, "botanical": ""}, "geometry": {"type": "Polygon", "coordinates": [[[-114.09269076463924, 51.029176080292736], [-114.09269079808337, 51.02917563969095], [-114.09269089985115, 51.02917520327796], [-114.0926910689625, 51.02917477525665], [-114.09269130378878, 51.02917435974909], [-114.09269160206848, 51.02917396075688], [-114.09269196092902, 51.02917358212249], [-114.09269237691436, 51.02917322749242], [-114.09269284601834, 51.02917290028193], [-114.09269336372321, 51.02917260364221], [-114.09269392504322, 51.02917234043011], [-114.09269452457255, 51.02917211318046], [-114.09269515653739, 51.02917192408184], [-114.09269581485158, 51.02917177495533], [-114.0926964931752, 51.02917166723714], [-114.0926971849756, 51.02917160196461], [-114.09269788359042, 51.02917157976641], [-114.09269858229158, 51.029171600856266], [-114.0926992743502, 51.02917166503109], [-114.09269995310139, 51.02917177167286], [-114.09270061200841, 51.029171919754546], [-114.09270124472563, 51.02917210785002], [-114.09270184515964, 51.02917233414785], [-114.09270240752794, 51.02917259646865], [-114.09270292641457, 51.029172892286134], [-114.09270339682243, 51.0291732187514], [-114.0927038142212, 51.02917357272044], [-114.0927041745911, 51.02917395078432], [-114.09270447446161, 51.02917434930208], [-114.09270471094476, 51.02917476443579], [-114.0927048817631, 51.02917519218748], [-114.09270498527157, 51.029175628437635], [-114.0927050204733, 51.029176068984974], [-114.09270498702932, 51.02917650958677], [-114.09270488526167, 51.02917694599978], [-114.09270471615044, 51.02917737402112], [-114.09270448132426, 51.02917778952868], [-114.09270418304465, 51.02917818852094], [-114.09270382418417, 51.029178567155355], [-114.09270340819887, 51.029178921785466], [-114.0927029390949, 51.029179248996016], [-114.09270242139002, 51.029179545635756], [-114.09270186006995, 51.02917980884791], [-114.09270126054058, 51.02918003609759], [-114.09270062857564, 51.02918022519625], [-114.09269997026135, 51.029180374322785], [-114.09269929193762, 51.02918048204099], [-114.09269860013707, 51.029180547313516], [-114.09269790152213, 51.02918056951173], [-114.09269720282084, 51.02918054842187], [-114.0926965107621, 51.02918048424703], [-114.09269583201078, 51.02918037760525], [-114.09269517310365, 51.02918022952354], [-114.09269454038633, 51.029180041428035], [-114.09269393995227, 51.02917981513016], [-114.09269337758394, 51.029179552809325], [-114.09269285869728, 51.0291792569918], [-114.09269238828944, 51.02917893052648], [-114.09269197089071, 51.02917857655741], [-114.09269161052086, 51.02917819849349], [-114.09269131065045, 51.029177799975685], [-114.09269107416742, 51.029177384841965], [-114.09269090334918, 51.029176957090264], [-114.09269079984084, 51.02917652084008], [-114.09269076463924, 51.029176080292736]]]}}, {"type": "Feature", "properties": {"tag": "T1783", "code": "TREE", "canopy_m": 10.0, "condition": "P", "in_inventory": false, "botanical": ""}, "geometry": {"type": "Polygon", "coordinates": [[[-114.09176066181989, 51.02897710678368], [-114.09176099634793, 51.02897270076826], [-114.09176201410854, 51.02896833664617], [-114.09176370529995, 51.02896405644631], [-114.09176605363487, 51.02895990138925], [-114.09176903649744, 51.02895591149048], [-114.09177262516091, 51.02895212517482], [-114.09177678506441, 51.02894857890653], [-114.09178147614573, 51.02894530683803], [-114.09178665322716, 51.028942340481095], [-114.09179226645061, 51.02893970840331], [-114.09179826175775, 51.028937435952926], [-114.09180458141053, 51.02893554501485], [-114.09181116454742, 51.02893405379981], [-114.09181794776931, 51.028932976668976], [-114.09182486575028, 51.02893232399566], [-114.09183185186656, 51.028932102065475], [-114.09183883883821, 51.02893231301571], [-114.0918457593771, 51.02893295481479], [-114.09185254683482, 51.02893402128189], [-114.0918591358446, 51.028935502146346], [-114.09186546295086, 51.02893738314668], [-114.09187146722022, 51.02893964616787], [-114.09187709082836, 51.02894226941584], [-114.09188227961694, 51.02894522762735], [-114.0918869836151, 51.02894849231324], [-114.09189115752073, 51.028952032032876], [-114.09189476113681, 51.02895581269689], [-114.09189775975842, 51.028959797895446], [-114.09190012450713, 51.02896394924897], [-114.09190183260891, 51.0289682267777], [-114.09190286761367, 51.02897258928673], [-114.09190321955353, 51.028976994762715], [-114.09190288503895, 51.02898140077852], [-114.0919018672913, 51.02898576490182], [-114.09190017611182, 51.02899004510367], [-114.09189782778736, 51.02899420016338], [-114.0918948449334, 51.02899819006542], [-114.09189125627634, 51.0290019763848], [-114.09188709637682, 51.02900552265713], [-114.09188240529687, 51.02900879472982], [-114.09187722821416, 51.02901176109096], [-114.09187161498681, 51.02901439317281], [-114.09186561967337, 51.029016665626926], [-114.09185930001203, 51.029018556568275], [-114.09185271686474, 51.02902004778602], [-114.09184593363094, 51.02902112491887], [-114.09183901563705, 51.029021777593414], [-114.09183202950733, 51.02902199952403], [-114.09182504252222, 51.0290217885734], [-114.09181812197039, 51.02902114677311], [-114.09181133450073, 51.029020080304036], [-114.09180474548046, 51.0290185994369], [-114.0917984183656, 51.02901671843332], [-114.09179241408982, 51.02901445540841], [-114.09178679047773, 51.02901183215639], [-114.09178160168777, 51.02900887394068], [-114.0917768976909, 51.029005609250596], [-114.09177272378915, 51.02900206952691], [-114.09176912017939, 51.028998288859164], [-114.09176612156631, 51.02899430365732], [-114.09176375682804, 51.02899015230109], [-114.09176204873816, 51.02898587477035], [-114.09176101374632, 51.02898151226008], [-114.09176066181989, 51.02897710678368]]]}}, {"type": "Feature", "properties": {"tag": "T1784", "code": "TREE", "canopy_m": 13.0, "condition": "F", "in_inventory": false, "botanical": ""}, "geometry": {"type": "Polygon", "coordinates": [[[-114.09302293446919, 51.029009335003195], [-114.09302336920034, 51.02900360717858], [-114.09302469213584, 51.028997933805684], [-114.09302689053479, 51.02899236952219], [-114.09302994322512, 51.028986967915124], [-114.09303382080748, 51.02898178100486], [-114.09303848593845, 51.02897685874407], [-114.09304389369008, 51.02897224853679], [-114.0930499919827, 51.028967994781674], [-114.09305672208637, 51.02896413844463], [-114.09306401918656, 51.02896071666418], [-114.09307181300825, 51.02895776239386], [-114.0930800284929, 51.02895530408482], [-114.09308858652108, 51.02895336541182], [-114.09309740467452, 51.02895196504528], [-114.09310639802992, 51.02895111647147], [-114.09311547997666, 51.02895082786255], [-114.09312456305092, 51.028951101998], [-114.09313355977811, 51.028951936237725], [-114.09314238351509, 51.02895332254762], [-114.09315094928476, 51.02895524757677], [-114.09315917459435, 51.02895769278616], [-114.09316698022982, 51.028960634627204], [-114.0931742910188, 51.02896404476841], [-114.09318103655448, 51.02896789036836], [-114.09318715187372, 51.02897213439195], [-114.0931925780826, 51.02897673596698], [-114.09319726292367, 51.02898165077791], [-114.0932011612792, 51.028986831492475], [-114.0932042356057, 51.02899222821766], [-114.09320645629543, 51.028997788980114], [-114.0932078019617, 51.029003460226704], [-114.09320825964465, 51.029009187340264], [-114.09320782493626, 51.02901491516556], [-114.09320650202264, 51.029020588540476], [-114.09320430364387, 51.02902615282732], [-114.09320125097125, 51.029031554438895], [-114.09319737340343, 51.029036741354666], [-114.0931927082833, 51.02904166362173], [-114.09318730053836, 51.02904627383586], [-114.09318120224806, 51.02905052759809], [-114.09317447214224, 51.02905438394224], [-114.0931671750355, 51.02905780572952], [-114.09315938120308, 51.02906076000616], [-114.093151165704, 51.02906321832074], [-114.09314260765824, 51.02906515699829], [-114.09313378948467, 51.02906655736823], [-114.09312479610743, 51.02906740594415], [-114.093115714138, 51.0290676945538], [-114.09310663104097, 51.029067420417675], [-114.09309763429192, 51.029066586175894], [-114.09308881053475, 51.02906519986267], [-114.09308024474737, 51.02906327482902], [-114.09307201942325, 51.02906082961411], [-114.09306421377693, 51.02905788776678], [-114.09305690298126, 51.02905447761876], [-114.09305015744324, 51.029050632011696], [-114.09304404212618, 51.029046387981], [-114.09303861592386, 51.02904178639912], [-114.09303393109349, 51.02903687158187], [-114.09303003275238, 51.029031690861764], [-114.0930269584435, 51.029026294132024], [-114.09302473777386, 51.02902073336617], [-114.09302339212944, 51.02901506211749], [-114.09302293446919, 51.029009335003195]]]}}, {"type": "Feature", "properties": {"tag": "T1785", "code": "TREE", "canopy_m": 2.0, "condition": "P", "in_inventory": true, "botanical": "Prunus cerasus"}, "geometry": {"type": "Polygon", "coordinates": [[[-114.0924897966122, 51.029016878046406], [-114.09248986350403, 51.02901599684292], [-114.09249006704266, 51.02901512401725], [-114.0924904052679, 51.02901426797518], [-114.09249087492243, 51.02901343696087], [-114.09249147148321, 51.02901263897743], [-114.09249218920505, 51.02901188170989], [-114.09249302117588, 51.02901117245113], [-114.09249395938336, 51.02901051803171], [-114.09249499479205, 51.02900992475404], [-114.09249611743039, 51.0290093983317], [-114.09249731648677, 51.029008943834434], [-114.09249858041362, 51.02900856563931], [-114.09249989703862, 51.029008267388505], [-114.092501253682, 51.02900805195438], [-114.09250263727851, 51.02900792141166], [-114.09250403450339, 51.02900787701755], [-114.09250543190059, 51.02900791919959], [-114.09250681601243, 51.02900804755154], [-114.09250817350917, 51.029008260837315], [-114.09250949131739, 51.02900855700284], [-114.09251075674582, 51.02900893319587], [-114.09251195760778, 51.0290093857935], [-114.09251308233827, 51.02900991043694], [-114.09251412010553, 51.029010502073604], [-114.0925150609153, 51.0290111550057], [-114.09251589570707, 51.02901186294515], [-114.09251661644133, 51.02901261907408], [-114.092517216177, 51.029013416110594], [-114.09251768913832, 51.02901424637878], [-114.09251803077039, 51.029015101882706], [-114.0925182377831, 51.029015974383405], [-114.0925183081828, 51.02901685547823], [-114.0925182412915, 51.02901773668174], [-114.09251803775338, 51.02901860950745], [-114.09251769952863, 51.02901946554959], [-114.09251722987452, 51.02902029656402], [-114.09251663331408, 51.02902109454757], [-114.0925159155925, 51.029021851815266], [-114.09251508362182, 51.0290225610742], [-114.0925141454144, 51.02902321549378], [-114.09251311000565, 51.02902380877162], [-114.09251198736716, 51.029024335194116], [-114.09251078831053, 51.02902478969153], [-114.09250952438335, 51.0290251678868], [-114.09250820775792, 51.02902546613771], [-114.09250685111407, 51.02902568157191], [-114.09250546751703, 51.029025812114675], [-114.09250407029162, 51.02902585650881], [-114.09250267289389, 51.029025814326744], [-114.09250128878152, 51.029025685974744], [-114.09249993128431, 51.02902547268891], [-114.09249861347568, 51.02902517652327], [-114.09249734804688, 51.029024800330106], [-114.09249614718469, 51.029024347732324], [-114.09249502245403, 51.02902382308872], [-114.09249398468671, 51.029023231451895], [-114.09249304387698, 51.02902257851964], [-114.09249220908539, 51.02902187058002], [-114.09249148835138, 51.02902111445095], [-114.09249088861604, 51.0290203174143], [-114.09249041565513, 51.029019487145995], [-114.09249007402354, 51.029018631641996], [-114.09248986701135, 51.02901775914124], [-114.0924897966122, 51.029016878046406]]]}}, {"type": "Feature", "properties": {"tag": "T1786", "code": "TREE", "canopy_m": 2.0, "condition": "G", "in_inventory": true, "botanical": "Prunus cerasus"}, "geometry": {"type": "Polygon", "coordinates": [[[-114.09248609329254, 51.02901848115447], [-114.09248616018445, 51.02901759995099], [-114.09248636372317, 51.029016727125324], [-114.09248670194847, 51.02901587108328], [-114.09248717160308, 51.02901504006897], [-114.09248776816395, 51.02901424208556], [-114.0924884858859, 51.02901348481803], [-114.09248931785679, 51.0290127755593], [-114.09249025606437, 51.02901212113991], [-114.09249129147314, 51.02901152786227], [-114.09249241411156, 51.02901100143998], [-114.09249361316802, 51.02901054694274], [-114.09249487709494, 51.02901016874765], [-114.09249619372001, 51.02900987049689], [-114.09249755036345, 51.029009655062815], [-114.09249893396002, 51.029009524520134], [-114.09250033118495, 51.02900948012608], [-114.09250172858219, 51.02900952230816], [-114.09250311269408, 51.029009650660164], [-114.09250447019085, 51.02900986394596], [-114.09250578799907, 51.02901016011153], [-114.09250705342754, 51.02901053630461], [-114.09250825428948, 51.02901098890227], [-114.09250937901999, 51.02901151354575], [-114.09251041678723, 51.029012105182446], [-114.09251135759699, 51.02901275811457], [-114.09251219238872, 51.02901346605403], [-114.09251291312295, 51.029014222183], [-114.09251351285857, 51.02901501921953], [-114.09251398581985, 51.02901584948775], [-114.09251432745187, 51.029016704991676], [-114.09251453446451, 51.029017577492375], [-114.09251460486415, 51.0290184585872], [-114.09251453797276, 51.02901933979069], [-114.09251433443457, 51.02902021261641], [-114.09251399620975, 51.02902106865855], [-114.09251352655555, 51.029021899672955], [-114.09251292999501, 51.029022697656494], [-114.09251221227335, 51.029023454924165], [-114.0925113803026, 51.029024164183056], [-114.09251044209508, 51.02902481860262], [-114.09250940668626, 51.02902541188042], [-114.09250828404768, 51.02902593830289], [-114.09250708499098, 51.02902639280026], [-114.09250582106371, 51.02902677099549], [-114.09250450443821, 51.029027069246354], [-114.0925031477943, 51.02902728468053], [-114.09250176419721, 51.02902741522324], [-114.09250036697175, 51.02902745961732], [-114.09249896957397, 51.02902741743522], [-114.09249758546156, 51.02902728908318], [-114.09249622796432, 51.02902707579728], [-114.09249491015568, 51.029026779631614], [-114.09249364472687, 51.029026403438394], [-114.09249244386466, 51.02902595084059], [-114.09249131913401, 51.02902542619695], [-114.09249028136671, 51.0290248345601], [-114.092489340557, 51.02902418162781], [-114.09248850576542, 51.02902347368817], [-114.09248778503145, 51.02902271755905], [-114.09248718529615, 51.029021920522396], [-114.0924867123353, 51.02902109025408], [-114.09248637070377, 51.02902023475006], [-114.09248616369163, 51.0290193622493], [-114.09248609329254, 51.02901848115447]]]}}, {"type": "Feature", "properties": {"tag": "T1787", "code": "TREE", "canopy_m": 9.0, "condition": "G", "in_inventory": false, "botanical": ""}, "geometry": {"type": "Polygon", "coordinates": [[[-114.09289946969042, 51.028847689453094], [-114.09289977066766, 51.02884372403626], [-114.09290068655343, 51.02883979631743], [-114.09290220852711, 51.02883594412266], [-114.09290432193112, 51.02883220455071], [-114.09290700641209, 51.028828613615644], [-114.09291023611692, 51.02882520590008], [-114.0929139799417, 51.02882201422215], [-114.09291820183132, 51.028819069319425], [-114.09292286112664, 51.028816399552845], [-114.09292791295613, 51.02881403063371], [-114.09293330866792, 51.02881198537593], [-114.09293899629847, 51.02881028347643], [-114.09294492107288, 51.02880894132541], [-114.09295102593245, 51.02880797184844], [-114.09295725208418, 51.02880738438211], [-114.09296353956698, 51.028807184584046], [-114.09296982782911, 51.0288073743784], [-114.09297605631133, 51.02880795193733], [-114.0929821650301, 51.028808911698675], [-114.09298809515523, 51.0288102444194], [-114.09299378957655, 51.02881193726472], [-114.09299919345374, 51.02881397393166], [-114.09300425474456, 51.02881633480604], [-114.0930089247061, 51.02881899715139], [-114.09301315836407, 51.02882193532792], [-114.09301691494602, 51.02882512103944], [-114.09302015827399, 51.02882852360583], [-114.09302285711284, 51.02883211025859], [-114.09302498547122, 51.02883584645632], [-114.09302652285172, 51.028839696217425], [-114.0930274544484, 51.02884362246661], [-114.09302777128933, 51.028847587391994], [-114.093027470323, 51.028851552809165], [-114.0930265544477, 51.02885548052898], [-114.0930250324837, 51.02885933272533], [-114.09302291908817, 51.02886307229944], [-114.09302023461417, 51.02886666323717], [-114.09301700491454, 51.02887007095574], [-114.09301326109296, 51.02887326263693], [-114.09300903920446, 51.028876207543064], [-114.09300437990811, 51.02887887731304], [-114.09299932807549, 51.02888124623547], [-114.09299393235855, 51.02888329149627], [-114.09298824472108, 51.028884993398414], [-114.09298231993824, 51.02888633555164], [-114.09297621506903, 51.02888730503024], [-114.09296998890684, 51.02888789249756], [-114.09296370141314, 51.02888809229597], [-114.09295741314013, 51.02888790250132], [-114.09295118464742, 51.0288873249414], [-114.09294507591898, 51.02888636517846], [-114.09293914578535, 51.02888503245556], [-114.09293345135707, 51.028883339607596], [-114.09292804747469, 51.028881302937656], [-114.09292298618065, 51.02887894205999], [-114.092918316218, 51.028876279711234], [-114.09291408256107, 51.0288733415313], [-114.09291032598225, 51.02887015581651], [-114.09290708265942, 51.02886675324708], [-114.09290438382747, 51.02886316659166], [-114.09290225547755, 51.02885943039176], [-114.09290071810669, 51.02885558062903], [-114.09289978652046, 51.02885165437883], [-114.09289946969042, 51.028847689453094]]]}}, {"type": "Feature", "properties": {"tag": "T1788", "code": "CON", "canopy_m": 5.0, "condition": "F", "in_inventory": false, "botanical": ""}, "geometry": {"type": "Polygon", "coordinates": [[[-114.09322783781984, 51.02851421350537], [-114.09322800501269, 51.02851201049543], [-114.09322851381911, 51.028509828427865], [-114.09322935933899, 51.0285076883172], [-114.09323053342946, 51.02850561077383], [-114.09323202478336, 51.02850361580565], [-114.0932338190381, 51.028501722625265], [-114.09323589891402, 51.02849994946503], [-114.09323824438073, 51.02849831340144], [-114.09324083285011, 51.028496830190655], [-114.09324363939382, 51.028495514116806], [-114.09324663698327, 51.028494377854365], [-114.0932497967501, 51.028493432346174], [-114.09325308826406, 51.02849268669796], [-114.09325647982608, 51.02849214809073], [-114.09325993877361, 51.02849182171156], [-114.09326343179518, 51.028491710703626], [-114.09326692525109, 51.02849181613603], [-114.09327038549749, 51.02849213699337], [-114.0932737792104, 51.02849267018564], [-114.09327707370655, 51.02849341057792], [-114.09328023725816, 51.02849435103981], [-114.09328323939853, 51.028495482514195], [-114.09328605121543, 51.028496794104335], [-114.09328864562954, 51.02849827317895], [-114.09329099765526, 51.02849990549372], [-114.09329308464127, 51.028501675328606], [-114.09329488648874, 51.02850356563913], [-114.0932963858449, 51.02850555822059], [-114.09329756827005, 51.02850763388334], [-114.09329842237679, 51.028509772637626], [-114.09329893993954, 51.028511953886095], [-114.09329911597386, 51.02851415662214], [-114.0932989487844, 51.028516359632185], [-114.09329843998121, 51.028518541700045], [-114.0932975944643, 51.0285206818112], [-114.09329642037645, 51.02852275935525], [-114.09329492902471, 51.028524754324245], [-114.09329313477156, 51.02852664750556], [-114.09329105489665, 51.02852842066679], [-114.09328870943028, 51.028530056731434], [-114.09328612096057, 51.02853153994327], [-114.0932833144159, 51.02853285601814], [-114.09328031682486, 51.02853399228151], [-114.0932771570559, 51.028534937790525], [-114.09327386553933, 51.02853568343941], [-114.09327047397434, 51.028536222047144], [-114.09326701502357, 51.02853654842664], [-114.09326352199865, 51.028536659434664], [-114.09326002853939, 51.02853655400217], [-114.09325656828973, 51.02853623314452], [-114.09325317457383, 51.02853569995176], [-114.09324988007508, 51.02853495955882], [-114.0932467165213, 51.02853401909611], [-114.09324371437935, 51.02853288762079], [-114.09324090256145, 51.02853157602964], [-114.093238308147, 51.028530096953986], [-114.0932359561216, 51.028528464638164], [-114.09323386913655, 51.02852669480227], [-114.09323206729066, 51.028524804490814], [-114.09323056793666, 51.02852281190853], [-114.0932293855141, 51.02852073624509], [-114.09322853141033, 51.02851859749029], [-114.09322801385082, 51.02851641624152], [-114.09322783781984, 51.02851421350537]]]}}, {"type": "Feature", "properties": {"tag": "T1789", "code": "TREE", "canopy_m": 1.0, "condition": "F", "in_inventory": true, "botanical": "Malus"}, "geometry": {"type": "Polygon", "coordinates": [[[-114.09310851612938, 51.02906828462318], [-114.09310854956945, 51.029067844021256], [-114.09310865133308, 51.029067407607904], [-114.0931088204402, 51.02906697958597], [-114.09310905526219, 51.02906656407758], [-114.09310935353761, 51.02906616508428], [-114.09310971239391, 51.029065786448626], [-114.0931101283751, 51.02906543181706], [-114.09311059747505, 51.02906510460489], [-114.09311111517607, 51.029064807963316], [-114.0931116764924, 51.029064544749204], [-114.0931122760183, 51.02906431749741], [-114.09311290797997, 51.02906412839652], [-114.09311356629128, 51.02906397926767], [-114.09311424461235, 51.02906387154704], [-114.09311493641057, 51.029063806272056], [-114.09311563502357, 51.029063784071354], [-114.09311633372329, 51.029063805158714], [-114.09311702578086, 51.029063869331075], [-114.09311770453145, 51.029063975970416], [-114.09311836343826, 51.02906412404974], [-114.09311899615571, 51.02906431214295], [-114.09311959659037, 51.02906453843865], [-114.09312015895969, 51.02906480075743], [-114.0931206778478, 51.02906509657307], [-114.09312114825748, 51.029065423036656], [-114.09312156565848, 51.02906577700421], [-114.09312192603095, 51.029066155066815], [-114.09312222590431, 51.02906655358352], [-114.09312246239065, 51.02906696871638], [-114.09312263321245, 51.02906739646746], [-114.09312273672458, 51.029067832717246], [-114.09312277193021, 51.02906827326447], [-114.09312273849025, 51.0290687138664], [-114.09312263672676, 51.029069150279774], [-114.09312246761976, 51.029069578301716], [-114.09312223279787, 51.029069993810126], [-114.09312193452253, 51.029070392803455], [-114.09312157566629, 51.02907077143916], [-114.09312115968514, 51.029071126070775], [-114.09312069058522, 51.02907145328299], [-114.09312017288418, 51.02907174992459], [-114.09311961156781, 51.02907201313875], [-114.09311901204185, 51.029072240390576], [-114.0931183800801, 51.0290724294915], [-114.09311772176868, 51.02907257862038], [-114.09311704344748, 51.029072686341024], [-114.09311635164913, 51.02907275161603], [-114.09311565303602, 51.02907277381674], [-114.09311495433617, 51.02907275272937], [-114.09311426227845, 51.029072688557], [-114.09311358352775, 51.02907258191764], [-114.09311292462083, 51.02907243383829], [-114.09311229190328, 51.02907224574503], [-114.09311169146858, 51.029072019449316], [-114.0931111290992, 51.029071757130474], [-114.09311061021108, 51.02907146131481], [-114.09311013980141, 51.02907113485116], [-114.09310972240047, 51.02907078088358], [-114.09310936202806, 51.02907040282094], [-114.09310906215478, 51.029070004304195], [-114.09310882566855, 51.02906958917132], [-114.09310865484687, 51.02906916142022], [-114.09310855133485, 51.02906872517041], [-114.09310851612938, 51.02906828462318]]]}}, {"type": "Feature", "properties": {"tag": "T1790", "code": "TREE", "canopy_m": 13.0, "condition": "P", "in_inventory": false, "botanical": ""}, "geometry": {"type": "Polygon", "coordinates": [[[-114.0913804686093, 51.0282058585015], [-114.0913809035355, 51.028200130682094], [-114.09138222664879, 51.028194457326926], [-114.09138442520656, 51.02818889307348], [-114.09138747803517, 51.02818349150849], [-114.091391355734, 51.02817830465195], [-114.09139602095847, 51.02817338245601], [-114.09140142877975, 51.028168772324044], [-114.09140752711748, 51.02816451865402], [-114.09141425724128, 51.028160662411025], [-114.09142155433645, 51.02815724073266], [-114.09142934812803, 51.02815428657149], [-114.09143756355772, 51.028151828377595], [-114.09144612150665, 51.02814988982466], [-114.09145493955732, 51.0281484895819], [-114.09146393278742, 51.028147641134424], [-114.09147301458749, 51.0281473526532], [-114.0914820974952, 51.028147626916414], [-114.0914910940375, 51.02814846128281], [-114.09149991757307, 51.028149847717], [-114.09150848312673, 51.02815177286691], [-114.09151670820779, 51.02815421819236], [-114.09152451360441, 51.028157160143635], [-114.09153182414654, 51.02816057038819], [-114.09153856942972, 51.02816441608362], [-114.09154468449326, 51.02816866019386], [-114.0915501104457, 51.02817326184592], [-114.09155479503204, 51.0281781767235], [-114.09155869313703, 51.0281833574937], [-114.09156176721957, 51.02818875426297], [-114.0915639876743, 51.028194315057526], [-114.09156533311678, 51.02819998632393], [-114.0915657905893, 51.028205713444805], [-114.09156535568584, 51.028211441264894], [-114.09156403259443, 51.0282171146221], [-114.09156183405685, 51.02822267887889], [-114.09155878124592, 51.028228080448386], [-114.09155490356164, 51.02823326731043], [-114.09155023834802, 51.028238189512656], [-114.09154483053344, 51.028242799651444], [-114.09153873219802, 51.02824705332857], [-114.09153200207204, 51.028250909578695], [-114.09152470497033, 51.02825433126388], [-114.09151691116804, 51.02825728543139], [-114.09150869572392, 51.02825974363082], [-114.09150013775738, 51.028261682188315], [-114.09149131968661, 51.02826308243445], [-114.09148232643467, 51.02826393088404], [-114.09147324461186, 51.028264219366], [-114.09146416168143, 51.02826394510211], [-114.09145516511725, 51.02826311073367], [-114.09144634156152, 51.02826172429613], [-114.09143777599014, 51.02825979914171], [-114.09142955089455, 51.028257353810744], [-114.09142174548708, 51.028254411853204], [-114.09141443493827, 51.02825100160183], [-114.09140768965275, 51.02824715589928], [-114.0914015745914, 51.02824291178193], [-114.09139614864553, 51.02823831012302], [-114.09139146406987, 51.02823339523914], [-114.0913875659793, 51.02822821446338], [-114.09138449191437, 51.028222817689574], [-114.09138227147974, 51.028217256891615], [-114.0913809260591, 51.02821158562312], [-114.0913804686093, 51.0282058585015]]]}}, {"type": "Feature", "properties": {"tag": "T1791", "code": "TREE", "canopy_m": 5.0, "condition": "F", "in_inventory": true, "botanical": "Malus"}, "geometry": {"type": "Polygon", "coordinates": [[[-114.09205049001176, 51.02871478240226], [-114.09205065726111, 51.02871257939404], [-114.092051166125, 51.02871039733165], [-114.09205201170275, 51.02870825722954], [-114.09205318585093, 51.02870617969804], [-114.09205467726181, 51.02870418474491], [-114.09205647157228, 51.02870229158266], [-114.09205855150209, 51.028700518443415], [-114.0920608970204, 51.028698882403475], [-114.09206348553856, 51.02869739921881], [-114.09206629212774, 51.02869608317325], [-114.09206928975897, 51.02869494694101], [-114.09207244956342, 51.02869400146467], [-114.0920757411105, 51.02869325584964], [-114.09207913270085, 51.02869271727656], [-114.09208259167163, 51.02869239093223], [-114.09208608471111, 51.0286922799595], [-114.09208957817948, 51.02869238542708], [-114.09209303843275, 51.02869270631927], [-114.09209643214685, 51.02869323954572], [-114.0920997266385, 51.028693979971166], [-114.09210289017997, 51.02869492046489], [-114.09210589230469, 51.0286960519695], [-114.09210870410054, 51.02869736358792], [-114.09211129848842, 51.02869884268863], [-114.09211365048297, 51.028700475027065], [-114.09211573743319, 51.028702244882936], [-114.09211753924058, 51.02870413521156], [-114.09211903855275, 51.02870612780808], [-114.09212022093045, 51.0287082034827], [-114.09212107498672, 51.028710342245546], [-114.09212159249648, 51.028712523499195], [-114.09212176847576, 51.02871472623694], [-114.09212160122978, 51.02871692924527], [-114.09212109236911, 51.02871911130794], [-114.09212024679435, 51.028721251410566], [-114.09211907264879, 51.02872332894273], [-114.09211758124006, 51.02872532389666], [-114.0921157869312, 51.028727217059846], [-114.09211370700237, 51.028728990200115], [-114.09211136148441, 51.028730626241085], [-114.09210877296593, 51.02873210942682], [-114.09210596637578, 51.02873342547339], [-114.09210296874298, 51.02873456170654], [-114.09209980893638, 51.02873550718372], [-114.09209651738671, 51.02873625279943], [-114.09209312579338, 51.028736791372985], [-114.09208966681936, 51.02873711771765], [-114.09208617377652, 51.02873722869049], [-114.0920826803048, 51.028737123222804], [-114.09207922004828, 51.02873680233031], [-114.0920758263312, 51.028736269103376], [-114.09207253183693, 51.02873552867726], [-114.09206936829331, 51.028734588182715], [-114.092066366167, 51.028733456677195], [-114.09206355437016, 51.02873214505773], [-114.09206095998192, 51.02873066595598], [-114.0920586079877, 51.0287290336165], [-114.09205652103844, 51.02872726375962], [-114.09205471923262, 51.028725373430056], [-114.0920532199226, 51.028723380832716], [-114.0920520375475, 51.02872130515742], [-114.0920511834942, 51.02871916639407], [-114.09205066598768, 51.028716985140136], [-114.09205049001176, 51.02871478240226]]]}}, {"type": "Feature", "properties": {"tag": "T1792", "code": "TREE", "canopy_m": 11.0, "condition": "G", "in_inventory": false, "botanical": ""}, "geometry": {"type": "Polygon", "coordinates": [[[-114.09157260987281, 51.028208315132254], [-114.09157297786727, 51.02820346851523], [-114.09157409740493, 51.02819866798212], [-114.09157595770378, 51.02819395976462], [-114.09157854084796, 51.02818938920542], [-114.09158182196016, 51.02818500032147], [-114.09158576944134, 51.02818083538005], [-114.09159034527498, 51.02817693449174], [-114.09159550539324, 51.028173335224196], [-114.09160120010132, 51.02817007224021], [-114.09160737455612, 51.02816717696407], [-114.09161396929431, 51.028164677278795], [-114.09162092080508, 51.02816259725764], [-114.09162816214172, 51.02816095693228], [-114.09163562356638, 51.02815977209993], [-114.09164323322166, 51.02815905417112], [-114.09165091782268, 51.02815881005986], [-114.09165860336272, 51.02815904211709], [-114.09166621582611, 51.028159748107974], [-114.09167368190084, 51.028160921233436], [-114.09168092968477, 51.02816255019571], [-114.09168788937798, 51.028164619307006], [-114.09169449395492, 51.02816710864072], [-114.09170067981005, 51.02816999422329], [-114.09170638737025, 51.028173248265034], [-114.09171156166866, 51.02817683942783], [-114.09171615287389, 51.028180733126874], [-114.09172011677006, 51.028184891863795], [-114.09172341518261, 51.02818927558775], [-114.09172601634585, 51.028193842081144], [-114.09172789520896, 51.0281985473662], [-114.09172903367728, 51.02820334612847], [-114.0917294207865, 51.02820819215329], [-114.09172905280832, 51.02821303877078], [-114.09172793328634, 51.028217839305356], [-114.09172607300192, 51.02822254752526], [-114.09172348987043, 51.02822711808768], [-114.09172020876863, 51.02823150697558], [-114.09171626129522, 51.0282356719215], [-114.09171168546638, 51.028239572814705], [-114.09170652534976, 51.02824317208733], [-114.09170083064014, 51.028246435076404], [-114.09169465618064, 51.02824933035744], [-114.0916880614348, 51.028251830047246], [-114.0916811099137, 51.02825391007236], [-114.09167386856444, 51.028255550400985], [-114.0916664071254, 51.02825673523576], [-114.09165879745447, 51.02825745316609], [-114.0916511128372, 51.02825769727786], [-114.09164342728087, 51.02825746522015], [-114.09163581480183, 51.02825675922781], [-114.09162834871263, 51.02825558609994], [-114.09162110091603, 51.028253957134446], [-114.09161414121242, 51.02825188801921], [-114.0916075366277, 51.028249398681], [-114.09160135076779, 51.028246513093535], [-114.0915956432059, 51.0282432590467], [-114.09159046890906, 51.02823966787883], [-114.09158587770854, 51.028235774174874], [-114.09158191382001, 51.02823161543342], [-114.0915786154178, 51.02822723170551], [-114.09157601426718, 51.02822266520884], [-114.09157413541845, 51.02821795992136], [-114.09157299696577, 51.02821316115759], [-114.09157260987281, 51.028208315132254]]]}}, {"type": "Feature", "properties": {"tag": "T1793", "code": "TREE", "canopy_m": 12.0, "condition": "G", "in_inventory": true, "botanical": "Prunus virginiana"}, "geometry": {"type": "Polygon", "coordinates": [[[-114.09179963986888, 51.02876196919544], [-114.09180004129625, 51.02875668197663], [-114.0918012625989, 51.028751445029535], [-114.09180329201479, 51.028746308788804], [-114.09180610999924, 51.02874132271921], [-114.09180968941331, 51.028736534839275], [-114.09181399578513, 51.02873199125882], [-114.09181898764183, 51.02872773573493], [-114.09182461690904, 51.028723809250565], [-114.09183082937379, 51.02872024961981], [-114.09183756520669, 51.02871709112377], [-114.09184475953806, 51.028714364180395], [-114.09185234308269, 51.02871209505159], [-114.09186024280709, 51.02871030559022], [-114.09186838263277, 51.028709013029705], [-114.09187668416905, 51.02870822981809], [-114.09188506746784, 51.02870796349812], [-114.0918934517937, 51.028708216634556], [-114.09190175640121, 51.02870898678958], [-114.09190990131279, 51.02871026654622], [-114.09191780808871, 51.02871204357974], [-114.0919254005826, 51.02871430077638], [-114.09193260567478, 51.0287170163982], [-114.09193935397643, 51.02872016429234], [-114.09194558049778, 51.02872371414294], [-114.09195122527404, 51.02872763176309], [-114.09195623394291, 51.028731879424065], [-114.09196055826811, 51.028736416218614], [-114.09196415660388, 51.028741198455045], [-114.0919669942961, 51.02874618007786], [-114.09196904401603, 51.02875131311134], [-114.0919702860235, 51.028756548121656], [-114.09197070835701, 51.02876183469279], [-114.09197030694901, 51.02876712191218], [-114.091969085665, 51.028772358861005], [-114.09196705626633, 51.02877749510459], [-114.09196423829697, 51.02878248117803], [-114.09196065889527, 51.02878726906265], [-114.09195635253269, 51.028791812648464], [-114.0919513606817, 51.02879606817816], [-114.09194573141646, 51.02879999466859], [-114.09193951894986, 51.02880355430541], [-114.09193278311137, 51.02880671280729], [-114.09192558877089, 51.02880943975603], [-114.09191800521397, 51.02881170888956], [-114.09191010547457, 51.02881349835482], [-114.09190196563175, 51.02881479091823], [-114.09189366407686, 51.02881557413162], [-114.0918852807587, 51.028815840452225], [-114.0918768964135, 51.028815587315215], [-114.09186859178732, 51.02881481715844], [-114.09186044685856, 51.02881353739895], [-114.09185254006756, 51.028811760361606], [-114.09184494756126, 51.028809503160254], [-114.09183774245984, 51.02880678753309], [-114.09183099415249, 51.028803639633125], [-114.09182476762918, 51.02880008977646], [-114.09181912285476, 51.02879617215026], [-114.09181411419146, 51.028791924483464], [-114.09180978987538, 51.02878738768353], [-114.09180619155191, 51.02878260544239], [-114.09180335387471, 51.028777623815685], [-114.0918013041719, 51.02877249077929], [-114.09180006218304, 51.02876725576721], [-114.09179963986888, 51.02876196919544]]]}}, {"type": "Feature", "properties": {"tag": "T1794", "code": "TREE", "canopy_m": 4.0, "condition": "F", "in_inventory": false, "botanical": ""}, "geometry": {"type": "Polygon", "coordinates": [[[-114.09225884280205, 51.028408777462985], [-114.09225897659277, 51.028407015056096], [-114.09225938367341, 51.028405269405376], [-114.09226006012351, 51.02840355732239], [-114.09226099942846, 51.02840189529544], [-114.09226219254225, 51.02840029933075], [-114.09226362797449, 51.02839878479832], [-114.09226529190119, 51.02839736628391], [-114.09226716829778, 51.02839605744859], [-114.09226923909357, 51.028394870897145], [-114.09227148434566, 51.028393818056706], [-114.09227388243103, 51.028392909066696], [-114.09227641025484, 51.02839215268116], [-114.0922790434728, 51.028391556184516], [-114.09228175672557, 51.028391125321356], [-114.09228452388311, 51.02839086424109], [-114.09228731829617, 51.02839077545807], [-114.0922901130531, 51.02839085982735], [-114.09229288123885, 51.02839111653639], [-114.09229559619432, 51.02839154311293], [-114.09229823177306, 51.02839213544884], [-114.09230076259298, 51.028392887839594], [-114.09230316428098, 51.02839379303926], [-114.09230541370745, 51.02839484233028], [-114.09230748920923, 51.02839602560741], [-114.09230937079809, 51.02839733147508], [-114.09231104035332, 51.028398747357045], [-114.09231248179614, 51.02840025961763], [-114.0923136812447, 51.028401853692934], [-114.0923146271476, 51.028403514231144], [-114.09231531039526, 51.02840522524037], [-114.09231572440763, 51.028406970242685], [-114.09231586519748, 51.028408732432744], [-114.09231573140892, 51.028410494839704], [-114.09231532433036, 51.02841224049062], [-114.09231464788216, 51.02841395257392], [-114.09231370857887, 51.028415614601286], [-114.09231251546646, 51.02841721056651], [-114.09231108003526, 51.02841872509954], [-114.09230941610919, 51.028420143614596], [-114.09230753971282, 51.02842145245058], [-114.09230546891682, 51.0284226390027], [-114.09230322366412, 51.02842369184379], [-114.09230082557772, 51.02842460083441], [-114.09229829775255, 51.028425357220456], [-114.09229566453293, 51.02842595371754], [-114.09229295127824, 51.028426384581024], [-114.09229018411864, 51.02842664566147], [-114.09228738970343, 51.02842673444456], [-114.09228459494436, 51.02842665007521], [-114.09228182675653, 51.028426393366], [-114.09227911179914, 51.02842596678913], [-114.09227647621873, 51.028425374452794], [-114.09227394539742, 51.02842462206153], [-114.09227154370842, 51.02842371686126], [-114.0922692942813, 51.02842266756959], [-114.0922672187793, 51.02842148429179], [-114.09226533719064, 51.02842017842345], [-114.09226366763605, 51.028418762540824], [-114.09226222619422, 51.028417250279645], [-114.09226102674704, 51.02841565620382], [-114.0922600808458, 51.028413995665176], [-114.09225939760003, 51.02841228465562], [-114.09225898358976, 51.028410539653116], [-114.09225884280205, 51.028408777462985]]]}}, {"type": "Feature", "properties": {"tag": "T1795", "code": "TREE", "canopy_m": 5.0, "condition": "F", "in_inventory": false, "botanical": ""}, "geometry": {"type": "Polygon", "coordinates": [[[-114.09218441595483, 51.02843122069968], [-114.09218458319685, 51.028429017691174], [-114.09218509205137, 51.02842683562811], [-114.09218593761778, 51.02842469552492], [-114.09218711175284, 51.028422617991986], [-114.0921886031489, 51.02842062303707], [-114.09219039744296, 51.028418729872655], [-114.092192477355, 51.02841695673095], [-114.09219482285428, 51.02841532068827], [-114.09219741135239, 51.028413837500565], [-114.09220021792065, 51.02841252145173], [-114.09220321553032, 51.02841138521603], [-114.09220637531277, 51.02841043973603], [-114.0922096668376, 51.02840969411719], [-114.0922130584057, 51.028409155540224], [-114.09221651735444, 51.02840882919192], [-114.0922200103723, 51.02840871821518], [-114.09222350381964, 51.028408823678774], [-114.09222696405271, 51.02840914456703], [-114.09223035774764, 51.02840967778963], [-114.0922336522213, 51.02841041821133], [-114.09223681574618, 51.028411358701504], [-114.09223981785581, 51.028412490202726], [-114.09224262963828, 51.02841380181802], [-114.09224522401458, 51.02841528091581], [-114.09224757599947, 51.02841691325164], [-114.09224966294204, 51.0284186831052], [-114.09225146474387, 51.028420573431866], [-114.09225296405262, 51.02842256602676], [-114.09225414642906, 51.02842464170013], [-114.09225500048626, 51.02842678046211], [-114.09225551799912, 51.02842896171525], [-114.09225569398367, 51.02843116445292], [-114.09225552674503, 51.028433367461524], [-114.09225501789375, 51.0284355495249], [-114.0922541723303, 51.028437689628575], [-114.09225299819788, 51.02843976716217], [-114.09225150680398, 51.02844176211791], [-114.09224971251152, 51.028443655283255], [-114.09224763260046, 51.028445428425975], [-114.09224528710152, 51.02844706446971], [-114.0922426986031, 51.028448547658456], [-114.09223989203386, 51.02844986370831], [-114.09223689442263, 51.02845099994494], [-114.09223373463803, 51.02845194542576], [-114.09223044311058, 51.028452691045274], [-114.09222705153951, 51.02845322962274], [-114.09222359258754, 51.028453555971346], [-114.09222009956632, 51.028453666948195], [-114.09221660611561, 51.02845356148451], [-114.09221314587931, 51.02845324059596], [-114.0922097521814, 51.02845270737286], [-114.09220645770512, 51.028451966950485], [-114.09220329417809, 51.02845102645949], [-114.09220029206685, 51.02844989495736], [-114.0921974802834, 51.02844858334106], [-114.09219488590675, 51.028447104242204], [-114.09219253392219, 51.02844547190533], [-114.09219044698058, 51.02844370205075], [-114.09218864518034, 51.02844181172315], [-114.09218714587374, 51.02843981912743], [-114.09218596349989, 51.02843774345339], [-114.09218510944567, 51.02843560469091], [-114.09218459193602, 51.028433423437455], [-114.09218441595483, 51.02843122069968]]]}}, {"type": "Feature", "properties": {"tag": "T1796", "code": "TREE", "canopy_m": 5.0, "condition": "F", "in_inventory": true, "botanical": "Prunus virginiana"}, "geometry": {"type": "Polygon", "coordinates": [[[-114.09251872914679, 51.02837617290899], [-114.09251889637275, 51.02837396989999], [-114.09251940521098, 51.02837178783545], [-114.09252025076101, 51.02836964772983], [-114.09252142487972, 51.028367570193524], [-114.09252291625965, 51.02836557523433], [-114.09252471053797, 51.028363682064786], [-114.09252679043477, 51.02836190891712], [-114.09252913591952, 51.0283602728677], [-114.09253172440387, 51.02835878967259], [-114.09253453095934, 51.02835747361573], [-114.09253752855727, 51.02835633737145], [-114.09254068832917, 51.0283553918824], [-114.09254397984475, 51.028354646254144], [-114.09254737140493, 51.02835410766748], [-114.09255083034722, 51.02835378130929], [-114.0925543233601, 51.02835367032256], [-114.09255781680406, 51.02835377577616], [-114.09256127703533, 51.02835409665452], [-114.09256467073006, 51.02835462986741], [-114.09256796520515, 51.02835537027969], [-114.09257112873301, 51.02835631076082], [-114.09257413084723, 51.028357442253466], [-114.09257694263579, 51.028358753860715], [-114.09257953701965, 51.028360232951115], [-114.09258188901347, 51.02836186528021], [-114.09258397596628, 51.028363635127825], [-114.09258577777958, 51.028365525449345], [-114.09258727710086, 51.02836751803997], [-114.09258845949084, 51.02836959370997], [-114.09258931356241, 51.02837173246951], [-114.09258983109035, 51.02837391372119], [-114.09259000709052, 51.028376116458354], [-114.09258983986793, 51.02837831946745], [-114.09258933103294, 51.0283805015323], [-114.09258848548589, 51.0283826416384], [-114.09258731136981, 51.02838471917537], [-114.09258581999202, 51.02838671413539], [-114.09258402571531, 51.02838860730587], [-114.09258194581949, 51.028390380454546], [-114.0925796003351, 51.028392016505], [-114.09257701185042, 51.02839349970117], [-114.09257420529399, 51.02839481575905], [-114.09257120769448, 51.02839595200426], [-114.09256804792044, 51.028396897494126], [-114.09256475640225, 51.02839764312305], [-114.09256136483909, 51.02839818171023], [-114.09255790589359, 51.028398508068726], [-114.09255441287732, 51.02839861905557], [-114.09255091943001, 51.028398513601864], [-114.09254745919549, 51.02839819272321], [-114.09254406549779, 51.028397659509814], [-114.09254077102008, 51.028396919096856], [-114.09253760749006, 51.028395978614924], [-114.09253460537425, 51.02839484712137], [-114.0925317935847, 51.02839353551309], [-114.0925291992005, 51.02839205642165], [-114.09252684720698, 51.0283904240915], [-114.09252476025515, 51.028388654242875], [-114.09252295844344, 51.028386763920416], [-114.09252145912428, 51.02838477132897], [-114.0925202767369, 51.028382695658316], [-114.09251942266832, 51.02838055689825], [-114.0925189051436, 51.02837837564626], [-114.09251872914679, 51.02837617290899]]]}}, {"type": "Feature", "properties": {"tag": "T1797", "code": "TREE", "canopy_m": 11.0, "condition": "F", "in_inventory": false, "botanical": ""}, "geometry": {"type": "Polygon", "coordinates": [[[-114.09226835334374, 51.028517510099114], [-114.09226872126804, 51.02851266348019], [-114.09226984074122, 51.02850786294071], [-114.09227170098193, 51.02850315471242], [-114.09227428407479, 51.028498584138106], [-114.09227756514305, 51.02849419523488], [-114.09228151258807, 51.028490030270184], [-114.09228608839369, 51.02848612935486], [-114.09229124849233, 51.028482530056806], [-114.0922969431894, 51.028479267039096], [-114.09230311764185, 51.02847637172636], [-114.09230971238642, 51.02847387200194], [-114.09231666391221, 51.028471791939516], [-114.0923239052724, 51.02847015157112], [-114.0923313667289, 51.02846896669438], [-114.092338976424, 51.02846824872029], [-114.09234666107241, 51.02846800456328], [-114.09235434666702, 51.02846823657471], [-114.09236195919156, 51.0284689425202], [-114.0923694253335, 51.028470115601124], [-114.09237667318999, 51.02847174452012], [-114.09238363296043, 51.02847381358982], [-114.09239023761856, 51.02847630288405], [-114.09239642355801, 51.02847918842959], [-114.0924021312049, 51.028482442437145], [-114.09240730559148, 51.028486033568875], [-114.09241189688554, 51.02848992724035], [-114.09241586087035, 51.028494085953405], [-114.09241915937048, 51.028498469657436], [-114.0924217606194, 51.02850303613507], [-114.0924236395655, 51.02850774140865], [-114.09242477811326, 51.028512540163845], [-114.09242516529766, 51.028517386186046], [-114.09242479738963, 51.02852223280544], [-114.09242367793209, 51.0285270333464], [-114.09242181770584, 51.02853174157709], [-114.09241923462565, 51.028536312154614], [-114.0924159535678, 51.0285407010618], [-114.09241200613053, 51.028544866030984], [-114.09240743032971, 51.0285487669512], [-114.09240227023274, 51.02855236625436], [-114.09239657553412, 51.02855562927714], [-114.09239040107698, 51.028558524594786], [-114.09238380632475, 51.02856102432372], [-114.09237685478863, 51.02856310439013], [-114.09236961341583, 51.02856474476177], [-114.09236215194494, 51.02856592964093], [-114.09235454223419, 51.02856664761654], [-114.09234685756951, 51.02856689177407], [-114.09233917195863, 51.02856665976217], [-114.09233155941844, 51.02856595381522], [-114.09232409326205, 51.0285647807319], [-114.09231684539287, 51.02856315180968], [-114.09230988561201, 51.02856108273602], [-114.09230328094614, 51.028558593437296], [-114.09229709500188, 51.02855570788686], [-114.09229138735333, 51.02855245387423], [-114.09228621296832, 51.028548862737395], [-114.09228162167894, 51.02854496906103], [-114.09227765770179, 51.028540810343465], [-114.09227435921198, 51.02853642663545], [-114.09227175797567, 51.02853186015456], [-114.09226987904398, 51.028527154878546], [-114.09226874051184, 51.02852235612185], [-114.09226835334374, 51.028517510099114]]]}}, {"type": "Feature", "properties": {"tag": "T1798", "code": "TREE", "canopy_m": 9.0, "condition": "F", "in_inventory": true, "botanical": "Prunus virginiana"}, "geometry": {"type": "Polygon", "coordinates": [[[-114.09182106711837, 51.02839444196581], [-114.09182136818474, 51.02839047655137], [-114.09182228415278, 51.02838654884065], [-114.09182380620106, 51.0283826966596], [-114.09182591967131, 51.02837895710682], [-114.09182860420952, 51.02837536619621], [-114.091831833962, 51.02837195851016], [-114.09183557782441, 51.02836876686652], [-114.09183979974128, 51.02836582200251], [-114.0918444590532, 51.0283631522787], [-114.09184951088847, 51.02836078340599], [-114.0918549065952, 51.02835873819786], [-114.09186059420986, 51.02835703635073], [-114.09186651895773, 51.02835569425425], [-114.09187262378033, 51.02835472483357], [-114.09187884988505, 51.028354137424685], [-114.09188513731124, 51.02835393768465], [-114.09189142550773, 51.02835412753707], [-114.09189765391585, 51.02835470515356], [-114.09190376255283, 51.028355664971386], [-114.09190969258925, 51.02835699774699], [-114.0919153869158, 51.02835869064505], [-114.09192079069305, 51.028360727362056], [-114.09192585187978, 51.028363088283385], [-114.09193052173401, 51.02836575067209], [-114.09193475528254, 51.028368688887966], [-114.09193851175394, 51.028371874634445], [-114.0919417549713, 51.0283752772311], [-114.09194445370059, 51.028378863909104], [-114.09194658195149, 51.02838260012682], [-114.09194811922764, 51.02838644990246], [-114.09194905072408, 51.0283903761606], [-114.09194936746988, 51.028394341089275], [-114.09194906641441, 51.02839830650401], [-114.09194815045684, 51.02840223421571], [-114.09194662841823, 51.02840608639838], [-114.09194451495647, 51.02840982595332], [-114.09194183042524, 51.028413416866556], [-114.09193860067795, 51.02841682455563], [-114.09193485681874, 51.028420016202546], [-114.091930634903, 51.02842296106996], [-114.09192597559004, 51.028425630797166], [-114.09192092375163, 51.02842799967315], [-114.09191552803976, 51.028430044884324], [-114.09190984041818, 51.028431746734114], [-114.09190391566189, 51.02843308883275], [-114.09189781082964, 51.02843405825507], [-114.09189158471446, 51.028434645664966], [-114.09188529727737, 51.02843484540534], [-114.09187900907, 51.02843465555261], [-114.09187278065139, 51.02843407793513], [-114.09186667200473, 51.02843311811571], [-114.0918607419598, 51.02843178533795], [-114.0918550476263, 51.02843009243725], [-114.09184964384386, 51.02842805571722], [-114.09184458265392, 51.02842569479264], [-114.09183991279856, 51.02842303240052], [-114.09183567925108, 51.02842009418123], [-114.09183192278283, 51.02841690843147], [-114.0918286795706, 51.02841350583177], [-114.09182598084821, 51.02840991915113], [-114.09182385260576, 51.028406182931235], [-114.09182231533926, 51.02840233315396], [-114.09182138385327, 51.02839840689481], [-114.09182106711837, 51.02839444196581]]]}}, {"type": "Feature", "properties": {"tag": "T1799", "code": "TREE", "canopy_m": 13.0, "condition": "G", "in_inventory": true, "botanical": "Malus"}, "geometry": {"type": "Polygon", "coordinates": [[[-114.09278294621892, 51.02887065197247], [-114.09278338097836, 51.02886492414859], [-114.09278470393924, 51.028859250778275], [-114.0927869023604, 51.02885368649915], [-114.09278995506953, 51.0288482848982], [-114.09279383266714, 51.028843097995775], [-114.09279849780964, 51.02883817574445], [-114.09280390556899, 51.02883356554814], [-114.0928100038654, 51.028829311805445], [-114.09281673396893, 51.02882545548213], [-114.09282403106504, 51.028822033716594], [-114.09283182487877, 51.028819079462224], [-114.09284004035163, 51.02881662116999], [-114.09284859836431, 51.02881468251453], [-114.09285741649872, 51.028813282166084], [-114.09286640983169, 51.02881243361071], [-114.09287549175282, 51.02881214502045], [-114.0928845747986, 51.028812419174564], [-114.09289357149464, 51.02881325343282], [-114.09290239519814, 51.028814639760874], [-114.09291096093234, 51.028816564807684], [-114.09291918620477, 51.028819010034056], [-114.09292699180176, 51.028821951891196], [-114.09293430255133, 51.02882536204752], [-114.09294104804701, 51.02882920766144], [-114.09294716332609, 51.02883345169771], [-114.092952589495, 51.02883805328402], [-114.09295727429671, 51.0288429681047], [-114.09296117261385, 51.02884814882742], [-114.09296424690328, 51.028853545559066], [-114.09296646755767, 51.02885910632624], [-114.09296781319061, 51.02886477757574], [-114.0929682708426, 51.02887050469039], [-114.0929678361059, 51.028876232514946], [-114.0929665131669, 51.02888190588731], [-114.09296431476592, 51.02888747016977], [-114.0929612620745, 51.02889287177521], [-114.09295738449143, 51.02889805868315], [-114.09295271935977, 51.028902980940764], [-114.09294731160713, 51.0289075911439], [-114.09294121331303, 51.028911844893706], [-114.09293448320733, 51.02891570122413], [-114.09292718610467, 51.028919122996506], [-114.09291939228024, 51.0289220772572], [-114.09291117679295, 51.02892453555497], [-114.09290261876266, 51.02892647421499], [-114.09289380060817, 51.02892787456683], [-114.09288480725334, 51.0289287231243], [-114.09287572530948, 51.02892901171529], [-114.09286664224098, 51.0289287375605], [-114.09285764552307, 51.0289279033002], [-114.09284882179936, 51.028926516968795], [-114.09284025604747, 51.028924591917495], [-114.09283203076049, 51.02892214668561], [-114.09282422515265, 51.02891920482219], [-114.0928169143964, 51.028915794659035], [-114.09281016889838, 51.02891194903801], [-114.09280405362149, 51.02890770499464], [-114.09279862745913, 51.02890310340147], [-114.09279394266812, 51.02889818857447], [-114.09279004436542, 51.028893007846214], [-114.0927869700936, 51.02888761111001], [-114.09278474945931, 51.02888205033946], [-114.0927834038482, 51.02887637908785], [-114.09278294621892, 51.02887065197247]]]}}, {"type": "Feature", "properties": {"tag": "T1800", "code": "TREE", "canopy_m": 6.0, "condition": "G", "in_inventory": false, "botanical": ""}, "geometry": {"type": "Polygon", "coordinates": [[[-114.09236722650024, 51.02898168118987], [-114.09236742718258, 51.0289790375796], [-114.09236803780489, 51.02897641910321], [-114.09236905248645, 51.02897385097805], [-114.09237046145526, 51.02897135793654], [-114.09237225114217, 51.02896896398805], [-114.09237440431141, 51.02896669218758], [-114.0923769002268, 51.02896456441379], [-114.09237971485126, 51.02896260115828], [-114.09238282107843, 51.02896082132827], [-114.09238618899364, 51.02895924206446], [-114.09238978616204, 51.028957878575994], [-114.09239357794098, 51.02895674399401], [-114.0923975278136, 51.02895584924512], [-114.0924015977405, 51.028955202946264], [-114.09240574852615, 51.0289548113216], [-114.09240994019626, 51.028954678142696], [-114.09241413238283, 51.02895480469215], [-114.09241828471288, 51.02895518975121], [-114.09242235719728, 51.02895582961155], [-114.09242631061583, 51.02895671811098], [-114.09243010689501, 51.02895784669279], [-114.09243370947462, 51.028959204488125], [-114.09243708365987, 51.02896077842069], [-114.09244019695555, 51.02896255333268], [-114.0924430193789, 51.02896451213075], [-114.09244552374848, 51.02896663595061], [-114.09244768594577, 51.02896890433876], [-114.09244948514764, 51.02897129544937], [-114.0924509040267, 51.02897378625477], [-114.09245192891836, 51.02897635276717], [-114.0924525499523, 51.028978970269634], [-114.0924527611475, 51.02898161355421], [-114.09245256047, 51.02898425716462], [-114.09245194985236, 51.02898687564146], [-114.09245093517511, 51.028989443767344], [-114.09244952621006, 51.02899193680979], [-114.09244773652625, 51.02899433075946], [-114.09244558335931, 51.02899660256127], [-114.09244308744535, 51.02899873033652], [-114.09244027282138, 51.02900069359354], [-114.09243716659375, 51.02900247342507], [-114.09243379867715, 51.02900405269033], [-114.09243020150646, 51.02900541618015], [-114.09242640972445, 51.02900655076331], [-114.09242245984808, 51.029007445513166], [-114.09241838991689, 51.029008091812756], [-114.0924142391266, 51.029008483437856], [-114.09241004745165, 51.02900861661692], [-114.09240585526024, 51.029008490067326], [-114.09240170292551, 51.029008105007826], [-114.09239763043684, 51.02900746514677], [-114.0923936770145, 51.02900657664638], [-114.09238988073223, 51.0290054480634], [-114.09238627815031, 51.02900409026673], [-114.09238290396364, 51.0290025163327], [-114.09237979066747, 51.0290007414192], [-114.09237696824457, 51.028998782619624], [-114.0923744638764, 51.0289966587983], [-114.09237230168137, 51.028994390408805], [-114.09237050248258, 51.02899199929702], [-114.09236908360727, 51.028989508490646], [-114.09236805871987, 51.02898694197752], [-114.09236743769061, 51.02898432447461], [-114.09236722650024, 51.02898168118987]]]}}, {"type": "Feature", "properties": {"tag": "T1801", "code": "TREE", "canopy_m": 1.0, "condition": "F", "in_inventory": false, "botanical": ""}, "geometry": {"type": "Polygon", "coordinates": [[[-114.09147770224754, 51.02826200439561], [-114.09147773570253, 51.02826156379409], [-114.0914778374797, 51.02826112738209], [-114.0914780065989, 51.02826069936246], [-114.09147824143143, 51.02826028385728], [-114.0914785397157, 51.02825988486809], [-114.09147889857908, 51.02825950623738], [-114.0914793145655, 51.02825915161157], [-114.09147978366882, 51.02825882440588], [-114.09148030137128, 51.0282585277715], [-114.09148086268712, 51.028258264565174], [-114.09148146221061, 51.02825803732172], [-114.09148209416796, 51.028257848229636], [-114.0914827524731, 51.02825769910994], [-114.09148343078621, 51.028257591398784], [-114.09148412257473, 51.02825752613344], [-114.0914848211764, 51.028257503942484], [-114.09148551986326, 51.028257525039606], [-114.0914862119066, 51.02825758922164], [-114.09148689064168, 51.02825769587047], [-114.09148754953186, 51.028257843959025], [-114.09148818223174, 51.0282580320611], [-114.09148878264803, 51.02825825836521], [-114.09148934499842, 51.0282585206919], [-114.09148986386714, 51.02825881651483], [-114.09149033425722, 51.02825914298505], [-114.09149075163853, 51.028259496958476], [-114.09149111199149, 51.02825987502616], [-114.09149141184565, 51.02826027354712], [-114.09149164831332, 51.02826068868336], [-114.09149181911712, 51.028261116436866], [-114.09149192261216, 51.028261552688186], [-114.0914919578017, 51.02826199323597], [-114.09149192434685, 51.0282624338375], [-114.09149182256981, 51.02826287024951], [-114.09149165345072, 51.02826329826916], [-114.0914914186183, 51.02826371377437], [-114.09149112033411, 51.02826411276358], [-114.09149076147081, 51.02826449139434], [-114.09149034548442, 51.0282648460202], [-114.09148987638113, 51.028265173225904], [-114.09148935867866, 51.02826546986034], [-114.09148879736276, 51.0282657330667], [-114.09148819783923, 51.02826596031019], [-114.09148756588178, 51.02826614940231], [-114.09148690757652, 51.02826629852204], [-114.0914862292633, 51.02826640623322], [-114.09148553747465, 51.02826647149857], [-114.09148483887287, 51.028266493689536], [-114.09148414018587, 51.028266472592406], [-114.0914834481424, 51.028266408410374], [-114.09148276940721, 51.028266301761505], [-114.09148211051689, 51.02826615367293], [-114.09148147781694, 51.02826596557082], [-114.09148087740057, 51.02826573926667], [-114.09148031505015, 51.02826547693995], [-114.09147979618142, 51.02826518111698], [-114.09147932579135, 51.02826485464672], [-114.09147890841007, 51.028264500673245], [-114.0914785480572, 51.02826412260551], [-114.0914782482031, 51.02826372408454], [-114.09147801173555, 51.02826330894827], [-114.09147784093186, 51.02826288119473], [-114.09147773743695, 51.0282624449434], [-114.09147770224754, 51.02826200439561]]]}}, {"type": "Feature", "properties": {"tag": "T1802", "code": "TREE", "canopy_m": 8.0, "condition": "F", "in_inventory": false, "botanical": ""}, "geometry": {"type": "Polygon", "coordinates": [[[-114.09126913028133, 51.029017621980074], [-114.09126939794128, 51.02901409716888], [-114.09127021218744, 51.029010605874646], [-114.09127156517806, 51.02900718172045], [-114.09127344388298, 51.02900385768273], [-114.09127583020917, 51.029000665773786], [-114.09127870117493, 51.028997636733386], [-114.0912820291312, 51.028994799732835], [-114.09128578202792, 51.028992182093944], [-114.09128992372263, 51.02898980902599], [-114.09129441432856, 51.02898770338286], [-114.09129921059876, 51.028985885443014], [-114.09130426634258, 51.02898437271418], [-114.09130953287053, 51.02898317976473], [-114.09131495946313, 51.02898231808338], [-114.09132049385947, 51.02898179596858], [-114.09132608276042, 51.028981618448576], [-114.09133167234188, 51.028981787232986], [-114.0913372087733, 51.02898230069631], [-114.09134263873591, 51.02898315389364], [-114.09134790993632, 51.028984338608225], [-114.09135297161008, 51.02898584343066], [-114.09135777501058, 51.0289876538687], [-114.09136227387853, 51.02898975248686], [-114.0913664248874, 51.02899211907436], [-114.0913701880607, 51.0289947308397], [-114.091373527157, 51.02899756263018], [-114.09137641001898, 51.02900058717415], [-114.091378808883, 51.02900377534364], [-114.09138070064664, 51.02900709643485], [-114.09138206709108, 51.02901051846392], [-114.0913828950566, 51.02901400847481], [-114.09138317656931, 51.02901753285684], [-114.09138290891798, 51.0290210576683], [-114.0913820946801, 51.02902454896331], [-114.09138074169712, 51.02902797311877], [-114.0913788629989, 51.0290312971582], [-114.09137647667822, 51.02903448906923], [-114.09137360571657, 51.029037518112006], [-114.09137027776282, 51.02904035511514], [-114.09136652486698, 51.02904297275672], [-114.09136238317146, 51.02904534582738], [-114.09135789256302, 51.02904745147308], [-114.09135309628878, 51.029049269415324], [-114.0913480405395, 51.02905078214626], [-114.09134277400489, 51.029051975097445], [-114.09133734740468, 51.029052836780075], [-114.09133181300005, 51.029053358895666], [-114.09132622409051, 51.029053536415944], [-114.09132063450043, 51.02905336763128], [-114.09131509806073, 51.02905285416719], [-114.09130966809049, 51.029052000968576], [-114.09130439688337, 51.02905081625229], [-114.0912993352041, 51.02904931142776], [-114.09129453179949, 51.02904750098736], [-114.091290032929, 51.02904540236661], [-114.09128588191928, 51.02904303577641], [-114.09128211874678, 51.02904042400839], [-114.09127877965297, 51.02903759221532], [-114.09127589679504, 51.029034567668944], [-114.09127349793647, 51.02903137949736], [-114.0912716061795, 51.029028058404414], [-114.09127023974268, 51.02902463637408], [-114.09126941178545, 51.029021146362396], [-114.09126913028133, 51.029017621980074]]]}}, {"type": "Feature", "properties": {"tag": "T1803", "code": "TREE", "canopy_m": 7.0, "condition": "F", "in_inventory": false, "botanical": ""}, "geometry": {"type": "Polygon", "coordinates": [[[-114.09113372734252, 51.02874072617556], [-114.09113396155259, 51.028737641965876], [-114.09113467402267, 51.0287345870841], [-114.0911358578912, 51.028731590950414], [-114.0911375017568, 51.028728682419185], [-114.09113958978807, 51.02872588950115], [-114.09114210187606, 51.02872323909362], [-114.09114501382794, 51.028720756721434], [-114.09114829760001, 51.028718466291174], [-114.09115192156773, 51.028716389860875], [-114.09115585083032, 51.02871454742772], [-114.09116004754686, 51.028712956735276], [-114.09116447130071, 51.02871163310277], [-114.09116907948878, 51.0287105892775], [-114.09117382773177, 51.028709835312], [-114.09117867030159, 51.02870937846742], [-114.09118356056172, 51.028709223143366], [-114.0911884514164, 51.02870937083573], [-114.09119329576409, 51.02870982012213], [-114.0911980469512, 51.02871056667571], [-114.09120265922127, 51.02871160330676], [-114.09120708815568, 51.02871292003198], [-114.09121129110144, 51.02871450417061], [-114.09121522758194, 51.02871634046654], [-114.09121885968673, 51.0287184112353], [-114.0912221524367, 51.02872069653425], [-114.09122507412081, 51.02872317435476], [-114.09122759660164, 51.028725820834076], [-114.09122969558629, 51.028728610485196], [-114.09123135086031, 51.028731516442285], [-114.09123254648246, 51.02873451071938], [-114.09123327093812, 51.02873756448], [-114.09123351725033, 51.02874064831475], [-114.09123328304685, 51.028743732524624], [-114.09123257058312, 51.02874678740699], [-114.09123138672044, 51.02874978354165], [-114.09122974285995, 51.028752692074185], [-114.0912276548329, 51.02875548499382], [-114.09122514274806, 51.02875813540317], [-114.09122223079812, 51.02876061777733], [-114.09121894702673, 51.02876290820966], [-114.09121532305838, 51.02876498464202], [-114.0912113937939, 51.02876682707715], [-114.09120719707424, 51.02876841777143], [-114.09120277331621, 51.028769741405526], [-114.09119816512303, 51.02877078523215], [-114.0911934168742, 51.028771539198615], [-114.09118857429807, 51.02877199604382], [-114.09118368403135, 51.02877215136806], [-114.09117879317007, 51.02877200367552], [-114.09117394881604, 51.02877155438852], [-114.09116919762309, 51.02877080783397], [-114.09116458534788, 51.0287697712016], [-114.09116015640926, 51.0287684544748], [-114.09115595346034, 51.028766870334344], [-114.0911520169779, 51.02876503403643], [-114.09114838487244, 51.02876296326561], [-114.09114509212311, 51.0287606779646], [-114.09114217044089, 51.028758200142114], [-114.09113964796316, 51.028755553660964], [-114.09113754898269, 51.02875276400824], [-114.09113589371378, 51.028749858049835], [-114.09113469809748, 51.02874686377175], [-114.09113397364813, 51.02874381001053], [-114.09113372734252, 51.02874072617556]]]}}, {"type": "Feature", "properties": {"tag": "T1804", "code": "TREE", "canopy_m": 2.0, "condition": "F", "in_inventory": false, "botanical": ""}, "geometry": {"type": "Polygon", "coordinates": [[[-114.09241909311386, 51.02839588538327], [-114.09241916000617, 51.02839500417973], [-114.09241936354343, 51.02839413135409], [-114.09241970176546, 51.02839327531215], [-114.092420171415, 51.02839244429802], [-114.09242076796905, 51.02839164631486], [-114.09242148568245, 51.028390889047685], [-114.09242231764325, 51.028390179789355], [-114.09242325583921, 51.02838952537044], [-114.09242429123498, 51.02838893209334], [-114.09242541385913, 51.02838840567164], [-114.09242661290018, 51.02838795117505], [-114.09242787681073, 51.028387572980655], [-114.0924291934186, 51.02838727473062], [-114.09243055004418, 51.0283870592973], [-114.0924319336224, 51.0283869287554], [-114.09243333082868, 51.02838688436216], [-114.09243472820715, 51.02838692654505], [-114.0924361123003, 51.02838705489788], [-114.09243746977857, 51.02838726818449], [-114.09243878756871, 51.028387564350865], [-114.09244005297968, 51.02838794054472], [-114.09244125382487, 51.02838839314312], [-114.09244237853953, 51.028388917787304], [-114.09244341629201, 51.02838950942466], [-114.09244435708823, 51.02839016235741], [-114.09244519186774, 51.028390870297436], [-114.0924459125912, 51.02839162642689], [-114.09244651231765, 51.028392423463856], [-114.09244698527137, 51.02839325373243], [-114.09244732689754, 51.02839410923667], [-114.09244753390615, 51.028394981737584], [-114.09244760430356, 51.02839586283254], [-114.0924475374118, 51.0283967440361], [-114.09244733387504, 51.02839761686179], [-114.0924469956535, 51.02839847290382], [-114.0924465260044, 51.02839930391804], [-114.09244592945069, 51.02840010190133], [-114.09244521173753, 51.028400859168656], [-114.0924443797769, 51.02840156842714], [-114.09244344158098, 51.02840222284623], [-114.09244240618517, 51.028402816123496], [-114.09244128356086, 51.02840334254536], [-114.09244008451955, 51.028403797042095], [-114.09243882060866, 51.02840417523662], [-114.09243750400037, 51.028404473486766], [-114.09243614737433, 51.02840468892016], [-114.09243476379557, 51.028404819462104], [-114.09243336658876, 51.02840486385537], [-114.09243196920977, 51.02840482167246], [-114.09243058511609, 51.02840469331959], [-114.09242922763734, 51.0284044800329], [-114.09242790984678, 51.028404183866414], [-114.09242664443546, 51.02840380767244], [-114.09242544359, 51.028403355073884], [-114.09242431887519, 51.02840283042953], [-114.09242328112265, 51.02840223879201], [-114.09242234032651, 51.02840158585909], [-114.09242150554714, 51.028400877918905], [-114.09242078482393, 51.028400121789296], [-114.09242018509782, 51.02839932475221], [-114.09241971214452, 51.02839849448352], [-114.09241937051883, 51.028397638979214], [-114.09241916351074, 51.02839676647824], [-114.09241909311386, 51.02839588538327]]]}}, {"type": "Feature", "properties": {"tag": "T1805", "code": "CON", "canopy_m": 11.0, "condition": "F", "in_inventory": true, "botanical": "Picea pungens"}, "geometry": {"type": "Polygon", "coordinates": [[[-114.09245459922528, 51.028250241152485], [-114.09245496712809, 51.02824539453278], [-114.09245608657564, 51.0282405939913], [-114.0924579467868, 51.02823588575983], [-114.09246052984653, 51.028231315181216], [-114.09246381087836, 51.028226926272566], [-114.092467758284, 51.02822276130143], [-114.0924723340477, 51.02821886037865], [-114.09247749410225, 51.02821526107221], [-114.09248318875349, 51.028211998045315], [-114.09248936315885, 51.02820910272263], [-114.09249595785548, 51.02820660298761], [-114.09250290933296, 51.02820452291402], [-114.09251015064493, 51.02820288253405], [-114.09251761205375, 51.02820169764539], [-114.09252522170222, 51.02820097965916], [-114.09253290630545, 51.028200735489904], [-114.09254059185676, 51.02820096748913], [-114.09254820434032, 51.02820167342254], [-114.092555670444, 51.02820284649163], [-114.09256291826532, 51.02820447539917], [-114.09256987800399, 51.0282065444579], [-114.09257648263407, 51.02820903374173], [-114.09258266854948, 51.02821191927756], [-114.09258837617655, 51.02821517327617], [-114.09259355054772, 51.02821876439984], [-114.09259814183095, 51.02822265806417], [-114.0926021058096, 51.02822681677111], [-114.09260540430827, 51.02823120047009], [-114.0926080055605, 51.02823576694379], [-114.0926098845146, 51.028240472214584], [-114.09261102307501, 51.02824527096817], [-114.09261141027656, 51.02825011698998], [-114.09261104239003, 51.028254963610166], [-114.09260992295815, 51.02825976415312], [-114.09260806276144, 51.02826447238697], [-114.09260547971438, 51.02826904296881], [-114.09260219869296, 51.028273431881395], [-114.09259825129507, 51.028277596857045], [-114.09259367553618, 51.028281497784704], [-114.09258851548329, 51.02828509709624], [-114.0925828208305, 51.02828836012823], [-114.09257664642045, 51.02829125545583], [-114.09257005171615, 51.02829375519535], [-114.09256310022833, 51.0282958352729], [-114.09255585890376, 51.02829747565615], [-114.09254839748054, 51.02829866054723], [-114.09254078781646, 51.028299378534975], [-114.09253310319696, 51.02829962270474], [-114.09252541762936, 51.028299390705044], [-114.09251780513013, 51.028298684770164], [-114.09251033901201, 51.02829751169869], [-114.09250309117802, 51.028295882787916], [-114.09249613142893, 51.02829381372524], [-114.09248952679108, 51.02829132443692], [-114.09248334087087, 51.0282884388962], [-114.09247763324215, 51.028285184892496], [-114.09247245887254, 51.02828159376373], [-114.092467867594, 51.028277700094506], [-114.09246390362301, 51.02827354138305], [-114.09246060513466, 51.028269157680086], [-114.09245800389503, 51.02826459120315], [-114.09245612495533, 51.02825988592993], [-114.09245498641056, 51.02825508717482], [-114.09245459922528, 51.028250241152485]]]}}, {"type": "Feature", "properties": {"tag": "T1806", "code": "CON", "canopy_m": 8.0, "condition": "F", "in_inventory": false, "botanical": ""}, "geometry": {"type": "Polygon", "coordinates": [[[-114.09197699273398, 51.027982696171804], [-114.09197726033437, 51.02797917135839], [-114.09197807450931, 51.02797568005863], [-114.09197942741774, 51.02797225589566], [-114.09198130603029, 51.027968931846026], [-114.0919836922548, 51.0279657399221], [-114.09198656311054, 51.027962710863854], [-114.09198989094953, 51.0279598738427], [-114.09199364372286, 51.02795725618067], [-114.09199778528924, 51.027954883087276], [-114.09200227576314, 51.027952777416644], [-114.09200707189885, 51.027950959447494], [-114.09201212750705, 51.02794944668783], [-114.09201739389952, 51.02794825370633], [-114.09202282035815, 51.02794739199202], [-114.09202835462327, 51.02794686984368], [-114.092033943397, 51.02794669228987], [-114.09203953285652, 51.027946861040505], [-114.0920450691724, 51.02794737447046], [-114.09205049902702, 51.02794822763511], [-114.09205577012803, 51.02794941231802], [-114.0920608317119, 51.02795091711012], [-114.09206563503294, 51.02795272751942], [-114.09207013383255, 51.027954826110744], [-114.09207428478491, 51.02795719267355], [-114.09207804791409, 51.02795980441658], [-114.09208138697907, 51.027962636187354], [-114.0920842698228, 51.0279656607144], [-114.09208666868186, 51.027968848869946], [-114.09208856045385, 51.02797216995029], [-114.09208992691987, 51.02797559197166], [-114.09209075492, 51.027979081978145], [-114.09209103648001, 51.027982606359075], [-114.09209076888823, 51.027986131172746], [-114.09208995472157, 51.02798962247327], [-114.09208860182079, 51.027993046637505], [-114.09208672321495, 51.02799637068886], [-114.09208433699595, 51.02799956261486], [-114.09208146614431, 51.028002591675516], [-114.09207813830784, 51.02800542869925], [-114.09207438553538, 51.028008046363965], [-114.0920702439682, 51.028010419460045], [-114.09206575349182, 51.02801252513327], [-114.09206095735205, 51.02801434310481], [-114.09205590173839, 51.02801585586658], [-114.09205063533925, 51.02801704884979], [-114.092045208873, 51.02801791056539], [-114.09203967459962, 51.028018432714525], [-114.09203408581729, 51.028018610268624], [-114.09202849634916, 51.028018441517716], [-114.09202296002498, 51.028017928086996], [-114.09201753016274, 51.02801707492109], [-114.09201225905502, 51.02801589023645], [-114.09200719746563, 51.02801438544228], [-114.09200239414051, 51.0280125750306], [-114.09199789533834, 51.02801047643669], [-114.09199374438509, 51.028008109871195], [-114.09198998125675, 51.028005498125474], [-114.09198664219424, 51.028002666352116], [-114.09198375935458, 51.027999641822646], [-114.09198136050098, 51.02799645366503], [-114.09197946873566, 51.02799313258295], [-114.09197810227725, 51.0279897105603], [-114.0919772742854, 51.027986220553004], [-114.09197699273398, 51.027982696171804]]]}}, {"type": "Feature", "properties": {"tag": "T1807", "code": "TREE", "canopy_m": 7.0, "condition": "F", "in_inventory": false, "botanical": ""}, "geometry": {"type": "Polygon", "coordinates": [[[-114.09149023274558, 51.028312615929906], [-114.09149046692986, 51.028309531719295], [-114.09149117936998, 51.02830647683515], [-114.09149236320467, 51.02830348069764], [-114.09149400703284, 51.02830057216121], [-114.09149609502346, 51.02829777923661], [-114.091498607068, 51.028295128821235], [-114.09150151897404, 51.02829264644002], [-114.0915048026983, 51.02829035599959], [-114.09150842661671, 51.028288279558126], [-114.09151235582898, 51.028286437112854], [-114.09151655249465, 51.028284846407516], [-114.0915209761976, 51.028283522761456], [-114.09152558433523, 51.028282478922065], [-114.09153033252868, 51.02828172494206], [-114.09153517505037, 51.028281268082694], [-114.09154006526424, 51.02828111274374], [-114.09154495607497, 51.02828126042121], [-114.09154980038147, 51.028281709692884], [-114.09155455153049, 51.02828245623205], [-114.09155916376601, 51.02828349284913], [-114.09156359266969, 51.02828480956094], [-114.09156779558884, 51.028286393686884], [-114.09157173204713, 51.02828822997096], [-114.09157536413433, 51.0282903007288], [-114.09157865687143, 51.02829258601788], [-114.0915815785476, 51.02829506382965], [-114.09158410102546, 51.02829771030148], [-114.09158620001213, 51.0283004999464], [-114.09158785529316, 51.02830340589863], [-114.09158905092721, 51.028306400172305], [-114.09158977539958, 51.02830945393092], [-114.09159002173314, 51.02831253776514], [-114.09158978755545, 51.02831562197594], [-114.09158907512168, 51.02831867686069], [-114.09158789129285, 51.028321672999176], [-114.0915862474698, 51.02832458153692], [-114.0915841594834, 51.0283273744631], [-114.091581647442, 51.0283300248803], [-114.09157873553791, 51.02833250726351], [-114.09157545181432, 51.028334797705995], [-114.09157182789527, 51.028336874149524], [-114.09156789868109, 51.02833871659676], [-114.09156370201232, 51.02834030730393], [-114.09155927830518, 51.0283416309516], [-114.09155467016247, 51.02834267479232], [-114.09154992196318, 51.0283434287733], [-114.09154507943518, 51.02834388563328], [-114.09154018921471, 51.028344040972435], [-114.09153529839737, 51.028343893294775], [-114.09153045408455, 51.028343444022504], [-114.09152570292964, 51.02834269748237], [-114.09152109068903, 51.028341660864], [-114.09151666178113, 51.028340344150585], [-114.09151245885882, 51.028338760022805], [-114.09150852239858, 51.02833692373677], [-114.09150489031073, 51.02833485297687], [-114.09150159757425, 51.028332567685716], [-114.09149867589998, 51.028330089871965], [-114.09149615342521, 51.028327443398304], [-114.09149405444273, 51.028324653751774], [-114.09149239916681, 51.02832174779822], [-114.09149120353858, 51.028318753523564], [-114.09149047907255, 51.028315699764335], [-114.09149023274558, 51.028312615929906]]]}}, {"type": "Feature", "properties": {"tag": "T1808", "code": "CON", "canopy_m": 8.0, "condition": "F", "in_inventory": true, "botanical": "Picea pungens"}, "geometry": {"type": "Polygon", "coordinates": [[[-114.09244097115754, 51.028114200889085], [-114.0924412387235, 51.02811067607471], [-114.09244205286586, 51.02810718477183], [-114.09244340574391, 51.028103760603585], [-114.09244528432856, 51.02810043654657], [-114.09244767052793, 51.02809724461325], [-114.09245054136153, 51.02809421554368], [-114.09245386918161, 51.02809137850938], [-114.09245762193939, 51.02808876083254], [-114.09246176349376, 51.02808638772275], [-114.0924662539593, 51.028084282034335], [-114.09247105009041, 51.02808246404619], [-114.09247610569777, 51.02808095126649], [-114.0924813720932, 51.02807975826411], [-114.09248679855855, 51.02807889652828], [-114.09249233283408, 51.028078374357975], [-114.09249792162184, 51.028078196781955], [-114.09250351109883, 51.0280783655104], [-114.09250904743548, 51.02807887891834], [-114.09251447731396, 51.02807973206141], [-114.09251974844166, 51.02808091672336], [-114.09252481005487, 51.02808242149531], [-114.09252961340755, 51.02808423188548], [-114.09253411224084, 51.02808633045888], [-114.09253826322858, 51.028088697005124], [-114.09254202639445, 51.028091308733124], [-114.09254536549714, 51.02809414049057], [-114.09254824837922, 51.028097165006095], [-114.09255064727691, 51.02810035315201], [-114.0925525390874, 51.02810367422476], [-114.09255390559146, 51.0281070962406], [-114.09255473362877, 51.028110586243706], [-114.09255501522479, 51.02811411062343], [-114.09255474766745, 51.02811763543806], [-114.09255393353337, 51.02812112674172], [-114.09255258066295, 51.02812455091122], [-114.092550702085, 51.02812787496995], [-114.09254831589114, 51.02813106690534], [-114.09254544506165, 51.02813409597729], [-114.09254211724412, 51.02813693301418], [-114.09253836448721, 51.02813955069372], [-114.09253422293202, 51.028141923806196], [-114.092529732464, 51.02814402949719], [-114.09252493632884, 51.028145847487735], [-114.09251988071601, 51.028147360269536], [-114.0925146143139, 51.028148553273645], [-114.09250918784093, 51.02814941501076], [-114.09250365355713, 51.028149937181865], [-114.09249806476078, 51.02815011475815], [-114.09249247527518, 51.02814994602946], [-114.09248693893025, 51.02814943262074], [-114.09248150904413, 51.028148579476415], [-114.09247623790972, 51.02814739481275], [-114.092471176291, 51.028145890038715], [-114.09246637293421, 51.02814407964616], [-114.09246187409839, 51.028141981070185], [-114.09245772310979, 51.02813961452125], [-114.09245395994472, 51.028137002790544], [-114.09245062084452, 51.028134171030516], [-114.09244773796648, 51.02813114651259], [-114.09244533907427, 51.02812795836459], [-114.09244344727044, 51.02812463729011], [-114.092442080774, 51.028121215272975], [-114.09244125274495, 51.028117725269084], [-114.09244097115754, 51.028114200889085]]]}}, {"type": "Feature", "properties": {"tag": "T1809", "code": "TREE", "canopy_m": 13.0, "condition": "F", "in_inventory": true, "botanical": "Fraxinus pennsylvanica"}, "geometry": {"type": "Polygon", "coordinates": [[[-114.09145647962939, 51.02813361125991], [-114.09145691454555, 51.02812788344016], [-114.09145823764752, 51.02812221008408], [-114.09146043619276, 51.02811664582913], [-114.09146348900781, 51.02811124426211], [-114.09146736669214, 51.02810605740298], [-114.0914720319013, 51.02810113520395], [-114.09147743970665, 51.02809652506842], [-114.09148353802793, 51.028092271394385], [-114.09149026813499, 51.028088415146975], [-114.0914975652132, 51.02808499346383], [-114.09150535898783, 51.02808203929756], [-114.09151357440074, 51.0280795810983], [-114.09152213233318, 51.02807764253978], [-114.09153095036787, 51.028076242291284], [-114.09153994358257, 51.02807539383795], [-114.09154902536807, 51.028075105350815], [-114.09155810826209, 51.028075379608126], [-114.09156710479175, 51.0280762139687], [-114.09157592831586, 51.02807760039718], [-114.09158449385934, 51.02807952554155], [-114.0915927189316, 51.028081970861685], [-114.0916005243209, 51.02808491280791], [-114.09160783485721, 51.02808832304776], [-114.0916145801362, 51.02809216873884], [-114.09162069519714, 51.028096412845166], [-114.09162612114866, 51.02810101449377], [-114.09163080573576, 51.02810592936835], [-114.09163470384314, 51.02811111013609], [-114.09163777792972, 51.028116506903416], [-114.0916399983901, 51.0281220676966], [-114.09164134383973, 51.028127738962176], [-114.09164180132088, 51.02813346608284], [-114.09164136642745, 51.02813919390326], [-114.09164004334737, 51.02814486726141], [-114.0916378448223, 51.028150431519684], [-114.09163479202496, 51.02815583309122], [-114.09163091435518, 51.02816101995586], [-114.09162624915685, 51.028165942161166], [-114.0916208413582, 51.02817055230352], [-114.09161474303923, 51.02817480598466], [-114.09160801293002, 51.02817866223919], [-114.09160071584523, 51.02818208392917], [-114.0915929220599, 51.028185038101746], [-114.09158470663257, 51.028187496306565], [-114.09157614868252, 51.02818943486964], [-114.09156733062773, 51.02819083512153], [-114.09155833739119, 51.028191683576964], [-114.09154925558298, 51.028191972064825], [-114.09154017266621, 51.02819169780683], [-114.09153117611469, 51.02819086344424], [-114.0915223525704, 51.0281894770124], [-114.0915137870092, 51.02818755186353], [-114.0915055619224, 51.02818510653787], [-114.09149775652227, 51.028182164585374], [-114.09149044597925, 51.0281787543387], [-114.09148370069796, 51.0281749086405], [-114.09147758563917, 51.02817066452707], [-114.09147215969422, 51.02816606287163], [-114.09146747511782, 51.02816114799074], [-114.09146357702487, 51.028155967217444], [-114.0914605029559, 51.028150570445575], [-114.09145828251562, 51.028145009649], [-114.09145693708783, 51.0281393383813], [-114.09145647962939, 51.02813361125991]]]}}, {"type": "Feature", "properties": {"tag": "T1810", "code": "TREE", "canopy_m": 12.0, "condition": "F", "in_inventory": false, "botanical": ""}, "geometry": {"type": "Polygon", "coordinates": [[[-114.09229157970466, 51.027916481286255], [-114.0922919810689, 51.02791119406501], [-114.09229320229403, 51.027905957112054], [-114.0922952316187, 51.02790082086209], [-114.09229804949922, 51.027895834779954], [-114.0923016287976, 51.02789104688431], [-114.09230593504306, 51.027886503285124], [-114.09231092676397, 51.02788224773969], [-114.09231655588727, 51.02787832123113], [-114.09232276820137, 51.02787476157376], [-114.09232950387833, 51.027871603048986], [-114.09233669804998, 51.02786887607503], [-114.09234428143263, 51.02786660691406], [-114.09235218099437, 51.02786481741925], [-114.09236032065827, 51.02786352482437], [-114.09236862203521, 51.027862741577785], [-114.09237700517863, 51.02786247522256], [-114.09238538935458, 51.02786272832382], [-114.0923936938191, 51.02786349844407], [-114.09240183859598, 51.02786477816668], [-114.09240974524677, 51.02786655516724], [-114.09241733762633, 51.027868812332315], [-114.09242454261609, 51.02787152792425], [-114.09243129082817, 51.027874675790486], [-114.0924375172737, 51.02787822561544], [-114.09244316198861, 51.02788214321242], [-114.0924481706112, 51.02788639085295], [-114.09245249490561, 51.02789092762999], [-114.09245609322642, 51.02789570985197], [-114.0924589309196, 51.02790069146356], [-114.09246098065644, 51.02790582448917], [-114.0924622226966, 51.027911059494976], [-114.09246264507826, 51.027916346065076], [-114.09246224373342, 51.027921633286894], [-114.09246102252693, 51.02792687024159], [-114.09245899321944, 51.02793200649441], [-114.092456175354, 51.02793699258037], [-114.09245259606803, 51.02794178048071], [-114.0924482898318, 51.02794632408525], [-114.09244329811659, 51.0279505796365], [-114.09243766899527, 51.027954506151126], [-114.09243145667932, 51.027958065814545], [-114.09242472099676, 51.027961224345155], [-114.092417526816, 51.02796395132449], [-114.09240994342105, 51.02796622049019], [-114.09240204384433, 51.027968009988875], [-114.09239390416327, 51.027969302586655], [-114.09238560276773, 51.02797008583502], [-114.09237721960496, 51.02797035219088], [-114.09236883540964, 51.02797009908904], [-114.09236053092648, 51.02796932896704], [-114.0923523861324, 51.027968049241586], [-114.09234447946655, 51.027966272237194], [-114.09233688707458, 51.027964015067425], [-114.09232968207559, 51.02796129947013], [-114.0923229338578, 51.02795815159808], [-114.0923167074103, 51.02795460176707], [-114.09231106269723, 51.02795068416402], [-114.09230605408023, 51.02794643651766], [-114.09230172979491, 51.027941899735254], [-114.09229813148643, 51.02793711750854], [-114.09229529380823, 51.02793213589308], [-114.09229324408854, 51.02792700286458], [-114.09229200206698, 51.027921767856974], [-114.09229157970466, 51.027916481286255]]]}}, {"type": "Feature", "properties": {"tag": "T1811", "code": "TREE", "canopy_m": 10.0, "condition": "F", "in_inventory": false, "botanical": ""}, "geometry": {"type": "Polygon", "coordinates": [[[-114.09143284324695, 51.028481057041816], [-114.09143317780254, 51.028476651026956], [-114.09143419558315, 51.028472286907345], [-114.09143588678675, 51.02846800671184], [-114.09143823512599, 51.02846385166103], [-114.09144121798492, 51.02845986177026], [-114.09144480663687, 51.028456075464355], [-114.09144896652104, 51.02845252920745], [-114.09145365757543, 51.02844925715185], [-114.09145883462259, 51.0284462908092], [-114.09146444780477, 51.02844365874695], [-114.09147044306398, 51.02844138631321], [-114.0914767626627, 51.02843949539273], [-114.09148334573987, 51.02843800419607], [-114.09149012889701, 51.028436927084186], [-114.09149704680878, 51.02843627443028], [-114.09150403285207, 51.0284360525197], [-114.0915110197477, 51.02843626348959], [-114.09151794020819, 51.02843690530819], [-114.09152472758593, 51.02843797179445], [-114.09153131651497, 51.02843945267756], [-114.09153764354042, 51.02844133369584], [-114.09154364772972, 51.028443596734114], [-114.09154927125931, 51.02844621999812], [-114.09155445997162, 51.02844917822447], [-114.09155916389649, 51.02845244292388], [-114.0915633377326, 51.028455982655544], [-114.09156694128349, 51.02845976333003], [-114.09156993984496, 51.028463748537376], [-114.09157230453907, 51.028467899897926], [-114.0915740125924, 51.02847217743184], [-114.09157504755527, 51.028476539944144], [-114.09157539946025, 51.02848094542153], [-114.0915750649181, 51.028485351436764], [-114.09157404715046, 51.0284897155576], [-114.09157235595879, 51.02849399575508], [-114.09157000763001, 51.02849815080856], [-114.09156702477969, 51.02850214070257], [-114.09156343613415, 51.0285059270122], [-114.09155927625396, 51.028509473273154], [-114.09155458520094, 51.02851274533295], [-114.09154940815249, 51.02851571167981], [-114.09154379496644, 51.028518343746114], [-114.0915377997009, 51.028520616183584], [-114.09153148009364, 51.02852250710733], [-114.09152489700604, 51.02852399830671], [-114.091518113837, 51.02852507542059], [-114.09151119591232, 51.02852572807575], [-114.09150420985557, 51.02852594998676], [-114.0914972229465, 51.028525739016466], [-114.09149030247306, 51.02852509719666], [-114.09148351508337, 51.028524030708425], [-114.09147692614387, 51.02852254982263], [-114.09147059910981, 51.0285206688011], [-114.0914645949141, 51.02851840575911], [-114.09145897138053, 51.02851578249106], [-114.09145378266687, 51.02851282426051], [-114.09144907874327, 51.02850955955689], [-114.09144490491106, 51.028506019821165], [-114.09144130136649, 51.02850223914296], [-114.09143830281356, 51.02849825393233], [-114.09143593812986, 51.02849410256909], [-114.09143423008844, 51.028489825033176], [-114.09143319513848, 51.02848546251961], [-114.09143284324695, 51.028481057041816]]]}}, {"type": "Feature", "properties": {"tag": "T1812", "code": "TREE", "canopy_m": 6.0, "condition": "F", "in_inventory": true, "botanical": "Sorbus americana"}, "geometry": {"type": "Polygon", "coordinates": [[[-114.09164085334672, 51.02867929812588], [-114.0916410540691, 51.0286766545167], [-114.09164166472837, 51.02867403604394], [-114.09164267944351, 51.028671467924944], [-114.09164408844215, 51.02866897489204], [-114.09164587815485, 51.02866658095454], [-114.09164803134564, 51.028664309167326], [-114.09165052727808, 51.02866218140892], [-114.09165334191496, 51.0286602181708], [-114.09165644814978, 51.02865843836], [-114.0916598160678, 51.02865685911704], [-114.09166341323416, 51.02865549565086], [-114.09166720500619, 51.02865436109239], [-114.09167115486713, 51.028653466368006], [-114.09167522477769, 51.02865282009441], [-114.09167937554248, 51.02865242849554], [-114.09168356718743, 51.02865229534272], [-114.09168775934478, 51.02865242191824], [-114.09169191164183, 51.02865280700315], [-114.09169598408977, 51.02865344688885], [-114.09169993746872, 51.02865433541292], [-114.09170373370559, 51.0286554640184], [-114.09170733624055, 51.02865682183623], [-114.09171071037925, 51.02865839578986], [-114.09171382362695, 51.02866017072132], [-114.09171664600133, 51.02866212953706], [-114.09171915032141, 51.028664253372625], [-114.09172131246918, 51.028666521774355], [-114.09172311162196, 51.02866891289629], [-114.09172453045286, 51.02867140371067], [-114.09172555529773, 51.02867397022959], [-114.09172617628668, 51.02867658773608], [-114.09172638743918, 51.02867923102214], [-114.09172618672163, 51.02868187463146], [-114.09172557606702, 51.028684493104656], [-114.0917245613562, 51.028687061224375], [-114.09172315236131, 51.02868955425822], [-114.09172136265171, 51.0286919481969], [-114.09171920946322, 51.02869421998546], [-114.09171671353221, 51.02869634774531], [-114.09171389889583, 51.02869831098495], [-114.09171079266055, 51.02870009079726], [-114.09170742474114, 51.02870167004168], [-114.09170382757252, 51.028703033509196], [-114.09170003579739, 51.02870416806885], [-114.0916960859327, 51.028705062794195], [-114.09169201601786, 51.02870570906852], [-114.0916878652484, 51.02870610066784], [-114.09168367359862, 51.028706233820834], [-114.09167948143643, 51.028706107245156], [-114.09167532913473, 51.02870572215983], [-114.09167125668249, 51.028705082273405], [-114.09166730329976, 51.02870419374837], [-114.0916635070598, 51.02870306514171], [-114.09165990452253, 51.02870170732255], [-114.0916565303824, 51.02870013336745], [-114.09165341713421, 51.028698358434475], [-114.0916505947603, 51.02869639961724], [-114.09164809044161, 51.028694275780204], [-114.0916459282961, 51.02869200737714], [-114.0916441291464, 51.02868961625402], [-114.09164271031925, 51.028687125438665], [-114.09164168547866, 51.02868455891902], [-114.09164106449437, 51.02868194141209], [-114.09164085334672, 51.02867929812588]]]}}, {"type": "Feature", "properties": {"tag": "T1813", "code": "CON", "canopy_m": 6.0, "condition": "F", "in_inventory": false, "botanical": ""}, "geometry": {"type": "Polygon", "coordinates": [[[-114.0914893540922, 51.02836594387875], [-114.09148955482188, 51.02836330026969], [-114.0914901654856, 51.02836068179757], [-114.09149118020228, 51.02835811367974], [-114.09149258919959, 51.02835562064856], [-114.09149437890805, 51.028353226713236], [-114.09149653209175, 51.02835095492869], [-114.09149902801431, 51.02834882717342], [-114.09150184263864, 51.02834686393884], [-114.09150494885832, 51.02834508413199], [-114.0915083167588, 51.028343504893314], [-114.09151191390536, 51.02834214143173], [-114.09151570565555, 51.02834100687813], [-114.09151965549279, 51.02834011215884], [-114.09152372537802, 51.02833946589049], [-114.09152787611612, 51.028339074296994], [-114.09153206773327, 51.0283389411496], [-114.09153625986194, 51.02833906773059], [-114.09154041212973, 51.028339452820894], [-114.09154448454812, 51.028340092711936], [-114.09154843789753, 51.028340981241215], [-114.09155223410511, 51.02834210985169], [-114.09155583661133, 51.02834346767426], [-114.09155921072217, 51.028345041632384], [-114.09156232394307, 51.02834681656798], [-114.09156514629203, 51.0283487753875], [-114.09156765058827, 51.02835089922643], [-114.09156981271407, 51.028353167631096], [-114.0915716118469, 51.02835555875552], [-114.0915730306601, 51.028358049571864], [-114.09157405548967, 51.02836061609227], [-114.09157467646587, 51.02836323359972], [-114.0915748876083, 51.02836587688618], [-114.09157468688349, 51.0283685204954], [-114.09157407622443, 51.02837113896795], [-114.09157306151204, 51.02837370708648], [-114.09157165251851, 51.02837620011864], [-114.09156986281313, 51.02837859405512], [-114.09156770963175, 51.02838086584101], [-114.09156521371061, 51.028382993597724], [-114.09156239908678, 51.028384956833825], [-114.09155929286663, 51.02838673664219], [-114.09155592496475, 51.02838831588233], [-114.0915523278159, 51.028389679345246], [-114.09154853606265, 51.02839081390004], [-114.09154458622166, 51.0283917086203], [-114.09154051633213, 51.02839235488938], [-114.0915363655894, 51.02839274648331], [-114.09153217396742, 51.02839287963086], [-114.0915279818339, 51.02839275304973], [-114.09152382956144, 51.02839236795898], [-114.09151975713876, 51.028391728067234], [-114.09151580378558, 51.02839083953702], [-114.0915120075749, 51.02838971092535], [-114.09150840506636, 51.02838835310143], [-114.0915050309541, 51.02838677914186], [-114.09150191773271, 51.028385004204736], [-114.09149909538421, 51.02838304538371], [-114.09149659108935, 51.02838092154332], [-114.09149442896585, 51.02837865313731], [-114.0914926298361, 51.02837626201171], [-114.09149121102664, 51.02837377119439], [-114.09149018620136, 51.02837120467327], [-114.09148956522981, 51.028368587165374], [-114.0914893540922, 51.02836594387875]]]}}, {"type": "Feature", "properties": {"tag": "T1814", "code": "CON", "canopy_m": 3.0, "condition": "F", "in_inventory": false, "botanical": ""}, "geometry": {"type": "Polygon", "coordinates": [[[-114.0921576567022, 51.02822920591973], [-114.09215775704773, 51.0282278841146], [-114.09215806235989, 51.02822657487678], [-114.09215856969833, 51.02822529081495], [-114.09215927417709, 51.02822404429531], [-114.09216016901163, 51.02822284732254], [-114.09216124558421, 51.028221711424116], [-114.09216249352684, 51.02822064753938], [-114.09216390082112, 51.02821966591411], [-114.09216545391406, 51.028218776001864], [-114.09216713784852, 51.028217986373015], [-114.09216893640729, 51.02821730463209], [-114.09217083226929, 51.02821673734465], [-114.09217280717633, 51.02821628997395], [-114.09217484210899, 51.02821596682841], [-114.09217691746977, 51.02821577102013], [-114.09217901327182, 51.0282157044348], [-114.09218110933148, 51.02821576771372], [-114.09218318546252, 51.02821596024744], [-114.09218522167069, 51.02821628018179], [-114.09218719834622, 51.028216724435595], [-114.09218909645266, 51.02821728873049], [-114.0921908977102, 51.028217967632], [-114.09219258477177, 51.02821875460191], [-114.09219414139004, 51.02821964206131], [-114.09219555257393, 51.028220621463454], [-114.09219680473296, 51.02822168337619], [-114.09219788580816, 51.028222817572725], [-114.09219878538818, 51.02822401313012], [-114.09219949480955, 51.028225258534526], [-114.09220000724015, 51.028226541792], [-114.09220031774497, 51.02822785054408], [-114.09220042333367, 51.02822917218676], [-114.09220032298933, 51.028230493991934], [-114.09220001767834, 51.02823180322986], [-114.09219951034098, 51.02823308729187], [-114.09219880586316, 51.028234333811746], [-114.09219791102939, 51.028235530784805], [-114.09219683445738, 51.02823666668357], [-114.09219558651513, 51.02823773056867], [-114.09219417922097, 51.02823871219432], [-114.09219262612791, 51.02823960210694], [-114.09219094219308, 51.02824039173616], [-114.09218914363376, 51.02824107347742], [-114.09218724777098, 51.02824164076516], [-114.092185272863, 51.0282420881361], [-114.09218323792929, 51.028242411281816], [-114.09218116256733, 51.02824260709021], [-114.09217906676406, 51.02824267367557], [-114.0921769707032, 51.028242610396624], [-114.092174894571, 51.02824241786279], [-114.09217285836175, 51.02824209792826], [-114.09217088168529, 51.028241653674215], [-114.09216898357808, 51.02824108937904], [-114.09216718231997, 51.02824041047719], [-114.09216549525804, 51.02823962350691], [-114.09216393863964, 51.028238736047136], [-114.09216252745586, 51.02823775664462], [-114.09216127529717, 51.028236694731504], [-114.09216019422254, 51.02823556053463], [-114.0921592946433, 51.02823436497695], [-114.09215858522286, 51.0282331195723], [-114.09215807279334, 51.028231836314646], [-114.09215776228967, 51.028230527562464], [-114.0921576567022, 51.02822920591973]]]}}, {"type": "Feature", "properties": {"tag": "T1815", "code": "TREE", "canopy_m": 10.0, "condition": "F", "in_inventory": false, "botanical": ""}, "geometry": {"type": "Polygon", "coordinates": [[[-114.09133970859176, 51.02875538948012], [-114.09134004315814, 51.02875098346572], [-114.09134106095345, 51.028746619347125], [-114.09134275217559, 51.02874233915316], [-114.091345100537, 51.028738184104405], [-114.09134808342151, 51.02873419421619], [-114.09135167210219, 51.028730407913315], [-114.09135583201801, 51.02872686165988], [-114.09136052310662, 51.02872358960815], [-114.09136570019028, 51.02872062326975], [-114.09137131341083, 51.02871799121206], [-114.09137730870998, 51.0287157187832], [-114.0913836283498, 51.028713827867826], [-114.0913902114688, 51.02871233667646], [-114.09139699466814, 51.02871125957002], [-114.09140391262206, 51.02871060692162], [-114.09141089870704, 51.0287103850166], [-114.09141788564348, 51.028710595992024], [-114.09142480614356, 51.02871123781609], [-114.09143159355926, 51.028712304307696], [-114.09143818252424, 51.02871378519596], [-114.0914445095833, 51.028715666219185], [-114.09145051380352, 51.028717929262115], [-114.09145613736108, 51.02872055253047], [-114.09146132609811, 51.0287235107608], [-114.09146603004426, 51.02872677546379], [-114.09147020389791, 51.02873031519863], [-114.09147380746255, 51.02873409587577], [-114.09147680603375, 51.02873808108532], [-114.09147917073355, 51.028742232447556], [-114.09148087878842, 51.028746509982625], [-114.09148191374868, 51.028750872495564], [-114.09148226564695, 51.02875527797301], [-114.09148193109404, 51.02875968398779], [-114.09148091331166, 51.0287640481076], [-114.09147922210146, 51.02876832830355], [-114.09147687375054, 51.02877248335497], [-114.09147389087462, 51.028776473246424], [-114.09147030220035, 51.02878025955304], [-114.09146614228851, 51.02878380581052], [-114.09146145120127, 51.02878707786644], [-114.09145627411633, 51.02879004420906], [-114.09145066089188, 51.0287926762708], [-114.09144466558641, 51.02879494870338], [-114.09143834593806, 51.02879683962203], [-114.09143176280863, 51.02879833081611], [-114.09142497959738, 51.02879940792456], [-114.09141806163056, 51.02880006057419], [-114.09141107553212, 51.02880028247965], [-114.09140408858222, 51.02880007150382], [-114.09139716806921, 51.02879942967855], [-114.09139038064156, 51.02879836318497], [-114.09138379166612, 51.028796882294024], [-114.09137746459845, 51.02879500126754], [-114.09137146037182, 51.0287927382209], [-114.0913658368103, 51.02879011494851], [-114.0913606480719, 51.02878715671397], [-114.09135594412703, 51.02878389200677], [-114.09135177027726, 51.028780352267894], [-114.09134816671896, 51.028776571587], [-114.09134516815627, 51.028772586374174], [-114.0913428034669, 51.028768435009255], [-114.09134109542393, 51.028764157472175], [-114.09134006047658, 51.02875979495799], [-114.09133970859176, 51.02875538948012]]]}}, {"type": "Feature", "properties": {"tag": "T1816", "code": "TREE", "canopy_m": 8.0, "condition": "F", "in_inventory": false, "botanical": ""}, "geometry": {"type": "Polygon", "coordinates": [[[-114.09189820901027, 51.0289086945074], [-114.09189847662188, 51.02890516969474], [-114.09189929081887, 51.028901678396075], [-114.09190064375997, 51.028898254234555], [-114.0919025224155, 51.028894930186674], [-114.09190490869288, 51.028891738264846], [-114.09190777961088, 51.02888870920897], [-114.09191110752094, 51.02888587219048], [-114.09191486037341, 51.028883254531365], [-114.09191900202627, 51.0288808814411], [-114.09192349259317, 51.02887877577378], [-114.09192828882748, 51.0288769578081], [-114.09193334453894, 51.02887544505203], [-114.09193861103834, 51.02887425207422], [-114.09194403760655, 51.02887339036365], [-114.09194957198281, 51.02887286821906], [-114.09195516086821, 51.02887269066899], [-114.09196075043883, 51.028872859423316], [-114.09196628686416, 51.028873372856864], [-114.09197171682555, 51.02887422602497], [-114.09197698802961, 51.02887541071121], [-114.09198204971183, 51.02887691550642], [-114.09198685312556, 51.02887872591863], [-114.09199135201132, 51.02888082451259], [-114.09199550304245, 51.02888319107779], [-114.09199926624225, 51.0288858028229], [-114.09200260536903, 51.02888863459544], [-114.09200548826517, 51.02889165912394], [-114.09200788716672, 51.02889484728054], [-114.09200977897083, 51.028898168361636], [-114.09201114545837, 51.02890159038338], [-114.09201197346918, 51.028905080389855], [-114.09201225502893, 51.02890860477041], [-114.09201198742592, 51.02891212958335], [-114.09201117323721, 51.02891562088278], [-114.09200982030374, 51.02891904504557], [-114.09200794165493, 51.02892236909514], [-114.09200555538305, 51.028925561019065], [-114.09200268446915, 51.028928590077314], [-114.09199935656163, 51.02893142709839], [-114.09199560371005, 51.028934044760206], [-114.09199146205636, 51.02893641785316], [-114.091986971487, 51.02893852352308], [-114.09198217524863, 51.028940341491136], [-114.0919771195317, 51.02894185424931], [-114.09197185302561, 51.02894304722884], [-114.0919664264498, 51.028943908940704], [-114.09196089206526, 51.02894443108609], [-114.09195530317128, 51.028944608636436], [-114.09194971359204, 51.02894443988187], [-114.09194417715841, 51.028943926447546], [-114.09193874718939, 51.02894307327816], [-114.09193347597864, 51.02894188859022], [-114.09192841429089, 51.02894038379292], [-114.09192361087307, 51.02893857337833], [-114.09191911198477, 51.02893647478177], [-114.09191496095275, 51.02893410821389], [-114.09191119775377, 51.028931496466086], [-114.09190785862947, 51.028928664690945], [-114.09190497573739, 51.02892564016008], [-114.09190257684133, 51.02892245200136], [-114.09190068504385, 51.02891913091856], [-114.09189931856395, 51.028915708895525], [-114.09189849056142, 51.028912218888244], [-114.09189820901027, 51.0289086945074]]]}}, {"type": "Feature", "properties": {"tag": "T1817", "code": "TREE", "canopy_m": 7.0, "condition": "F", "in_inventory": false, "botanical": ""}, "geometry": {"type": "Polygon", "coordinates": [[[-114.09175557452967, 51.02915142221814], [-114.0917558087005, 51.029148338007445], [-114.09175652113598, 51.02914528312212], [-114.09175770497484, 51.02914228698234], [-114.091759348816, 51.02913937844259], [-114.09176143682829, 51.02913658551366], [-114.09176394890297, 51.02913393509294], [-114.09176686084733, 51.02913145270546], [-114.09177014461771, 51.029129162257874], [-114.09177376858963, 51.02912708580845], [-114.09177769786224, 51.02912524335451], [-114.09178189459453, 51.029123652639825], [-114.09178631836973, 51.029122328983874], [-114.09179092658451, 51.02912128513414], [-114.09179567485933, 51.029120531143406], [-114.0918005174658, 51.02912007427307], [-114.09180540776704, 51.029119918923], [-114.09181029866687, 51.029120066589286], [-114.09181514306336, 51.029120515849854], [-114.09181989430242, 51.029121262378084], [-114.09182450662709, 51.029122298984475], [-114.09182893561825, 51.029123615686004], [-114.09183313862235, 51.029125199802145], [-114.09183707516219, 51.029127036076964], [-114.0918407073268, 51.02912910682622], [-114.09184400013643, 51.02913139210746], [-114.09184692187954, 51.0291338699122], [-114.0918494444181, 51.02913651637789], [-114.09185154345863, 51.02913930601762], [-114.0918531987862, 51.02914221196566], [-114.09185439445899, 51.02914520623616], [-114.09185511896196, 51.02914825999268], [-114.09185536531763, 51.029151343825866], [-114.0918551311534, 51.02915442803676], [-114.09185441872428, 51.02915748292268], [-114.09185323489126, 51.02916047906342], [-114.09185159105523, 51.029163387604484], [-114.09184950304714, 51.02916618053501], [-114.09184699097561, 51.029168830957545], [-114.0918440790332, 51.02917131334702], [-114.09184079526348, 51.029173603796664], [-114.09183717129095, 51.02917568024815], [-114.09183324201643, 51.02917752270407], [-114.09182904528103, 51.029179113420575], [-114.09182462150166, 51.029180437078146], [-114.09182001328176, 51.02918148092922], [-114.09181526500112, 51.0291822349209], [-114.09181042238832, 51.02918269179186], [-114.0918055320805, 51.02918284714214], [-114.09180064117407, 51.029182699475655], [-114.09179579677122, 51.0291822502145], [-114.09179104552632, 51.0291815036853], [-114.09178643319652, 51.02918046707759], [-114.09178200420114, 51.02917915037447], [-114.0917778011939, 51.02917756625652], [-114.0917738646521, 51.029175729979706], [-114.09177023248684, 51.029173659228405], [-114.09176693967783, 51.0291713739451], [-114.09176401793663, 51.02916889613837], [-114.09176149540117, 51.02916624967084], [-114.09175939636481, 51.02916346002951], [-114.09175774104236, 51.02916055408016], [-114.0917565453754, 51.02915755980867], [-114.09175582087877, 51.02915450605154], [-114.09175557452967, 51.02915142221814]]]}}, {"type": "Feature", "properties": {"tag": "T1818", "code": "TREE", "canopy_m": 9.0, "condition": "F", "in_inventory": true, "botanical": "Syringa reticulata"}, "geometry": {"type": "Polygon", "coordinates": [[[-114.09164329741755, 51.02801742507208], [-114.09164359849669, 51.028013459657835], [-114.09164451447236, 51.028009531948264], [-114.09164603652309, 51.028005679769265], [-114.09164814999053, 51.02800194021947], [-114.09165083452073, 51.0279983493127], [-114.0916540642601, 51.027994941631356], [-114.0916578081044, 51.027991749993205], [-114.09166202999832, 51.02798880513543], [-114.09166668928268, 51.02798613541856], [-114.09167174108606, 51.027983766553405], [-114.09167713675687, 51.027981721353356], [-114.09168282433194, 51.02798001951478], [-114.09168874903689, 51.02797867742727], [-114.0916948538137, 51.02797770801584], [-114.09170107987019, 51.027977120616406], [-114.09170736724616, 51.02797692088595], [-114.09171365539089, 51.02797711074798], [-114.0917198837463, 51.02797768837401], [-114.09172599233005, 51.02797864820121], [-114.09173192231327, 51.02797998098595], [-114.09173761658714, 51.0279816738928], [-114.09174302031276, 51.02798371061819], [-114.09174808144938, 51.02798607154739], [-114.09175275125553, 51.0279887339434], [-114.09175698475845, 51.02799167216593], [-114.09176074118716, 51.02799485791836], [-114.09176398436516, 51.027998260520185], [-114.09176668305881, 51.02800184720254], [-114.09176881127811, 51.028005583423756], [-114.09177034852704, 51.028009433201994], [-114.09177128000087, 51.02801335946182], [-114.09177159672888, 51.028017324391236], [-114.09177129566064, 51.028021289805785], [-114.09177037969545, 51.028025217516365], [-114.09176885765439, 51.02802906969694], [-114.09176674419544, 51.02803280924892], [-114.0917640596722, 51.02803640015831], [-114.09176082993802, 51.028039807842674], [-114.09175708609695, 51.02804299948409], [-114.09175286420414, 51.02804594434527], [-114.09174820491874, 51.02804861406554], [-114.0917431531122, 51.028050982934], [-114.09173775743626, 51.02805302813706], [-114.09173206985429, 51.02805472997829], [-114.0917261451409, 51.02805607206798], [-114.09172004035445, 51.02805704148105], [-114.0917138142875, 51.02805762888149], [-114.09170752690065, 51.02805782861229], [-114.091701238745, 51.02805763874995], [-114.09169501037911, 51.028057061122944], [-114.09168890178569, 51.028056101294126], [-114.09168297179399, 51.02805476850723], [-114.09167727751314, 51.02805307559774], [-114.09167187378233, 51.028051038869336], [-114.09166681264252, 51.028048677936866], [-114.09166214283525, 51.02804601553744], [-114.09165790933338, 51.02804307731151], [-114.0916541529078, 51.02803989155579], [-114.09165090973492, 51.028036488950946], [-114.09164821104818, 51.028032902265934], [-114.09164608283731, 51.028029166042536], [-114.09164454559804, 51.02802531626268], [-114.09164361413468, 51.02802139000183], [-114.09164329741755, 51.02801742507208]]]}}, {"type": "Feature", "properties": {"tag": "T1819", "code": "TREE", "canopy_m": 15.0, "condition": "F", "in_inventory": false, "botanical": ""}, "geometry": {"type": "Polygon", "coordinates": [[[-114.0921426453986, 51.027768941975644], [-114.09214314712348, 51.02776233294956], [-114.09214467367096, 51.02775578676012], [-114.0921472103391, 51.02774936645072], [-114.09215073269804, 51.027743133852326], [-114.0921552068252, 51.027737148988244], [-114.092160589632, 51.02773146949584], [-114.09216682927887, 51.027726150071615], [-114.09217386567444, 51.02772124194441], [-114.09218163105437, 51.027716792382044], [-114.09219005063383, 51.027712844236085], [-114.0921990433278, 51.027709435529204], [-114.0922085225319, 51.027706599089015], [-114.09221839695654, 51.02770436223182], [-114.0922285715059, 51.02770274649979], [-114.09223894819392, 51.02770176745316], [-114.09224942708784, 51.02770143452065], [-114.0922599072706, 51.02770175090861], [-114.09227028781278, 51.02770271357004], [-114.09228046874446, 51.027704313234004], [-114.09229035201813, 51.02770653449496], [-114.09229984245277, 51.02770935596102], [-114.0923088486506, 51.02771275046004], [-114.09231728387724, 51.027716685301264], [-114.09232506689693, 51.02772112259012], [-114.09233212275501, 51.02772601959326], [-114.09233838349967, 51.027731329149994], [-114.09234378883637, 51.02773700012651], [-114.09234828670859, 51.02774297790831], [-114.09235183379904, 51.02774920492624], [-114.092354395947, 51.02775562121076], [-114.09235594847716, 51.02776216496964], [-114.09235647643746, 51.02776877318291], [-114.09235597474284, 51.02777538220991], [-114.0923544482245, 51.027781928402064], [-114.09235191158322, 51.02778834871593], [-114.09234838924783, 51.02779458132029], [-114.09234391514005, 51.027800566191715], [-114.09233853234768, 51.027806245692496], [-114.09233229270974, 51.02781156512581], [-114.09232525631724, 51.02781647326246], [-114.09231749093443, 51.02782092283431], [-114.09230907134624, 51.027824870989384], [-114.09230007863803, 51.027828279704664], [-114.0922905994147, 51.02783111615225], [-114.09228072496664, 51.02783335301548], [-114.0922705503905, 51.02783496875205], [-114.09226017367341, 51.02783594780148], [-114.09224969474924, 51.02783628073494], [-114.0922392145362, 51.0278359643461], [-114.09222883396492, 51.02783500168196], [-114.09221865300637, 51.02783340201353], [-114.09220876970913, 51.027831180746574], [-114.09219927925511, 51.02782835927319], [-114.09219027304286, 51.02782496476579], [-114.09218183780732, 51.027821029915486], [-114.09217405478454, 51.02781659261715], [-114.09216699892933, 51.02781169560456], [-114.0921607381934, 51.02780638603872], [-114.09215533287095, 51.02780071505381], [-114.09215083501796, 51.0277947372646], [-114.09214728795094, 51.027788510240626], [-114.09214472582974, 51.027782093951586], [-114.09214317332864, 51.02777555018991], [-114.0921426453986, 51.027768941975644]]]}}, {"type": "Feature", "properties": {"tag": "T1820", "code": "TREE", "canopy_m": 14.0, "condition": "F", "in_inventory": false, "botanical": ""}, "geometry": {"type": "Polygon", "coordinates": [[[-114.09190844518797, 51.02778445394202], [-114.09190891349576, 51.02777828551859], [-114.0919103383047, 51.027772175744666], [-114.09191270589272, 51.02776618346061], [-114.0919159934583, 51.0277603663754], [-114.09192016934013, 51.02775478051065], [-114.0919251933219, 51.02774947966117], [-114.09193101701976, 51.027744514876986], [-114.09193758434822, 51.02773993397152], [-114.09194483206024, 51.027735781061324], [-114.09195269035644, 51.02773209614103], [-114.09196108355727, 51.02772891469834], [-114.09196993083175, 51.0277262673722], [-114.09197914697609, 51.02772417965768], [-114.09198864323402, 51.027722671660555], [-114.09199832815175, 51.02772175790362], [-114.09200810845859, 51.027721447186785], [-114.09201788996519, 51.027721742502436], [-114.09202757847072, 51.02772264100652], [-114.09203708066991, 51.02772413404599], [-114.09204630505175, 51.027726207242104], [-114.09205516278065, 51.02772884062896], [-114.09206356855213, 51.02773200884566], [-114.09207144141418, 51.02773568138066], [-114.09207870554692, 51.02773982286557], [-114.09208529099287, 51.02774439341573], [-114.0920911343305, 51.02774934901435], [-114.0920961792852, 51.02775464193645], [-114.09210037727111, 51.02776022120837], [-114.09210368785908, 51.027766033098786], [-114.09210607916604, 51.027772021636096], [-114.0921075281621, 51.02777812914744], [-114.09210802089221, 51.02778429681422], [-114.09210755261078, 51.02779046523842], [-114.09210612782722, 51.02779657501475], [-114.09210376026262, 51.02780256730265], [-114.09210047271755, 51.027808384393104], [-114.0920962968526, 51.02781397026423], [-114.09209127288338, 51.027819271121004], [-114.0920854491933, 51.0278242359131], [-114.09207888186754, 51.02782881682681], [-114.09207163415302, 51.02783296974526], [-114.09206377584918, 51.027836654673486], [-114.09205538263595, 51.02783983612349], [-114.09204653534474, 51.02784248345608], [-114.09203731918, 51.02784457117587], [-114.09202782289873, 51.02784607917692], [-114.09201813795569, 51.027846992936304], [-114.0920083576225, 51.027847303653985], [-114.09199857608952, 51.027847008337545], [-114.09198888755861, 51.0278461098311], [-114.09197938533602, 51.02784461678776], [-114.09197016093367, 51.027842543586395], [-114.09196130318789, 51.027839910193165], [-114.09195289740384, 51.027836741969175], [-114.09194502453403, 51.02783306942626], [-114.0919377603986, 51.027828927933115], [-114.09193117495515, 51.027824357374705], [-114.09192533162512, 51.02781940176815], [-114.09192028668284, 51.027814108838726], [-114.09191608871367, 51.02780852956038], [-114.09191277814612, 51.02780271766467], [-114.09191038686247, 51.02779672912343], [-114.09190893789173, 51.02779062160964], [-114.09190844518797, 51.02778445394202]]]}}, {"type": "Feature", "properties": {"tag": "T1821", "code": "TREE", "canopy_m": 2.0, "condition": "F", "in_inventory": false, "botanical": ""}, "geometry": {"type": "Polygon", "coordinates": [[[-114.0924532827474, 51.028412561315825], [-114.09245334963909, 51.028411680112264], [-114.09245355317577, 51.02841080728656], [-114.09245389139728, 51.02840995124453], [-114.09245436104638, 51.02840912023026], [-114.09245495760005, 51.028408322246946], [-114.09245567531318, 51.028407564979545], [-114.09245650727375, 51.028406855720974], [-114.09245744546955, 51.0284062013018], [-114.09245848086526, 51.028405608024386], [-114.09245960348943, 51.028405081602365], [-114.09246080253058, 51.02840462710543], [-114.0924620664413, 51.02840424891065], [-114.09246338304942, 51.028403950660255], [-114.09246473967532, 51.02840373522654], [-114.09246612325396, 51.02840360468424], [-114.09246752046069, 51.02840356029058], [-114.0924689178397, 51.02840360247307], [-114.09247030193343, 51.02840373082548], [-114.09247165941235, 51.0284039441117], [-114.09247297720319, 51.028404240277666], [-114.09247424261487, 51.02840461647115], [-114.09247544346086, 51.02840506906921], [-114.0924765681763, 51.028405593713074], [-114.09247760592959, 51.02840618535012], [-114.09247854672661, 51.028406838282585], [-114.09247938150695, 51.02840754622236], [-114.09248010223122, 51.02840830235161], [-114.09248070195846, 51.02840909938839], [-114.09248117491296, 51.028409929656824], [-114.0924815165399, 51.02841078516095], [-114.09248172354923, 51.02841165766182], [-114.0924817939473, 51.02841253875674], [-114.09248172705615, 51.02841341996031], [-114.09248152352, 51.02841429278606], [-114.09248118529894, 51.028415148828195], [-114.09248071565027, 51.02841597984253], [-114.09248011909695, 51.028416777825996], [-114.09247940138408, 51.028417535093546], [-114.09247856942366, 51.028418244352274], [-114.09247763122791, 51.028418898771626], [-114.09247659583215, 51.0284194920492], [-114.09247547320784, 51.028420018471394], [-114.09247427416643, 51.02842047296847], [-114.09247301025538, 51.028420851163375], [-114.09247169364683, 51.028421149413894], [-114.09247033702046, 51.02842136484769], [-114.0924689534413, 51.028421495390035], [-114.09246755623403, 51.02842153978372], [-114.09246615885449, 51.028421497601215], [-114.09246477476023, 51.028421369248754], [-114.09246341728084, 51.028421155962455], [-114.09246209948958, 51.02842085979636], [-114.09246083407756, 51.028420483602744], [-114.09245963323131, 51.02842003100456], [-114.09245850851572, 51.028419506360535], [-114.09245747076237, 51.02841891472331], [-114.0924565299654, 51.02841826179068], [-114.09245569518521, 51.02841755385074], [-114.09245497446119, 51.02841679772134], [-114.0924543747343, 51.02841600068442], [-114.0924539017802, 51.02841517041589], [-114.09245356015376, 51.02841431491167], [-114.09245335314495, 51.028413442410766], [-114.0924532827474, 51.028412561315825]]]}}, {"type": "Feature", "properties": {"tag": "T1822", "code": "TREE", "canopy_m": 6.0, "condition": "F", "in_inventory": false, "botanical": ""}, "geometry": {"type": "Polygon", "coordinates": [[[-114.09246282605977, 51.0292970382761], [-114.09246302673802, 51.029294394665826], [-114.09246363735905, 51.02929177618906], [-114.09246465204218, 51.0292892080632], [-114.09246606101541, 51.02928671502069], [-114.0924678507095, 51.02928432107086], [-114.09247000388868, 51.029282049268744], [-114.0924724998166, 51.029279921493014], [-114.09247531445611, 51.02927795823531], [-114.09247842070066, 51.029276178402846], [-114.09248178863547, 51.02927459913634], [-114.09248538582546, 51.029273235645], [-114.09248917762778, 51.02927210105998], [-114.09249312752534, 51.02927120630789], [-114.09249719747854, 51.029270560005706], [-114.09250134829153, 51.029270168377664], [-114.0925055399898, 51.029270035195324], [-114.09250973220507, 51.02927016174134], [-114.0925138845641, 51.02927054679695], [-114.09251795707746, 51.02927118665391], [-114.09252191052467, 51.02927207515006], [-114.09252570683194, 51.02927320372868], [-114.09252930943877, 51.02927456152098], [-114.09253268365018, 51.029276135450694], [-114.09253579697065, 51.02927791036002], [-114.09253861941721, 51.02927986915565], [-114.09254112380815, 51.029281992973345], [-114.0925432860248, 51.029284261359585], [-114.09254508524381, 51.029286652468585], [-114.09254650413767, 51.02928914327268], [-114.09254752904158, 51.0292917097841], [-114.09254815008512, 51.02929432728592], [-114.09254836128723, 51.02929697057018], [-114.09254816061383, 51.02929961418061], [-114.09254754999745, 51.02930223265779], [-114.09254653531862, 51.02930480078436], [-114.09254512634915, 51.029307293827834], [-114.09254333665815, 51.02930968777885], [-114.0925411834813, 51.0293119595823], [-114.0925386875548, 51.029314087359474], [-114.09253587291579, 51.0293160506187], [-114.09253276667077, 51.029317830452676], [-114.09252939873458, 51.02931940972062], [-114.0925258015423, 51.02932077321332], [-114.0925220097369, 51.02932190779954], [-114.0925180598356, 51.02932280255259], [-114.09251398987811, 51.029323448855486], [-114.09250983906048, 51.02932384048398], [-114.09250564735736, 51.02932397366648], [-114.09250145513724, 51.02932384712033], [-114.09249730277355, 51.029323462064276], [-114.0924932302559, 51.029322822206595], [-114.09248927680491, 51.02932193370949], [-114.09248548049456, 51.02932080512971], [-114.09248187788539, 51.029319447336064], [-114.09247850367257, 51.029317873404906], [-114.09247539035162, 51.02931609849405], [-114.09247256790552, 51.0293141396969], [-114.09247006351596, 51.02931201587774], [-114.09246790130159, 51.029309747490174], [-114.09246610208565, 51.02930735637998], [-114.09246468319554, 51.02930486557492], [-114.09246365829591, 51.029302299062785], [-114.09246303725702, 51.029299681560516], [-114.09246282605977, 51.0292970382761]]]}}, {"type": "Feature", "properties": {"tag": "T1823", "code": "TREE", "canopy_m": 6.0, "condition": "F", "in_inventory": false, "botanical": ""}, "geometry": {"type": "Polygon", "coordinates": [[[-114.09099708388193, 51.028979780472575], [-114.0909972846422, 51.02897713686462], [-114.09099789534169, 51.02897451839533], [-114.09099891009893, 51.02897195028202], [-114.09100031914122, 51.028969457257006], [-114.09100210889865, 51.028967063329475], [-114.09100426213483, 51.02896479155421], [-114.09100675811288, 51.028962663809644], [-114.09100957279514, 51.02896070058711], [-114.09101267907472, 51.028958920793485], [-114.09101604703639, 51.02895734156913], [-114.09101964424491, 51.02895597812282], [-114.0910234360572, 51.02895484358527], [-114.0910273859561, 51.02895394888268], [-114.09103145590196, 51.02895330263152], [-114.09103560669902, 51.02895291105552], [-114.09103979837295, 51.02895277792576], [-114.09104399055568, 51.02895290452436], [-114.09104814287429, 51.02895328963211], [-114.09105221533972, 51.02895392954021], [-114.09105616873197, 51.02895481808601], [-114.09105996497777, 51.028955946712344], [-114.09106356751725, 51.02895730454994], [-114.09106694165602, 51.028958878522076], [-114.09107005489929, 51.028960653470605], [-114.09107287726482, 51.0289626123018], [-114.09107538157171, 51.028964736151046], [-114.09107754370207, 51.02896700456457], [-114.09107934283338, 51.02896939569632], [-114.09108076163899, 51.02897188651839], [-114.09108178645495, 51.028974453042835], [-114.09108240741169, 51.028977070552635], [-114.09108261852896, 51.02897971383973], [-114.09108241777352, 51.02898235744783], [-114.09108180707871, 51.028984975917545], [-114.09108079232574, 51.028987544031565], [-114.09107938328724, 51.02899003705754], [-114.09107759353292, 51.028992430986264], [-114.09107544029904, 51.02899470276286], [-114.09107294432242, 51.02899683050888], [-114.09107012964063, 51.02899879373294], [-114.09106702336061, 51.029000573528066], [-114.09106365539753, 51.02900215275387], [-114.09106005818674, 51.029003516201534], [-114.09105626637137, 51.02900465074026], [-114.09105231646873, 51.029005545443816], [-114.0910482465186, 51.02900619169571], [-114.09104409571685, 51.02900658327216], [-114.09103990403808, 51.02900671640207], [-114.09103571185051, 51.02900658980332], [-114.09103155952725, 51.02900620469513], [-114.09102748705754, 51.02900556478633], [-114.0910235336615, 51.029004676239566], [-114.09101973741261, 51.029003547612064], [-114.09101613487083, 51.02900218977313], [-114.09101276073062, 51.02900061579952], [-114.09100964748687, 51.028998840849496], [-114.0910068251218, 51.0289968820168], [-114.09100432081631, 51.02899475816608], [-114.09100215868821, 51.02899248975121], [-114.09100035955997, 51.02899009861828], [-114.09099894075811, 51.02898760779524], [-114.09099791594643, 51.02898504127006], [-114.09099729499437, 51.02898242375982], [-114.09099708388193, 51.028979780472575]]]}}, {"type": "Feature", "properties": {"tag": "T1824", "code": "CON", "canopy_m": 5.0, "condition": "F", "in_inventory": true, "botanical": "Picea glauca"}, "geometry": {"type": "Polygon", "coordinates": [[[-114.09140255413834, 51.02881657858995], [-114.09140272141877, 51.02881437558266], [-114.0914032303142, 51.02881219352311], [-114.09140407592363, 51.028810053425715], [-114.09140525010336, 51.02880797590075], [-114.09140674154533, 51.028805980955916], [-114.09140853588612, 51.028804087803614], [-114.09141061584522, 51.028802314675914], [-114.0914129613915, 51.028800678649], [-114.09141554993602, 51.0287991954787], [-114.09141835654971, 51.0287978794487], [-114.09142135420335, 51.0287967432331], [-114.09142451402793, 51.028795797774286], [-114.09142780559264, 51.02879505217749], [-114.09143119719795, 51.02879451362324], [-114.09143465618088, 51.02879418729808], [-114.09143814922959, 51.0287940763447], [-114.09144164270417, 51.02879418183165], [-114.09144510296056, 51.02879450274303], [-114.09144849667469, 51.02879503598828], [-114.09145179116325, 51.02879577643197], [-114.09145495469858, 51.02879671694323], [-114.0914579568141, 51.028797848464464], [-114.09146076859786, 51.02879916009849], [-114.09146336297083, 51.02880063921354], [-114.0914657149478, 51.02880227156499], [-114.09146780187793, 51.02880404143242], [-114.09146960366293, 51.02880593177101], [-114.09147110295062, 51.028807924375826], [-114.09147228530199, 51.02881000005697], [-114.09147313933032, 51.028812138824534], [-114.0914736568108, 51.028814320081025], [-114.09147383275977, 51.02881652281974], [-114.0914736654827, 51.028818725827094], [-114.09147315659051, 51.02882090788694], [-114.09147231098406, 51.028823047984844], [-114.09147113680696, 51.028825125510465], [-114.09146964536714, 51.02882712045612], [-114.09146785102796, 51.028829013609354], [-114.09146577106984, 51.028830786738055], [-114.09146342552391, 51.028832422766015], [-114.09146083697907, 51.02883390593739], [-114.09145803036441, 51.028835221968386], [-114.09145503270918, 51.02883635818492], [-114.09145187288246, 51.02883730364455], [-114.09144858131515, 51.02883804924201], [-114.09144518970687, 51.02883858779678], [-114.0914417307207, 51.02883891412225], [-114.09143823766863, 51.028839025075726], [-114.09143474419069, 51.028838919588694], [-114.09143128393107, 51.028838598677005], [-114.09142789021395, 51.028838065431266], [-114.09142459572277, 51.02883732498691], [-114.0914214321853, 51.02883638447483], [-114.09141843006816, 51.02883525295267], [-114.09141561828342, 51.02883394131765], [-114.0914130239101, 51.028832462201535], [-114.09141067193346, 51.02883082984902], [-114.09140858500429, 51.0288290599806], [-114.09140678322088, 51.02882716964106], [-114.09140528393533, 51.028825177035436], [-114.09140410158656, 51.02882310135361], [-114.09140324756122, 51.02882096258554], [-114.09140273008394, 51.02881878132875], [-114.09140255413834, 51.02881657858995]]]}}, {"type": "Feature", "properties": {"tag": "T1825", "code": "CON", "canopy_m": 4.0, "condition": "F", "in_inventory": false, "botanical": ""}, "geometry": {"type": "Polygon", "coordinates": [[[-114.09240452576313, 51.028590417342244], [-114.09240465954885, 51.02858865493524], [-114.09240506662557, 51.02858690928407], [-114.09240574307294, 51.02858519720029], [-114.09240668237636, 51.02858353517223], [-114.0924078754898, 51.02858193920611], [-114.09240931092289, 51.02858042467192], [-114.09241097485163, 51.02857900615548], [-114.09241285125145, 51.028577697317864], [-114.0924149220516, 51.02857651076388], [-114.09241716730915, 51.02857545792067], [-114.09241956540104, 51.028574548927686], [-114.09242209323236, 51.02857379253903], [-114.09242472645873, 51.028573196039126], [-114.09242743972077, 51.02857276517257], [-114.09243020688828, 51.02857250408887], [-114.09243300131199, 51.02857241530237], [-114.09243579608008, 51.028572499668165], [-114.09243856427746, 51.02857275637372], [-114.09244127924488, 51.02857318294687], [-114.09244391483577, 51.02857377527946], [-114.09244644566795, 51.02857452766703], [-114.09244884736816, 51.02857543286367], [-114.09245109680673, 51.02857648215184], [-114.09245317232033, 51.028577665426354], [-114.09245505392065, 51.028578971291616], [-114.09245672348683, 51.02858038717146], [-114.09245816494004, 51.02858189943019], [-114.0924593643983, 51.02858349350394], [-114.0924603103101, 51.02858515404091], [-114.09246099356581, 51.02858686504924], [-114.09246140758526, 51.02858861005098], [-114.0924615483812, 51.02859037224081], [-114.09246141459765, 51.02859213464787], [-114.09246100752297, 51.02859388029925], [-114.0924603310775, 51.02859559238333], [-114.09245939177578, 51.02859725441182], [-114.09245819866372, 51.028598850378465], [-114.09245676323164, 51.028600364913245], [-114.09245509930355, 51.02860178343033], [-114.09245322290394, 51.02860309226861], [-114.09245115210359, 51.02860427882327], [-114.09244890684542, 51.02860533166714], [-114.09244650875252, 51.02860624066072], [-114.09244398091982, 51.0286069970499], [-114.0924413476918, 51.02860759355024], [-114.09243863442786, 51.0286080244171], [-114.09243586725829, 51.02860828550102], [-114.09243307283242, 51.02860837428757], [-114.09243027806217, 51.02860828992174], [-114.09242750986272, 51.02860803321597], [-114.09242479489339, 51.02860760664251], [-114.09242215930082, 51.02860701430948], [-114.09241962846727, 51.02860626192141], [-114.09241722676602, 51.028605356724164], [-114.09241497732683, 51.028604307435344], [-114.09241290181299, 51.028603124160156], [-114.0924110202129, 51.02860181829423], [-114.09240935064733, 51.02860040241373], [-114.09240790919513, 51.028598890154406], [-114.09240670973826, 51.02859729608012], [-114.09240576382811, 51.02859563554273], [-114.09240508057431, 51.028593924534086], [-114.09240466655692, 51.02859217953214], [-114.09240452576313, 51.028590417342244]]]}}, {"type": "Feature", "properties": {"tag": "T1826", "code": "TREE", "canopy_m": 8.0, "condition": "F", "in_inventory": true, "botanical": "Fraxinus pennsylvanica"}, "geometry": {"type": "Polygon", "coordinates": [[[-114.09190233699674, 51.02851628822731], [-114.09190260460583, 51.02851276341438], [-114.09190341879568, 51.02850927211547], [-114.09190477172508, 51.028505847953674], [-114.09190665036448, 51.02850252390552], [-114.09190903662147, 51.028499331983404], [-114.091911907515, 51.02849630292723], [-114.09191523539674, 51.02849346590843], [-114.09191898821732, 51.028490848249035], [-114.09192312983502, 51.02848847515847], [-114.09192762036382, 51.02848636949088], [-114.09193241655751, 51.02848455152492], [-114.09193747222615, 51.02848303876859], [-114.09194273868101, 51.028481845790544], [-114.09194816520332, 51.02848098407975], [-114.09195369953281, 51.028480461934954], [-114.091959288371, 51.0284802843847], [-114.09196487789443, 51.02848045313885], [-114.09197041427306, 51.02848096657226], [-114.09197584418868, 51.02848181974027], [-114.0919811153483, 51.02848300442642], [-114.09198617698792, 51.02848450922158], [-114.09199098036122, 51.02848631963376], [-114.09199547920916, 51.02848841822773], [-114.09199963020542, 51.02849078479295], [-114.09200339337366, 51.028493396538124], [-114.09200673247247, 51.02849622831075], [-114.0920096153445, 51.02849925283936], [-114.09201201422601, 51.02850244099612], [-114.09201390601443, 51.028505762077366], [-114.0920152724907, 51.0285091840993], [-114.09201610049477, 51.02851267410598], [-114.09201638205242, 51.02851619848678], [-114.09201611445195, 51.02851972329996], [-114.0920153002704, 51.028523214599645], [-114.09201394734863, 51.028526638762706], [-114.09201206871593, 51.02852996281256], [-114.09200968246445, 51.02853315473676], [-114.09200681157502, 51.02853618379532], [-114.09200348369582, 51.028539020816694], [-114.09199973087611, 51.0285416384788], [-114.09199558925759, 51.02854401157205], [-114.09199109872631, 51.028546117242236], [-114.09198630252858, 51.028547935210575], [-114.09198124685446, 51.028549447969006], [-114.09197598039295, 51.02855064094879], [-114.09197055386302, 51.028551502660875], [-114.09196501952526, 51.02855202480646], [-114.09195943067847, 51.02855220235698], [-114.09195384114642, 51.02855203360257], [-114.0919483047595, 51.02855152016839], [-114.09194287483625, 51.028550666999124], [-114.09193760366992, 51.02854948231127], [-114.0919325420248, 51.02854797751404], [-114.09192773864739, 51.02854616709947], [-114.09192323979691, 51.028544068502896], [-114.09191908879977, 51.028541701934984], [-114.09191532563236, 51.028539090187124], [-114.09191198653603, 51.028536258411904], [-114.09190910366806, 51.02853323388091], [-114.09190670479201, 51.02853004572204], [-114.09190481301025, 51.02852672463908], [-114.09190344654161, 51.02852330261587], [-114.09190261854579, 51.02851981260837], [-114.09190233699674, 51.02851628822731]]]}}, {"type": "Feature", "properties": {"tag": "T1827", "code": "TREE", "canopy_m": 6.0, "condition": "F", "in_inventory": true, "botanical": "Fraxinus pennsylvanica"}, "geometry": {"type": "Polygon", "coordinates": [[[-114.09239058608723, 51.02904336843593], [-114.0923907867685, 51.02904072482565], [-114.0923913973903, 51.029038106349155], [-114.0923924120719, 51.02903553822381], [-114.09239382104136, 51.02903304518206], [-114.0923956107294, 51.029030651233235], [-114.09239776390037, 51.029028379432354], [-114.09240025981799, 51.02902625165809], [-114.09240307444522, 51.029024288402034], [-114.0924061806756, 51.029022508571416], [-114.09240954859449, 51.02902092930695], [-114.09241314576697, 51.02901956581777], [-114.09241693755037, 51.02901843123505], [-114.09242088742778, 51.02901753648537], [-114.09242495735977, 51.029016890185694], [-114.09242910815071, 51.0290164985602], [-114.09243329982631, 51.02901636538048], [-114.09243749201852, 51.02901649192908], [-114.09244164435427, 51.0290168769873], [-114.09244571684441, 51.02901751684682], [-114.09244967026865, 51.02901840534546], [-114.09245346655344, 51.02901953392649], [-114.0924570691385, 51.02902089172108], [-114.09246044332903, 51.02902246565296], [-114.09246355662974, 51.029024240564304], [-114.09246637905783, 51.02902619936179], [-114.09246888343179, 51.02902832318112], [-114.0924710456331, 51.029030591568805], [-114.09247284483855, 51.02903298267903], [-114.09247426372079, 51.029035473484115], [-114.09247528861509, 51.02903803999627], [-114.09247590965116, 51.0290406574986], [-114.09247612084798, 51.0290433007831], [-114.09247592017155, 51.02904594439353], [-114.09247530955442, 51.02904856287046], [-114.0924742948771, 51.029051130996514], [-114.09247288591143, 51.02905362403922], [-114.09247109622648, 51.02905601798921], [-114.09246894305782, 51.02905828979144], [-114.09246644714162, 51.029060417567166], [-114.0924636325149, 51.029062380824726], [-114.09246052628406, 51.02906416065685], [-114.09245715836377, 51.02906573992279], [-114.092453561189, 51.0290671034133], [-114.09244976940253, 51.029068237997215], [-114.09244581952137, 51.02906913274786], [-114.0924417495851, 51.02906977904825], [-114.0924375987895, 51.0290701706742], [-114.09243340710906, 51.029070303854084], [-114.09242921491202, 51.029070177305336], [-114.09242506257159, 51.02906979224667], [-114.09242099007717, 51.02906915238645], [-114.09241703664915, 51.02906826388685], [-114.09241324036127, 51.02906713530464], [-114.0924096377739, 51.02906577750871], [-114.09240626358194, 51.02906420357537], [-114.09240315028075, 51.02906242866253], [-114.0924003278531, 51.02906046986353], [-114.09239782348054, 51.02905834604273], [-114.09239566128151, 51.0290560776537], [-114.09239386207913, 51.029053686542305], [-114.09239244320067, 51.02905119573623], [-114.09239141831063, 51.029048629223354], [-114.09239079727922, 51.02904601172059], [-114.09239058608723, 51.02904336843593]]]}}, {"type": "Feature", "properties": {"tag": "T1828", "code": "TREE", "canopy_m": 6.0, "condition": "F", "in_inventory": false, "botanical": ""}, "geometry": {"type": "Polygon", "coordinates": [[[-114.0912228020408, 51.02811140040416], [-114.09122300278456, 51.02810875679543], [-114.09122361345997, 51.02810613832459], [-114.09122462818584, 51.02810357020895], [-114.09122603718974, 51.02810107718086], [-114.09122782690217, 51.028098683249524], [-114.09122998008712, 51.02809641146979], [-114.09123247600824, 51.028094283720115], [-114.09123529062843, 51.02809232049188], [-114.09123839684135, 51.028090540692034], [-114.09124176473244, 51.028088961460966], [-114.09124536186715, 51.028087598007545], [-114.0912491536031, 51.02808646346255], [-114.09125310342385, 51.02808556875224], [-114.09125717329053, 51.02808492249315], [-114.09126132400814, 51.02808453090912], [-114.0912655156031, 51.02808439777129], [-114.0912697077081, 51.028084524361844], [-114.09127385995096, 51.02808490946167], [-114.09127793234337, 51.02808554936203], [-114.09128188566604, 51.028086437900384], [-114.09128568184636, 51.028087566519574], [-114.09128928432507, 51.02808892435044], [-114.09129265840839, 51.028090498316345], [-114.09129577160205, 51.02809227325913], [-114.09129859392431, 51.02809423208519], [-114.09130109819466, 51.02809635592994], [-114.09130326029559, 51.02809862433964], [-114.09130505940485, 51.02810101546829], [-114.09130647819596, 51.02810350628799], [-114.09130750300518, 51.02810607281085], [-114.09130812396296, 51.02810869031984], [-114.09130833508907, 51.028111333606915], [-114.09130813435014, 51.02811397721579], [-114.0913075236794, 51.02811659568706], [-114.09130650895781, 51.02811916380341], [-114.09130509995768, 51.02812165683247], [-114.09130331024838, 51.02812405076497], [-114.09130115706571, 51.02812632254604], [-114.09129866114603, 51.028128450297174], [-114.09129584652632, 51.028130413526924], [-114.09129274031297, 51.02813219332828], [-114.09128937242046, 51.0281337725608], [-114.09128577528348, 51.02813513601557], [-114.09128198354445, 51.02813627056175], [-114.09127803371996, 51.02813716527304], [-114.09127396384899, 51.02813781153284], [-114.09126981312673, 51.02813820311732], [-114.09126562152693, 51.028138336255296], [-114.09126142941709, 51.028138209664604], [-114.09125727716956, 51.02813782456435], [-114.09125320477285, 51.028137184663265], [-114.09124925144641, 51.028136296123975], [-114.09124545526299, 51.0281351675036], [-114.09124185278198, 51.02813380967139], [-114.09123847869724, 51.028132235704035], [-114.09123536550307, 51.02813046075974], [-114.09123254318128, 51.02812850193217], [-114.09123003891233, 51.028126378085936], [-114.09122787681368, 51.0281241096749], [-114.0912260777075, 51.02812171854509], [-114.09122465892013, 51.0281192277244], [-114.09122363411518, 51.02811666120082], [-114.09122301316206, 51.02811404369139], [-114.0912228020408, 51.02811140040416]]]}}, {"type": "Feature", "properties": {"tag": "T1829", "code": "TREE", "canopy_m": 1.0, "condition": "F", "in_inventory": false, "botanical": ""}, "geometry": {"type": "Polygon", "coordinates": [[[-114.09212371344977, 51.02794116477375], [-114.0921237468984, 51.027940724172026], [-114.0921238486688, 51.02794028775943], [-114.09212401778089, 51.027939859738844], [-114.09212425260603, 51.02793944423235], [-114.0921245508827, 51.027939045241496], [-114.09212490973832, 51.02793866660878], [-114.09212532571695, 51.027938311980655], [-114.09212579481247, 51.027937984772365], [-114.09212631250723, 51.02793768813511], [-114.09212687381556, 51.027937424925675], [-114.09212747333173, 51.027937197678895], [-114.09212810528209, 51.02793700858331], [-114.09212876358062, 51.02793685945998], [-114.09212944188754, 51.02793675174506], [-114.09213013367037, 51.0279366864759], [-114.09213083226689, 51.02793666428108], [-114.09213153094922, 51.02793668537434], [-114.09213222298867, 51.02793674955256], [-114.09213290172053, 51.027936856197634], [-114.09213356060825, 51.027937004282556], [-114.09213419330636, 51.02793719238116], [-114.09213479372164, 51.02793741868196], [-114.09213535607178, 51.027937681005554], [-114.09213587494102, 51.02793797682562], [-114.09213634533239, 51.02793830329326], [-114.09213676271574, 51.02793865726441], [-114.09213712307144, 51.027939035330114], [-114.0921374229291, 51.02793943384944], [-114.09213765940088, 51.02793984898438], [-114.09213783020945, 51.027940276736985], [-114.09213793370984, 51.027940712987736], [-114.09213796890525, 51.02794115353535], [-114.09213793545676, 51.02794159413709], [-114.09213783368646, 51.02794203054968], [-114.0921376645745, 51.02794245857029], [-114.09213742974947, 51.027942874076814], [-114.09213713147288, 51.02794327306769], [-114.09213677261732, 51.02794365170046], [-114.09213635663873, 51.02794400632862], [-114.09213588754324, 51.02794433353695], [-114.09213536984846, 51.027944630174254], [-114.0921348085401, 51.02794489338372], [-114.09213420902385, 51.02794512063053], [-114.09213357707341, 51.027945309726164], [-114.09213291877478, 51.02794545884952], [-114.09213224046775, 51.02794556656446], [-114.09213154868479, 51.02794563183363], [-114.09213085008813, 51.02794565402846], [-114.09213015140567, 51.02794563293519], [-114.09212945936608, 51.02794556875696], [-114.0921287806341, 51.02794546211186], [-114.09212812174628, 51.02794531402691], [-114.09212748904808, 51.02794512592828], [-114.09212688863273, 51.02794489962744], [-114.09212632628255, 51.02794463730381], [-114.09212580741331, 51.027944341483696], [-114.09212533702195, 51.02794401501602], [-114.09212491963864, 51.02794366104484], [-114.092124559283, 51.02794328297908], [-114.09212425942543, 51.02794288445975], [-114.09212402295375, 51.02794246932476], [-114.09212385214529, 51.027942041572146], [-114.09212374864504, 51.02794160532136], [-114.09212371344977, 51.02794116477375]]]}}, {"type": "Feature", "properties": {"tag": "T1830", "code": "CON", "canopy_m": 6.0, "condition": "F", "in_inventory": true, "botanical": "Picea glauca"}, "geometry": {"type": "Polygon", "coordinates": [[[-114.09211436089362, 51.02905547993791], [-114.09211456159065, 51.02905283632809], [-114.09211517222816, 51.02905021785304], [-114.09211618692531, 51.02904764973009], [-114.09211759590993, 51.02904515669167], [-114.09211938561269, 51.02904276274706], [-114.09212153879773, 51.02904049095127], [-114.09212403472864, 51.029038363182906], [-114.09212684936827, 51.02903639993351], [-114.09212995561006, 51.029034620110224], [-114.09213332353922, 51.02903304085372], [-114.09213692072076, 51.029031677373055], [-114.0921407125119, 51.029030542799276], [-114.09214466239567, 51.02902964805894], [-114.09214873233256, 51.02902900176889], [-114.09215288312693, 51.0290286101532], [-114.09215707480443, 51.02902847698338], [-114.092161266997, 51.029028603541896], [-114.09216541933155, 51.02902898860993], [-114.09216949181896, 51.02902962847908], [-114.09217344523896, 51.02903051698705], [-114.09217724151804, 51.029031645577064], [-114.09218084409599, 51.02903300338016], [-114.09218421827806, 51.02903457732001], [-114.09218733156904, 51.02903635223872], [-114.09219015398622, 51.029038311042875], [-114.09219265834822, 51.02904043486813], [-114.09219482053663, 51.02904270326091], [-114.09219661972834, 51.02904509437542], [-114.09219803859614, 51.02904758518385], [-114.09219906347548, 51.02905015169844], [-114.09219968449614, 51.02905276920224], [-114.0921998956773, 51.029055412487246], [-114.0921996949851, 51.02905805609719], [-114.09219908435225, 51.02906067457268], [-114.0921980696594, 51.029063242696346], [-114.09219666067855, 51.02906573573571], [-114.0921948709789, 51.0290681296815], [-114.09219271779617, 51.02907040147863], [-114.09219022186666, 51.029072529248445], [-114.09218740722753, 51.029074492499355], [-114.0921843009853, 51.029076272324154], [-114.09218093305473, 51.02907785158213], [-114.09217733587091, 51.02907921506414], [-114.0921735440767, 51.02908034963909], [-114.09216959418919, 51.02908124438039], [-114.09216552424799, 51.029081890671186], [-114.09216137344897, 51.029082282287305], [-114.09215718176664, 51.029082415457296], [-114.09215298956923, 51.029082288898636], [-114.09214883723, 51.02908190383015], [-114.09214476473831, 51.0290812639603], [-114.09214081131454, 51.029080375451365], [-114.09213701503235, 51.029079246860185], [-114.0921334124521, 51.029077889055735], [-114.0921300382686, 51.02907631511443], [-114.09212692497714, 51.029074540194216], [-114.0921241025604, 51.02907258138853], [-114.0921215981998, 51.02907045756183], [-114.09211943601368, 51.02906818916769], [-114.09211763682504, 51.02906579805202], [-114.09211621796099, 51.02906330724261], [-114.09211519308595, 51.0290607407273], [-114.09211457206993, 51.02905812322306], [-114.09211436089362, 51.02905547993791]]]}}, {"type": "Feature", "properties": {"tag": "T1831", "code": "TREE", "canopy_m": 12.0, "condition": "F", "in_inventory": false, "botanical": ""}, "geometry": {"type": "Polygon", "coordinates": [[[-114.09218599350504, 51.02790415875263], [-114.09218639488118, 51.02789887153172], [-114.09218761611788, 51.02789363457985], [-114.09218964545371, 51.0278884983317], [-114.0921924633448, 51.0278835122521], [-114.09219604265311, 51.02787872435968], [-114.09220034890777, 51.027874180764364], [-114.09220534063704, 51.02786992522343], [-114.09221096976776, 51.02786599871993], [-114.0922171820883, 51.02786243906818], [-114.09222391777067, 51.027859280549485], [-114.09223111194662, 51.027856553582005], [-114.09223869533243, 51.02785428442787], [-114.09224659489614, 51.027852494940205], [-114.09225473456084, 51.02785120235268], [-114.09226303593736, 51.0278504191136], [-114.09227141907918, 51.027850152765936], [-114.09227980325234, 51.02785040587479], [-114.09228810771292, 51.02785117600255], [-114.09229625248473, 51.027852455732514], [-114.0923041591294, 51.02785423274021], [-114.09231175150184, 51.02785648991216], [-114.09231895648351, 51.02785920551062], [-114.09232570468666, 51.027862353382964], [-114.09233193112247, 51.027865903213545], [-114.092337575827, 51.02786982081565], [-114.09234258443861, 51.02787406846071], [-114.09234690872158, 51.02787860524167], [-114.09235050703056, 51.02788338746692], [-114.09235334471168, 51.02788836908109], [-114.09235539443631, 51.02789350210857], [-114.09235663646423, 51.02789873711553], [-114.0923570588338, 51.02790402368603], [-114.09235665747703, 51.02790931090748], [-114.09235543625898, 51.02791454786111], [-114.09235340694033, 51.027919684112106], [-114.09235058906432, 51.02792467019555], [-114.09234700976842, 51.02792945809266], [-114.092342703523, 51.027934001693325], [-114.09233771179944, 51.02793825724008], [-114.09233208267068, 51.02794218374962], [-114.09232587034829, 51.02794574340744], [-114.09231913466033, 51.027948901931964], [-114.09231194047528, 51.027951628904816], [-114.09230435707717, 51.02795389806368], [-114.09229645749846, 51.027955687555234], [-114.09228831781662, 51.027956980145646], [-114.0922800164215, 51.02795776338652], [-114.09227163326032, 51.0279580297348], [-114.0922632490678, 51.02795777662539], [-114.09225494458856, 51.027957006495875], [-114.09224679979955, 51.027955726763075], [-114.09223889313981, 51.02795394975152], [-114.09223130075499, 51.02795169257489], [-114.09222409576408, 51.027948976971075], [-114.09221734755522, 51.02794582909291], [-114.09221112111743, 51.02794227925627], [-114.09220547641475, 51.027938361648104], [-114.09220046780872, 51.02793411399722], [-114.09219614353486, 51.02792957721087], [-114.09219254523818, 51.02792479498091], [-114.09218970757206, 51.02791981336285], [-114.09218765786457, 51.027914680332486], [-114.09218641585524, 51.027909445323736], [-114.09218599350504, 51.02790415875263]]]}}, {"type": "Feature", "properties": {"tag": "T1832", "code": "TREE", "canopy_m": 7.0, "condition": "P", "in_inventory": false, "botanical": ""}, "geometry": {"type": "Polygon", "coordinates": [[[-114.09122274186828, 51.02842208658719], [-114.09122297607085, 51.02841900237718], [-114.09122368853022, 51.028415947494686], [-114.09122487238493, 51.02841295135993], [-114.0912265162337, 51.02841004282731], [-114.09122860424533, 51.02840724990754], [-114.09123111631104, 51.028404599497954], [-114.09123402823823, 51.028402117123434], [-114.0912373119834, 51.02839982669055], [-114.09124093592231, 51.02839775025741], [-114.09124486515445, 51.02839590782118], [-114.09124906183918, 51.028394317125446], [-114.09125348556017, 51.028392993489526], [-114.09125809371466, 51.02839194966069], [-114.09126284192365, 51.02839119569157], [-114.09126768445938, 51.028390738843285], [-114.09127257468569, 51.02839058351552], [-114.0912774655071, 51.02839073120418], [-114.09128230982245, 51.02839118048693], [-114.09128706097839, 51.02839192703695], [-114.0912916732188, 51.02839296366456], [-114.09129610212536, 51.02839428038648], [-114.09130030504532, 51.028395864522025], [-114.09130424150233, 51.02839770081507], [-114.09130787358616, 51.028399771581185], [-114.0913111663179, 51.02840205687776], [-114.0913140879867, 51.02840453469618], [-114.09131661045528, 51.02840718117375], [-114.09131870943087, 51.02840997082342], [-114.09132036469907, 51.02841287677939], [-114.09132156031872, 51.02841587105575], [-114.09132228477525, 51.02841892481597], [-114.09132253109165, 51.028422008650715], [-114.09132229689564, 51.02842509286093], [-114.09132158444262, 51.028428147743995], [-114.09132040059377, 51.028431143879715], [-114.09131875675011, 51.02843405241366], [-114.0913166687427, 51.028436845335015], [-114.09131415668014, 51.02843949574643], [-114.0913112447549, 51.02844197812293], [-114.09130796101039, 51.02844426855788], [-114.09130433707085, 51.02844634499308], [-114.09130040783681, 51.0284481874313], [-114.09129621114899, 51.02844977812884], [-114.09129178742381, 51.02845110176638], [-114.09128717926421, 51.02845214559653], [-114.09128243104941, 51.028452899566645], [-114.09127758850734, 51.02845335641554], [-114.09127269827444, 51.02845351174351], [-114.09126780744643, 51.02845336405465], [-114.09126296312475, 51.028452914771314], [-114.09125821196295, 51.028452168220326], [-114.0912535997174, 51.0284511315914], [-114.09124917080663, 51.02844981486789], [-114.09124496788353, 51.02844823073053], [-114.09124103142457, 51.028446394435505], [-114.09123739934007, 51.02844432366734], [-114.09123410660897, 51.02844203836869], [-114.09123118494206, 51.02843956054829], [-114.09122866247658, 51.0284369140689], [-114.09122656350519, 51.02843412441761], [-114.09122490824208, 51.028431218460305], [-114.09122371262826, 51.02842822418297], [-114.09122298817807, 51.02842517042213], [-114.09122274186828, 51.02842208658719]]]}}, {"type": "Feature", "properties": {"tag": "T1833", "code": "TREE", "canopy_m": 5.0, "condition": "F", "in_inventory": false, "botanical": ""}, "geometry": {"type": "Polygon", "coordinates": [[[-114.09123400644484, 51.02814022182146], [-114.09123417373087, 51.028138018814175], [-114.09123468262683, 51.0281358367551], [-114.09123552823178, 51.02813369665867], [-114.09123670240199, 51.02813161913517], [-114.09123819382953, 51.02812962419225], [-114.0912399881511, 51.02812773104234], [-114.09124206808642, 51.028125957917446], [-114.0912444136045, 51.02812432189374], [-114.09124700211677, 51.028122838727015], [-114.09124980869441, 51.02812152270093], [-114.09125280630859, 51.028120386489555], [-114.09125596609064, 51.0281194410352], [-114.09125925761016, 51.02811869544309], [-114.09126264916807, 51.02811815689369], [-114.09126610810188, 51.0281178305735], [-114.09126960110015, 51.02811771962518], [-114.0912730945235, 51.0281178251172], [-114.09127655472838, 51.02811814603363], [-114.09127994839118, 51.028118679283864], [-114.0912832428291, 51.02811941973243], [-114.09128640631495, 51.02812036024838], [-114.09128940838268, 51.028121491774094], [-114.09129222012074, 51.02812280341234], [-114.09129481445056, 51.028124282531344], [-114.09129716638735, 51.028125914886395], [-114.09129925328067, 51.02812768475704], [-114.09130105503256, 51.02812957509848], [-114.09130255429116, 51.02813156770569], [-114.09130373661776, 51.02813364338881], [-114.09130459062587, 51.02813578215787], [-114.09130510809086, 51.028137963415354], [-114.09130528402926, 51.02814016615459], [-114.09130511674658, 51.02814236916196], [-114.09130460785386, 51.028144551221345], [-114.0913037622519, 51.028146691318256], [-114.0913025880843, 51.028148768842435], [-114.09130109665892, 51.02815076378615], [-114.09129930233894, 51.02815265693701], [-114.09129722240463, 51.02815443006291], [-114.09129487688686, 51.02815606608766], [-114.09129228837429, 51.028157549255454], [-114.09128948179567, 51.02815886528255], [-114.09128648417992, 51.02816000149486], [-114.09128332439573, 51.028160946950024], [-114.0912800328736, 51.02816169254281], [-114.09127664131272, 51.02816223109271], [-114.0912731823757, 51.0281625574132], [-114.09126968937406, 51.028162668361645], [-114.09126619594734, 51.02816256286951], [-114.09126273573922, 51.02816224195278], [-114.09125934207344, 51.02816170870207], [-114.0912560476329, 51.02816096825284], [-114.09125288414488, 51.028160027736064], [-114.09124988207556, 51.02815889620942], [-114.09124707033651, 51.02815758457016], [-114.09124447600635, 51.028156105450115], [-114.09124212406988, 51.028154473094], [-114.09124003717754, 51.02815270322233], [-114.09123823542723, 51.02815081287997], [-114.09123673617076, 51.02814882027193], [-114.09123555384676, 51.02814674458814], [-114.09123469984162, 51.0281446058186], [-114.09123418237986, 51.0281424245608], [-114.09123400644484, 51.02814022182146]]]}}, {"type": "Feature", "properties": {"tag": "T1834", "code": "CON", "canopy_m": 6.0, "condition": "F", "in_inventory": true, "botanical": "Picea glauca"}, "geometry": {"type": "Polygon", "coordinates": [[[-114.0923522828621, 51.029087493482514], [-114.09235248354575, 51.02908484987232], [-114.09235309417026, 51.02908223139604], [-114.09235410885495, 51.02907966327104], [-114.09235551782777, 51.02907717022978], [-114.0923573075195, 51.02907477628156], [-114.0923594606944, 51.0290725044814], [-114.09236195661614, 51.02907037670796], [-114.09236477124765, 51.02906841345285], [-114.09236787748245, 51.02906663362326], [-114.09237124540583, 51.0290650543599], [-114.09237484258286, 51.02906369087191], [-114.09237863437079, 51.029062556290434], [-114.09238258425269, 51.029061661542066], [-114.09238665418907, 51.02906101524371], [-114.09239080498428, 51.02906062361961], [-114.09239499666397, 51.02906049044124], [-114.09239918886004, 51.029060616991224], [-114.09240334119944, 51.02906100205079], [-114.09240741369291, 51.029061641911625], [-114.09241136712019, 51.029062530411565], [-114.09241516340765, 51.02906365899381], [-114.09241876599502, 51.029065016789595], [-114.09242214018745, 51.029066590722564], [-114.09242525348965, 51.029068365634906], [-114.09242807591882, 51.02907032443329], [-114.09243058029341, 51.02907244825344], [-114.09243274249492, 51.029074716641816], [-114.09243454170011, 51.02907710775262], [-114.09243596058162, 51.02907959855815], [-114.0924369854748, 51.029082165070626], [-114.09243760650929, 51.02908478257313], [-114.09243781770414, 51.02908742585769], [-114.09243761702535, 51.029090069468026], [-114.09243700640548, 51.02909268794473], [-114.0924359917251, 51.02909525607044], [-114.09243458275603, 51.029097749112665], [-114.0924327930674, 51.029100143062074], [-114.09243063989483, 51.02910241486356], [-114.09242814397452, 51.02910454263846], [-114.09242532934351, 51.029106505895086], [-114.09242222310824, 51.02910828572618], [-114.09241885518347, 51.029109864991], [-114.09241525800415, 51.029111228480325], [-114.09241146621314, 51.029112363062985], [-114.0924075163275, 51.029113257812334], [-114.09240344638684, 51.0291139041114], [-114.09239929558697, 51.029114295735965], [-114.09239510390243, 51.02911442891448], [-114.09239091170151, 51.02911430236438], [-114.09238675935747, 51.02911391730435], [-114.0923826868597, 51.029113277442804], [-114.09237873342866, 51.02911238894192], [-114.0923749371381, 51.029111260358476], [-114.09237133454842, 51.029109902561366], [-114.09236796035455, 51.02910832862695], [-114.09236484705185, 51.02910655371309], [-114.09236202462314, 51.02910459491318], [-114.09235952024996, 51.02910247109157], [-114.09235735805073, 51.02910020270187], [-114.09235555884861, 51.02909781158989], [-114.09235413997085, 51.02909532078338], [-114.09235311508195, 51.02909275427018], [-114.09235249405211, 51.02909013676722], [-114.0923522828621, 51.029087493482514]]]}}, {"type": "Feature", "properties": {"tag": "T1835", "code": "TREE", "canopy_m": 13.0, "condition": "F", "in_inventory": false, "botanical": ""}, "geometry": {"type": "Polygon", "coordinates": [[[-114.09116557266594, 51.0284781104378], [-114.09116600762114, 51.028472382619455], [-114.09116733076837, 51.028466709266965], [-114.09116952936469, 51.028461145017815], [-114.09117258223615, 51.028455743458665], [-114.09117645998165, 51.028450556609464], [-114.09118112525618, 51.02844563442231], [-114.09118653313044, 51.02844102430048], [-114.09119263152354, 51.02843677064185], [-114.0911993617046, 51.02843291441137], [-114.09120665885831, 51.02842949274656], [-114.09121445270922, 51.02842653859983], [-114.09122266819841, 51.02842408042113], [-114.09123122620643, 51.02842214188397], [-114.09124004431526, 51.028420741657484], [-114.09124903760197, 51.02841989322655], [-114.09125811945661, 51.028419604762], [-114.09126720241628, 51.028419879041884], [-114.09127619900744, 51.02842071342476], [-114.09128502258832, 51.02842209987509], [-114.0912935881833, 51.02842402504064], [-114.09130181330127, 51.02842647038109], [-114.09130961873005, 51.02842941234655], [-114.09131692929928, 51.02843282260437], [-114.09132367460425, 51.02843666831201], [-114.09132978968402, 51.02844091243329], [-114.091335215647, 51.02844551409511], [-114.09133990023813, 51.028450428981074], [-114.09134379834204, 51.0284556097582], [-114.0913468724177, 51.02846100653287], [-114.09134909285977, 51.02846656733126], [-114.09135043828394, 51.02847223859988], [-114.0913508957327, 51.02847796572134], [-114.09135046080024, 51.02848369354037], [-114.0913491376749, 51.0284893668949], [-114.09134693909876, 51.02849493114741], [-114.091343886245, 51.02850033271106], [-114.09134000851405, 51.028505519565755], [-114.09133534325035, 51.02851044175919], [-114.09132993538279, 51.02851505188786], [-114.091323836992, 51.0285193055536], [-114.09131710680879, 51.028523161791185], [-114.09130980964851, 51.028526583462835], [-114.09130201578691, 51.02852953761589], [-114.0912938002833, 51.02853199580013], [-114.09128524225765, 51.02853393434182], [-114.09127642412872, 51.028535334571714], [-114.09126743082018, 51.02853618300475], [-114.09125834894282, 51.02853647147003], [-114.0912492659604, 51.02853619718948], [-114.09124026934737, 51.028535362804554], [-114.09123144574632, 51.02853397635088], [-114.09122288013363, 51.028532051180825], [-114.09121465500111, 51.02852960583487], [-114.09120684956149, 51.02852666386313], [-114.09119953898556, 51.02852325359847], [-114.09119279367829, 51.02851940788372], [-114.09118667860068, 51.02851516375534], [-114.09118125264425, 51.028510562086666], [-114.09117656806383, 51.0285056471944], [-114.09117266997434, 51.02850046641173], [-114.0911695959163, 51.028495069632505], [-114.09116737549432, 51.028489508830724], [-114.091166030092, 51.02848383756], [-114.09116557266594, 51.0284781104378]]]}}, {"type": "Feature", "properties": {"tag": "T1836", "code": "TREE", "canopy_m": 2.0, "condition": "F", "in_inventory": true, "botanical": "Syringa reticulata"}, "geometry": {"type": "Polygon", "coordinates": [[[-114.09161544166916, 51.02895002669447], [-114.09161550857749, 51.02894914549147], [-114.09161571213225, 51.02894827266729], [-114.0916160503731, 51.028947416627744], [-114.0916165200426, 51.02894658561692], [-114.09161711661756, 51.02894578763794], [-114.09161783435262, 51.02894503037575], [-114.0916186663356, 51.0289443211232], [-114.09161960455407, 51.02894366671079], [-114.09162063997243, 51.02894307344086], [-114.09162176261907, 51.0289425470269], [-114.09162296168229, 51.02894209253861], [-114.09162422561445, 51.02894171435292], [-114.0916255422432, 51.02894141611196], [-114.09162689888868, 51.028941200687974], [-114.09162828248567, 51.02894107015561], [-114.09162967970938, 51.02894102577196], [-114.0916310771038, 51.02894106796446], [-114.09163246121125, 51.02894119632677], [-114.09163381870204, 51.0289414096227], [-114.09163513650277, 51.02894170579808], [-114.09163640192234, 51.02894208200061], [-114.09163760277407, 51.02894253460722], [-114.09163872749308, 51.0289430592591], [-114.09163976524772, 51.02894365090353], [-114.09164070604386, 51.028944303842685], [-114.09164154082112, 51.02894501178839], [-114.09164226154012, 51.02894576792273], [-114.09164286125994, 51.02894656496374], [-114.09164333420496, 51.02894739523549], [-114.09164367582044, 51.028948250742005], [-114.09164388281644, 51.028949123244274], [-114.09164395319947, 51.02895000433963], [-114.09164388629168, 51.02895088554264], [-114.09164368273743, 51.02895175836685], [-114.09164334449704, 51.028952614406506], [-114.09164287482797, 51.02895344541742], [-114.09164227825336, 51.02895424339654], [-114.09164156051855, 51.02895500065888], [-114.09164072853572, 51.028955709911585], [-114.09163979031733, 51.02895636432416], [-114.09163875489891, 51.028956957594275], [-114.0916376322521, 51.02895748400837], [-114.09163643318864, 51.02895793849683], [-114.09163516925614, 51.02895831668266], [-114.09163385262697, 51.02895861492371], [-114.09163249598102, 51.02895883034777], [-114.09163111238351, 51.028958960880196], [-114.09162971515926, 51.02895900526386], [-114.0916283177643, 51.028958963071354], [-114.09162693365634, 51.02895883470898], [-114.09162557616507, 51.02895862141298], [-114.09162425836391, 51.02895832523748], [-114.091622992944, 51.028957949034826], [-114.09162179209203, 51.028957496428056], [-114.09162066737287, 51.02895697177603], [-114.09161962961815, 51.028956380131426], [-114.09161868882207, 51.02895572719211], [-114.09161785404497, 51.028955019246254], [-114.09161713332621, 51.02895426311176], [-114.09161653360674, 51.028953466070604], [-114.09161606066213, 51.02895263579875], [-114.09161571904713, 51.02895178029217], [-114.09161551205165, 51.02895090778985], [-114.09161544166916, 51.02895002669447]]]}}, {"type": "Feature", "properties": {"tag": "T1837", "code": "CON", "canopy_m": 11.0, "condition": "F", "in_inventory": false, "botanical": ""}, "geometry": {"type": "Polygon", "coordinates": [[[-114.09250992511225, 51.02933162955524], [-114.0925102930177, 51.029326782936266], [-114.09251141248544, 51.029321982395125], [-114.09251327273414, 51.02931727416364], [-114.09251585584839, 51.029312703584615], [-114.0925191369512, 51.029308314675205], [-114.09252308444363, 51.029304149702924], [-114.09252766030902, 51.02930024877865], [-114.09253282047925, 51.02929664947038], [-114.09253851525902, 51.02929338644133], [-114.09254468980451, 51.02929049111617], [-114.09255128465153, 51.02928799137843], [-114.09255823628824, 51.029285911301855], [-114.0925654777667, 51.029284270918666], [-114.0925729393477, 51.029283086026616], [-114.09258054917234, 51.02928236803682], [-114.09258823395409, 51.02928212386389], [-114.09259591968451, 51.02928235585933], [-114.09260353234608, 51.0292830617889], [-114.0926109986249, 51.02928423485417], [-114.09261824661687, 51.02928586375786], [-114.09262520652001, 51.02928793281285], [-114.09263181130682, 51.02929042209299], [-114.09263799736969, 51.02929330762529], [-114.09264370513354, 51.02929656162052], [-114.09264887962948, 51.029300152741], [-114.0926534710243, 51.02930404640239], [-114.09265743510028, 51.02930820510662], [-114.09266073368106, 51.02931258880319], [-114.09266333499939, 51.02931715527477], [-114.09266521400295, 51.02932186054376], [-114.09266635259571, 51.02932665929591], [-114.09266673981219, 51.02933150531663], [-114.09266637192302, 51.029336351936095], [-114.09266525247095, 51.029341152478686], [-114.0926633922367, 51.02934586071256], [-114.09266080913513, 51.0293504312948], [-114.09265752804272, 51.02935482020817], [-114.09265358055805, 51.02935898518495], [-114.09264900469746, 51.0293628861141], [-114.0926438445289, 51.02936648542747], [-114.09263814974757, 51.029369748461605], [-114.09263197519739, 51.02937264379166], [-114.0926253803427, 51.02937514353393], [-114.09261842869567, 51.02937722361447], [-114.0926111872046, 51.029378864000925], [-114.09260372560921, 51.02938004889541], [-114.09259611576893, 51.0293807668867], [-114.09258843097092, 51.02938101106017], [-114.0925807452242, 51.02938077906425], [-114.09257313254697, 51.0293800731332], [-114.09256566625369, 51.02937890006555], [-114.09255841824907, 51.02937727115861], [-114.09255145833549, 51.0293752020997], [-114.09254485354094, 51.02937271281504], [-114.09253866747326, 51.02936982727786], [-114.09253295970775, 51.02936657327755], [-114.09252778521336, 51.02936298215196], [-114.09252319382324, 51.029359088485684], [-114.09251922975494, 51.029354929776936], [-114.09251593118448, 51.029350546076394], [-114.09251332987876, 51.02934597960156], [-114.09251145088959, 51.029341274330136], [-114.09251031231246, 51.029336475576486], [-114.09250992511225, 51.02933162955524]]]}}, {"type": "Feature", "properties": {"tag": "T1838", "code": "TREE", "canopy_m": 8.0, "condition": "F", "in_inventory": false, "botanical": ""}, "geometry": {"type": "Polygon", "coordinates": [[[-114.09185128783217, 51.02899971675444], [-114.09185155544785, 51.028996191941914], [-114.09185236964997, 51.02899270064364], [-114.09185372259716, 51.02898927648272], [-114.09185560125972, 51.02898595243564], [-114.091857987545, 51.028982760514815], [-114.09186085847168, 51.02897973146014], [-114.09186418639109, 51.02897689444301], [-114.09186793925356, 51.02897427678545], [-114.09187208091694, 51.02897190369687], [-114.09187657149472, 51.02896979803139], [-114.09188136774027, 51.02896798006765], [-114.09188642346317, 51.02896646731363], [-114.0918916899741, 51.02896527433794], [-114.0918971165538, 51.02896441262956], [-114.09190265094144, 51.0289638904872], [-114.09190823983795, 51.028963712939365], [-114.09191382941934, 51.02896388169593], [-114.09191936585502, 51.02896439513167], [-114.09192479582619, 51.02896524830196], [-114.09193006703937, 51.02896643299029], [-114.09193512873, 51.02896793778749], [-114.0919399321513, 51.02896974820161], [-114.09194443104377, 51.02897184679735], [-114.09194858208066, 51.028974213364165], [-114.0919523452852, 51.02897682511074], [-114.09195568441567, 51.02897965688459], [-114.0919585673144, 51.02898268141418], [-114.09196096621743, 51.02898586957171], [-114.09196285802193, 51.0289891906535], [-114.0919642245087, 51.02899261267572], [-114.0919650525176, 51.028996102682484], [-114.09196533407436, 51.0289996270631], [-114.09196506646727, 51.02900315187589], [-114.09196425227346, 51.02900664317493], [-114.0919628993339, 51.02901006733714], [-114.09196102067804, 51.02901339138591], [-114.09195863439828, 51.02901658330882], [-114.0919557634757, 51.02901961236588], [-114.09195243555881, 51.02902244938559], [-114.09194868269722, 51.02902506704585], [-114.09194454103304, 51.029027440137114], [-114.09194005045276, 51.029029545805194], [-114.09193525420315, 51.029031363771324], [-114.0919301984748, 51.02903287652744], [-114.09192493195721, 51.02903406950485], [-114.09191950536989, 51.02903493121451], [-114.09191397097399, 51.02903545335768], [-114.09190838206887, 51.02903563090579], [-114.09190279247885, 51.029035462148975], [-114.0918972560349, 51.02903494871244], [-114.09189182605608, 51.029034095540894], [-114.09188655483621, 51.029032910850866], [-114.09188149314006, 51.02903140605156], [-114.09187668971465, 51.02902959563509], [-114.09187219081964, 51.02902749703674], [-114.09186803978189, 51.02902513046725], [-114.09186427657816, 51.02902251871797], [-114.09186093745018, 51.029019686941545], [-114.0918580545555, 51.02901666240955], [-114.09185565565794, 51.02901347424992], [-114.0918537638601, 51.02901015316641], [-114.09185239738096, 51.02900673114289], [-114.09185156938032, 51.02900324113534], [-114.09185128783217, 51.02899971675444]]]}}, {"type": "Feature", "properties": {"tag": "T1839", "code": "TREE", "canopy_m": 16.0, "condition": "F", "in_inventory": false, "botanical": ""}, "geometry": {"type": "Polygon", "coordinates": [[[-114.09158539359663, 51.02786654136085], [-114.09158592885547, 51.027859491735654], [-114.09158755725987, 51.027852509141404], [-114.09159026312692, 51.02784566082434], [-114.09159402039722, 51.027839012737374], [-114.09159879288582, 51.027832628905124], [-114.09160453463069, 51.02782657080728], [-114.0916111903355, 51.02782089678649], [-114.091618695902, 51.02781566148653], [-114.09162697904742, 51.02781091532602], [-114.09163596000063, 51.027806704012974], [-114.09164555227025, 51.02780306810445], [-114.09165566347772, 51.02780004261611], [-114.0916661962469, 51.02779765668495], [-114.09167704914186, 51.02779593328869], [-114.09168811764371, 51.02779488902448], [-114.09169929515723, 51.02779453394911], [-114.09171047403731, 51.027794871482186], [-114.09172154662576, 51.02779589837304], [-114.09173240628796, 51.027797604732214], [-114.09174294843986, 51.0277999741266], [-114.09175307155516, 51.02780298373776], [-114.09176267814306, 51.02780660458159], [-114.09177167568708, 51.02781080178753], [-114.09177997753612, 51.027815534934334], [-114.09178750373889, 51.027820758439375], [-114.09179418181387, 51.02782642199759], [-114.09179994744741, 51.02783247106597], [-114.09180474511308, 51.02783884738883], [-114.09180852860644, 51.02784548955879], [-114.09181126148998, 51.02785233360826], [-114.09181291744409, 51.02785931362534], [-114.09181348052056, 51.0278663623887], [-114.09181294529616, 51.027873412014934], [-114.09181131692489, 51.02788039461226], [-114.09180861108841, 51.0278872429344], [-114.09180485384493, 51.0278938910282], [-114.09180008137837, 51.02790027486877], [-114.09179433964991, 51.027906332976144], [-114.09178768395525, 51.02791200700729], [-114.09178017839226, 51.02791724231802], [-114.09177189524354, 51.02792198848928], [-114.09176291428041, 51.027926199812704], [-114.09175332199459, 51.02792983573079], [-114.09174321076526, 51.02793286122753], [-114.09173267796939, 51.02793524716557], [-114.09172182504399, 51.02793697056699], [-114.09171075650904, 51.02793801483438], [-114.09169957896113, 51.027938369910835], [-114.09168840004659, 51.02793803237676], [-114.091677327425, 51.02793700548281], [-114.09166646773225, 51.02793529911857], [-114.09165592555354, 51.02793292971735], [-114.09164580241621, 51.02792992009787], [-114.0916361958119, 51.02792629924451], [-114.09162719825771, 51.027922102028235], [-114.09161889640518, 51.02791736887065], [-114.0916113702057, 51.02791214535485], [-114.09160469214065, 51.02790648178626], [-114.09159892652332, 51.027900432708314], [-114.09159412887948, 51.027894056377065], [-114.0915903454128, 51.02788741420019], [-114.09158761255972, 51.0278805701456], [-114.09158595663868, 51.027873590125324], [-114.09158539359663, 51.02786654136085]]]}}, {"type": "Feature", "properties": {"tag": "T1840", "code": "CON", "canopy_m": 13.0, "condition": "F", "in_inventory": false, "botanical": ""}, "geometry": {"type": "Polygon", "coordinates": [[[-114.09199623545902, 51.02901860709382], [-114.09199667031679, 51.029012879272955], [-114.09199799337792, 51.02900720591163], [-114.09200019190025, 51.0290016416474], [-114.09200324471055, 51.028996240067094], [-114.09200712240833, 51.028991053190836], [-114.09201178764901, 51.02898613097101], [-114.09201719550364, 51.02898152081118], [-114.09202329389153, 51.02897726710959], [-114.09203002408181, 51.028973410831625], [-114.09203732125913, 51.02896998911526], [-114.09204511514774, 51.028967034913386], [-114.09205333068843, 51.02896457667649], [-114.09206188876124, 51.02896263807865], [-114.0920707069475, 51.028961237789574], [-114.09207970032352, 51.02896038929475], [-114.09208878227855, 51.02896010076562], [-114.09209786534869, 51.02896037498086], [-114.09210686205932, 51.028961209299645], [-114.09211568576754, 51.02896259568708], [-114.0921242514965, 51.02896452079149], [-114.0921324767538, 51.02896696607318], [-114.09214028232593, 51.028969907982805], [-114.09214759304112, 51.02897331818827], [-114.09215433849326, 51.028977163847536], [-114.09216045372003, 51.02898140792488], [-114.09216587982839, 51.02898600954764], [-114.09217056456187, 51.02899092439975], [-114.09217446280377, 51.028996105148636], [-114.09217753701168, 51.02900150190088], [-114.09217975757905, 51.0290070626829], [-114.09218110312031, 51.02901273394137], [-114.09218156067685, 51.029018461059], [-114.0921811258418, 51.02902418888053], [-114.09217980280256, 51.02902986224389], [-114.0921776043004, 51.02903542651148], [-114.0921745515078, 51.02904082809628], [-114.09217067382457, 51.02904601497804], [-114.09216600859472, 51.02905093720417], [-114.0921606007468, 51.029055547370824], [-114.09215450236123, 51.02905980107951], [-114.09214777216877, 51.02906365736458], [-114.0921404749849, 51.0290670790878], [-114.09213268108559, 51.029070033295994], [-114.09212446553047, 51.029072491538436], [-114.09211590744007, 51.02907443014081], [-114.09210708923369, 51.02907583043329], [-114.09209809583581, 51.02907667893022], [-114.09208901385807, 51.02907696746007], [-114.09207993076521, 51.029076693244164], [-114.09207093403269, 51.02907585892333], [-114.0920621103043, 51.029074472532564], [-114.09205354455763, 51.029072547423645], [-114.09204531928577, 51.029070102136444], [-114.09203751370282, 51.029067160220535], [-114.09203020298094, 51.02906375000823], [-114.09202345752647, 51.02905990434187], [-114.09201734230187, 51.029055660257406], [-114.09201191620006, 51.029051058627815], [-114.09200723147728, 51.02904614376938], [-114.09200333324982, 51.029040963014964], [-114.0920002590595, 51.02903556625816], [-114.09199803851224, 51.02903000547274], [-114.09199669299282, 51.02902433421217], [-114.09199623545902, 51.02901860709382]]]}}, {"type": "Feature", "properties": {"tag": "T1841", "code": "TREE", "canopy_m": 9.0, "condition": "F", "in_inventory": false, "botanical": ""}, "geometry": {"type": "Polygon", "coordinates": [[[-114.09226286937587, 51.0292737240471], [-114.09226317041015, 51.02926975863217], [-114.09226408635807, 51.029265830918575], [-114.09226560839844, 51.02926197873236], [-114.09226772187301, 51.02925823917215], [-114.09227040642777, 51.029254648251914], [-114.09227363620887, 51.02925124055417], [-114.09227738011168, 51.029248048896825], [-114.09228160208033, 51.02924510401727], [-114.09228626145493, 51.02924243427624], [-114.09229131336319, 51.02924006538474], [-114.09229670915249, 51.02923802015648], [-114.09230239685851, 51.02923631828805], [-114.09230832170566, 51.02923497616934], [-114.0923144266345, 51.02923400672567], [-114.0923206528514, 51.02923341929329], [-114.0923269403946, 51.02923321952945], [-114.09233322871184, 51.029233409358], [-114.09233945724328, 51.029233986950786], [-114.09234556600497, 51.02923494674531], [-114.09235149616627, 51.029236279498235], [-114.09235719061665, 51.02923797237444], [-114.09236259451555, 51.02924000907065], [-114.0923676558205, 51.02924236997242], [-114.09237232578845, 51.02924503234302], [-114.09237655944504, 51.029247970542386], [-114.09238031601787, 51.02925115627414], [-114.09238355932901, 51.02925455885797], [-114.09238625814355, 51.02925814552516], [-114.0923883864703, 51.02926188173423], [-114.09238992381222, 51.02926573150346], [-114.09239085536372, 51.02926965775746], [-114.09239117215328, 51.0292736226843], [-114.09239087112992, 51.02927758809956], [-114.09238995519247, 51.029281515814134], [-114.09238843316179, 51.02928536800194], [-114.09238631969569, 51.02928910756432], [-114.0923836351479, 51.02929269848718], [-114.092380405372, 51.02929610618796], [-114.0923766614724, 51.02929929784856], [-114.09237243950486, 51.029302242731525], [-114.09236778012921, 51.02930491247597], [-114.09236272821782, 51.02930728137074], [-114.09235733242339, 51.02930932660203], [-114.09235164471045, 51.02931102847312], [-114.09234571985488, 51.029312370594006], [-114.0923396149164, 51.02931334003931], [-114.09233338868903, 51.0293139274727], [-114.09232710113493, 51.029314127236894], [-114.09232081280679, 51.02931393740802], [-114.09231458426486, 51.029313359814246], [-114.09230847549351, 51.02931240001811], [-114.09230254532372, 51.029311067263045], [-114.09229685086636, 51.02930937438419], [-114.09229144696228, 51.02930733768497], [-114.0922863856541, 51.029304976779926], [-114.09228171568506, 51.029302314405925], [-114.09227748202949, 51.02929937620314], [-114.0922737254598, 51.02929619046811], [-114.0922704821538, 51.02929278788127], [-114.09226778334619, 51.02928920121139], [-114.09226565502786, 51.02928546500014], [-114.09226411769558, 51.029281615229316], [-114.09226318615455, 51.02927768897429], [-114.09226286937587, 51.0292737240471]]]}}, {"type": "Feature", "properties": {"tag": "T1842", "code": "TREE", "canopy_m": 11.0, "condition": "F", "in_inventory": true, "botanical": "Ulmus americana"}, "geometry": {"type": "Polygon", "coordinates": [[[-114.092470147529, 51.02804735691138], [-114.0924705154286, 51.028042510291456], [-114.09247163486968, 51.028037709749654], [-114.09247349507119, 51.02803300151779], [-114.09247607811812, 51.02802843093868], [-114.09247935913419, 51.02802404202946], [-114.09248330652123, 51.02801987705764], [-114.09248788226367, 51.028015976134135], [-114.0924930422945, 51.0280123768269], [-114.09249873691982, 51.02800911379915], [-114.09250491129727, 51.02800621847554], [-114.09251150596428, 51.02800371873958], [-114.09251845741075, 51.02800163866501], [-114.09252569869055, 51.027999998284024], [-114.09253316006642, 51.027998813394355], [-114.09254076968142, 51.027998095407106], [-114.09254845425102, 51.02799785123684], [-114.09255613976886, 51.027998083235055], [-114.09256375221942, 51.0279987891675], [-114.09257121829089, 51.027999962235654], [-114.0925784660811, 51.028001591142306], [-114.09258542579006, 51.0280036602002], [-114.09259203039213, 51.02800614948325], [-114.09259821628149, 51.02800903501838], [-114.09260392388471, 51.02801228901636], [-114.09260909823448, 51.02801588013947], [-114.09261368949893, 51.02801977380334], [-114.09261765346164, 51.0280239325099], [-114.09262095194737, 51.028028316208605], [-114.09262355318974, 51.02803288268211], [-114.09262543213718, 51.028037587952824], [-114.0926265706942, 51.02804238670643], [-114.09262695789565, 51.02804723272837], [-114.09262659001233, 51.028052079348775], [-114.09262547058691, 51.028056879892034], [-114.09262361039985, 51.0280615881263], [-114.0926210273656, 51.02806615870864], [-114.09261774635993, 51.0280705476218], [-114.09261379898065, 51.028074712598105], [-114.09260922324302, 51.0280786135265], [-114.09260406321384, 51.028082212838825], [-114.09259836858698, 51.028085475871684], [-114.09259219420483, 51.028088371200184], [-114.09258559953015, 51.02809087094066], [-114.09257864807337, 51.028092951019204], [-114.09257140678095, 51.02809459140343], [-114.0925639453907, 51.028095776295544], [-114.09255633576007, 51.0280964942843], [-114.09254865117418, 51.02809673845508], [-114.09254096564007, 51.02809650645639], [-114.09253335317383, 51.028095800522486], [-114.09252588708793, 51.02809462745193], [-114.09251863928503, 51.02809299854206], [-114.09251167956566, 51.02809092948022], [-114.09250507495584, 51.02808844019267], [-114.09249888906167, 51.02808555465266], [-114.0924931814568, 51.02808230064959], [-114.0924880071086, 51.02807870952138], [-114.09248341584882, 51.028074815852605], [-114.09247945189377, 51.028070657141534], [-114.09247615341837, 51.02806627343885], [-114.09247355218861, 51.02806170696209], [-114.09247167325557, 51.02805700168894], [-114.09247053471418, 51.028052202933836], [-114.092470147529, 51.02804735691138]]]}}, {"type": "Feature", "properties": {"tag": "T1843", "code": "TREE", "canopy_m": 8.0, "condition": "F", "in_inventory": false, "botanical": ""}, "geometry": {"type": "Polygon", "coordinates": [[[-114.09150993868792, 51.02907518388228], [-114.09151020632993, 51.02907165907059], [-114.09151102055898, 51.02906816777471], [-114.09151237353355, 51.02906474361777], [-114.09151425222356, 51.02906141957621], [-114.09151663853615, 51.02905822766238], [-114.09151950948976, 51.02905519861611], [-114.09152283743543, 51.02905236160874], [-114.09152659032321, 51.029049743962155], [-114.09153073201077, 51.029047370885685], [-114.09153522261133, 51.02904526523333], [-114.09154001887802, 51.02904344728363], [-114.09154507462026, 51.02904193454438], [-114.09155034114852, 51.02904074158408], [-114.09155576774337, 51.029039879891556], [-114.09156130214386, 51.029039357765356], [-114.09156689105077, 51.02903918023385], [-114.09157248064002, 51.02903934900674], [-114.09157801708095, 51.029039862458646], [-114.09158344705469, 51.029040715644776], [-114.09158871826776, 51.02904190034848], [-114.09159377995557, 51.029043405160465], [-114.0915985833714, 51.02904521558857], [-114.09160308225579, 51.02904731419743], [-114.09160723328203, 51.029049680776346], [-114.09161099647352, 51.02905229253389], [-114.09161433558866, 51.02905512431745], [-114.09161721846985, 51.029058148855455], [-114.09161961735337, 51.02906133701995], [-114.09162150913656, 51.02906465810723], [-114.09162287560044, 51.02906808013343], [-114.09162370358506, 51.02907157014257], [-114.09162398511639, 51.02907509452398], [-114.09162371748299, 51.02907861933594], [-114.09162290326222, 51.02908211063258], [-114.09162155029532, 51.029085534790795], [-114.09161967161198, 51.02908885883405], [-114.09161728530489, 51.029092050749966], [-114.0916144143554, 51.02909507979861], [-114.09161108641227, 51.029097916808574], [-114.09160733352535, 51.02910053445785], [-114.09160319183701, 51.029102907537016], [-114.09159870123395, 51.02910501319195], [-114.09159390496319, 51.02910683114406], [-114.0915888492155, 51.02910834388541], [-114.09158358268057, 51.02910953684742], [-114.0915781560781, 51.02911039854123], [-114.09157262166934, 51.02911092066823], [-114.09156703275383, 51.02911109820002], [-114.09156144315597, 51.029110929426885], [-114.09155590670676, 51.029110415974195], [-114.09155047672537, 51.0291095627868], [-114.09154520550561, 51.029108378081396], [-114.09154014381228, 51.02910687326732], [-114.09153534039234, 51.02910506283683], [-114.09153084150542, 51.02910296422537], [-114.09152669047829, 51.02910059764377], [-114.09152292728761, 51.02909798588353], [-114.09151958817498, 51.029095154097384], [-114.09151670529782, 51.029092129557], [-114.09151430641977, 51.02908894139039], [-114.09151241464325, 51.02908562030139], [-114.091511048187, 51.02908219827391], [-114.09151022021065, 51.02907870826397], [-114.09150993868792, 51.02907518388228]]]}}, {"type": "Feature", "properties": {"tag": "T1844", "code": "TREE", "canopy_m": 6.0, "condition": "F", "in_inventory": true, "botanical": "Fraxinus pennsylvanica"}, "geometry": {"type": "Polygon", "coordinates": [[[-114.09231268673429, 51.02899750131244], [-114.09231288741981, 51.028994857702266], [-114.09231349804539, 51.02899223922616], [-114.0923145127303, 51.028989671101485], [-114.09231592170254, 51.02898717806064], [-114.09231771139285, 51.028984784112986], [-114.0923198645655, 51.028982512313526], [-114.09232236048423, 51.02898038454091], [-114.09232517511197, 51.02897842128672], [-114.09232828134228, 51.02897664145816], [-114.09233164926047, 51.028975062195926], [-114.09233524643172, 51.028973698709144], [-114.09233903821328, 51.02897256412893], [-114.09234298808829, 51.028971669381896], [-114.09234705801734, 51.02897102308491], [-114.09235120880486, 51.028970631462194], [-114.09235540047655, 51.028970498285254], [-114.09235959266441, 51.02897062483665], [-114.09236374499542, 51.028971009897646], [-114.09236781748046, 51.028971649759896], [-114.09237177089932, 51.02897253826118], [-114.09237556717848, 51.028973666844756], [-114.0923791697577, 51.02897502464176], [-114.09238254394228, 51.028976598575895], [-114.09238565723692, 51.02897837348934], [-114.09238847965895, 51.02898033228872], [-114.09239098402688, 51.02898245610974], [-114.09239314622226, 51.02898472449888], [-114.09239494542193, 51.02898711561033], [-114.09239636429857, 51.02898960641639], [-114.09239738918757, 51.02899217292926], [-114.09239801021862, 51.028994790432016], [-114.09239822141079, 51.02899743371669], [-114.09239802073013, 51.029000077327005], [-114.09239741010921, 51.02900269580354], [-114.0923963954286, 51.02900526392894], [-114.09239498646014, 51.02900775697074], [-114.09239319677293, 51.02901015091956], [-114.09239104360259, 51.029012422720356], [-114.09238854768527, 51.029014550494445], [-114.09238573305804, 51.02901651375014], [-114.09238262682726, 51.029018293580215], [-114.09237925890766, 51.02901987284392], [-114.09237566173415, 51.029021236332035], [-114.0923718699495, 51.029022370913424], [-114.09236792007074, 51.02902326566144], [-114.09236385013742, 51.029023911959136], [-114.09235969934524, 51.029024303582304], [-114.0923555076687, 51.0290244367594], [-114.09235131547601, 51.02902431020786], [-114.09234716314033, 51.02902392514642], [-114.09234309065099, 51.02902328528347], [-114.09233913722836, 51.02902239678123], [-114.09233534094612, 51.029021268196495], [-114.09233173836456, 51.029019910398134], [-114.09232836417858, 51.02901833646254], [-114.09232525088343, 51.02901656154759], [-114.09232242846187, 51.0290146027467], [-114.09231992409534, 51.02901247892421], [-114.09231776190225, 51.02901021053372], [-114.09231596270564, 51.029007819421096], [-114.09231454383276, 51.02900532861407], [-114.09231351894805, 51.029002762100475], [-114.09231289792164, 51.029000144597276], [-114.09231268673429, 51.02899750131244]]]}}, {"type": "Feature", "properties": {"tag": "T1845", "code": "TREE", "canopy_m": 3.0, "condition": "F", "in_inventory": true, "botanical": "Quercus macrocarpa"}, "geometry": {"type": "Polygon", "coordinates": [[[-114.09164411480037, 51.02829457876504], [-114.09164421516066, 51.02829325696035], [-114.0916445204877, 51.028291947723886], [-114.09164502784105, 51.02829066366428], [-114.09164573233458, 51.028289417147754], [-114.09164662718361, 51.028288220178915], [-114.09164770377026, 51.02828708428523], [-114.0916489517264, 51.02828602040598], [-114.09165035903352, 51.0282850387869], [-114.09165191213849, 51.02828414888149], [-114.09165359608404, 51.02828335926005], [-114.0916553946529, 51.02828267752702], [-114.09165729052384, 51.0282821102479], [-114.09165926543861, 51.028281662885895], [-114.09166130037771, 51.028281339749306], [-114.09166337574358, 51.02828114395013], [-114.09166547154933, 51.02828107737401], [-114.09166756761124, 51.028281140662145], [-114.0916696437431, 51.02828133320498], [-114.09167167995061, 51.02828165314828], [-114.09167365662402, 51.02828209741077], [-114.0916755547269, 51.028282661713995], [-114.09167735597948, 51.02828334062342], [-114.09167904303473, 51.028284127600735], [-114.0916805996454, 51.02828501506696], [-114.09168201082046, 51.02828599447531], [-114.09168326296954, 51.02828705639355], [-114.09168434403374, 51.028288190594814], [-114.09168524360183, 51.028289386156175], [-114.09168595301044, 51.028290631563664], [-114.09168646542759, 51.02829191482339], [-114.09168677591836, 51.02829322357683], [-114.09168688149262, 51.02829454521998], [-114.09168678113353, 51.028295867024696], [-114.09168647580765, 51.02829717626127], [-114.0916859684554, 51.02829846032105], [-114.0916852639628, 51.02829970683783], [-114.09168436911455, 51.02830090380695], [-114.09168329252847, 51.02830203970097], [-114.09168204457269, 51.028303103580576], [-114.0916806372657, 51.02830408520004], [-114.0916790841606, 51.028304975105826], [-114.09167740021469, 51.028305764727655], [-114.09167560164529, 51.028306446461], [-114.09167370577357, 51.02830701374041], [-114.09167173085787, 51.02830746110268], [-114.0916696959177, 51.028307784239445], [-114.09166762055067, 51.02830798003872], [-114.09166552474369, 51.02830804661488], [-114.09166342868056, 51.02830798332671], [-114.09166135254756, 51.028307790783764], [-114.09165931633898, 51.02830747084029], [-114.09165733966462, 51.028307026577544], [-114.09165544156097, 51.02830646227403], [-114.09165364030781, 51.02830578336429], [-114.0916519532522, 51.028304996386595], [-114.0916503966414, 51.02830410891998], [-114.09164898546645, 51.028303129511265], [-114.09164773331773, 51.02830206759267], [-114.0916466522541, 51.02830093339106], [-114.0916457526868, 51.028299737829414], [-114.09164504327912, 51.02829849242167], [-114.09164453086304, 51.02829720916176], [-114.09164422037341, 51.028295900408224], [-114.09164411480037, 51.02829457876504]]]}}, {"type": "Feature", "properties": {"tag": "T1846", "code": "TREE", "canopy_m": 10.0, "condition": "F", "in_inventory": false, "botanical": ""}, "geometry": {"type": "Polygon", "coordinates": [[[-114.091126900242, 51.02869781438419], [-114.09112723482815, 51.028693408370344], [-114.09112825264219, 51.028689044253554], [-114.09112994388185, 51.02868476406262], [-114.09113229225937, 51.02868060901808], [-114.09113527515848, 51.028676619135275], [-114.09113886385207, 51.02867283283888], [-114.09114302377898, 51.02866928659296], [-114.09114771487678, 51.02866601454974], [-114.09115289196762, 51.02866304822074], [-114.0911585051933, 51.028660416173246], [-114.09116450049544, 51.02865814375529], [-114.09117082013611, 51.028656252851405], [-114.09117740325381, 51.028654761671994], [-114.0911841864497, 51.0286536845779], [-114.09119110439804, 51.02865303194209], [-114.0911980904754, 51.028652810049806], [-114.09120507740224, 51.02865302103796], [-114.09121199789082, 51.02865366287463], [-114.09121878529325, 51.02865472937861], [-114.09122537424328, 51.028656210278925], [-114.09123170128589, 51.02865809131368], [-114.09123770548834, 51.02866035436757], [-114.09124332902692, 51.0286629776462], [-114.09124851774399, 51.02866593588602], [-114.09125322166936, 51.02866920059762], [-114.09125739550164, 51.0286727403401], [-114.0912609990445, 51.02867652102387], [-114.09126399759374, 51.02868050623893], [-114.0912663622716, 51.02868465760551], [-114.09126807030476, 51.02868893514374], [-114.09126910524377, 51.02869329765862], [-114.09126945712143, 51.02869770313676], [-114.09126912254872, 51.028702109151], [-114.09126810474763, 51.02870647326899], [-114.09126641351992, 51.02871075346191], [-114.09126406515284, 51.028714908509116], [-114.09126108226236, 51.02871889839519], [-114.09125749357518, 51.0287226846953], [-114.09125333365223, 51.02872623094525], [-114.0912486425558, 51.028729502992675], [-114.09124346546368, 51.028732469325895], [-114.09123785223413, 51.02873510137743], [-114.09123185692565, 51.02873737379913], [-114.09122553727644, 51.028739264706296], [-114.09121895414832, 51.02874075588841], [-114.09121217094054, 51.0287418329845], [-114.09120525297928, 51.02874248562155], [-114.09119826688847, 51.02874270751427], [-114.09119127994818, 51.02874249652572], [-114.09118435944664, 51.02874185468784], [-114.0911775720323, 51.02874078818188], [-114.09117098307178, 51.02873930727891], [-114.09116465602055, 51.02873742624088], [-114.09115865181171, 51.02873516318328], [-114.09115302826915, 51.0287325399006], [-114.09114783955071, 51.02872958165658], [-114.09114313562662, 51.02872631694076], [-114.09113896179822, 51.02872277719424], [-114.0911353582617, 51.02871899650674], [-114.09113235972099, 51.028715011288405], [-114.09112999505355, 51.02871085991912], [-114.09112828703229, 51.02870658237887], [-114.0911272521062, 51.028702219862765], [-114.091126900242, 51.02869781438419]]]}}, {"type": "Feature", "properties": {"tag": "T1847", "code": "TREE", "canopy_m": 3.0, "condition": "F", "in_inventory": false, "botanical": ""}, "geometry": {"type": "Polygon", "coordinates": [[[-114.09247174221636, 51.02879865692098], [-114.09247184255416, 51.02879733511572], [-114.09247214786119, 51.028796025877206], [-114.09247265519714, 51.02879474181414], [-114.09247335967609, 51.028793495292724], [-114.09247425451349, 51.02879229831767], [-114.09247533109156, 51.02879116241646], [-114.09247657904227, 51.028790098528475], [-114.09247798634715, 51.0287891168995], [-114.09247953945308, 51.028788226983174], [-114.09248122340281, 51.02878743734986], [-114.092483021979, 51.02878675560417], [-114.09248491786038, 51.02878618831166], [-114.09248689278857, 51.028785740935696], [-114.09248892774397, 51.02878541778472], [-114.09249100312884, 51.02878522197085], [-114.09249309895614, 51.028785155379886], [-114.09249519504189, 51.02878521865315], [-114.09249727119965, 51.02878541118127], [-114.09249930743495, 51.0287857311101], [-114.0925012841377, 51.02878617535853], [-114.0925031822712, 51.028786739648254], [-114.09250498355541, 51.02878741854484], [-114.09250667064298, 51.02878820551013], [-114.09250822728633, 51.02878909296524], [-114.09250963849414, 51.02879007236349], [-114.09251089067571, 51.02879113427275], [-114.09251197177184, 51.028792268466255], [-114.09251287137099, 51.028793464021106], [-114.09251358080948, 51.028794709423465], [-114.09251409325503, 51.02879599267943], [-114.09251440377253, 51.02879730143053], [-114.09251450937147, 51.02879862307282], [-114.09251440903486, 51.028799944878116], [-114.092514103729, 51.02880125411673], [-114.09251359639411, 51.028802538179974], [-114.09251289191612, 51.02880378470163], [-114.0925119970795, 51.028804981676984], [-114.09251092050201, 51.02880611757852], [-114.09250967255166, 51.02880718146689], [-114.0925082652469, 51.02880816309622], [-114.09250671214085, 51.02880905301292], [-114.09250502819077, 51.02880984264661], [-114.09250322961401, 51.02881052439264], [-114.09250133373187, 51.02881109168544], [-114.09249935880274, 51.02881153906165], [-114.09249732384626, 51.02881186221281], [-114.09249524846022, 51.02881205802679], [-114.09249315263173, 51.028812124617794], [-114.09249105654477, 51.02881206134449], [-114.09248898038582, 51.02881186881627], [-114.09248694414946, 51.028811548887255], [-114.09248496744577, 51.02881110463858], [-114.09248306931148, 51.02881054034856], [-114.0924812680267, 51.02880986145165], [-114.09247958093877, 51.028809074485984], [-114.0924780242953, 51.0288081870305], [-114.09247661308761, 51.02880720763188], [-114.09247536090639, 51.02880614572225], [-114.09247427981083, 51.02880501152841], [-114.09247338021245, 51.028803815973276], [-114.09247267077491, 51.02880257057066], [-114.09247215833041, 51.028801287314515], [-114.09247184781408, 51.028799978563306], [-114.09247174221636, 51.02879865692098]]]}}, {"type": "Feature", "properties": {"tag": "T1848", "code": "TREE", "canopy_m": 11.0, "condition": "F", "in_inventory": true, "botanical": "Ulmus americana"}, "geometry": {"type": "Polygon", "coordinates": [[[-114.09149453387784, 51.028831906073435], [-114.0914949018853, 51.028827059457186], [-114.09149602144595, 51.02882225892532], [-114.09149788177761, 51.02881755070955], [-114.09150046496403, 51.028812980152544], [-114.09150374612756, 51.02880859127122], [-114.09150769366865, 51.02880442633285], [-114.09151226957017, 51.02880052544799], [-114.09151742976366, 51.028796926184235], [-114.09152312455359, 51.02879366320438], [-114.09152929909607, 51.028790767932634], [-114.0915358939269, 51.028788268251965], [-114.0915428455344, 51.02878618823564], [-114.09155008697094, 51.028784547915244], [-114.0915575484977, 51.028783363087946], [-114.09156515825629, 51.02878264516424], [-114.09157284296083, 51.028782401058095], [-114.09158052860363, 51.02878263312038], [-114.09158814116799, 51.02878333911622], [-114.09159560734096, 51.0287845122465], [-114.09160285521945, 51.02878614121339], [-114.0916098150026, 51.02878821032905], [-114.09161641966404, 51.028790699666885], [-114.09162260559738, 51.028793585253226], [-114.09162831322877, 51.02879683929841], [-114.09163348759061, 51.02880043046424], [-114.09163807885099, 51.0288043241659], [-114.09164204279345, 51.028808482905006], [-114.09164534124297, 51.02881286663067], [-114.09164794243351, 51.0288174331253], [-114.09164982131402, 51.0288221384111], [-114.09165095978963, 51.02882693717361], [-114.091651346896, 51.028831783198164], [-114.09165097890482, 51.028836629814904], [-114.09164985935983, 51.02884143034823], [-114.09164799904262, 51.028846138566394], [-114.09164541586887, 51.02885070912662], [-114.09164213471576, 51.028855098011896], [-114.09163818718244, 51.02885926295476], [-114.0916336112857, 51.02886316384451], [-114.09162845109387, 51.028866763113356], [-114.09162275630239, 51.02887002609831], [-114.09161658175522, 51.02887292137495], [-114.09160998691672, 51.028875421060135], [-114.09160303529889, 51.02887750108044], [-114.09159579384975, 51.02887914140408], [-114.0915883323086, 51.02888032623381], [-114.09158072253436, 51.028881044159036], [-114.09157303781355, 51.0288812882657], [-114.09156535215448, 51.02888105620293], [-114.09155773957445, 51.02888035020563], [-114.09155027338703, 51.02887917707296], [-114.09154302549587, 51.02887754810284], [-114.0915360657023, 51.02887547898322], [-114.0915294610331, 51.028872989640895], [-114.09152327509497, 51.028870104049666], [-114.09151756746193, 51.0288668499994], [-114.09151239310162, 51.02886325882849], [-114.09150780184595, 51.02885936512191], [-114.09150383791115, 51.028855206378296], [-114.09150053947197, 51.02885082264865], [-114.09149793829401, 51.02884625615076], [-114.09149605942791, 51.02884155086253], [-114.09149492096792, 51.02883675209851], [-114.09149453387784, 51.028831906073435]]]}}, {"type": "Feature", "properties": {"tag": "T1849", "code": "TREE", "canopy_m": 5.0, "condition": "F", "in_inventory": false, "botanical": ""}, "geometry": {"type": "Polygon", "coordinates": [[[-114.09239548410756, 51.029018849488715], [-114.09239565134163, 51.02901664648012], [-114.09239616019264, 51.029014464416356], [-114.09239700576, 51.029012324311864], [-114.09239817990043, 51.02901024677701], [-114.09239967130624, 51.0290082518196], [-114.09240146561436, 51.02900635865214], [-114.0924035455446, 51.02900458550684], [-114.09240589106608, 51.02900294946007], [-114.09240847959015, 51.02900146626782], [-114.0924112861879, 51.029000150214046], [-114.09241428383028, 51.028999013973035], [-114.09241744364836, 51.0289980684874], [-114.09242073521142, 51.028997322862665], [-114.09242412681995, 51.02899678427961], [-114.09242758581092, 51.02899645792508], [-114.09243107887244, 51.028996346942016], [-114.09243457236443, 51.02899645239928], [-114.0924380326427, 51.028996773281214], [-114.09244142638296, 51.02899730649761], [-114.09244472090164, 51.028998046913266], [-114.0924478844708, 51.02899898739761], [-114.09245088662355, 51.02900011889325], [-114.09245369844754, 51.02900143050331], [-114.09245629286339, 51.02900290959627], [-114.09245864488545, 51.02900454192764], [-114.09246073186246, 51.02900631177726], [-114.0924625336957, 51.02900820210045], [-114.09246403303247, 51.02901019469243], [-114.09246521543334, 51.02901227036344], [-114.09246606951108, 51.02901440912364], [-114.09246658704043, 51.029016590375626], [-114.09246676303724, 51.02901879311274], [-114.09246659580653, 51.02902099612143], [-114.09246608695877, 51.0290231781855], [-114.09246524139436, 51.02902531829048], [-114.09246406725659, 51.029027395826006], [-114.09246257585292, 51.02902939078424], [-114.09246078154641, 51.02903128395263], [-114.09245870161715, 51.02903305709892], [-114.09245635609601, 51.029034693146755], [-114.09245376757161, 51.02903617634004], [-114.0924509609729, 51.029037492394835], [-114.09244796332894, 51.02903862863679], [-114.09244480350871, 51.02903957412324], [-114.09244151194305, 51.02904031974864], [-114.09243812033155, 51.0290408583322], [-114.09243466133735, 51.02904118468705], [-114.09243116827248, 51.02904129567021], [-114.09242767477713, 51.02904119021287], [-114.09242421449561, 51.029040869330615], [-114.09242082075237, 51.02904033611374], [-114.09241752623106, 51.029039595697405], [-114.09241436265975, 51.02903865521226], [-114.0924113605054, 51.029037523715665], [-114.09240854868042, 51.0290362121046], [-114.09240595426424, 51.029034733010604], [-114.0924036022425, 51.029033100678156], [-114.09240151526645, 51.02903133082756], [-114.0923997134348, 51.02902944050341], [-114.09239821410016, 51.02902744791062], [-114.0923970317019, 51.029025372238934], [-114.09239617762712, 51.02902323347823], [-114.092395660101, 51.02902105222593], [-114.09239548410756, 51.029018849488715]]]}}, {"type": "Feature", "properties": {"tag": "T1850", "code": "TREE", "canopy_m": 5.0, "condition": "F", "in_inventory": false, "botanical": ""}, "geometry": {"type": "Polygon", "coordinates": [[[-114.092387099848, 51.028723911081045], [-114.09238726708143, 51.02872170807237], [-114.09238777592961, 51.028719526008516], [-114.09238862149202, 51.02871738590399], [-114.09238979562538, 51.02871530836912], [-114.0923912870221, 51.02871331341172], [-114.0923930813192, 51.02871142024429], [-114.09239516123657, 51.028709647099056], [-114.09239750674348, 51.02870801105238], [-114.09240009525139, 51.02870652786025], [-114.09240290183158, 51.02870521180662], [-114.09240589945514, 51.02870407556577], [-114.09240905925337, 51.02870313008033], [-114.09241235079568, 51.02870238445581], [-114.09241574238278, 51.02870184587297], [-114.09241920135186, 51.02870151951869], [-114.09242269439122, 51.02870140853588], [-114.09242618786102, 51.0287015139934], [-114.09242964811727, 51.028701834875626], [-114.0924330418359, 51.0287023680923], [-114.09243633633355, 51.02870310850824], [-114.09243949988245, 51.028704048992864], [-114.09244250201593, 51.02870518048879], [-114.09244531382183, 51.02870649209913], [-114.09244790822092, 51.02870797119235], [-114.09245026022775, 51.028709603524], [-114.09245234719118, 51.02871137337385], [-114.09245414901262, 51.02871326369729], [-114.09245564833951, 51.02871525628947], [-114.09245683073249, 51.02871733196068], [-114.0924576848044, 51.02871947072105], [-114.09245820233005, 51.02872165197319], [-114.09245837832533, 51.028723854710435], [-114.09245821109526, 51.02872605771922], [-114.09245770225031, 51.02872823978336], [-114.0924568566909, 51.02873037988839], [-114.09245568256016, 51.02873245742392], [-114.09245419116559, 51.028734452382146], [-114.09245239687009, 51.0287363455505], [-114.0924503169537, 51.02873811869674], [-114.09244797144714, 51.028739754744464], [-114.0924453829389, 51.02874123793763], [-114.09244257635774, 51.02874255399229], [-114.0924395787326, 51.02874369023407], [-114.09243641893225, 51.028744635720344], [-114.09243312738732, 51.02874538134553], [-114.09242973579725, 51.02874591992885], [-114.09242627682494, 51.02874624628346], [-114.09242278378223, 51.02874635726637], [-114.09241929030905, 51.02874625180876], [-114.09241583004957, 51.02874593092623], [-114.09241243632796, 51.02874539770906], [-114.0924091418277, 51.02874465729246], [-114.09240597827664, 51.02874371680702], [-114.09240297614157, 51.02874258531015], [-114.09240016433466, 51.0287412736988], [-114.09239756993523, 51.02873979460453], [-114.09239521792873, 51.02873816227184], [-114.09239313096626, 51.02873639242098], [-114.0923913291464, 51.028734502096604], [-114.09238982982164, 51.0287325095036], [-114.09238864743129, 51.02873043383172], [-114.09238779336235, 51.028728295070835], [-114.09238727583991, 51.028726113818394], [-114.092387099848, 51.028723911081045]]]}}, {"type": "Feature", "properties": {"tag": "T1851", "code": "TREE", "canopy_m": 6.0, "condition": "F", "in_inventory": false, "botanical": ""}, "geometry": {"type": "Polygon", "coordinates": [[[-114.09119239988082, 51.02799764971385], [-114.09119260062582, 51.02799500610512], [-114.09119321130146, 51.0279923876344], [-114.09119422602654, 51.027989819518965], [-114.09119563502864, 51.0279873264912], [-114.09119742473824, 51.02798493256028], [-114.09119957791943, 51.02798266078106], [-114.09120207383583, 51.02798053303201], [-114.09120488845042, 51.02797856980446], [-114.09120799465691, 51.0279767900054], [-114.09121136254082, 51.027975210775175], [-114.09121495966761, 51.02797384732267], [-114.09121875139502, 51.02797271277864], [-114.0912227012067, 51.02797181806934], [-114.09122677106383, 51.02797117181131], [-114.09123092177155, 51.02797078022835], [-114.09123511335633, 51.027970647091614], [-114.091239305451, 51.02797077368328], [-114.09124345768345, 51.02797115878419], [-114.09124753006546, 51.027971798685634], [-114.09125148337787, 51.027972687225024], [-114.09125527954815, 51.02797381584524], [-114.09125888201716, 51.02797517367707], [-114.0912622560912, 51.02797674764388], [-114.09126536927607, 51.027978522587524], [-114.09126819159013, 51.02798048141436], [-114.09127069585296, 51.02798260525981], [-114.0912728579471, 51.02798487367013], [-114.09127465705038, 51.02798726479928], [-114.0912760758364, 51.02798975561941], [-114.09127710064143, 51.027992322142595], [-114.09127772159596, 51.02799493965179], [-114.09127793271979, 51.02799758293898], [-114.09127773197964, 51.028000226547846], [-114.09127712130868, 51.02800284501902], [-114.09127610658788, 51.028005413135155], [-114.09127469758955, 51.028007906163886], [-114.09127290788305, 51.02801030009598], [-114.09127075470417, 51.028012571876545], [-114.0912682587892, 51.02801469962704], [-114.0912654441751, 51.028016662856096], [-114.09126233796815, 51.02801844265669], [-114.09125897008286, 51.02802002188835], [-114.09125537295378, 51.028021385342214], [-114.09125158122329, 51.02802251988743], [-114.09124763140787, 51.02802341459769], [-114.09124356154643, 51.02802406085644], [-114.09123941083408, 51.028024452439844], [-114.09123521924445, 51.028024585576745], [-114.09123102714496, 51.02802445898494], [-114.09122687490785, 51.028024073883586], [-114.09122280252153, 51.02802343398143], [-114.09121884920533, 51.02802254544108], [-114.09121505303196, 51.0280214168197], [-114.09121145056064, 51.02802005898652], [-114.0912080764852, 51.02801848501826], [-114.09120496329982, 51.02801671007309], [-114.09120214098621, 51.028014751244754], [-114.09119963672478, 51.02801262739785], [-114.09119747463292, 51.02801035898619], [-114.09119567553272, 51.02800796785585], [-114.09119425675044, 51.028005477034746], [-114.09119323194972, 51.02800291051085], [-114.09119261099983, 51.028000293001185], [-114.09119239988082, 51.02799764971385]]]}}, {"type": "Feature", "properties": {"tag": "T1852", "code": "TREE", "canopy_m": 4.0, "condition": "F", "in_inventory": false, "botanical": ""}, "geometry": {"type": "Polygon", "coordinates": [[[-114.09106077898763, 51.02889985684293], [-114.09106091282517, 51.02889809443752], [-114.09106131995509, 51.028896348791115], [-114.09106199645647, 51.028894636715165], [-114.0910629358142, 51.02889297469796], [-114.09106412898171, 51.02889137874561], [-114.09106556446817, 51.028889864227985], [-114.091067228449, 51.028888445730736], [-114.09106910489919, 51.02888713691474], [-114.09107117574746, 51.028885950384606], [-114.09107342105042, 51.02888489756724], [-114.0910758191846, 51.02888398860186], [-114.09107834705465, 51.028883232242286], [-114.09108098031582, 51.02888263577267], [-114.09108369360841, 51.028882204937325], [-114.09108646080195, 51.02888194388543], [-114.09108925524687, 51.02888185513107], [-114.09109205003118, 51.028881939528965], [-114.0910948182396, 51.02888219626635], [-114.09109753321282, 51.0288826228707], [-114.09110016880416, 51.028883215233556], [-114.09110269963149, 51.02888396765019], [-114.09110510132156, 51.02888487287439], [-114.09110735074482, 51.02888592218839], [-114.09110942623806, 51.0288871054867], [-114.09111130781318, 51.02888841137355], [-114.0911129773496, 51.028889827272536], [-114.0911144187687, 51.02889133954778], [-114.09111561818888, 51.02889293363526], [-114.09111656405899, 51.028894594183036], [-114.0911172472698, 51.028896305199154], [-114.09111766124158, 51.02889805020557], [-114.09111780198752, 51.02889981239696], [-114.09111766815212, 51.02890157480242], [-114.09111726102428, 51.02890332044903], [-114.09111658452483, 51.02890503252528], [-114.09111564516877, 51.02890669454292], [-114.09111445200261, 51.028908290495785], [-114.0911130165172, 51.02890980501401], [-114.09111135253698, 51.028911223511905], [-114.09110947608703, 51.028912532328576], [-114.09110740523855, 51.02891371885939], [-114.09110515993497, 51.02891477167741], [-114.09110276179979, 51.02891568064338], [-114.09110023392836, 51.02891643700347], [-114.09109760066552, 51.02891703347352], [-114.09109488737101, 51.02891746430918], [-114.09109212017542, 51.02891772536127], [-114.09108932572835, 51.02891781411572], [-114.09108653094188, 51.02891772971774], [-114.09108376273139, 51.02891747298017], [-114.09108104775628, 51.02891704637551], [-114.09107841216324, 51.02891645401221], [-114.09107588133455, 51.028915701595075], [-114.09107347964344, 51.02891479637027], [-114.09107123021955, 51.02891374705564], [-114.09106915472609, 51.02891256375664], [-114.09106727315117, 51.028911257869105], [-114.09106560361539, 51.028909841969494], [-114.09106416219728, 51.02890832969364], [-114.09106296277848, 51.028906735605645], [-114.09106201691003, 51.02890507505744], [-114.09106133370112, 51.028903364041], [-114.09106091973142, 51.02890161903437], [-114.09106077898763, 51.02889985684293]]]}}, {"type": "Feature", "properties": {"tag": "T1853", "code": "CON", "canopy_m": 12.0, "condition": "F", "in_inventory": true, "botanical": "Picea glauca"}, "geometry": {"type": "Polygon", "coordinates": [[[-114.09246408522519, 51.028933958867775], [-114.09246448657844, 51.02892867164686], [-114.09246570781069, 51.02892343469301], [-114.0924677371606, 51.02891829844094], [-114.09247055508415, 51.0289133123555], [-114.09247413444298, 51.028908524455375], [-114.09247844076572, 51.0289039808506], [-114.09248343257998, 51.02889972529849], [-114.09248906181182, 51.02889579878222], [-114.09249527424862, 51.02889223911628], [-114.09250201006122, 51.02888908058204], [-114.09250920438015, 51.028886353597855], [-114.09251678792035, 51.028884084426004], [-114.09252468764831, 51.028882294919775], [-114.09253282748558, 51.02888100231301], [-114.09254112904132, 51.028880219054216], [-114.09254951236727, 51.028879952686566], [-114.09255789672771, 51.0288802057753], [-114.09256620137691, 51.02888097588307], [-114.09257434633687, 51.02888225559335], [-114.09258225316742, 51.02888403258182], [-114.09258984572162, 51.028886289735205], [-114.09259705087928, 51.02888900531594], [-114.09260379925087, 51.028892153171576], [-114.09261002584597, 51.02889570298663], [-114.09261567069912, 51.028899620574535], [-114.09262067944725, 51.028903868206854], [-114.0926250038533, 51.028908404976654], [-114.09262860227075, 51.028913187192444], [-114.0926314400447, 51.028918168798924], [-114.09263348984561, 51.02892330182057], [-114.09263473193253, 51.02892853682363], [-114.09263515434324, 51.02893382339216], [-114.09263475300938, 51.028939110613635], [-114.09263353179574, 51.028944347569215], [-114.09263150246302, 51.02894948382415], [-114.09262868455457, 51.02895446991343], [-114.09262510520814, 51.028959257818244], [-114.09262079889463, 51.02896380142838], [-114.09261580708606, 51.0289680569863], [-114.0926101778562, 51.028971983508605], [-114.09260396541757, 51.02897554318063], [-114.09259722959938, 51.028978701720696], [-114.09259003527133, 51.02898142871026], [-114.09258245171884, 51.02898369788684], [-114.09257455197587, 51.02898548739696], [-114.09256641212146, 51.0289867800066], [-114.09255811054713, 51.028987563267194], [-114.09254972720181, 51.02898782963546], [-114.092541342822, 51.02898757654614], [-114.09253303815414, 51.028986806436635], [-114.092524893177, 51.028985526723524], [-114.09251698633138, 51.0289837497312], [-114.09250939376477, 51.02898149257313], [-114.09250218859789, 51.02897877698704], [-114.09249544022059, 51.028975629125576], [-114.09248921362351, 51.02897207930447], [-114.09248356877221, 51.0289681617105], [-114.09247856002966, 51.02896391407236], [-114.09247423563274, 51.02895937729718], [-114.09247063722756, 51.02895459507667], [-114.09246779946862, 51.02894961346632], [-114.09246574968485, 51.02894448044176], [-114.09246450761653, 51.028939245436916], [-114.09246408522519, 51.028933958867775]]]}}, {"type": "Feature", "properties": {"tag": "T1854", "code": "TREE", "canopy_m": 4.0, "condition": "F", "in_inventory": false, "botanical": ""}, "geometry": {"type": "Polygon", "coordinates": [[[-114.09106925988088, 51.02888464855034], [-114.09106939371806, 51.02888288614493], [-114.09106980084754, 51.02888114049846], [-114.09107047734837, 51.02887942842248], [-114.09107141670549, 51.02887776640521], [-114.09107260987233, 51.02887617045276], [-114.09107404535803, 51.02887465593504], [-114.09107570933807, 51.02887323743765], [-114.0910775857874, 51.02887192862151], [-114.09107965663478, 51.02887074209123], [-114.09108190193682, 51.0288696892737], [-114.09108430007004, 51.028868780308144], [-114.09108682793912, 51.028868023948384], [-114.09108946119933, 51.02886742747857], [-114.09109217449095, 51.02886699664303], [-114.09109494168354, 51.02886673559094], [-114.09109773612752, 51.02886664683638], [-114.09110053091094, 51.02886673123406], [-114.0911032991185, 51.028866987971256], [-114.0911060140909, 51.0288674145754], [-114.09110864968149, 51.028868006938076], [-114.09111118050814, 51.02886875935452], [-114.09111358219758, 51.028869664578565], [-114.09111583162027, 51.028870713892395], [-114.09111790711307, 51.02887189719057], [-114.09111978868782, 51.02887320307728], [-114.09112145822394, 51.02887461897615], [-114.09112289964285, 51.02887613125129], [-114.09112409906291, 51.02887772533868], [-114.09112504493304, 51.0288793858864], [-114.09112572814392, 51.02888109690247], [-114.09112614211588, 51.028882841908874], [-114.09112628286209, 51.02888460410024], [-114.09112614902706, 51.028886366505716], [-114.09112574189969, 51.028888112152366], [-114.09112506540073, 51.02888982422868], [-114.0911241260453, 51.02889148624637], [-114.09112293287984, 51.02889308219934], [-114.09112149739516, 51.028894596717656], [-114.09111983341576, 51.028896015215686], [-114.09111795696664, 51.0288973240325], [-114.09111588611907, 51.028898510563465], [-114.0911136408164, 51.02889956338163], [-114.09111124268217, 51.0289004723478], [-114.09110871481172, 51.02890122870807], [-114.09110608154984, 51.028901825178316], [-114.09110336825631, 51.02890225601418], [-114.09110060106167, 51.02890251706646], [-114.09109780661552, 51.0289026058211], [-114.09109501182996, 51.02890252142334], [-114.09109224362034, 51.02890226468596], [-114.09108952864602, 51.02890183808151], [-114.09108689305374, 51.0289012457184], [-114.09108436222573, 51.02890049330142], [-114.09108196053525, 51.0288995880768], [-114.09107971111192, 51.02889853876233], [-114.09107763561892, 51.02889735546348], [-114.09107575404437, 51.028896049576076], [-114.09107408450888, 51.02889463367657], [-114.09107264309097, 51.028893121400834], [-114.09107144367228, 51.02889152731291], [-114.09107049780383, 51.02888986676477], [-114.09106981459483, 51.02888815574837], [-114.09106940062493, 51.02888641074179], [-114.09106925988088, 51.02888464855034]]]}}, {"type": "Feature", "properties": {"tag": "T1855", "code": "TREE", "canopy_m": 6.0, "condition": "F", "in_inventory": false, "botanical": ""}, "geometry": {"type": "Polygon", "coordinates": [[[-114.09120150227876, 51.02802320949172], [-114.09120170302333, 51.028020565883], [-114.0912023136988, 51.02801794741222], [-114.09120332842394, 51.028015379296725], [-114.09120473742632, 51.02801288626887], [-114.09120652713645, 51.02801049233782], [-114.09120868031836, 51.02800822055843], [-114.09121117623573, 51.02800609280919], [-114.09121399085149, 51.028004129581454], [-114.09121709705931, 51.028002349782135], [-114.09122046494475, 51.028000770551664], [-114.09122406207327, 51.02799940709889], [-114.09122785380255, 51.027998272554555], [-114.09123180361621, 51.02799737784496], [-114.09123587347547, 51.02799673158661], [-114.0912400241854, 51.027996340003334], [-114.09124421577243, 51.02799620686626], [-114.09124840786943, 51.02799633345761], [-114.09125256010424, 51.02799671855818], [-114.09125663248864, 51.02799735845932], [-114.09126058580338, 51.02799824699837], [-114.09126438197598, 51.02799937561831], [-114.09126798444724, 51.02800073344985], [-114.09127135852343, 51.028002307416386], [-114.09127447171036, 51.02800408235978], [-114.09127729402637, 51.02800604118638], [-114.09127979829098, 51.02800816503163], [-114.09128196038677, 51.028010433441764], [-114.0912837594915, 51.02801282457076], [-114.09128517827878, 51.028015315390775], [-114.09128620308489, 51.028017881913854], [-114.09128682404027, 51.02802049942301], [-114.09128703516475, 51.028023142710154], [-114.091286834425, 51.028025786319034], [-114.09128622375421, 51.028028404790234], [-114.09128520903337, 51.028030972906436], [-114.09128380003476, 51.028033465935266], [-114.09128201032775, 51.028035859867494], [-114.09127985714814, 51.0280381316482], [-114.09127736123219, 51.02804025939891], [-114.09127454661693, 51.02804222262817], [-114.09127144040863, 51.028044002428985], [-114.09126807252179, 51.02804558166091], [-114.09126447539101, 51.02804694511505], [-114.09126068365866, 51.02804807966054], [-114.09125673384123, 51.02804897437113], [-114.0912526639777, 51.028049620630185], [-114.09124851326314, 51.028050012213924], [-114.09124432167124, 51.02805014535113], [-114.0912401295694, 51.028050018759664], [-114.09123597732994, 51.02804963365864], [-114.09123190494124, 51.028048993756805], [-114.09122795162271, 51.028048105216776], [-114.09122415544702, 51.02804697659568], [-114.09122055297345, 51.02804561876278], [-114.09121717889583, 51.0280440447948], [-114.09121406570841, 51.0280422698499], [-114.09121124339288, 51.02804031102179], [-114.09120873912964, 51.02803818717508], [-114.09120657703615, 51.02803591876361], [-114.09120477793448, 51.02803352763341], [-114.09120335915094, 51.02803103681243], [-114.09120233434915, 51.02802847028862], [-114.09120171339839, 51.02802585277903], [-114.09120150227876, 51.02802320949172]]]}}, {"type": "Feature", "properties": {"tag": "T1856", "code": "CON", "canopy_m": 16.0, "condition": "F", "in_inventory": true, "botanical": "Picea pungens"}, "geometry": {"type": "Polygon", "coordinates": [[[-114.09171231634068, 51.02845492956301], [-114.09171285158692, 51.028447879937936], [-114.09171447999275, 51.028440897342655], [-114.09171718587524, 51.028434049023325], [-114.09172094317483, 51.02842740093294], [-114.0917257157063, 51.02842101709613], [-114.09173145750724, 51.02841495899262], [-114.0917381132807, 51.02840928496515], [-114.09174561892782, 51.02840404965752], [-114.09175390216507, 51.02839930348847], [-114.0917628832204, 51.028395092166036], [-114.09177247560146, 51.028391456247405], [-114.09178258692862, 51.028388430748336], [-114.09179311982459, 51.02838604480591], [-114.09180397285219, 51.02838432139795], [-114.0918150414913, 51.028383277121755], [-114.09182621914535, 51.02838292203423], [-114.09183739816787, 51.02838325955503], [-114.09184847089931, 51.02838428643369], [-114.09185933070366, 51.02838599278082], [-114.09186987299552, 51.028388362163454], [-114.09187999624724, 51.028391371763234], [-114.09188960296672, 51.0283949925962], [-114.09189860063616, 51.02839918979187], [-114.0919069026033, 51.02840392292912], [-114.09191442891569, 51.028409146425396], [-114.09192110709077, 51.02841480997574], [-114.09192687281391, 51.02842085903722], [-114.09193167055786, 51.02842723535418], [-114.09193545411735, 51.02843387751932], [-114.0919381870543, 51.0284407215651], [-114.09193984304855, 51.02844770157965], [-114.09194040615152, 51.02845475034168], [-114.09193987093971, 51.028461799967765], [-114.09193824256702, 51.02846878256615], [-114.09193553671508, 51.02847563089055], [-114.0919317794423, 51.02848227898776], [-114.09192700693289, 51.0284886628329], [-114.09192126514837, 51.028494720945936], [-114.09191460938506, 51.02850039498376], [-114.09190710374142, 51.02850563030215], [-114.0918988205009, 51.028510376481975], [-114.09188983943565, 51.028514587814776], [-114.09188024703838, 51.02851822374298], [-114.09187013568935, 51.02852124925044], [-114.09185960276672, 51.02852363519976], [-114.09184874970865, 51.02852535861285], [-114.09183768103647, 51.02852640289224], [-114.09182650334802, 51.02852675798087], [-114.09181532429103, 51.028526420459045], [-114.09180425152647, 51.0285253935773], [-114.09179339169154, 51.028523687225096], [-114.09178284937286, 51.02852131783564], [-114.09177272609911, 51.02851830822752], [-114.09176311936324, 51.02851468738503], [-114.09175412168362, 51.028510490179016], [-114.09174581971298, 51.028505757031], [-114.09173829340386, 51.028500533523946], [-114.09173161523873, 51.02849486996324], [-114.09172584953178, 51.02848882089221], [-114.09172105180971, 51.02848244456685], [-114.09171726827687, 51.0284758023948], [-114.0917145353704, 51.028468958343886], [-114.09171287940923, 51.028461978326156], [-114.09171231634068, 51.02845492956301]]]}}, {"type": "Feature", "properties": {"tag": "T1857", "code": "TREE", "canopy_m": 10.0, "condition": "F", "in_inventory": false, "botanical": ""}, "geometry": {"type": "Polygon", "coordinates": [[[-114.09120116997975, 51.028209828202], [-114.0912015045554, 51.02820542218758], [-114.09120252235185, 51.028201058069776], [-114.09120421356697, 51.028196777877426], [-114.09120656191325, 51.02819262283107], [-114.0912095447747, 51.028188632946026], [-114.0912131334246, 51.02818484664706], [-114.09121729330221, 51.02818130039824], [-114.09122198434558, 51.028178028351796], [-114.09122716137735, 51.02817506201928], [-114.0912327745399, 51.02817242996804], [-114.09123876977549, 51.0281701575461], [-114.0912450893468, 51.028168266638076], [-114.09125167239301, 51.028166775454395], [-114.09125845551596, 51.028165698355934], [-114.09126537339063, 51.028165045715724], [-114.09127235939428, 51.028164823819004], [-114.09127934624807, 51.028165034802775], [-114.09128626666501, 51.02816567663515], [-114.09129305399784, 51.02816674313493], [-114.09129964288103, 51.028168224031205], [-114.09130596986019, 51.028170105062145], [-114.09131197400315, 51.02817236811246], [-114.09131759748685, 51.02817499138775], [-114.09132278615411, 51.02817794962455], [-114.09132749003527, 51.02818121433345], [-114.09133166382932, 51.02818475407359], [-114.09133526734033, 51.028188534755394], [-114.09133826586441, 51.028192519968904], [-114.091340630524, 51.02819667133434], [-114.09134233854601, 51.028200948871856], [-114.09134337348107, 51.028205311386444], [-114.09134372536201, 51.02820971686474], [-114.09134339079979, 51.02821412287954], [-114.0913423730163, 51.02821848699856], [-114.09134068181312, 51.0282227671929], [-114.09133833347731, 51.02822692224191], [-114.09133535062446, 51.028230912130205], [-114.09133176198097, 51.02823469843289], [-114.09132760210733, 51.02823824468576], [-114.09132291106533, 51.028241516736394], [-114.09131773403229, 51.02824448307313], [-114.09131212086585, 51.028247115128416], [-114.09130612562392, 51.0282493875541], [-114.09129980604409, 51.0282512784654], [-114.09129322298746, 51.02825276965178], [-114.09128643985261, 51.02825384675224], [-114.09127952196502, 51.0282544993937], [-114.09127253594792, 51.02825472129084], [-114.09126554908067, 51.028254510306674], [-114.09125862865079, 51.0282538684731], [-114.09125184130602, 51.028252801971334], [-114.09124525241236, 51.02825132107238], [-114.09123892542459, 51.028249440038195], [-114.09123292127522, 51.02824717698417], [-114.09122729778755, 51.02824455370484], [-114.09122210911892, 51.02824159546383], [-114.09121740523906, 51.02823833075072], [-114.09121323144886, 51.02823479100653], [-114.0912096279442, 51.02823101032099], [-114.09120662942865, 51.02822702510421], [-114.09120426477948, 51.02822287373606], [-114.09120255676937, 51.028218596196545], [-114.09120152184724, 51.02821423368071], [-114.09120116997975, 51.028209828202]]]}}, {"type": "Feature", "properties": {"tag": "T1858", "code": "TREE", "canopy_m": 16.0, "condition": "F", "in_inventory": false, "botanical": ""}, "geometry": {"type": "Polygon", "coordinates": [[[-114.09184538694392, 51.029194987961056], [-114.09184592217835, 51.02918793833627], [-114.09184755058997, 51.029180955740024], [-114.0918502564958, 51.02917410741846], [-114.09185401383606, 51.029167459324626], [-114.0918587864251, 51.02916107548317], [-114.09186452829998, 51.02915501737386], [-114.09187118416307, 51.02914934333947], [-114.09187868991461, 51.029144108023914], [-114.09188697327006, 51.02913936184597], [-114.09189595445625, 51.02913515051378], [-114.09190554697956, 51.02913151458463], [-114.091915658459, 51.02912848907434], [-114.0919261915158, 51.02912610312015], [-114.09193704471126, 51.02912437969997], [-114.0919481135236, 51.0291233354112], [-114.09195929135458, 51.02912298031091], [-114.0919704705561, 51.02912331781885], [-114.09198154346682, 51.029124344684675], [-114.09199240344901, 51.029126051019134], [-114.09200294591557, 51.02912842038938], [-114.09201306933717, 51.02913142997715], [-114.09202267622004, 51.02913505079862], [-114.09203167404488, 51.029139247983444], [-114.09203997615785, 51.02914398111056], [-114.09204750260515, 51.02914920459753], [-114.09205418090289, 51.02915486813948], [-114.0920599467353, 51.02916091719356], [-114.09206474457403, 51.029167293504194], [-114.09206852821293, 51.029173935664154], [-114.09207126121312, 51.029180779705904], [-114.09207291725389, 51.02918775971767], [-114.09207348038613, 51.029194808478145], [-114.09207294518615, 51.02920185810394], [-114.09207131680768, 51.0292088407033], [-114.0920686109324, 51.02921568902991], [-114.09206485361896, 51.02922233713058], [-114.09206008105197, 51.02922872098037], [-114.0920543391935, 51.02923477909919], [-114.09204768334057, 51.029240453143935], [-114.09204017759252, 51.02924568847025], [-114.0920318942338, 51.02925043465896], [-114.09202291303767, 51.02925464600153], [-114.09201332049814, 51.029258281940265], [-114.09200320899686, 51.029261307458924], [-114.09199267591337, 51.029263693420035], [-114.09198182268746, 51.029265416845355], [-114.09197075384205, 51.02926646113729], [-114.09195957597663, 51.0292668162387], [-114.09194839674068, 51.029266478729745], [-114.09193732379683, 51.029265451860816], [-114.09192646378406, 51.0292637455213], [-114.09191592129068, 51.02926137614423], [-114.09190579784705, 51.02925836654811], [-114.09189619094778, 51.02925474571711], [-114.09188719311278, 51.029250548521944], [-114.09187889099628, 51.029245815384066], [-114.09187136455228, 51.02924059188632], [-114.09186468626446, 51.02923492833399], [-114.09185892044826, 51.029228879270356], [-114.09185412263139, 51.02922250295132], [-114.09185033901917, 51.029215860784475], [-114.09184760604944, 51.02920901673758], [-114.09184595004176, 51.02920203672264], [-114.09184538694392, 51.029194987961056]]]}}, {"type": "Feature", "properties": {"tag": "T1859", "code": "TREE", "canopy_m": 13.0, "condition": "F", "in_inventory": false, "botanical": ""}, "geometry": {"type": "Polygon", "coordinates": [[[-114.09228643874206, 51.02777555285372], [-114.09228687355265, 51.027769825030575], [-114.09228819654314, 51.027764151664805], [-114.09229039497212, 51.027758587393954], [-114.09229344766722, 51.027753185804976], [-114.09229732522905, 51.02774799891805], [-114.09230199031438, 51.02774307668566], [-114.09230739799573, 51.027738466511494], [-114.09231349619407, 51.027734212793966], [-114.09232022618036, 51.02773035649858], [-114.09232752314122, 51.027726934763464], [-114.09233531680302, 51.02772398054172], [-114.09234353210866, 51.02772152228402], [-114.09235208994049, 51.02771958366465], [-114.09236090788217, 51.0277181833535], [-114.09236990101238, 51.02771733483628], [-114.09237898272265, 51.027717046284664], [-114.09238806555152, 51.02771732047755], [-114.09239706202668, 51.02771815477429], [-114.09240588550746, 51.02771954114021], [-114.09241445101924, 51.02772146622389], [-114.09242267607169, 51.02772391148577], [-114.09243048145329, 51.02772685337675], [-114.09243779199407, 51.02773026356488], [-114.09244453728967, 51.027734109208296], [-114.09245065237918, 51.02773835327143], [-114.09245607837099, 51.02774295488176], [-114.09246076300965, 51.027747869723356], [-114.09246466117946, 51.02775305046369], [-114.09246773533864, 51.027758447209486], [-114.09246995588114, 51.0277640079872], [-114.09247130142161, 51.027769679243534], [-114.09247175900147, 51.02777540636124], [-114.09247132421363, 51.027781134185055], [-114.092470001245, 51.02778680755288], [-114.09246780283621, 51.02779237182705], [-114.09246475015883, 51.027797773420545], [-114.09246087261153, 51.02780296031297], [-114.09245620753703, 51.02780788255165], [-114.09245079986239, 51.02781249273264], [-114.09244470166638, 51.027816746457276], [-114.09243797167791, 51.02782060275978], [-114.09243067471049, 51.02782402450173], [-114.09242288103799, 51.02782697872979], [-114.09241466571793, 51.02782943699304], [-114.09240610786847, 51.02783137561696], [-114.0923972899067, 51.027832775931515], [-114.09238829675468, 51.02783362445082], [-114.09237921502167, 51.027833913003164], [-114.09237013217007, 51.02783363880962], [-114.09236113567303, 51.02783280451083], [-114.09235231217207, 51.02783141814156], [-114.09234374664258, 51.02782949305338], [-114.09233552157559, 51.02782704778599], [-114.09232771618316, 51.027824105888726], [-114.09232040563566, 51.02782069569378], [-114.09231366033775, 51.02781685004325], [-114.09230754525039, 51.027812605973], [-114.09230211926516, 51.02780800435583], [-114.09229743463719, 51.02780308950792], [-114.09229353648182, 51.027797908762054], [-114.09229046234023, 51.02779251201169], [-114.09228824181784, 51.027786951230595], [-114.0922868962992, 51.02778127997216], [-114.09228643874206, 51.02777555285372]]]}}, {"type": "Feature", "properties": {"tag": "T1860", "code": "TREE", "canopy_m": 7.0, "condition": "F", "in_inventory": false, "botanical": ""}, "geometry": {"type": "Polygon", "coordinates": [[[-114.09180358537527, 51.029164410674646], [-114.09180381954299, 51.029161326463864], [-114.09180453197548, 51.02915827157825], [-114.09180571581157, 51.02915527543801], [-114.0918073596502, 51.029152366897584], [-114.0918094476602, 51.02914957396779], [-114.09181195973284, 51.02914692354606], [-114.09181487167544, 51.02914444115738], [-114.09181815544437, 51.02914215070846], [-114.09182177941516, 51.029140074257555], [-114.09182570868695, 51.029138231801994], [-114.09182990541878, 51.02913664108559], [-114.09183432919383, 51.02913531742784], [-114.09183893740882, 51.029134273576176], [-114.0918436856842, 51.029133519583525], [-114.09184852829154, 51.02913306271119], [-114.09185341859397, 51.02913290735911], [-114.09185830949534, 51.029133055023394], [-114.09186315389364, 51.02913350428197], [-114.0918679051348, 51.02913425080823], [-114.09187251746184, 51.02913528741275], [-114.09187694645559, 51.029136604112445], [-114.0918811494625, 51.02913818822684], [-114.09188508600533, 51.029140024500045], [-114.0918887181731, 51.0291420952478], [-114.091892010986, 51.02914438052768], [-114.09189493273247, 51.029146858331224], [-114.09189745527448, 51.02914950479585], [-114.09189955431849, 51.02915229443473], [-114.09190120964952, 51.02915520038207], [-114.09190240532573, 51.02915819465208], [-114.09190312983206, 51.029161248408286], [-114.09190337619098, 51.02916433224138], [-114.09190314202988, 51.029167416452346], [-114.0919024296037, 51.029170471338546], [-114.09190124577347, 51.02917346747977], [-114.09189960193997, 51.029176376021496], [-114.0918975139342, 51.02917916895288], [-114.09189500186471, 51.02918181937643], [-114.09189208992404, 51.0291843017671], [-114.09188880615578, 51.02918659221809], [-114.09188518218437, 51.029188668671054], [-114.09188125291067, 51.0291905111286], [-114.09187705617575, 51.029192101846824], [-114.0918726323965, 51.02919342550619], [-114.0918680241764, 51.02919446935915], [-114.09186327589521, 51.0291952233528], [-114.09185843328154, 51.02919568022573], [-114.09185354297252, 51.029195835578044], [-114.09184865206457, 51.02919568791355], [-114.0918438076599, 51.029195238654395], [-114.0918390564129, 51.029194492127154], [-114.09183444408073, 51.029193455521344], [-114.09183001508276, 51.02919213882004], [-114.09182581207273, 51.02919055470383], [-114.09182187552793, 51.029188718428635], [-114.09181824335951, 51.02918664767882], [-114.09181495054722, 51.02918436239688], [-114.09181202880264, 51.02918188459135], [-114.09180950626374, 51.02917923812488], [-114.09180740722392, 51.02917644848442], [-114.09180575189801, 51.029173542535744], [-114.09180455622761, 51.02917054826476], [-114.09180383172762, 51.029167494507945], [-114.09180358537527, 51.029164410674646]]]}}, {"type": "Feature", "properties": {"tag": "T1861", "code": "CON", "canopy_m": 7.0, "condition": "F", "in_inventory": false, "botanical": ""}, "geometry": {"type": "Polygon", "coordinates": [[[-114.09193573439026, 51.02902610721538], [-114.09193596854851, 51.02902302300428], [-114.09193668097024, 51.02901996811777], [-114.09193786479429, 51.029016971976134], [-114.09193950861975, 51.02901406343379], [-114.0919415966156, 51.02901127050158], [-114.09194410867323, 51.029008620076944], [-114.09194702060012, 51.02900613768492], [-114.09195030435278, 51.02900384723224], [-114.09195392830685, 51.02900177077719], [-114.09195785756172, 51.02899992831716], [-114.09196205427654, 51.028998337595986], [-114.09196647803468, 51.0289970139332], [-114.09197108623297, 51.02899597007633], [-114.09197583449206, 51.02899521607829], [-114.09198067708368, 51.028994759200465], [-114.09198556737113, 51.02899460384287], [-114.09199045825834, 51.02899475150163], [-114.0919953026435, 51.02899520075476], [-114.09200005387262, 51.02899594727567], [-114.09200466618887, 51.02899698387499], [-114.09200909517318, 51.028998300569725], [-114.09201329817206, 51.028999884679415], [-114.09201723470841, 51.02900172094821], [-114.09202086687122, 51.0290037916919], [-114.09202415968083, 51.029006076968116], [-114.09202708142564, 51.02900855476841], [-114.09202960396763, 51.02901120123027], [-114.09203170301332, 51.029013990866815], [-114.09203335834768, 51.02901689681236], [-114.09203455402884, 51.02901989108108], [-114.09203527854166, 51.02902294483654], [-114.09203552490862, 51.02902602866942], [-114.09203529075697, 51.02902911288073], [-114.0920345783416, 51.0290321677678], [-114.0920333945234, 51.02903516391042], [-114.09203175070306, 51.02903807245408], [-114.09202966271143, 51.02904086538788], [-114.09202715065693, 51.02904351581433], [-114.09202423873201, 51.02904599820834], [-114.09202095498001, 51.029048288663084], [-114.0920173310253, 51.0290503651202], [-114.09201340176851, 51.029052207582204], [-114.09200920505062, 51.029053798305206], [-114.0920047812883, 51.0290551219696], [-114.09200017308488, 51.0290561658278], [-114.09199542481997, 51.02905691982682], [-114.09199058222202, 51.02905737670524], [-114.09198569192799, 51.02905753206306], [-114.09198080103418, 51.0290573844041], [-114.09197595664268, 51.0290569351504], [-114.0919712054077, 51.0290561886285], [-114.09196659308633, 51.02905515202788], [-114.09196216409781, 51.02905383533155], [-114.09195796109577, 51.029052251220044], [-114.0919540245575, 51.02905041494925], [-114.091950392394, 51.0290483442035], [-114.09194709958501, 51.029046058925225], [-114.09194417784211, 51.02904358112295], [-114.09194165530322, 51.029040934659264], [-114.0919395562617, 51.029038145021104], [-114.09193790093246, 51.02903523907424], [-114.09193670525714, 51.02903224480454], [-114.09193598075063, 51.02902919104847], [-114.09193573439026, 51.02902610721538]]]}}, {"type": "Feature", "properties": {"tag": "T1862", "code": "TREE", "canopy_m": 5.0, "condition": "P", "in_inventory": false, "botanical": ""}, "geometry": {"type": "Polygon", "coordinates": [[[-114.09235214496479, 51.02903962312104], [-114.09235231220099, 51.02903742011252], [-114.09235282105425, 51.02903523804895], [-114.09235366662399, 51.029033097944776], [-114.09235484076687, 51.02903102041037], [-114.09235633217521, 51.02902902545352], [-114.0923581264859, 51.02902713228673], [-114.09236020641873, 51.029025359142196], [-114.09236255194278, 51.02902372309631], [-114.0923651404694, 51.02902223990503], [-114.09236794706962, 51.029020923852286], [-114.0923709447144, 51.0290197876124], [-114.09237410453478, 51.029018842127925], [-114.09237739610002, 51.02901809650443], [-114.09238078771055, 51.02901755792263], [-114.09238424670339, 51.02901723156938], [-114.09238773976655, 51.02901712058761], [-114.09239123326002, 51.029017226046165], [-114.09239469353955, 51.02901754692939], [-114.09239808728081, 51.02901808014703], [-114.09240138180029, 51.02901882056391], [-114.09240454536999, 51.02901976104942], [-114.09240754752302, 51.02902089254617], [-114.09241035934704, 51.02902220415727], [-114.09241295376268, 51.02902368325118], [-114.09241530578427, 51.02902531558343], [-114.09241739276057, 51.0290270854338], [-114.09241919459285, 51.029028975757676], [-114.09242069392843, 51.02903096835019], [-114.09242187632789, 51.02903304402164], [-114.09242273040402, 51.029035182782145], [-114.09242324793158, 51.029037364034316], [-114.09242342392642, 51.02903956677148], [-114.09242325669358, 51.02904176978011], [-114.09242274784354, 51.02904395184399], [-114.09242190227678, 51.02904609194865], [-114.09242072813653, 51.02904816948373], [-114.09241923673034, 51.0290501644414], [-114.09241744242125, 51.02905205760912], [-114.09241536248942, 51.02905383075464], [-114.09241301696571, 51.0290554668016], [-114.09241042843877, 51.02905694999392], [-114.09240762183758, 51.02905826604768], [-114.09240462419122, 51.02905940228851], [-114.09240146436869, 51.0290603477738], [-114.09239817280086, 51.02906109339797], [-114.09239478118735, 51.02906163198027], [-114.09239132219129, 51.02906195833383], [-114.09238782912476, 51.02906206931571], [-114.09238433562793, 51.02906196385706], [-114.09238087534517, 51.02906164297353], [-114.0923774816009, 51.029061109755396], [-114.09237418707882, 51.02906036933785], [-114.09237102350697, 51.02905942885153], [-114.09236802135233, 51.029058297353835], [-114.09236520952732, 51.029056985741725], [-114.09236261511134, 51.02905550664676], [-114.09236026309006, 51.02905387431346], [-114.09235817611473, 51.02905210446209], [-114.09235637428404, 51.029050214137285], [-114.09235487495059, 51.02904822154394], [-114.09235369255374, 51.02904614587182], [-114.09235283848058, 51.0290440071108], [-114.09235232095627, 51.02904182585832], [-114.09235214496479, 51.02903962312104]]]}}, {"type": "Feature", "properties": {"tag": "T1863", "code": "CON", "canopy_m": 9.0, "condition": "F", "in_inventory": false, "botanical": ""}, "geometry": {"type": "Polygon", "coordinates": [[[-114.09142283042037, 51.028710222857164], [-114.09142313152273, 51.02870625744398], [-114.09142404753062, 51.02870232973656], [-114.09142556962225, 51.02869847756088], [-114.09142768313887, 51.02869473801548], [-114.09143036772608, 51.02869114711419], [-114.09143359752969, 51.0286877394393], [-114.09143734144489, 51.02868454780857], [-114.09144156341566, 51.02868160295906], [-114.0914462227821, 51.02867893325127], [-114.09145127467201, 51.02867656439587], [-114.09145667043293, 51.0286745192062], [-114.09146235810084, 51.028672817378514], [-114.09146828290046, 51.02867147530229], [-114.09147438777288, 51.02867050590243], [-114.09148061392497, 51.02866991851478], [-114.09148690139563, 51.02866971879616], [-114.09149318963321, 51.028669908669976], [-114.09149941807875, 51.02867048630763], [-114.09150552674905, 51.028671446146205], [-114.0915114568144, 51.02867277894193], [-114.09151715116516, 51.028674471859276], [-114.09152255496173, 51.02867650859459], [-114.09152761616265, 51.028678869533024], [-114.09153228602585, 51.028681531937494], [-114.091536519578, 51.02868447016765], [-114.09154027604767, 51.02868765592676], [-114.09154351925797, 51.02869105853427], [-114.0915462179749, 51.028694645221286], [-114.09154834620828, 51.028698381446056], [-114.09154988346192, 51.028702231226724], [-114.0915508149311, 51.02870615748785], [-114.09155113164509, 51.0287101224174], [-114.09155083055364, 51.02871408783093], [-114.09154991455623, 51.02871801553932], [-114.09154839247428, 51.028721867716584], [-114.09154627896613, 51.02872560726416], [-114.09154359438593, 51.02872919816808], [-114.0915403645875, 51.02873260584599], [-114.09153662067551, 51.02873579748], [-114.09153239870585, 51.028738742332905], [-114.09152773933836, 51.0287414120441], [-114.09152268744532, 51.028743780902786], [-114.09151729167927, 51.02874582609548], [-114.09151160400444, 51.02874752792582], [-114.09150567919637, 51.02874887000423], [-114.09149957431433, 51.02874983940571], [-114.09149334815177, 51.02875042679437], [-114.09148706067023, 51.028750626513336], [-114.09148077242173, 51.028750436639214], [-114.0914745439657, 51.02874985900056], [-114.09146843528575, 51.0287488991604], [-114.09146250521191, 51.02874756636251], [-114.09145681085417, 51.02874587344252], [-114.09145140705242, 51.028743836704194], [-114.09144634584828, 51.028741475762494], [-114.09144167598397, 51.02873881335461], [-114.09143744243286, 51.02873587512106], [-114.09143368596632, 51.02873268935866], [-114.09143044276117, 51.0287292867481], [-114.09142774405115, 51.02872570005845], [-114.0914256158262, 51.0287219638315], [-114.09142407858221, 51.0287181140492], [-114.09142314712348, 51.02871418778707], [-114.09142283042037, 51.028710222857164]]]}}, {"type": "Feature", "properties": {"tag": "T1864", "code": "TREE", "canopy_m": 6.0, "condition": "F", "in_inventory": false, "botanical": ""}, "geometry": {"type": "Polygon", "coordinates": [[[-114.09237861749155, 51.02850865797362], [-114.09237881817123, 51.02850601436312], [-114.09237942878671, 51.028503395886446], [-114.09238044345734, 51.02850082776098], [-114.09238185241125, 51.028498334719146], [-114.09238364207937, 51.0284959407703], [-114.09238579522618, 51.02849366896944], [-114.09238829111567, 51.028491541195244], [-114.09239110571103, 51.02848957793932], [-114.09239421190618, 51.02848779810888], [-114.09239757978673, 51.02848621884462], [-114.0924011769182, 51.02848485535572], [-114.09240496865829, 51.0284837207733], [-114.0924089184905, 51.028482826023975], [-114.09241298837583, 51.028482179724676], [-114.09241713911914, 51.028481788099604], [-114.09242133074653, 51.028481654920306], [-114.09242552289047, 51.028481781469374], [-114.09242967517835, 51.028482166528086], [-114.09243374762144, 51.028482806388105], [-114.09243770099997, 51.02848369488726], [-114.09244149724077, 51.028484823468794], [-114.09244509978402, 51.028486181263915], [-114.09244847393529, 51.028487755196295], [-114.09245158719969, 51.02848953010814], [-114.09245440959478, 51.0284914889061], [-114.09245691393934, 51.02849361272591], [-114.09245907611516, 51.02849588111403], [-114.09246087529927, 51.02849827222468], [-114.09246229416448, 51.02850076303015], [-114.0924633190463, 51.02850332954266], [-114.09246394007451, 51.028505947045296], [-114.09246415126817, 51.02850859033006], [-114.09246395059333, 51.02851123394071], [-114.09246333998252, 51.02851385241781], [-114.09246232531618, 51.028516420543994], [-114.09246091636604, 51.02851891358679], [-114.09245912670103, 51.028521307536806], [-114.09245697355652, 51.028523579339], [-114.09245447766845, 51.02852570711464], [-114.09245166307359, 51.02852767037209], [-114.09244855687798, 51.02852945020404], [-114.09244518899602, 51.02853102946976], [-114.09244159186228, 51.02853239296001], [-114.09243780011911, 51.028533527543615], [-114.09243385028317, 51.028534422293895], [-114.09242978039356, 51.028535068593925], [-114.0924256296456, 51.02853546021945], [-114.09242143801335, 51.028535593398885], [-114.09241724586458, 51.02853546684968], [-114.09241309357203, 51.02853508179054], [-114.09240902112464, 51.02853444192981], [-114.09240506774235, 51.028533553429696], [-114.09240127149845, 51.028532424846986], [-114.0923976689529, 51.02853106705052], [-114.0923942948002, 51.028529493116686], [-114.0923911815353, 51.028527718203335], [-114.09238835914067, 51.02852575940385], [-114.0923858547975, 51.02852363558258], [-114.09238369262395, 51.02852136719312], [-114.09238189344293, 51.028518976081294], [-114.09238047458146, 51.02851648527485], [-114.09237944970393, 51.028513918761625], [-114.09237882868038, 51.02851130125854], [-114.09237861749155, 51.02850865797362]]]}}, {"type": "Feature", "properties": {"tag": "T1865", "code": "TREE", "canopy_m": 3.0, "condition": "F", "in_inventory": false, "botanical": ""}, "geometry": {"type": "Polygon", "coordinates": [[[-114.09237376412926, 51.02901463248199], [-114.09237386447033, 51.02901331067685], [-114.09237416978152, 51.02901200143865], [-114.09237467712254, 51.029010717376046], [-114.09237538160737, 51.02900947085527], [-114.09237627645146, 51.029008273881], [-114.09237735303691, 51.029007137980734], [-114.09237860099566, 51.02900607409382], [-114.09238000830914, 51.029005092466065], [-114.09238156142416, 51.02900420255107], [-114.09238324538339, 51.0290034129192], [-114.09238504396937, 51.02900273117503], [-114.09238693986075, 51.02900216388414], [-114.09238891479907, 51.02900171650983], [-114.0923909497646, 51.02900139336056], [-114.09239302515954, 51.029001197548446], [-114.0923951209967, 51.02900113095924], [-114.09239721709207, 51.02900119423425], [-114.09239929325909, 51.02900138676409], [-114.09240132950316, 51.02900170669461], [-114.09240330621418, 51.02900215094469], [-114.09240520435532, 51.029002715235976], [-114.09240700564646, 51.029003394134044], [-114.09240869274022, 51.02900418110072], [-114.09241024938895, 51.0290050685571], [-114.09241166060127, 51.02900604795648], [-114.09241291278641, 51.029007109866754], [-114.09241399388519, 51.02900824406112], [-114.092414893486, 51.02900943961669], [-114.09241560292517, 51.02901068501959], [-114.09241611537043, 51.029011968275945], [-114.0924164258866, 51.02901327702725], [-114.09241653148325, 51.029014598669576], [-114.0924164311434, 51.029015920474734], [-114.09241612583337, 51.02901722971305], [-114.09241561849343, 51.029018513775824], [-114.09241491400954, 51.02901976029685], [-114.09241401916624, 51.02902095727142], [-114.09241294258135, 51.02902209317202], [-114.09241169462297, 51.029023157059285], [-114.0924102873096, 51.02902413868742], [-114.09240873419446, 51.029025028602796], [-114.0924070502349, 51.029025818235034], [-114.09240525164834, 51.02902649997954], [-114.0924033557562, 51.02902706727074], [-114.09240138081694, 51.029027514645286], [-114.09239934585034, 51.02902783779473], [-114.09239727045423, 51.02902803360697], [-114.09239517461586, 51.0290281001962], [-114.09239307851928, 51.029028036921154], [-114.09239100235109, 51.02902784439121], [-114.09238896610594, 51.0290275244605], [-114.092386989394, 51.02902708021019], [-114.09238509125208, 51.02902651591861], [-114.09238328996034, 51.02902583702021], [-114.09238160286624, 51.02902505005318], [-114.09238004621739, 51.02902416259642], [-114.09237863500519, 51.02902318319665], [-114.09237738282037, 51.02902212128601], [-114.09237630172218, 51.02902098709131], [-114.09237540212214, 51.02901979153545], [-114.0923746926839, 51.0290185461323], [-114.09237418023973, 51.029017262875776], [-114.09237386972471, 51.02901595412434], [-114.09237376412926, 51.02901463248199]]]}}, {"type": "Feature", "properties": {"tag": "T1866", "code": "TREE", "canopy_m": 5.0, "condition": "F", "in_inventory": true, "botanical": "Populus"}, "geometry": {"type": "Polygon", "coordinates": [[[-114.09201210952311, 51.02811508771155], [-114.09201227677215, 51.02811288470315], [-114.09201278563133, 51.0281107026407], [-114.09201363119996, 51.02810856253865], [-114.09201480533474, 51.02810648500733], [-114.09201629672806, 51.0281044900545], [-114.09201809101697, 51.028102596892644], [-114.09202017092144, 51.02810082375392], [-114.09202251641086, 51.028099187714595], [-114.09202510489688, 51.02809770453063], [-114.09202791145094, 51.02809638848588], [-114.09203090904445, 51.028095252254545], [-114.09203406880893, 51.02809430677915], [-114.09203736031417, 51.028093561165136], [-114.09204075186119, 51.02809302259316], [-114.09204421078762, 51.02809269624994], [-114.09204770378213, 51.02809258527837], [-114.09205119720532, 51.02809269074714], [-114.09205465741367, 51.028093011640514], [-114.09205805108354, 51.02809354486817], [-114.09206134553204, 51.02809428529478], [-114.09206450903191, 51.02809522578968], [-114.09206751111692, 51.02809635729539], [-114.0920703228754, 51.02809766891491], [-114.09207291722856, 51.02809914801663], [-114.09207526919138, 51.028100780356034], [-114.09207735611318, 51.02810255021277], [-114.09207915789574, 51.028104440542194], [-114.09208065718688, 51.02810643313943], [-114.09208183954759, 51.02810850881467], [-114.09208269359102, 51.02811064757802], [-114.09208321109226, 51.028112828832064], [-114.09208338706742, 51.02811503157012], [-114.09208321982173, 51.028117234578595], [-114.0920827109658, 51.02811941664134], [-114.09208186540015, 51.02812155674388], [-114.09208069126798, 51.028123634275865], [-114.0920791998768, 51.028125629229514], [-114.09207740558952, 51.0281275223923], [-114.09207532568603, 51.02812929553204], [-114.09207298019696, 51.02813093157241], [-114.09207039171062, 51.02813241475743], [-114.09206758515558, 51.02813373080319], [-114.0920645875605, 51.02813486703547], [-114.0920614277939, 51.028135812511664], [-114.09205813628604, 51.028136558126356], [-114.09205474473603, 51.028137096698835], [-114.09205128580638, 51.02813742304236], [-114.09204779280851, 51.02813753401406], [-114.09204429938195, 51.028137428545186], [-114.09204083917037, 51.028137107651496], [-114.09203744549752, 51.02813657442337], [-114.09203415104639, 51.02813583399608], [-114.09203098754436, 51.02813489350036], [-114.09202798545776, 51.02813376199372], [-114.09202517369829, 51.02813245037319], [-114.09202257934479, 51.028130971270414], [-114.09202022738228, 51.02812933892998], [-114.09201814046145, 51.02812756907221], [-114.09201633868048, 51.028125678741844], [-114.09201483939147, 51.02812368614381], [-114.09201365703339, 51.0281216104679], [-114.09201280299291, 51.02811947170404], [-114.0920122854949, 51.028117290449686], [-114.09201210952311, 51.02811508771155]]]}}, {"type": "Feature", "properties": {"tag": "T1867", "code": "TREE", "canopy_m": 16.0, "condition": "F", "in_inventory": false, "botanical": ""}, "geometry": {"type": "Polygon", "coordinates": [[[-114.09110561732939, 51.02862553532583], [-114.0911061526696, 51.02861848570368], [-114.09110778117254, 51.02861150311701], [-114.09111048715435, 51.02860465481187], [-114.09111424455453, 51.02859800674114], [-114.09111901718686, 51.028591622929234], [-114.09112475908796, 51.028585564855675], [-114.09113141495995, 51.02857989086286], [-114.091138920703, 51.028574655594305], [-114.09114720403264, 51.028569909468345], [-114.09115618517596, 51.028565698192615], [-114.09116577763974, 51.02856206232384], [-114.09117588904357, 51.02855903687733], [-114.09118642200941, 51.02855665098962], [-114.09119727509943, 51.02855492763802], [-114.09120834379287, 51.028553883419285], [-114.09121952149265, 51.02855352838977], [-114.09123070055189, 51.0285538659686], [-114.09124177331064, 51.02855489290468], [-114.09125263313267, 51.028556599308146], [-114.09126317543239, 51.02855896874543], [-114.09127329868207, 51.028561978397676], [-114.0912829053896, 51.02856559928041], [-114.09129190303737, 51.02856979652268], [-114.09130020497328, 51.0285745297029], [-114.09130773124518, 51.02857975323812], [-114.09131440937092, 51.02858541682299], [-114.09132017503633, 51.028591465914246], [-114.0913249727147, 51.02859784225596], [-114.09132875620143, 51.0286044844406], [-114.09133148905912, 51.028611328500396], [-114.09133314496836, 51.028618308523384], [-114.09133370798142, 51.028625357288185], [-114.09133317267565, 51.02863240691133], [-114.09133154420584, 51.028639389501116], [-114.09132883825458, 51.0286462378113], [-114.09132508088123, 51.02865288588888], [-114.09132030827094, 51.0286592697091], [-114.09131456638625, 51.02866532779219], [-114.09130791052442, 51.028671001795345], [-114.09130040478487, 51.02867623707466], [-114.09129212145193, 51.0286809832114], [-114.0912831402987, 51.028685194497506], [-114.0912735478187, 51.02868883037584], [-114.091263436393, 51.028691855830765], [-114.09125290340049, 51.02869424172537], [-114.09124205028002, 51.02869596508209], [-114.09123098155351, 51.028697009304004], [-114.09121980381931, 51.02869736433463], [-114.09120862472562, 51.02869702675479], [-114.09119755193373, 51.028695999815604], [-114.09118669208114, 51.02869429340709], [-114.0911761497546, 51.028691923962974], [-114.09116602648288, 51.028688914302386], [-114.09115641975895, 51.02868529341013], [-114.09114742210102, 51.02868109615751], [-114.0911391201616, 51.02867636296652], [-114.09113159389298, 51.02867113942053], [-114.09112491577719, 51.028665475825285], [-114.09111915012798, 51.02865942672447], [-114.09111435247146, 51.028653050374366], [-114.0911105690114, 51.028646408182844], [-114.09110783618421, 51.028639564117896], [-114.09110618030802, 51.028632584091724], [-114.09110561732939, 51.02862553532583]]]}}, {"type": "Feature", "properties": {"tag": "T1868", "code": "CON", "canopy_m": 7.0, "condition": "F", "in_inventory": false, "botanical": ""}, "geometry": {"type": "Polygon", "coordinates": [[[-114.09246023944876, 51.02850568973239], [-114.09246047356963, 51.028502605519975], [-114.09246118594892, 51.02849955063004], [-114.09246236972595, 51.02849655448283], [-114.0924640135002, 51.02849364593287], [-114.09246610144118, 51.02849085299108], [-114.0924686134408, 51.02848820255495], [-114.09247152530706, 51.028485720149675], [-114.09247480899712, 51.02848342968209], [-114.0924784328872, 51.02848135321061], [-114.09248236207728, 51.02847951073282], [-114.09248655872713, 51.02847791999271], [-114.09249098242078, 51.02847659630997], [-114.0924955905557, 51.02847555243237], [-114.09250033875308, 51.02847479841297], [-114.0925051812853, 51.028474341513416], [-114.0925100715162, 51.02847418613388], [-114.09251496235028, 51.02847433377073], [-114.09251980668623, 51.02847478300216], [-114.09252455787053, 51.02847552950186], [-114.09252917014679, 51.02847656608059], [-114.09253359909631, 51.02847788275558], [-114.09253780206596, 51.02847946684656], [-114.09254173857889, 51.02848130309786], [-114.09254537072437, 51.02848337382546], [-114.09254866352283, 51.0284856590871], [-114.09255158526284, 51.02848813687451], [-114.09255410780641, 51.02849078332528], [-114.09255620686001, 51.028493572952655], [-114.09255786220857, 51.028496478891014], [-114.09255905791008, 51.02849947315463], [-114.09255978244923, 51.02850252690709], [-114.09256002884818, 51.02850561073914], [-114.0925597947339, 51.028508694951746], [-114.09255908236095, 51.028511749842274], [-114.09255789858979, 51.028514745990456], [-114.09255625482065, 51.028517654541716], [-114.0925541668839, 51.02852044748511], [-114.09255165488742, 51.02852309792304], [-114.0925487430231, 51.02852558033031], [-114.0925454593337, 51.02852787079997], [-114.092541835443, 51.02852994727349], [-114.09253790625102, 51.028531789753266], [-114.09253370959806, 51.02853338049522], [-114.09252928590023, 51.028534704179556], [-114.09252467776022, 51.02853574805849], [-114.09251992955699, 51.02853650207886], [-114.09251508701844, 51.028536958979025], [-114.09251019678098, 51.028537114358784], [-114.09250530594029, 51.028536966721724], [-114.092500461598, 51.02853651748969], [-114.09249571040783, 51.028535770989045], [-114.09249109812646, 51.02853473440901], [-114.09248666917271, 51.02853341773242], [-114.09248246619993, 51.02853183363961], [-114.09247852968505, 51.02852999738633], [-114.0924748975389, 51.02852792665667], [-114.09247160474106, 51.02852564139297], [-114.09246868300296, 51.02852316360357], [-114.09246616046251, 51.02852051715097], [-114.09246406141308, 51.028517727521994], [-114.09246240606963, 51.02851482158231], [-114.09246121037394, 51.028511827317715], [-114.09246048584113, 51.02850877356463], [-114.09246023944876, 51.02850568973239]]]}}, {"type": "Feature", "properties": {"tag": "T1869", "code": "TREE", "canopy_m": 9.0, "condition": "F", "in_inventory": false, "botanical": ""}, "geometry": {"type": "Polygon", "coordinates": [[[-114.0913784551475, 51.029045135110984], [-114.09137875625578, 51.029041169698125], [-114.09137967227399, 51.02903724199128], [-114.09138119438022, 51.0290333898164], [-114.09138330791562, 51.029029650272], [-114.09138599252556, 51.02902605937192], [-114.09138922235567, 51.029022651698455], [-114.09139296630087, 51.02901946006931], [-114.09139718830485, 51.029016515221564], [-114.0914018477074, 51.02901384551567], [-114.09140689963596, 51.029011476662305], [-114.0914122954377, 51.02900943147478], [-114.0914179831482, 51.02900772964934], [-114.09142390799181, 51.0290063875754], [-114.09143001290914, 51.0290054181779], [-114.09143623910666, 51.029004830792616], [-114.0914425266228, 51.029004631076376], [-114.09144881490555, 51.02900482095255], [-114.09145504339543, 51.02900539859252], [-114.09146115210883, 51.02900635843333], [-114.09146708221567, 51.029007691231214], [-114.09147277660588, 51.029009384150605], [-114.09147818043945, 51.02901142088782], [-114.09148324167462, 51.02901378182803], [-114.09148791156896, 51.02901644423411], [-114.09149214514885, 51.029019382465684], [-114.09149590164259, 51.02902256822602], [-114.09149914487303, 51.029025970834574], [-114.09150184360603, 51.029029557522385], [-114.09150397185121, 51.029033293747744], [-114.0915055091123, 51.02903714352878], [-114.09150644058447, 51.02904106979004], [-114.09150675729701, 51.029045034719466], [-114.09150645619962, 51.02904900013264], [-114.09150554019189, 51.02905292784047], [-114.09150401809534, 51.02905678001695], [-114.09150190456843, 51.0290605195635], [-114.09149921996547, 51.029064110466216], [-114.09149599014053, 51.02906751814271], [-114.09149224619856, 51.029070709775134], [-114.09148802419568, 51.02907365462628], [-114.0914833647921, 51.02907632433559], [-114.09147831286039, 51.029078693192226], [-114.09147291705352, 51.02908073838279], [-114.0914672293361, 51.029082440210885], [-114.09146130448406, 51.02908378228698], [-114.09145519955709, 51.02908475168612], [-114.09144897334912, 51.02908533907241], [-114.09144268582207, 51.02908553878901], [-114.09143639752843, 51.02908534891252], [-114.09143016902806, 51.02908477127156], [-114.09142406030497, 51.02908381142914], [-114.09141813018965, 51.02908247862911], [-114.09141243579249, 51.02908078570708], [-114.09140703195372, 51.02907874896684], [-114.09140197071534, 51.02907638802338], [-114.09139730081988, 51.02907372561388], [-114.09139306724104, 51.0290707873789], [-114.09138931075044, 51.029067601615274], [-114.09138606752514, 51.0290641990037], [-114.09138336879904, 51.02906061231323], [-114.0913812405623, 51.02905687608569], [-114.09137970331086, 51.029053026303025], [-114.09137877184914, 51.02904910004077], [-114.0913784551475, 51.029045135110984]]]}}, {"type": "Feature", "properties": {"tag": "T1870", "code": "TREE", "canopy_m": 6.0, "condition": "F", "in_inventory": false, "botanical": ""}, "geometry": {"type": "Polygon", "coordinates": [[[-114.09118082755826, 51.02797018603289], [-114.0911810283038, 51.02796754242417], [-114.09118163897973, 51.0279649239535], [-114.09118265370486, 51.027962355838156], [-114.09118406270674, 51.02795986281051], [-114.09118585241589, 51.027957468879755], [-114.09118800559636, 51.027955197100745], [-114.09119050151183, 51.02795306935192], [-114.09119331612526, 51.027951106124654], [-114.09119642233034, 51.02794932632588], [-114.09119979021266, 51.02794774709599], [-114.09120338733766, 51.02794638364384], [-114.09120717906312, 51.02794524910018], [-114.09121112887269, 51.027944354391266], [-114.09121519872758, 51.02794370813365], [-114.09121934943293, 51.02794331655108], [-114.09122354101528, 51.02794318341477], [-114.09122773310743, 51.02794331000684], [-114.09123188533732, 51.02794369510818], [-114.09123595771679, 51.02794433501003], [-114.09123991102663, 51.02794522354981], [-114.09124370719441, 51.02794635217041], [-114.09124730966094, 51.02794771000261], [-114.09125068373258, 51.02794928396976], [-114.09125379691517, 51.02795105891372], [-114.09125661922708, 51.02795301774084], [-114.0912591234879, 51.02795514158656], [-114.0912612855802, 51.02795740999709], [-114.09126308468181, 51.027959801126435], [-114.09126450346638, 51.027962291946736], [-114.09126552827016, 51.027964858470014], [-114.09126614922367, 51.02796747597929], [-114.09126636034672, 51.02797011926651], [-114.09126615960604, 51.02797276287538], [-114.09126554893476, 51.027975381346494], [-114.09126453421393, 51.02797794946254], [-114.09126312521582, 51.02798044249114], [-114.09126133550977, 51.02798283642307], [-114.0912591823316, 51.027985108203424], [-114.09125668641755, 51.027987235953695], [-114.09125387180462, 51.02798919918248], [-114.09125076559909, 51.02799097898278], [-114.09124739771536, 51.027992558214116], [-114.09124380058809, 51.027993921667615], [-114.09124000885956, 51.027995056212454], [-114.09123605904624, 51.02799595092233], [-114.09123198918705, 51.02799659718069], [-114.09122783847704, 51.02799698876368], [-114.09122364688986, 51.02799712190017], [-114.09121945479286, 51.02799699530794], [-114.09121530255831, 51.02799661020618], [-114.09121123017457, 51.02799597030361], [-114.09120727686094, 51.02799508176287], [-114.09120348069008, 51.0279939531411], [-114.09119987822123, 51.02799259530756], [-114.09119650414817, 51.02799102133896], [-114.09119339096507, 51.027989246393474], [-114.09119056865363, 51.02798728756484], [-114.09118806439422, 51.02798516371768], [-114.09118590230419, 51.02798289530579], [-114.09118410320565, 51.02798050417526], [-114.09118268442484, 51.027978013354], [-114.09118165962533, 51.02797544682999], [-114.0911810386765, 51.02797282932027], [-114.09118082755826, 51.02797018603289]]]}}, {"type": "Feature", "properties": {"tag": "T1871", "code": "TREE", "canopy_m": 6.0, "condition": "F", "in_inventory": false, "botanical": ""}, "geometry": {"type": "Polygon", "coordinates": [[[-114.09241829229846, 51.02929069976291], [-114.0924184929792, 51.0292880561527], [-114.09241910360267, 51.029285437676165], [-114.09242011828813, 51.0292828695507], [-114.09242152726355, 51.02928037650871], [-114.0924233169597, 51.02927798255956], [-114.09242547014075, 51.029275710758256], [-114.09242796607037, 51.02927358298348], [-114.09243078071137, 51.02927161972685], [-114.09243388695722, 51.02926983989557], [-114.09243725489308, 51.029268260630346], [-114.0924408520839, 51.02926689714037], [-114.0924446438868, 51.02926576255677], [-114.09244859378468, 51.0292648678062], [-114.09245266373793, 51.02926422150557], [-114.09245681455073, 51.029263829879106], [-114.09246100624857, 51.02926369669838], [-114.09246519846316, 51.02926382324597], [-114.09246935082125, 51.029264208303175], [-114.09247342333343, 51.02926484816169], [-114.09247737677924, 51.02926573665934], [-114.0924811730849, 51.02926686523941], [-114.09248477568998, 51.02926822303309], [-114.09248814989941, 51.02926979696409], [-114.09249126321775, 51.02927157187461], [-114.09249408566205, 51.02927353067132], [-114.09249659005062, 51.02927565448997], [-114.09249875226482, 51.02927792287704], [-114.09250055148128, 51.02928031398673], [-114.09250197037255, 51.029282804791364], [-114.09250299527388, 51.02928537130318], [-114.09250361631481, 51.02928798880524], [-114.09250382751435, 51.02929063208958], [-114.09250362683845, 51.029293275699935], [-114.09250301621965, 51.02929589417689], [-114.09250200153848, 51.02929846230309], [-114.09250059256684, 51.029300955346024], [-114.09249880287379, 51.02930334929635], [-114.09249664969504, 51.029305621098985], [-114.09249415376685, 51.029307748875226], [-114.09249133912633, 51.02930971213337], [-114.09248823288003, 51.02931149196617], [-114.09248486494278, 51.02931307123285], [-114.09248126774968, 51.029314434724164], [-114.09247747594371, 51.02931556930894], [-114.09247352604207, 51.02931646406049], [-114.09246945608454, 51.02931711036184], [-114.09246530526708, 51.02931750198876], [-114.09246111356441, 51.02931763516963], [-114.09245692134498, 51.0293175086219], [-114.09245276898224, 51.02931712356426], [-114.09244869646575, 51.02931648370504], [-114.09244474301616, 51.02931559520642], [-114.09244094670738, 51.02931446662519], [-114.09243734410002, 51.029313108830166], [-114.09243396988916, 51.02931153489771], [-114.09243085657033, 51.02930975998567], [-114.09242803412648, 51.029307801187436], [-114.09242552973932, 51.02930567736734], [-114.0924233675274, 51.029303408978926], [-114.092421568314, 51.02930101786806], [-114.09242014942649, 51.029298527062444], [-114.09241912452946, 51.029295960549916], [-114.09241850349315, 51.0292933430474], [-114.09241829229846, 51.02929069976291]]]}}, {"type": "Feature", "properties": {"tag": "T1872", "code": "TREE", "canopy_m": 5.0, "condition": "F", "in_inventory": false, "botanical": ""}, "geometry": {"type": "Polygon", "coordinates": [[[-114.09239859748976, 51.028770720662195], [-114.09239876472282, 51.02876851765351], [-114.09239927357096, 51.02876633558964], [-114.0924001191337, 51.028764195485024], [-114.09240129326771, 51.02876211795006], [-114.09240278466545, 51.02876012299253], [-114.09240457896388, 51.02875822982494], [-114.09240665888291, 51.028756456679524], [-114.09240900439177, 51.02875482063263], [-114.09241159290193, 51.02875333744026], [-114.09241439948462, 51.02875202138635], [-114.09241739711092, 51.028750885145215], [-114.09242055691209, 51.02874993965946], [-114.09242384845753, 51.028749194034624], [-114.09242724004791, 51.028748655451466], [-114.0924306990204, 51.028748329096835], [-114.09243419206324, 51.028748218113684], [-114.09243768553658, 51.02874832357086], [-114.09244114579641, 51.02874864445274], [-114.09244453951857, 51.02874917766907], [-114.09244783401972, 51.02874991808468], [-114.09245099757204, 51.02875085856898], [-114.09245399970882, 51.02875199006462], [-114.09245681151789, 51.02875330167466], [-114.09245940591997, 51.02875478076761], [-114.09246175792957, 51.02875641309902], [-114.09246384489555, 51.028758182948636], [-114.09246564671928, 51.028760073271876], [-114.09246714604815, 51.02876206586391], [-114.09246832844283, 51.02876414153497], [-114.09246918251615, 51.02876628029526], [-114.09246970004287, 51.028768461547315], [-114.09246987603888, 51.028770664284515], [-114.09246970880919, 51.028772867293306], [-114.09246919996427, 51.02877504935748], [-114.09246835440452, 51.02877718946257], [-114.09246718027312, 51.02877926699821], [-114.09246568887754, 51.02878126195657], [-114.09246389458072, 51.028783155125076], [-114.09246181466267, 51.02878492827151], [-114.09245946915415, 51.02878656431947], [-114.09245688064368, 51.028788047512876], [-114.09245407406003, 51.028789363567796], [-114.09245107643214, 51.028790499809865], [-114.09244791662883, 51.028791445296434], [-114.0924446250808, 51.02879219092193], [-114.09244123348743, 51.02879272950561], [-114.09243777451171, 51.02879305586056], [-114.09243428146551, 51.02879316684381], [-114.0924307879888, 51.02879306138654], [-114.09242732772574, 51.02879274050435], [-114.09242393400059, 51.02879220728753], [-114.09242063949682, 51.028791466871255], [-114.09241747594236, 51.02879052638614], [-114.09241447380397, 51.02878939488957], [-114.09241166199392, 51.02878808327851], [-114.09240906759149, 51.02878660418452], [-114.09240671558221, 51.028784971852055], [-114.0924046286172, 51.028783202001414], [-114.09240282679505, 51.02878131167725], [-114.0924013274683, 51.0287793190844], [-114.09240014507623, 51.028777243412655], [-114.09239929100589, 51.02877510465188], [-114.0923987734824, 51.0287729233995], [-114.09239859748976, 51.028770720662195]]]}}, {"type": "Feature", "properties": {"tag": "T1873", "code": "TREE", "canopy_m": 14.0, "condition": "F", "in_inventory": false, "botanical": ""}, "geometry": {"type": "Polygon", "coordinates": [[[-114.09221252163293, 51.02801846061923], [-114.09221298990269, 51.028012292194866], [-114.09221441467878, 51.02800618241748], [-114.09221678223946, 51.028000190127536], [-114.0922200697835, 51.02799437303401], [-114.09222424564975, 51.02798878715862], [-114.09222926962207, 51.0279834862963], [-114.09223509331672, 51.027978521497154], [-114.09224166064821, 51.0279739405748], [-114.09224890836951, 51.02796978764589], [-114.09225676668113, 51.02796610270529], [-114.09226515990335, 51.0279629212409], [-114.09227400720502, 51.0279602738918], [-114.09228322338204, 51.027958186153384], [-114.09229271967789, 51.027956678131595], [-114.09230240463836, 51.02795576434947], [-114.09231218499237, 51.02795545360718], [-114.09232196655014, 51.027955748897334], [-114.0923316551103, 51.027956647376136], [-114.09234115736709, 51.0279581403908], [-114.0923503818089, 51.02796021356281], [-114.09235923959963, 51.02796284692647], [-114.09236764543415, 51.027966015121144], [-114.09237551835986, 51.02796968763548], [-114.0923827825563, 51.027973829101285], [-114.09238936806531, 51.02797839963409], [-114.0923952114648, 51.02798335521726], [-114.09240025647955, 51.027988648126], [-114.09240445452312, 51.02799422738674], [-114.09240776516582, 51.028000039268285], [-114.09241015652404, 51.0280060277991], [-114.09241160556738, 51.02801213530641], [-114.09241209834038, 51.02801830297164], [-114.09241163009699, 51.02802447139678], [-114.09241020534627, 51.028030581176544], [-114.09240783780899, 51.02803657347037], [-114.0924045502855, 51.02804239056912], [-114.09240037443612, 51.028047976450885], [-114.09239535047635, 51.02805327732051], [-114.09238952678946, 51.028058242127564], [-114.09238295946066, 51.02806282305817], [-114.09237571173686, 51.02806697599533], [-114.09236785341763, 51.028070660943854], [-114.092359460183, 51.02807384241557], [-114.09235061286459, 51.02807648977108], [-114.09234139666715, 51.02807857751478], [-114.09233190034799, 51.02808008554052], [-114.0923222153622, 51.028080999325084], [-114.09231243498182, 51.02808131006823], [-114.0923026533977, 51.028081014777285], [-114.09229296481216, 51.02808011629612], [-114.09228346253198, 51.028078623277565], [-114.09227423806963, 51.02807655010033], [-114.09226538026203, 51.02807391673029], [-114.09225697441494, 51.02807074852833], [-114.09224910148146, 51.02806707600607], [-114.09224183728234, 51.02806293453204], [-114.09223525177585, 51.02805836399097], [-114.09222940838394, 51.02805340839986], [-114.0922243633816, 51.028048115483806], [-114.09222016535477, 51.02804253621663], [-114.09221685473251, 51.028036724329816], [-114.0922144633976, 51.02803073579506], [-114.09221301437958, 51.0280246282853], [-114.09221252163293, 51.02801846061923]]]}}, {"type": "Feature", "properties": {"tag": "T1874", "code": "TREE", "canopy_m": 2.0, "condition": "F", "in_inventory": true, "botanical": "Syringa"}, "geometry": {"type": "Polygon", "coordinates": [[[-114.09160344610291, 51.028946754835324], [-114.09160351301145, 51.028945873632324], [-114.09160371656642, 51.02894500080818], [-114.09160405480749, 51.028944144768666], [-114.09160452447716, 51.02894331375789], [-114.09160512105228, 51.028942515778965], [-114.09160583878749, 51.028941758516844], [-114.0916066707706, 51.02894104926438], [-114.09160760898916, 51.028940394852064], [-114.09160864440761, 51.028939801582226], [-114.09160976705431, 51.028939275168405], [-114.09161096611756, 51.028938820680224], [-114.09161223004972, 51.02893844249467], [-114.09161354667845, 51.02893814425385], [-114.0916149033239, 51.02893792883001], [-114.09161628692084, 51.02893779829777], [-114.09161768414445, 51.028937753914285], [-114.09161908153877, 51.0289377961069], [-114.09162046564607, 51.02893792446936], [-114.0916218231367, 51.02893813776543], [-114.09162314093729, 51.028938433940965], [-114.09162440635667, 51.02893881014361], [-114.09162560720819, 51.02893926275035], [-114.09162673192698, 51.02893978740233], [-114.09162776968141, 51.02894037904687], [-114.09162871047732, 51.02894103198612], [-114.09162954525432, 51.0289417399319], [-114.09163026597308, 51.028942496066335], [-114.09163086569266, 51.02894329310742], [-114.09163133863743, 51.02894412337922], [-114.09163168025266, 51.028944978885754], [-114.09163188724843, 51.028945851388045], [-114.09163195763121, 51.02894673248341], [-114.0916318907232, 51.02894761368642], [-114.09163168716874, 51.028948486510615], [-114.09163134892816, 51.02894934255022], [-114.0916308792589, 51.0289501735611], [-114.09163028268414, 51.028950971540155], [-114.09162956494919, 51.02895172880241], [-114.09162873296623, 51.02895243805504], [-114.09162779474772, 51.02895309246753], [-114.09162675932922, 51.02895368573753], [-114.09162563668237, 51.02895421215151], [-114.09162443761886, 51.028954666639855], [-114.09162317368636, 51.02895504482554], [-114.0916218570572, 51.02895534306647], [-114.0916205004113, 51.02895555849039], [-114.09161911681385, 51.02895568902265], [-114.09161771958968, 51.028955733406185], [-114.09161632219484, 51.02895569121353], [-114.091614938087, 51.028955562851024], [-114.09161358059589, 51.02895534955489], [-114.0916122627949, 51.02895505337924], [-114.09161099737517, 51.02895467717648], [-114.0916097965234, 51.02895422456958], [-114.09160867180444, 51.02895369991743], [-114.09160763404996, 51.028953108272724], [-114.0916066932541, 51.028952455333304], [-114.09160585847725, 51.028951747387346], [-114.09160513775875, 51.028950991252785], [-114.09160453803952, 51.02895019421157], [-114.09160406509517, 51.02894936393967], [-114.0916037234804, 51.02894850843305], [-114.09160351648516, 51.028947635930706], [-114.09160344610291, 51.028946754835324]]]}}, {"type": "Feature", "properties": {"tag": "T1875", "code": "TREE", "canopy_m": 10.0, "condition": "P", "in_inventory": false, "botanical": ""}, "geometry": {"type": "Polygon", "coordinates": [[[-114.0921080635174, 51.02790650359954], [-114.09210839800491, 51.027902097582334], [-114.09210941570959, 51.02789773345646], [-114.09211110683016, 51.027893453250805], [-114.09211345508005, 51.027889298186054], [-114.09211643784417, 51.02788530827772], [-114.09212002639677, 51.02788152195076], [-114.09212418617803, 51.027877975669504], [-114.09212887712688, 51.027874703586555], [-114.09213405406696, 51.027871737213744], [-114.0921396671415, 51.02786910511885], [-114.09214566229356, 51.02786683265031], [-114.09215198178669, 51.02786494169319], [-114.09215856476078, 51.02786345045838], [-114.09216534781837, 51.027862373307265], [-114.09217226563509, 51.02786172061337], [-114.09217925158873, 51.02786149866244], [-114.09218623840098, 51.02786170959204], [-114.0921931587852, 51.02786235137074], [-114.09219994609447, 51.02786341781793], [-114.09220653496347, 51.027864898663154], [-114.09221286193797, 51.027866779645095], [-114.09221886608582, 51.027869042648916], [-114.09222448958393, 51.02787166588072], [-114.09222967827498, 51.027874624077384], [-114.09223438218906, 51.02787788874995], [-114.09223855602487, 51.027881428457846], [-114.09224215958608, 51.02788520911187], [-114.09224515816828, 51.027889194302276], [-114.09224752289339, 51.02789334564955], [-114.09224923098768, 51.027897623174006], [-114.09225026600106, 51.02790198568076], [-114.0922506179656, 51.02790639115648], [-114.09225028349155, 51.02791079717408], [-114.09224926579982, 51.027915161301166], [-114.09224757469119, 51.0279194415088], [-114.09224522645177, 51.027923596576215], [-114.09224224369625, 51.027927586487806], [-114.09223865515007, 51.027931372818486], [-114.09223449537278, 51.02793491910377], [-114.09222980442527, 51.02793819119094], [-114.09222462748393, 51.02794115756796], [-114.09221901440552, 51.0279437896669], [-114.09221301924711, 51.02794606213917], [-114.09220669974546, 51.02794795309958], [-114.09220011676095, 51.027949444337075], [-114.09219333369145, 51.027950521490204], [-114.09218641586183, 51.02795117418535], [-114.09217942989471, 51.02795139613669], [-114.09217244306902, 51.02795118520671], [-114.09216552267188, 51.02795054342679], [-114.09215873535067, 51.02794947697762], [-114.09215214647116, 51.027947996129726], [-114.09214581948808, 51.02794611514454], [-114.09213981533382, 51.027943852137], [-114.09213419183173, 51.027941228901156], [-114.09212900313932, 51.02793827070029], [-114.09212429922653, 51.02793500602352], [-114.09212012539457, 51.027931466311564], [-114.09211652183973, 51.0279276856538], [-114.09211352326605, 51.02792370046011], [-114.09211115855135, 51.02791954911015], [-114.09210945046898, 51.027915271583694], [-114.0921084154685, 51.02791090907571], [-114.0921080635174, 51.02790650359954]]]}}, {"type": "Feature", "properties": {"tag": "T1876", "code": "TREE", "canopy_m": 7.0, "condition": "F", "in_inventory": true, "botanical": "Ulmus americana"}, "geometry": {"type": "Polygon", "coordinates": [[[-114.0918116264443, 51.02889059425568], [-114.09181186061012, 51.02888751004473], [-114.09181257303793, 51.02888445515894], [-114.09181375686656, 51.028881459018464], [-114.091815400695, 51.028878550477806], [-114.09181748869224, 51.02887575754775], [-114.09182000074964, 51.02887310712572], [-114.09182291267466, 51.02887062473673], [-114.09182619642388, 51.02886833428747], [-114.09182982037295, 51.02886625783625], [-114.0918337496213, 51.02886441538035], [-114.09183794632813, 51.0288628246636], [-114.0918423700769, 51.02886150100548], [-114.09184697826457, 51.02886045715348], [-114.09185172651185, 51.02885970316048], [-114.09185656909057, 51.028859246287794], [-114.09186145936417, 51.02885909093539], [-114.09186635023674, 51.02885923859936], [-114.09187119460658, 51.02885968785763], [-114.09187594581987, 51.028860434383624], [-114.09188055811988, 51.028861470987884], [-114.09188498708777, 51.028862787687345], [-114.09188919007016, 51.02886437180154], [-114.09189312659012, 51.02886620807458], [-114.09189675873682, 51.02886827882218], [-114.09190005153071, 51.02887056410196], [-114.09190297326039, 51.02887304190543], [-114.09190549578796, 51.02887568837003], [-114.09190759482006, 51.02887847800888], [-114.09190925014181, 51.028881383956254], [-114.0919104458115, 51.028884378226316], [-114.09191117031403, 51.02888743198262], [-114.09191141667203, 51.02889051581584], [-114.09191118251282, 51.02889360002696], [-114.09191047009135, 51.028896654913375], [-114.09190928626856, 51.0288996510548], [-114.09190764244525, 51.02890255959677], [-114.09190555445224, 51.02890535252843], [-114.09190304239799, 51.028908002952285], [-114.0919001304749, 51.02891048534325], [-114.09189684672636, 51.02891277579455], [-114.09189322277665, 51.02891485224786], [-114.09188929352639, 51.02891669470574], [-114.09188509681647, 51.028918285424325], [-114.0918806730635, 51.02891960908405], [-114.09187606487072, 51.028920652937366], [-114.09187131661764, 51.02892140693136], [-114.09186647403259, 51.028921863804634], [-114.09186158375239, 51.028922019157264], [-114.09185669287322, 51.0289218714931], [-114.09185184849704, 51.02892142223423], [-114.0918470972779, 51.02892067570727], [-114.09184248497276, 51.02891963910171], [-114.09183805600065, 51.02891832240065], [-114.0918338530151, 51.028916738284614], [-114.09182991649321, 51.02891490200961], [-114.09182628434584, 51.02891283125994], [-114.09182299155259, 51.02891054597811], [-114.09182006982482, 51.028908068172655], [-114.09181754730035, 51.02890542170623], [-114.09181544827241, 51.028902632065765], [-114.09181379295578, 51.028899726117075], [-114.09181259729193, 51.028896731846025], [-114.0918118727957, 51.028893678089105], [-114.0918116264443, 51.02889059425568]]]}}, {"type": "Feature", "properties": {"tag": "T1877", "code": "TREE", "canopy_m": 10.0, "condition": "G", "in_inventory": false, "botanical": ""}, "geometry": {"type": "Polygon", "coordinates": [[[-114.09120628670608, 51.028347322601185], [-114.09120662128224, 51.02834291658685], [-114.09120763908119, 51.028338552469116], [-114.09120933030081, 51.02833427227677], [-114.09121167865358, 51.02833011723042], [-114.09121466152341, 51.028326127345345], [-114.0912182501835, 51.028322341046305], [-114.09122241007302, 51.02831879479737], [-114.09122710112987, 51.02831552275079], [-114.09123227817663, 51.02831255641811], [-114.09123789135549, 51.02830992436667], [-114.09124388660855, 51.02830765194452], [-114.09125020619834, 51.02830576103625], [-114.09125678926387, 51.02830426985231], [-114.09126357240675, 51.028303192753576], [-114.09127049030181, 51.02830254011306], [-114.0912774763261, 51.02830231821604], [-114.09128446320061, 51.02830252919948], [-114.09129138363808, 51.02830317103153], [-114.09129817099111, 51.02830423753098], [-114.09130475989397, 51.028305718426914], [-114.09131108689205, 51.02830759945753], [-114.09131709105304, 51.0283098625075], [-114.09132271455368, 51.02831248578248], [-114.09132790323662, 51.028315444018965], [-114.09133260713206, 51.028318708727596], [-114.09133678093887, 51.02832224846746], [-114.09134038446098, 51.028326029149014], [-114.09134338299438, 51.02833001436228], [-114.09134574766144, 51.02833416572752], [-114.09134745568899, 51.02833844326486], [-114.09134849062761, 51.0283428057793], [-114.09134884251009, 51.028347211257454], [-114.0913485079474, 51.02835161727217], [-114.09134749016138, 51.028355981391144], [-114.09134579895368, 51.02836026158545], [-114.0913434506114, 51.028364416634474], [-114.09134046775019, 51.028368406522794], [-114.0913368790965, 51.028372192825564], [-114.09133271921095, 51.028375739078534], [-114.09132802815546, 51.028379011129324], [-114.09132285110742, 51.0283819774662], [-114.09131723792468, 51.028384609521694], [-114.09131124266528, 51.02838688194758], [-114.09130492306696, 51.02838877285912], [-114.09129833999103, 51.02839026404576], [-114.09129155683624, 51.028391341146516], [-114.09128463892826, 51.02839199378827], [-114.09127765289053, 51.028392215685734], [-114.09127066600256, 51.02839200470188], [-114.09126374555215, 51.02839136286863], [-114.09125695818717, 51.0283902963672], [-114.09125036927385, 51.02838881546859], [-114.09124404226715, 51.02838693443473], [-114.09123803809975, 51.02838467138104], [-114.09123241459515, 51.028382048102], [-114.09122722591084, 51.02837908986132], [-114.09122252201668, 51.02837582514849], [-114.09121834821374, 51.028372285404565], [-114.09121474469798, 51.028368504719275], [-114.09121174617312, 51.02836451950272], [-114.09120938151646, 51.0283603681348], [-114.09120767350082, 51.02835609059545], [-114.09120663857512, 51.02835172807977], [-114.09120628670608, 51.028347322601185]]]}}, {"type": "Feature", "properties": {"tag": "T1878", "code": "TREE", "canopy_m": 5.0, "condition": "F", "in_inventory": true, "botanical": "Fraxinus pennsylvanica"}, "geometry": {"type": "Polygon", "coordinates": [[[-114.09232004312635, 51.02902640656882], [-114.09232021036402, 51.02902420356034], [-114.09232071921865, 51.0290220214969], [-114.09232156478964, 51.029019881392955], [-114.09232273893362, 51.02901780385887], [-114.09232423034291, 51.029015808902415], [-114.0923260246544, 51.0290139157361], [-114.09232810458786, 51.029012142592165], [-114.09233045011239, 51.029010506546896], [-114.09233303863928, 51.02900902335633], [-114.09233584523963, 51.02900770730436], [-114.09233884288435, 51.02900657106528], [-114.09234200270448, 51.02900562558169], [-114.0923452942693, 51.02900487995908], [-114.09234868587924, 51.02900434137822], [-114.09235214487131, 51.02900401502591], [-114.09235563793357, 51.029003904045105], [-114.09235913142595, 51.02900400950462], [-114.09236259170427, 51.029004330388794], [-114.09236598544422, 51.029004863607376], [-114.09236927996226, 51.02900560402516], [-114.09237244353041, 51.02900654451153], [-114.09237544568181, 51.02900767600913], [-114.09237825750412, 51.029008987621005], [-114.092380851918, 51.029010466715626], [-114.09238320393779, 51.029012099048536], [-114.09238529091228, 51.02901386889948], [-114.09238709274273, 51.029015759223846], [-114.09238859207652, 51.02901775181679], [-114.09238977447421, 51.02901982748856], [-114.09239062854861, 51.029021966249324], [-114.0923911460745, 51.02902414750163], [-114.09239132206778, 51.02902635023886], [-114.09239115483346, 51.02902855324742], [-114.09239064598206, 51.02903073531118], [-114.09238980041407, 51.02903287541561], [-114.09238862627271, 51.029034952950376], [-114.09238713486558, 51.029036947907635], [-114.09238534055568, 51.02903884107488], [-114.09238326062321, 51.029040614219845], [-114.09238091509903, 51.02904225026614], [-114.09237832657182, 51.02904373345777], [-114.0923755199705, 51.029045049510756], [-114.09237252232421, 51.029046185750765], [-114.09236936250193, 51.029047131235174], [-114.09236607093452, 51.029047876858456], [-114.09236267932158, 51.02904841543983], [-114.09235922032629, 51.02904874179243], [-114.09235572726067, 51.02904885277335], [-114.09235223376491, 51.02904874731374], [-114.09234877348335, 51.02904842642926], [-114.09234537974044, 51.02904789321019], [-114.09234208521978, 51.02904715279173], [-114.09233892164949, 51.029046212304536], [-114.09233591949648, 51.02904508080602], [-114.09233310767317, 51.02904376919314], [-114.09233051325894, 51.029042290097465], [-114.09232816123948, 51.0290406577635], [-114.09232607426597, 51.029038887911554], [-114.0923242724371, 51.02903699758624], [-114.09232277310544, 51.02903500499249], [-114.09232159071036, 51.02903292932004], [-114.09232073663892, 51.02903079055878], [-114.09232021911625, 51.02902860930615], [-114.09232004312635, 51.02902640656882]]]}}, {"type": "Feature", "properties": {"tag": "T1879", "code": "TREE", "canopy_m": 7.0, "condition": "F", "in_inventory": true, "botanical": "Quercus macrocarpa"}, "geometry": {"type": "Polygon", "coordinates": [[[-114.09163332037805, 51.02832200599996], [-114.09163355455289, 51.028318921789094], [-114.09163426698373, 51.02831586690407], [-114.09163545080943, 51.02831287076511], [-114.09163709462898, 51.02830996222668], [-114.09163918261143, 51.02830716929955], [-114.09164169464832, 51.02830451888111], [-114.09164460654729, 51.02830203649632], [-114.09164789026515, 51.028299746051886], [-114.0916515141779, 51.028297669605976], [-114.09165544338528, 51.028295827155915], [-114.09165964004691, 51.02829423644544], [-114.09166406374666, 51.028292912793965], [-114.09166867188198, 51.028291868948926], [-114.09167342007407, 51.02829111496311], [-114.09167826259532, 51.02829065809782], [-114.09168315280971, 51.02829050275288], [-114.09168804362187, 51.02829065042436], [-114.09169288793072, 51.0282910996901], [-114.09169763908301, 51.02829184622345], [-114.09170225132263, 51.028292882834876], [-114.09170668023124, 51.02829419954127], [-114.09171088315613, 51.02829578366205], [-114.09171481962086, 51.028297619941306], [-114.09171845171515, 51.02829969069469], [-114.09172174445996, 51.02830197597973], [-114.09172466614434, 51.02830445378792], [-114.09172718863086, 51.028307100256654], [-114.09172928762653, 51.028309889898985], [-114.09173094291684, 51.02831279584919], [-114.09173213856036, 51.0283157901214], [-114.09173286304228, 51.028318843879106], [-114.09173310938537, 51.02832192771301], [-114.09173287521715, 51.02832501192409], [-114.09173216279262, 51.028328066809706], [-114.09173097897278, 51.028331062949626], [-114.09172933515838, 51.02833397148937], [-114.09172724718015, 51.02833676441811], [-114.0917247351464, 51.02833941483836], [-114.09172182324937, 51.028341897225125], [-114.09171853953217, 51.02834418767163], [-114.0917149156188, 51.028346264119584], [-114.09171098640951, 51.028348106571634], [-114.09170678974479, 51.02834969728395], [-114.09170236604085, 51.02835102093702], [-114.09169775790042, 51.02835206478338], [-114.0916930097025, 51.02835281877017], [-114.09168816717492, 51.028353275636086], [-114.09168327695396, 51.028353430981234], [-114.0916783861352, 51.02835328330956], [-114.09167354182, 51.028352834043226], [-114.09166879066187, 51.02835208750891], [-114.09166417841712, 51.02835105089617], [-114.09165974950427, 51.028349734188204], [-114.09165554657625, 51.02834815006558], [-114.09165161010958, 51.028346313784354], [-114.0916479780146, 51.02834424302892], [-114.09164468527042, 51.0283419577418], [-114.09164176358796, 51.02833947993163], [-114.09163924110453, 51.02833683346107], [-114.09163714211304, 51.02833404381712], [-114.09163548682784, 51.0283311378656], [-114.09163429119016, 51.028328143592425], [-114.09163356671456, 51.02832508983409], [-114.09163332037805, 51.02832200599996]]]}}, {"type": "Feature", "properties": {"tag": "T1880", "code": "TREE", "canopy_m": 10.0, "condition": "F", "in_inventory": true, "botanical": "Ulmus americana"}, "geometry": {"type": "Polygon", "coordinates": [[[-114.09188836345989, 51.028853639969356], [-114.09188869797494, 51.0288492339535], [-114.09188971572085, 51.02884486983022], [-114.09189140689602, 51.0288405896284], [-114.09189375521332, 51.028836434568724], [-114.09189673805699, 51.02883244466659], [-114.09190032670053, 51.02882865834695], [-114.09190448658323, 51.02882511207405], [-114.0919091776431, 51.02882184000039], [-114.09191435470265, 51.02881887363774], [-114.09191996790395, 51.028816241553756], [-114.0919259631889, 51.028813969096795], [-114.09193228281971, 51.02881207815179], [-114.091938865935, 51.02881058692953], [-114.09194564913591, 51.02880950979126], [-114.0919525670967, 51.0288088571104], [-114.0919595531938, 51.02880863517258], [-114.09196654014745, 51.0288088461152], [-114.0919734606697, 51.028809487906734], [-114.0919802481123, 51.028810554366444], [-114.09198683710865, 51.02881203522376], [-114.09199316420326, 51.02881391621721], [-114.09199916846285, 51.02881617923189], [-114.09200479206325, 51.028818802473786], [-114.09200998084616, 51.02882176067968], [-114.09201468484076, 51.028825025360504], [-114.09201885874502, 51.028828565075656], [-114.0920224623619, 51.0288323457358], [-114.09202546098649, 51.02883633093118], [-114.09202782574029, 51.02884048228219], [-114.09202953384927, 51.028844759809154], [-114.09203056886325, 51.02884912231715], [-114.09203092081427, 51.02885352779281], [-114.09203058631267, 51.02885793380909], [-114.09202956857969, 51.02886229793356], [-114.09202787741647, 51.028866578137354], [-114.09202552910965, 51.02887073319972], [-114.09202254627458, 51.02887472310509], [-114.09201895763745, 51.02887850942845], [-114.09201479775871, 51.028882055705395], [-114.09201010670022, 51.02888532778328], [-114.09200492963939, 51.02888829415012], [-114.09199931643421, 51.028890926238155], [-114.09199332114292, 51.02889319869885], [-114.09198700150357, 51.02889508964715], [-114.09198041837787, 51.0288965808721], [-114.09197363516506, 51.02889765801237], [-114.09196671719135, 51.02889831069448], [-114.0919597310808, 51.028898532632724], [-114.0919527441137, 51.028898321689724], [-114.0919458235785, 51.02889767989696], [-114.09193903612396, 51.02889661343528], [-114.09193244711714, 51.028895132575315], [-114.09192612001392, 51.02889325157859], [-114.09192011574791, 51.028890988560185], [-114.09191449214354, 51.02888836531426], [-114.09190930335927, 51.028885407104156], [-114.09190459936595, 51.02888214241912], [-114.09190042546557, 51.02887860269992], [-114.09189682185503, 51.02887482203604], [-114.09189382323898, 51.02887083683739], [-114.0918914584956, 51.02886668548366], [-114.09188975039851, 51.0288624079547], [-114.09188871539746, 51.02885804544548], [-114.09188836345989, 51.028853639969356]]]}}, {"type": "Feature", "properties": {"tag": "T1881", "code": "TREE", "canopy_m": 5.0, "condition": "F", "in_inventory": true, "botanical": "Fraxinus pennsylvanica"}, "geometry": {"type": "Polygon", "coordinates": [[[-114.09173030328846, 51.02820028946066], [-114.09173047055117, 51.02819808645272], [-114.0917309794245, 51.028195904391524], [-114.09173182500767, 51.02819376429154], [-114.09173299915719, 51.02819168676307], [-114.09173449056534, 51.028189691813864], [-114.09173628486903, 51.02818779865634], [-114.09173836478806, 51.02818602552264], [-114.0917407102917, 51.028184389489006], [-114.09174329879146, 51.0281829063113], [-114.09174610535865, 51.02818159027332], [-114.09174910296456, 51.02818045404921], [-114.09175226274057, 51.02817950858147], [-114.09175555425637, 51.028178762975394], [-114.0917589458129, 51.0281782244116], [-114.09176240474766, 51.02817789807673], [-114.09176589774926, 51.02817778711357], [-114.09176939117822, 51.02817789259075], [-114.09177285139097, 51.028178213492474], [-114.09177624506384, 51.02817874672828], [-114.09177953951392, 51.02817948716283], [-114.09178270301389, 51.028180427665355], [-114.09178570509756, 51.02818155917828], [-114.09178851685324, 51.02818287080457], [-114.0917911112022, 51.02818434991253], [-114.09179346315945, 51.02818598225757], [-114.09179555007435, 51.02818775211933], [-114.09179735184875, 51.028189642453086], [-114.09179885113058, 51.02819163505389], [-114.09180003348087, 51.02819371073197], [-114.09180088751292, 51.02819584949735], [-114.09180140500187, 51.02819803075261], [-114.09180158096402, 51.028200233491056], [-114.09180141370466, 51.02820243649911], [-114.09180090483457, 51.02820461856061], [-114.0918000592544, 51.028206758661085], [-114.09179888510748, 51.0282088361902], [-114.09179739370148, 51.02821083114024], [-114.0917955993994, 51.028212724298676], [-114.09179351948136, 51.028214497433396], [-114.09179117397805, 51.02821613346809], [-114.09178858547799, 51.02821761664684], [-114.09178577890981, 51.02821893268584], [-114.09178278130234, 51.02822006891087], [-114.09177962152418, 51.028221014379454], [-114.09177633000579, 51.02822175998619], [-114.09177293844628, 51.02822229855048], [-114.0917694795083, 51.02822262488567], [-114.09176598650335, 51.028222735848935], [-114.091762493071, 51.028222630371666], [-114.09175903285501, 51.028222309469626], [-114.09175563917915, 51.028221776233316], [-114.09175234472647, 51.02822103579811], [-114.09174918122434, 51.02822009529478], [-114.09174617913907, 51.02821896378091], [-114.09174336738239, 51.028217652153614], [-114.0917407730331, 51.02821617304461], [-114.09173842107616, 51.02821454069853], [-114.09173633416222, 51.028212770835744], [-114.09173453238941, 51.02821088050105], [-114.09173303310972, 51.02820888789942], [-114.09173185076205, 51.02820681222069], [-114.09173099673298, 51.028204673454795], [-114.09173047924723, 51.02820249219922], [-114.09173030328846, 51.02820028946066]]]}}, {"type": "Feature", "properties": {"tag": "T1882", "code": "TREE", "canopy_m": 7.0, "condition": "F", "in_inventory": false, "botanical": ""}, "geometry": {"type": "Polygon", "coordinates": [[[-114.09254949460458, 51.028083603746], [-114.09254972871743, 51.02808051953318], [-114.09255044108443, 51.02807746464248], [-114.09255162484499, 51.02807446849416], [-114.09255326859876, 51.02807155994276], [-114.09255535651543, 51.02806876699916], [-114.09255786848718, 51.02806611656096], [-114.09256078032227, 51.02806363415328], [-114.09256406397812, 51.028061343683035], [-114.09256768783132, 51.028059267208675], [-114.0925716169822, 51.028057424727756], [-114.09257581359091, 51.02805583398435], [-114.09258023724183, 51.02805451029816], [-114.09258484533291, 51.028053466416985], [-114.09258959348573, 51.02805271239394], [-114.09259443597307, 51.028052255490664], [-114.09259932615926, 51.02805210010741], [-114.0926042169492, 51.028052247740554], [-114.092609061242, 51.02805269696836], [-114.09261381238458, 51.028053443464486], [-114.09261842462092, 51.02805448003979], [-114.09262285353273, 51.028055796711506], [-114.09262705646722, 51.02805738079941], [-114.0926309929479, 51.028059217047876], [-114.09263462506433, 51.02806128777286], [-114.09263791783725, 51.028063573032156], [-114.09264083955546, 51.02806605081753], [-114.09264336208116, 51.02806869726657], [-114.09264546112102, 51.02807148689256], [-114.09264711646009, 51.02807439282987], [-114.09264831215646, 51.02807738709278], [-114.09264903669484, 51.028080440844924], [-114.09264928309744, 51.02808352467699], [-114.09264904899119, 51.02808660888999], [-114.09264833663055, 51.02808966378129], [-114.09264715287584, 51.02809265993058], [-114.0926455091272, 51.028095568483295], [-114.09264342121473, 51.02809836142848], [-114.09264090924613, 51.02810101186851], [-114.092637997413, 51.02810349427817], [-114.0926347137578, 51.028105784750466], [-114.09263108990397, 51.02810786122689], [-114.0926271607512, 51.0281097037098], [-114.09262296413941, 51.02811129445504], [-114.09261854048428, 51.028112618142835], [-114.0926139323881, 51.02811366202533], [-114.09260918422946, 51.02811441604936], [-114.09260434173578, 51.02811487295324], [-114.09259945154301, 51.028115028336714], [-114.09259456074648, 51.02811488070337], [-114.09258971644732, 51.028114431474975], [-114.0925849652989, 51.028113684977875], [-114.09258035305743, 51.02811264840126], [-114.0925759241414, 51.02811133172794], [-114.09257172120375, 51.02810974763822], [-114.09256778472113, 51.028107911387785], [-114.09256415260403, 51.02810584066075], [-114.09256085983175, 51.028103555399376], [-114.09255793811545, 51.02810107761202], [-114.09255541559284, 51.028098431161155], [-114.09255331655716, 51.02809564153356], [-114.0925516612232, 51.028092735594925], [-114.09255046553265, 51.02808974133103], [-114.0925497410006, 51.028086687578266], [-114.09254949460458, 51.028083603746]]]}}, {"type": "Feature", "properties": {"tag": "T1883", "code": "TREE", "canopy_m": 8.0, "condition": "F", "in_inventory": false, "botanical": ""}, "geometry": {"type": "Polygon", "coordinates": [[[-114.09099884146076, 51.02893091975949], [-114.09099910914071, 51.028927394948845], [-114.09099992340566, 51.028923903656434], [-114.09100127641369, 51.02892047950531], [-114.09100315513447, 51.02891715547188], [-114.09100554147479, 51.02891396356837], [-114.09100841245281, 51.028910934534586], [-114.09101174041938, 51.02890809754168], [-114.09101549332435, 51.02890547991142], [-114.09101963502516, 51.028903106853015], [-114.09102412563499, 51.028901001220234], [-114.09102892190683, 51.02889918329146], [-114.09103397765001, 51.02889767057428], [-114.0910392441751, 51.02889647763699], [-114.09104467076261, 51.02889561596818], [-114.09105020515169, 51.028895093866176], [-114.09105579404324, 51.02889491635912], [-114.09106138361331, 51.02889508515645], [-114.09106692003144, 51.0288955986326], [-114.09107234997897, 51.02889645184252], [-114.09107762116265, 51.02889763656931], [-114.09108268281824, 51.02889914140349], [-114.09108748619927, 51.02890095185268], [-114.09109198504662, 51.02890305048129], [-114.09109613603397, 51.028905417078434], [-114.09109989918507, 51.02890802885253], [-114.0911032382587, 51.02891086065078], [-114.0911061210977, 51.02891388520147], [-114.0911085199387, 51.028917073376576], [-114.0911104116795, 51.02892039447223], [-114.09111177810148, 51.02892381650451], [-114.09111260604514, 51.02892730651738], [-114.09111288753682, 51.02893083090014], [-114.09111261986547, 51.02893435571102], [-114.0911118056088, 51.028937847004215], [-114.09111045260843, 51.028941271156604], [-114.09110857389436, 51.028944595191746], [-114.09110618755955, 51.028947787097316], [-114.09110331658563, 51.0289508161335], [-114.09109998862158, 51.028953653128994], [-114.0910962357175, 51.02895627076194], [-114.09109209401586, 51.02895864382304], [-114.09108760340357, 51.028960749458406], [-114.09108280712768, 51.028962567389584], [-114.091077751379, 51.02896408010884], [-114.09107248484726, 51.02896527304786], [-114.09106705825214, 51.028966134717955], [-114.09106152385479, 51.02896665682075], [-114.09105593495464, 51.02896683432809], [-114.09105034537595, 51.0289666655305], [-114.09104480894953, 51.02896615205357], [-114.09103937899438, 51.0289652988424], [-114.09103410780396, 51.02896411411389], [-114.09102904614288, 51.02896260927764], [-114.09102424275775, 51.02896079882606], [-114.09101974390786, 51.02895870019487], [-114.09101559291962, 51.02895633359504], [-114.09101182976934, 51.02895372181825], [-114.09100849069821, 51.028950890017406], [-114.09100560786327, 51.02894786546432], [-114.09100320902772, 51.028944677287136], [-114.0910013172936, 51.02894135618974], [-114.09099995087924, 51.02893793415618], [-114.09099912294384, 51.028934444142514], [-114.09099884146076, 51.02893091975949]]]}}, {"type": "Feature", "properties": {"tag": "T1884", "code": "TREE", "canopy_m": 7.0, "condition": "F", "in_inventory": false, "botanical": ""}, "geometry": {"type": "Polygon", "coordinates": [[[-114.09110313264549, 51.02880519762003], [-114.09110336685791, 51.02880211341045], [-114.09110407933099, 51.02879905852889], [-114.09110526320313, 51.028796062395536], [-114.09110690707293, 51.028793153864775], [-114.09110899510891, 51.02879036094731], [-114.09111150720213, 51.028787710540456], [-114.09111441915968, 51.02878522816906], [-114.09111770293782, 51.028782937739685], [-114.09112132691192, 51.028780861310366], [-114.09112525618117, 51.028779018878254], [-114.09112945290458, 51.028777428186906], [-114.09113387666545, 51.02877610455558], [-114.0911384848606, 51.02877506073151], [-114.09114323311067, 51.028774306767275], [-114.09114807568751, 51.02877384992396], [-114.09115296595454, 51.0287736946012], [-114.0911578568159, 51.028773842294825], [-114.09116270117002, 51.02877429158249], [-114.09116745236324, 51.028775038137304], [-114.09117206463901, 51.028776074769546], [-114.0911764935787, 51.02877739149589], [-114.09118069652926, 51.02877897563561], [-114.09118463301402, 51.028780811932556], [-114.0911882651225, 51.02878288270224], [-114.09119155787552, 51.02878516800201], [-114.09119447956206, 51.02878764582327], [-114.09119700204467, 51.02879029230321], [-114.0911991010304, 51.02879308195486], [-114.09120075630481, 51.02879598791233], [-114.09120195192664, 51.02879898218972], [-114.0912026763813, 51.028802035950484], [-114.09120292269182, 51.02880511978526], [-114.091202688486, 51.02880820399505], [-114.09120197601926, 51.0288112588772], [-114.09120079215297, 51.02881425501151], [-114.09119914828831, 51.028817163543586], [-114.09119706025653, 51.02881995646264], [-114.09119454816646, 51.02882260687132], [-114.09119163621085, 51.0288250892447], [-114.09118835243339, 51.02882737967614], [-114.09118472845864, 51.02882945610752], [-114.0911807991875, 51.028831298541625], [-114.09117660246099, 51.028832889234785], [-114.09117217869594, 51.02883421286772], [-114.09116757049568, 51.02883525669311], [-114.09116282223978, 51.02883601065833], [-114.09115797965661, 51.028836467502266], [-114.09115308938301, 51.02883662282523], [-114.09114819851504, 51.02883647513141], [-114.09114335415458, 51.02883602584316], [-114.09113860295552, 51.02883527928738], [-114.0911339906746, 51.02883424265383], [-114.09112956173068, 51.02883292592586], [-114.09112535877699, 51.02883134178434], [-114.0911214222903, 51.02882950548541], [-114.09111779018114, 51.02882743471367], [-114.09111449742876, 51.02882514941183], [-114.09111157574412, 51.02882267158861], [-114.0911090532646, 51.02882002510682], [-114.09110695428306, 51.02881723545356], [-114.09110529901376, 51.02881432949477], [-114.09110410339777, 51.028811335216396], [-114.09110337894943, 51.02880828145503], [-114.09110313264549, 51.02880519762003]]]}}, {"type": "Feature", "properties": {"tag": "T1885", "code": "TREE", "canopy_m": 5.0, "condition": "F", "in_inventory": true, "botanical": "Syringa reticulata"}, "geometry": {"type": "Polygon", "coordinates": [[[-114.09137529210349, 51.02879951037509], [-114.09137545938516, 51.02879730736785], [-114.09137596828168, 51.02879512530841], [-114.09137681389207, 51.02879298521121], [-114.09137798807258, 51.028790907686506], [-114.09137947951518, 51.02878891274201], [-114.09138127385643, 51.02878701959013], [-114.0913833538158, 51.02878524646292], [-114.09138569936218, 51.02878361043654], [-114.09138828790661, 51.02878212726684], [-114.09139109452005, 51.02878081123749], [-114.09139409217326, 51.028779675022584], [-114.09139725199724, 51.0287787295645], [-114.09140054356118, 51.02877798396848], [-114.09140393516556, 51.02877744541502], [-114.09140739414741, 51.02877711909066], [-114.0914108871949, 51.0287770081381], [-114.09141438066813, 51.028777113625864], [-114.09141784092307, 51.02877743453804], [-114.09142123463563, 51.028777967784094], [-114.09142452912256, 51.02877870822856], [-114.09142769265617, 51.02877964874056], [-114.09143069476993, 51.02878078026249], [-114.09143350655188, 51.02878209189716], [-114.09143610092303, 51.028783571012845], [-114.09143845289817, 51.028785203364855], [-114.09144053982651, 51.02878697323276], [-114.09144234160975, 51.02878886357178], [-114.0914438408957, 51.02879085617695], [-114.09144502324541, 51.0287929318584], [-114.09144587727219, 51.02879507062616], [-114.09144639475119, 51.02879725188277], [-114.0914465706988, 51.028799454621534], [-114.0914464034205, 51.02880165762887], [-114.09144589452721, 51.028803839688585], [-114.09144504891982, 51.0288059797863], [-114.09144387474193, 51.02880805731168], [-114.0914423833015, 51.028810052256965], [-114.09144058896185, 51.02881194540978], [-114.09143850900345, 51.02881371853802], [-114.09143616345744, 51.02881535456544], [-114.09143357491267, 51.02881683773621], [-114.09143076829827, 51.02881815376655], [-114.09142777064348, 51.02881928998239], [-114.09142461081736, 51.028820235441295], [-114.09142131925083, 51.02882098103799], [-114.09141792764346, 51.02882151959195], [-114.09141446865839, 51.02882184591661], [-114.09141097560752, 51.02882195686928], [-114.09140748213093, 51.02882185138143], [-114.09140402187276, 51.028821530468946], [-114.09140062815722, 51.02882099722241], [-114.09139733366767, 51.02882025677727], [-114.0913941701319, 51.028819316264446], [-114.09139116801653, 51.02881818474159], [-114.0913883562336, 51.02881687310591], [-114.0913857618621, 51.028815393989184], [-114.09138340988729, 51.02881376163613], [-114.09138132295992, 51.02881199176719], [-114.09137952117827, 51.02881010142723], [-114.09137802189444, 51.02880810882126], [-114.09137683954732, 51.02880603313914], [-114.09137598552354, 51.02880389437087], [-114.09137546804776, 51.02880171311396], [-114.09137529210349, 51.02879951037509]]]}}, {"type": "Feature", "properties": {"tag": "T1886", "code": "TREE", "canopy_m": 11.0, "condition": "P", "in_inventory": false, "botanical": ""}, "geometry": {"type": "Polygon", "coordinates": [[[-114.09179148939285, 51.02808544216864], [-114.09179185736352, 51.028080595550854], [-114.09179297687562, 51.02807579501554], [-114.0917948371474, 51.02807108679448], [-114.09179742026323, 51.02806651623036], [-114.09180070134609, 51.028062127340185], [-114.09180464879722, 51.02805796239129], [-114.0918092246004, 51.028054061494345], [-114.09181438468806, 51.028050462217074], [-114.09182007936573, 51.028047199222385], [-114.09182625379056, 51.02804430393463], [-114.09183284849954, 51.028041804236956], [-114.09183979998211, 51.02803972420277], [-114.09184704129186, 51.02803808386383], [-114.0918545026912, 51.02803689901748], [-114.09186211232299, 51.02803618107441], [-114.09186979690249, 51.028035936948775], [-114.09187748242331, 51.02803616899162], [-114.09188509486985, 51.02803687496826], [-114.09189256093036, 51.02803804807977], [-114.09189980870279, 51.02803967702852], [-114.0919067683873, 51.02804174612682], [-114.09191337295849, 51.028044235448235], [-114.09191955881082, 51.028047121019284], [-114.09192526637125, 51.0280503750504], [-114.09193044067285, 51.028053966203565], [-114.09193503188425, 51.02805785989409], [-114.09193899578952, 51.02806201862368], [-114.09194229421396, 51.028066402341544], [-114.0919448953918, 51.02807096883016], [-114.09194677427209, 51.02807567411179], [-114.09194791275999, 51.02808047287201], [-114.091948299891, 51.02808531889619], [-114.0919479319366, 51.02809016551447], [-114.09194681244016, 51.028094966051235], [-114.09194495218283, 51.028099674274706], [-114.09194236907967, 51.02810424484205], [-114.09193908800724, 51.02810863373617], [-114.09193514056386, 51.028112798689556], [-114.09193056476548, 51.02811669959138], [-114.09192540467947, 51.02812029887375], [-114.09191971000025, 51.02812356187353], [-114.09191353557073, 51.02812645716617], [-114.0919069408541, 51.02812895686837], [-114.09189998936118, 51.02813103690655], [-114.09189274803883, 51.02813267724874], [-114.0918852866251, 51.02813386209751], [-114.09187767697769, 51.02813458004209], [-114.0918699923819, 51.028134824168255], [-114.09186230684482, 51.02813459212492], [-114.09185469438259, 51.02813388614682], [-114.09184722830763, 51.0281327130329], [-114.09183998052254, 51.02813108408094], [-114.09183302082762, 51.028129014978695], [-114.09182641624868, 51.02812652565278], [-114.09182023039153, 51.028123640076856], [-114.09181452282947, 51.02812038604064], [-114.0918093485294, 51.02811679488238], [-114.09180475732269, 51.028112901186944], [-114.09180079342508, 51.028108742452844], [-114.09179749501098, 51.028104358731014], [-114.09179489384574, 51.02809979223914], [-114.09179301497984, 51.02809508695508], [-114.09179187650759, 51.02809028819335], [-114.09179148939285, 51.02808544216864]]]}}, {"type": "Feature", "properties": {"tag": "T1887", "code": "TREE", "canopy_m": 7.0, "condition": "F", "in_inventory": false, "botanical": ""}, "geometry": {"type": "Polygon", "coordinates": [[[-114.0911157241322, 51.02877071207369], [-114.09111595834361, 51.02876762786406], [-114.09111667081532, 51.02876457298241], [-114.09111785468578, 51.02876157684891], [-114.09111949855357, 51.028758668317955], [-114.09112158658726, 51.02875587540026], [-114.0911240986779, 51.028753224993125], [-114.09112701063262, 51.02875074262139], [-114.09113029440769, 51.02874845219164], [-114.09113391837855, 51.028746375761926], [-114.09113784764439, 51.02874453332937], [-114.09114204436426, 51.02874294263758], [-114.09114646812148, 51.02874161900578], [-114.09115107631293, 51.028740575181196], [-114.09115582455928, 51.02873982121645], [-114.0911606671324, 51.028739364372605], [-114.09116555739575, 51.02873920904932], [-114.09117044825352, 51.02873935674242], [-114.09117529260416, 51.02873980602956], [-114.09118004379405, 51.02874055258387], [-114.09118465606669, 51.028741589215635], [-114.09118908500345, 51.02874290594151], [-114.09119328795133, 51.02874449008078], [-114.09119722443366, 51.028746326377316], [-114.09120085654, 51.02874839714662], [-114.09120414929119, 51.028750682446066], [-114.09120707097622, 51.028753160267], [-114.09120959345768, 51.028755806746695], [-114.0912116924426, 51.028758596398134], [-114.09121334771658, 51.02876150235545], [-114.09121454333832, 51.028764496632725], [-114.09121526779327, 51.02876755039343], [-114.09121551410445, 51.0287706342282], [-114.09121527989963, 51.02877371843804], [-114.09121456743425, 51.028776773320274], [-114.09121338356964, 51.02877976945474], [-114.09121173970699, 51.028782677987], [-114.09120965167752, 51.0287854709063], [-114.09120713959003, 51.02878812131526], [-114.09120422763723, 51.02879060368897], [-114.09120094386283, 51.02879289412077], [-114.09119731989135, 51.02879497055255], [-114.09119339062362, 51.02879681298708], [-114.09118919390065, 51.0287984036807], [-114.09118477013924, 51.02879972731413], [-114.09118016194267, 51.02880077114003], [-114.09117541369051, 51.02880152510576], [-114.09117057111106, 51.02880198195022], [-114.09116568084112, 51.028802137273715], [-114.09116078997675, 51.028801989580415], [-114.09115594561976, 51.028801540292676], [-114.09115119442403, 51.028800793737396], [-114.09114658214625, 51.02879975710434], [-114.09114215320527, 51.02879844037685], [-114.09113795025426, 51.02879685623576], [-114.09113401376999, 51.02879501993724], [-114.09113038166298, 51.028792949165876], [-114.09112708891242, 51.02879066386437], [-114.09112416722927, 51.02878818604145], [-114.09112164475093, 51.02878553955992], [-114.09111954577018, 51.02878274990688], [-114.09111789050132, 51.02877984394824], [-114.0911166948854, 51.02877684966999], [-114.09111597043679, 51.02877379590867], [-114.0911157241322, 51.02877071207369]]]}}, {"type": "Feature", "properties": {"tag": "T1888", "code": "TREE", "canopy_m": 7.0, "condition": "F", "in_inventory": false, "botanical": ""}, "geometry": {"type": "Polygon", "coordinates": [[[-114.091088121138, 51.028834183317954], [-114.09108835535154, 51.028831099108416], [-114.09108906782606, 51.02882804422697], [-114.09109025169991, 51.02882504809378], [-114.09109189557167, 51.02882213956323], [-114.09109398360987, 51.028819346646074], [-114.0910964957055, 51.028816696239545], [-114.09109940766567, 51.02881421386853], [-114.0911026914466, 51.028811923439584], [-114.09110631542362, 51.028809847010734], [-114.09111024469593, 51.02880800457913], [-114.09111444142246, 51.02880641388834], [-114.09111886518652, 51.028805090257585], [-114.09112347338487, 51.02880404643411], [-114.09112822163814, 51.028803292470485], [-114.09113306421816, 51.02880283562779], [-114.09113795448827, 51.02880268030565], [-114.09114284535265, 51.02880282799991], [-114.09114768970966, 51.02880327728818], [-114.09115244090557, 51.02880402384362], [-114.0911570531839, 51.02880506047644], [-114.09116148212594, 51.02880637720336], [-114.09116568507861, 51.0288079613436], [-114.09116962156523, 51.02880979764103], [-114.0911732536753, 51.02881186841118], [-114.09117654642965, 51.02881415371139], [-114.09117946811722, 51.028816631532976], [-114.09118199060055, 51.02881927801324], [-114.09118408958668, 51.02882206766513], [-114.09118574486118, 51.02882497362282], [-114.09118694048279, 51.028827967900334], [-114.09118766493692, 51.028831021661176], [-114.09118791124662, 51.02883410549598], [-114.09118767703966, 51.028837189705705], [-114.09118696457149, 51.02884024458776], [-114.09118578070348, 51.02884324072192], [-114.09118413683687, 51.02884614925376], [-114.09118204880288, 51.028848942172544], [-114.09117953671038, 51.028851592580864], [-114.09117662475215, 51.02885407495387], [-114.0911733409719, 51.02885636538487], [-114.09116971699424, 51.02885844181578], [-114.09116578772006, 51.02886028424937], [-114.09116159099042, 51.02886187494199], [-114.09115716722218, 51.028863198574356], [-114.09115255901871, 51.02886424239915], [-114.09114781075961, 51.02886499636376], [-114.09114296817326, 51.028865453207075], [-114.09113807789656, 51.02886560852941], [-114.0911331870256, 51.028865460834965], [-114.09112834266224, 51.02886501154609], [-114.09112359146047, 51.02886426498971], [-114.09111897917701, 51.02886322835557], [-114.09111455023074, 51.028861911627054], [-114.09111034727495, 51.028860327484985], [-114.09110641078638, 51.02885849118557], [-114.09110277867563, 51.02885642041337], [-114.09109948592192, 51.028854135111104], [-114.09109656423625, 51.028851657287525], [-114.09109404175602, 51.02884901080544], [-114.09109194277409, 51.02884622115192], [-114.09109028750467, 51.02884331519292], [-114.09108909188889, 51.028840320914426], [-114.09108836744109, 51.028837267152966], [-114.091088121138, 51.028834183317954]]]}}, {"type": "Feature", "properties": {"tag": "T1889", "code": "TREE", "canopy_m": 12.0, "condition": "F", "in_inventory": false, "botanical": ""}, "geometry": {"type": "Polygon", "coordinates": [[[-114.09202376190846, 51.02777235287206], [-114.09202416330193, 51.02776706565159], [-114.09202538455348, 51.027761828701294], [-114.0920274139015, 51.02775669245584], [-114.09203023180203, 51.02775170638003], [-114.09203381111692, 51.02774691849246], [-114.09203811737525, 51.027742374903035], [-114.09204310910525, 51.02773811936891], [-114.09204873823373, 51.02773419287315], [-114.09205495054911, 51.02773063322994], [-114.09206168622342, 51.027727474720535], [-114.09206888038851, 51.02772474776299], [-114.09207646376075, 51.02772247861934], [-114.09208436330833, 51.02772068914259], [-114.09209250295447, 51.02771939656636], [-114.09210080431022, 51.02771861333879], [-114.09210918742919, 51.02771834700278], [-114.0921175715777, 51.02771860012327], [-114.09212587601206, 51.0277193702626], [-114.09213402075632, 51.027720650003914], [-114.09214192737237, 51.02772242702266], [-114.09214951971539, 51.027724684205204], [-114.09215672466716, 51.027727399813735], [-114.09216347284018, 51.02773054769553], [-114.09216969924594, 51.02773409753486], [-114.09217534392079, 51.02773801514492], [-114.09218035250336, 51.02774226279703], [-114.09218467675822, 51.02774679958412], [-114.09218827504029, 51.027751581814485], [-114.09219111269596, 51.02775656343272], [-114.09219316239684, 51.02776169646316], [-114.09219440440296, 51.02776693147198], [-114.09219482675283, 51.02777221804319], [-114.09219442537875, 51.027777505264226], [-114.09219320414583, 51.027782742216274], [-114.092191174815, 51.02778787846458], [-114.09218835692955, 51.02779286454423], [-114.09218477762705, 51.02779765243648], [-114.09218047137797, 51.027802196031274], [-114.09217547965369, 51.027806451571195], [-114.09216985052717, 51.02781037807303], [-114.09216363820994, 51.02781393772229], [-114.09215690253004, 51.027817096237534], [-114.09214970835583, 51.02781982320046], [-114.09214212497129, 51.027822092348835], [-114.09213422540873, 51.02782388182945], [-114.09212608574543, 51.02782517440858], [-114.09211778437111, 51.027825957637944], [-114.09210940123276, 51.02782622397457], [-114.09210101706489, 51.02782597085351], [-114.09209271261189, 51.02782520071244], [-114.09208456785045, 51.02782392096828], [-114.09207666121931, 51.0278221439457], [-114.09206906886388, 51.027819886758465], [-114.09206186390288, 51.02781717114457], [-114.09205511572415, 51.02781402325695], [-114.09204888931642, 51.02781047341158], [-114.09204324464342, 51.027806555795465], [-114.09203823606644, 51.027802308137495], [-114.09203391182069, 51.02779777134504], [-114.09203031355092, 51.02779298910997], [-114.09202747591026, 51.02778800748785], [-114.0920254262265, 51.02778287445451], [-114.092024184239, 51.0277776394439], [-114.09202376190846, 51.02777235287206]]]}}, {"type": "Feature", "properties": {"tag": "T1890", "code": "TREE", "canopy_m": 8.0, "condition": "F", "in_inventory": true, "botanical": "Acer negundo"}, "geometry": {"type": "Polygon", "coordinates": [[[-114.09161256419696, 51.02892221463318], [-114.09161283183032, 51.028918689821154], [-114.09161364604901, 51.02891519852448], [-114.09161499901155, 51.028911774366264], [-114.09161687768807, 51.02890845032298], [-114.09161926398578, 51.028905258406986], [-114.09162213492323, 51.02890222935812], [-114.0916254628517, 51.02889939234775], [-114.09162921572137, 51.02889677469781], [-114.09163335739004, 51.028894401617656], [-114.09163784797119, 51.02889229596131], [-114.09164264421808, 51.028890478007355], [-114.09164769994032, 51.02888896526364], [-114.09165296644862, 51.02888777229871], [-114.0916583930237, 51.0288869106014], [-114.09166392740481, 51.02888638847034], [-114.09166951629294, 51.02888621093392], [-114.09167510586416, 51.02888637970191], [-114.09168064228798, 51.02888689314898], [-114.09168607224572, 51.02888774633037], [-114.09169134344404, 51.028888931029485], [-114.09169640511851, 51.02889043583707], [-114.09170120852252, 51.028892246261016], [-114.09170570739671, 51.02889434486599], [-114.09170985841452, 51.02889671144132], [-114.09171362159937, 51.02889932319564], [-114.09171696070973, 51.02890215497634], [-114.09171984358812, 51.02890517951189], [-114.09172224247077, 51.02890836767437], [-114.09172413425505, 51.02891168876008], [-114.09172550072195, 51.02891511078516], [-114.09172632871154, 51.028918600793666], [-114.09172661024971, 51.028922125174915], [-114.09172634262497, 51.0289256499872], [-114.09172552841456, 51.02892914128464], [-114.09172417545966, 51.02893256544413], [-114.09172229678985, 51.028935889489105], [-114.09171991049766, 51.028939081407195], [-114.09171703956429, 51.02894211045844], [-114.09171371163836, 51.028944947471395], [-114.09170995876957, 51.02894756512403], [-114.09170581710009, 51.02894993820687], [-114.09170132651647, 51.02895204386581], [-114.09169653026551, 51.02895386182216], [-114.0916914745378, 51.02895537456797], [-114.09168620802284, 51.02895656753463], [-114.09168078144015, 51.02895742923322], [-114.09167524705076, 51.02895795136508], [-114.09166965815403, 51.02895812890177], [-114.0916640685742, 51.02895796013353], [-114.09165853214209, 51.028957446685695], [-114.0916531021767, 51.028956593503025], [-114.0916478309717, 51.02895540880221], [-114.09164276929171, 51.02895390399254], [-114.0916379658836, 51.028952093566204], [-114.09163346700687, 51.02894999495865], [-114.09162931598819, 51.02894762838062], [-114.09162555280416, 51.02894501662362], [-114.09162221369627, 51.02894218484032], [-114.09161933082194, 51.02893916030239], [-114.09161693194476, 51.02893597213781], [-114.09161504016714, 51.028932651050376], [-114.09161367370785, 51.028929229024016], [-114.09161284572653, 51.02892573901471], [-114.09161256419696, 51.02892221463318]]]}}, {"type": "Feature", "properties": {"tag": "T1891", "code": "TREE", "canopy_m": 6.0, "condition": "F", "in_inventory": true, "botanical": "Ulmus americana"}, "geometry": {"type": "Polygon", "coordinates": [[[-114.09186811329675, 51.028886162861944], [-114.09186831400707, 51.028883519252474], [-114.09186892465625, 51.02888090077863], [-114.09186993936332, 51.02887833265774], [-114.09187134835604, 51.0288758396222], [-114.09187313806497, 51.028873445681306], [-114.09187529125421, 51.02887117388998], [-114.09187778718734, 51.02886904612679], [-114.09188060182713, 51.028867082883274], [-114.09188370806704, 51.028865303066496], [-114.09188707599233, 51.02886372381704], [-114.09189067316801, 51.02886236034391], [-114.09189446495135, 51.0288612257781], [-114.0918984148255, 51.02886033104607], [-114.09190248475099, 51.02885968476457], [-114.09190663553234, 51.02885929315763], [-114.09191082719528, 51.02885915999664], [-114.0919150193719, 51.02885928656399], [-114.0919191716893, 51.02885967164081], [-114.09192324415848, 51.02886031151855], [-114.09192719755939, 51.0288612000349], [-114.09193099381866, 51.028862328632954], [-114.09193459637629, 51.02886368644372], [-114.09193797053773, 51.02886526039073], [-114.09194108380795, 51.02886703531605], [-114.09194390620448, 51.028868994126206], [-114.0919464105461, 51.02887111795683], [-114.0919485727146, 51.02887338635424], [-114.09195037188708, 51.028875777472614], [-114.0919517907365, 51.028878268284124], [-114.09195281559849, 51.02888083480095], [-114.091953436603, 51.02888345230614], [-114.09195364776939, 51.02888609559167], [-114.09195344706391, 51.02888873920129], [-114.0919528364194, 51.02889135767557], [-114.09195182171662, 51.02889392579716], [-114.09195041272767, 51.02889641883366], [-114.09194862302184, 51.02889881277573], [-114.0919464698349, 51.028901084568396], [-114.0919439739032, 51.02890321233303], [-114.0919411592639, 51.02890517557807], [-114.09193805302353, 51.028906955396366], [-114.09193468509686, 51.02890853464728], [-114.0919310879189, 51.028909898121746], [-114.09192729613247, 51.02891103268874], [-114.09192334625459, 51.02891192742175], [-114.0919192763248, 51.02891257370398], [-114.09191512553882, 51.02891296531135], [-114.09191093387102, 51.0289130984725], [-114.09190674168956, 51.028912971905], [-114.09190258936749, 51.028912586827765], [-114.09189851689402, 51.02891194694929], [-114.09189456348935, 51.02891105843198], [-114.09189076722697, 51.02890992983277], [-114.09188716466703, 51.02890857202067], [-114.09188379050417, 51.028906998072195], [-114.09188067723345, 51.028905223145365], [-114.09187785483736, 51.028903264333685], [-114.09187535049715, 51.02890114050161], [-114.09187318833094, 51.028898872102836], [-114.09187138916153, 51.028896480983306], [-114.09186997031587, 51.02889399017082], [-114.09186894545816, 51.02889142365326], [-114.09186832445828, 51.02888880614763], [-114.09186811329675, 51.028886162861944]]]}}, {"type": "Feature", "properties": {"tag": "T1892", "code": "TREE", "canopy_m": 2.0, "condition": "F", "in_inventory": false, "botanical": ""}, "geometry": {"type": "Polygon", "coordinates": [[[-114.09214184452517, 51.02838599981742], [-114.09214191142271, 51.028385118614025], [-114.09214211496514, 51.02838424578887], [-114.09214245319221, 51.02838338974771], [-114.0921429228466, 51.02838255873471], [-114.09214351940528, 51.02838176075296], [-114.09214423712307, 51.028381003487475], [-114.09214506908793, 51.02838029423112], [-114.0921460072876, 51.028379639814425], [-114.09214704268669, 51.02837904653978], [-114.09214816531374, 51.02837852012073], [-114.09214936435725, 51.02837806562699], [-114.09215062826978, 51.028377687435594], [-114.09215194487916, 51.028377389188684], [-114.09215330150575, 51.028377173758585], [-114.09215468508447, 51.02837704321998], [-114.09215608229071, 51.02837699883005], [-114.09215747966863, 51.02837704101625], [-114.09215886376073, 51.028377169372355], [-114.09216022123745, 51.02837738266219], [-114.09216153902554, 51.02837767883169], [-114.092162804434, 51.02837805502855], [-114.09216400527625, 51.028378507629796], [-114.09216512998754, 51.02837903227667], [-114.09216616773628, 51.028379623916486], [-114.09216710852839, 51.028380276851465], [-114.09216794330351, 51.028380984793465], [-114.0921686640223, 51.02838174092464], [-114.09216926374386, 51.02838253796303], [-114.09216973669254, 51.02838336823273], [-114.09217007831354, 51.028384223737774], [-114.0921702853169, 51.02838509623919], [-114.09217035570903, 51.02838597733432], [-114.09217028881201, 51.02838685853773], [-114.09217008527011, 51.02838773136293], [-114.09216974704353, 51.028388587404166], [-114.09216927738954, 51.028389418417284], [-114.09216868083121, 51.02839021639915], [-114.0921679631137, 51.028390973664784], [-114.09216713114898, 51.028391682921296], [-114.09216619294938, 51.02839233733816], [-114.09216515755024, 51.02839293061298], [-114.09216403492302, 51.02839345703219], [-114.09216283587926, 51.02839391152607], [-114.09216157196639, 51.02839428971762], [-114.09216025535659, 51.02839458796462], [-114.09215889872954, 51.028394803394804], [-114.0921575151503, 51.02839493393347], [-114.09215611794352, 51.02839497832341], [-114.09215472056505, 51.02839493613719], [-114.09215333647245, 51.02839480778104], [-114.09215197899525, 51.02839459449112], [-114.09215066120674, 51.028394298321516], [-114.09214939579793, 51.028393922124536], [-114.09214819495543, 51.02839346952312], [-114.09214707024398, 51.0283929448761], [-114.09214603249518, 51.02839235323612], [-114.09214509170313, 51.02839170030096], [-114.09214425692817, 51.028390992358794], [-114.09214353620962, 51.02839023622747], [-114.0921429364884, 51.02838943918895], [-114.09214246354014, 51.02838860891915], [-114.09214212191962, 51.028387753414016], [-114.09214191491678, 51.02838688091256], [-114.09214184452517, 51.02838599981742]]]}}, {"type": "Feature", "properties": {"tag": "T1893", "code": "CON", "canopy_m": 11.0, "condition": "F", "in_inventory": true, "botanical": "Picea pungens"}, "geometry": {"type": "Polygon", "coordinates": [[[-114.09229032092256, 51.028280423772685], [-114.09229068884272, 51.02827557715352], [-114.09229180830796, 51.02827077661362], [-114.09229366853698, 51.02826606838478], [-114.09229625161454, 51.02826149780982], [-114.09229953266401, 51.028257108905784], [-114.09230348008695, 51.02825294394021], [-114.09230805586742, 51.02824904302388], [-114.09231321593805, 51.0282454437247], [-114.09231891060453, 51.02824218070582], [-114.09232508502414, 51.028239285391805], [-114.0923316797339, 51.02823678566609], [-114.09233863122327, 51.028234705602266], [-114.09234587254575, 51.028233065232484], [-114.09235333396362, 51.02823188035432], [-114.09236094361957, 51.02823116237876], [-114.09236862822867, 51.02823091822032], [-114.09237631378417, 51.02823115023033], [-114.0923839262702, 51.02823185617444], [-114.0923913923746, 51.02823302925403], [-114.09239864019487, 51.02823465817174], [-114.09240559993076, 51.028236727240255], [-114.09241220455635, 51.02823921653336], [-114.0924183904656, 51.028242102077876], [-114.09242409808488, 51.02824535608449], [-114.09242927244672, 51.028248947215424], [-114.09243386371918, 51.02825284088619], [-114.09243782768573, 51.02825699959869], [-114.09244112617107, 51.02826138330229], [-114.09244372740883, 51.02826594977962], [-114.09244560634754, 51.02827065505304], [-114.09244674489173, 51.02827545380822], [-114.0924471320764, 51.028280299830556], [-114.09244676417251, 51.02828514645021], [-114.09244564472293, 51.02828994699158], [-114.09244378450836, 51.028294655222794], [-114.09244120144348, 51.028299225800986], [-114.09243792040442, 51.02830361470895], [-114.09243397298923, 51.02830777967904], [-114.09242939721358, 51.028311680600254], [-114.0924242371446, 51.02831527990452], [-114.09241854247657, 51.028318542928496], [-114.09241236805227, 51.02832143824741], [-114.09240577333485, 51.02832393797765], [-114.09239882183515, 51.02832601804544], [-114.09239158050006, 51.02832765841849], [-114.09238411906779, 51.02832884329908], [-114.0923765093962, 51.02832956127612], [-114.09236882477084, 51.028329805435106], [-114.09236113919906, 51.02832957342461], [-114.09235352669737, 51.02832886747903], [-114.09234606057852, 51.028327694397056], [-114.09233881274557, 51.0283260654761], [-114.09233185299927, 51.02832399640365], [-114.09232524836591, 51.02832150710606], [-114.09231906245186, 51.02831862155666], [-114.09231335483094, 51.02831536754495], [-114.09230818047064, 51.02831177640893], [-114.09230358920287, 51.02830788273326], [-114.092299625244, 51.02830372401624], [-114.09229632676899, 51.02829934030866], [-114.09229372554383, 51.028294773828065], [-114.09229184661952, 51.02829006855222], [-114.09229070809096, 51.028285269795546], [-114.09229032092256, 51.028280423772685]]]}}, {"type": "Feature", "properties": {"tag": "T1894", "code": "TREE", "canopy_m": 7.0, "condition": "F", "in_inventory": false, "botanical": ""}, "geometry": {"type": "Polygon", "coordinates": [[[-114.09123399019626, 51.028269917115765], [-114.09123422439733, 51.02826683290564], [-114.09123493685365, 51.02826377802302], [-114.09123612070375, 51.02826078188807], [-114.09123776454648, 51.02825787335521], [-114.09123985255059, 51.02825508043518], [-114.09124236460744, 51.028252430025276], [-114.09124527652452, 51.02824994765042], [-114.09124856025839, 51.028247657217165], [-114.09125218418495, 51.02824558078363], [-114.09125611340376, 51.028243738346966], [-114.09126031007438, 51.028242147650815], [-114.09126473378058, 51.02824082401444], [-114.09126934191973, 51.028239780185146], [-114.09127409011298, 51.028239026215545], [-114.09127893263276, 51.0282385693668], [-114.09128382284301, 51.02823841403856], [-114.09128871364845, 51.028238561726766], [-114.09129355794803, 51.02823901100906], [-114.0912983090886, 51.028239757558666], [-114.09130292131415, 51.02824079418586], [-114.09130735020652, 51.02824211090739], [-114.0913115531131, 51.028243695042576], [-114.09131548955764, 51.0282455313353], [-114.0913191216301, 51.02824760210112], [-114.09132241435158, 51.02824988739746], [-114.09132533601141, 51.02825236521566], [-114.09132785847237, 51.02825501169304], [-114.09132995744173, 51.02825780134259], [-114.0913316127052, 51.0282607072985], [-114.09133280832165, 51.02826370157483], [-114.09133353277653, 51.02826675533505], [-114.09133377909285, 51.02826983916984], [-114.09133354489836, 51.028272923380165], [-114.09133283244839, 51.02827597826338], [-114.09133164860413, 51.0282789743993], [-114.09133000476655, 51.028281882933456], [-114.09132791676664, 51.02828467585508], [-114.09132540471293, 51.028287326266806], [-114.09132249279781, 51.02828980864365], [-114.09131920906461, 51.02829209907897], [-114.09131558513744, 51.02829417551456], [-114.0913116559167, 51.0282960179532], [-114.091307459243, 51.028297608651194], [-114.09130303553262, 51.02829893228917], [-114.09129842738835, 51.02829997611979], [-114.09129367918926, 51.02830073009038], [-114.09128883666315, 51.02830118693974], [-114.09128394644632, 51.02830134226818], [-114.09127905563429, 51.028301194579775], [-114.09127421132835, 51.02830074529689], [-114.09126946018195, 51.02829999874632], [-114.09126484795127, 51.02829896211782], [-114.09126041905468, 51.02829764539468], [-114.09125621614496, 51.028296061257684], [-114.09125227969845, 51.02829422496298], [-114.09124864762535, 51.0282921541951], [-114.09124535490449, 51.02828986889671], [-114.09124243324656, 51.02828739107652], [-114.0912399107887, 51.0282847445973], [-114.09123781182352, 51.02828195494614], [-114.09123615656515, 51.02827904898891], [-114.09123496095454, 51.02827605471162], [-114.09123423650598, 51.02827300095076], [-114.09123399019626, 51.028269917115765]]]}}, {"type": "Feature", "properties": {"tag": "T1895", "code": "CON", "canopy_m": 4.0, "condition": "F", "in_inventory": false, "botanical": ""}, "geometry": {"type": "Polygon", "coordinates": [[[-114.09238659267899, 51.02860503988118], [-114.09238672646543, 51.028603277474204], [-114.09238713354297, 51.02860153182309], [-114.09238780999121, 51.028599819739426], [-114.09238874929557, 51.028598157711514], [-114.09238994241, 51.02859656174557], [-114.09239137784411, 51.02859504721162], [-114.09239304177392, 51.02859362869543], [-114.09239491817483, 51.0285923198581], [-114.09239698897609, 51.02859113330444], [-114.09239923423476, 51.02859008046157], [-114.09240163232776, 51.02858917146897], [-114.09240416016017, 51.02858841508069], [-114.09240679338758, 51.028587818581194], [-114.09240950665064, 51.02858738771506], [-114.09241227381912, 51.02858712663178], [-114.09241506824375, 51.02858703784571], [-114.09241786301268, 51.02858712221193], [-114.09242063121084, 51.02858737891792], [-114.09242334617895, 51.02858780549148], [-114.09242598177043, 51.02858839782448], [-114.09242851260314, 51.028589150212426], [-114.09243091430375, 51.02859005540942], [-114.09243316374261, 51.02859110469795], [-114.09243523925642, 51.028592287972764], [-114.09243712085683, 51.02859359383832], [-114.092438790423, 51.028595009718416], [-114.09244023187608, 51.02859652197737], [-114.09244143133408, 51.0285981160513], [-114.09244237724556, 51.02859977658842], [-114.09244306050081, 51.028601487596845], [-114.09244347451973, 51.02860323259864], [-114.09244361531502, 51.02860499478848], [-114.09244348153074, 51.02860675719551], [-114.09244307445528, 51.028608502846815], [-114.09244239800894, 51.02861021493081], [-114.09244145870628, 51.02861187695914], [-114.09244026559321, 51.02861347292561], [-114.09243883016012, 51.02861498746016], [-114.09243716623095, 51.02861640597699], [-114.09243528983025, 51.028617714814985], [-114.09243321902879, 51.028618901369335], [-114.09243097376951, 51.02861995421283], [-114.0924285756755, 51.02862086320605], [-114.09242604784171, 51.02862161959485], [-114.09242341461263, 51.02862221609478], [-114.09242070134768, 51.02862264696123], [-114.09241793417712, 51.02862290804471], [-114.09241513975034, 51.02862299683085], [-114.09241234497924, 51.02862291246458], [-114.09240957677902, 51.028622655758376], [-114.092406861809, 51.028622229184506], [-114.09240422621583, 51.028621636851085], [-114.09240169538177, 51.02862088446262], [-114.09239929368013, 51.02861997926502], [-114.09239704424063, 51.028618929975856], [-114.09239496872661, 51.028617746700355], [-114.0923930871264, 51.02861644083413], [-114.09239141756086, 51.02861502495339], [-114.09238997610878, 51.02861351269384], [-114.09238877665214, 51.02861191861937], [-114.09238783074235, 51.028610258081834], [-114.09238714748899, 51.02860854707308], [-114.09238673347214, 51.02860680207109], [-114.09238659267899, 51.02860503988118]]]}}, {"type": "Feature", "properties": {"tag": "T1896", "code": "TREE", "canopy_m": 16.0, "condition": "F", "in_inventory": false, "botanical": ""}, "geometry": {"type": "Polygon", "coordinates": [[[-114.09148560107568, 51.02790054688456], [-114.09148613635004, 51.02789349725984], [-114.0914877647706, 51.02788651466703], [-114.09149047065435, 51.0278796663523], [-114.09149422794167, 51.027873018268586], [-114.09149900044746, 51.02786663444042], [-114.09150474220955, 51.027860576347514], [-114.09151139793141, 51.02785490233242], [-114.09151890351464, 51.027849667038886], [-114.09152718667633, 51.0278449208855], [-114.09153616764515, 51.02784070958013], [-114.0915457599296, 51.02783707367981], [-114.09155587115099, 51.02783404820012], [-114.091566403933, 51.027831662277954], [-114.09157725683961, 51.02782993889095], [-114.09158832535182, 51.027828894636194], [-114.09159950287429, 51.027828539570386], [-114.09161068176185, 51.02782887711298], [-114.0916217543562, 51.02782990401329], [-114.09163261402269, 51.027831610381725], [-114.09164315617723, 51.02783397978511], [-114.09165327929348, 51.02783698940489], [-114.09166288588065, 51.027840610256895], [-114.09167188342226, 51.027844807470494], [-114.09168018526722, 51.02784954062435], [-114.09168771146429, 51.0278547641358], [-114.09169438953201, 51.02786042769969], [-114.0917001551568, 51.02786647677297], [-114.09170495281231, 51.02787285309989], [-114.09170873629417, 51.02787949527306], [-114.09171146916502, 51.02788633932481], [-114.09171312510537, 51.02789331934328], [-114.09171368816713, 51.02790036810709], [-114.09171315292721, 51.027907417732834], [-114.09171152453976, 51.02791440032875], [-114.0917088186866, 51.02792124864854], [-114.0917050614261, 51.02792789673907], [-114.09170028894233, 51.027934280575565], [-114.09169454719665, 51.02794033867801], [-114.09168789148495, 51.027946012703445], [-114.09168038590522, 51.02795124800774], [-114.09167210274025, 51.027955994171904], [-114.0916631217615, 51.02796020548764], [-114.09165352946084, 51.027963841397515], [-114.09164341821761, 51.0279668668856], [-114.09163288540891, 51.02796925281467], [-114.09162203247183, 51.02797097620681], [-114.09161096392656, 51.02797202046475], [-114.09159978636968, 51.02797237553167], [-114.09158860744768, 51.02797203798805], [-114.09157753482019, 51.02797101108465], [-114.09156667512313, 51.027969304711156], [-114.09155613294178, 51.02796693530094], [-114.09154600980348, 51.02796392567282], [-114.09153640319991, 51.02796030481128], [-114.09152740564815, 51.02795610758735], [-114.09151910379967, 51.02795137442272], [-114.09151157760589, 51.02794615090052], [-114.09150489954811, 51.02794048732625], [-114.09149913393952, 51.0279344382434], [-114.09149433630587, 51.02792806190808], [-114.09149055285067, 51.02792141972803], [-114.09148782001029, 51.027914575671126], [-114.091486164103, 51.02790759564948], [-114.09148560107568, 51.02790054688456]]]}}, {"type": "Feature", "properties": {"tag": "T1897", "code": "TREE", "canopy_m": 9.0, "condition": "F", "in_inventory": false, "botanical": ""}, "geometry": {"type": "Polygon", "coordinates": [[[-114.09212105220887, 51.02832461614303], [-114.09212135324918, 51.02832065072781], [-114.0921222691905, 51.0283167230147], [-114.09212379121163, 51.02831287082971], [-114.09212590465457, 51.02830913127146], [-114.09212858916557, 51.028305540353934], [-114.09213181889119, 51.02830213265957], [-114.09213556272738, 51.028298941006284], [-114.09213978461887, 51.02829599613142], [-114.09214444390655, 51.02829332639564], [-114.09214949571893, 51.028290957509945], [-114.09215489140433, 51.02828891228794], [-114.09216057899945, 51.02828721042619], [-114.09216650372973, 51.02828586831452], [-114.09217260853688, 51.028284898878155], [-114.09217883462844, 51.02828431145329], [-114.09218512204387, 51.02828411169713], [-114.0921914102321, 51.02828430153341], [-114.09219763863459, 51.02828487913391], [-114.09220374726856, 51.028285838936085], [-114.09220967730468, 51.028287171696476], [-114.09221537163356, 51.02828886457993], [-114.09222077541583, 51.02829090128309], [-114.09222583661015, 51.02829326219145], [-114.09223050647455, 51.0282959245682], [-114.09223474003565, 51.02829886277324], [-114.09223849652194, 51.02830204851011], [-114.09224173975637, 51.02830545109847], [-114.09224443850476, 51.02830903776957], [-114.09224656677657, 51.02831277398185], [-114.09224810407522, 51.02831662375359], [-114.09224903559561, 51.028320550009376], [-114.09224935236652, 51.02832451493726], [-114.09224905133708, 51.02832848035281], [-114.09224813540625, 51.0283324080669], [-114.09224661339478, 51.0283362602535], [-114.09224449996034, 51.028339999813895], [-114.09224181545633, 51.02834359073407], [-114.09223858573588, 51.02834699843145], [-114.09223484190291, 51.02835019008799], [-114.09223062001253, 51.028353134966274], [-114.09222596072381, 51.02835580470546], [-114.09222090890829, 51.02835817359444], [-114.09221551321775, 51.02836021881947], [-114.09220982561573, 51.028361920683864], [-114.09220390087701, 51.02836326279772], [-114.0921977960602, 51.02836423223571], [-114.09219156995819, 51.02836481966158], [-114.09218528253186, 51.028365019418096], [-114.09217899433274, 51.0283648295815], [-114.09217276591977, 51.028364251980015], [-114.09216665727612, 51.02836329217625], [-114.09216072723153, 51.02836195941369], [-114.09215503289568, 51.0283602665276], [-114.09214962910822, 51.02835822982142], [-114.09214456791067, 51.0283558689098], [-114.09213989804518, 51.02835320652964], [-114.09213566448511, 51.028350268321184], [-114.09213190800195, 51.028347082581035], [-114.09212866477264, 51.028343679989646], [-114.09212596603118, 51.02834009331589], [-114.09212383776783, 51.028336357101416], [-114.09212230047878, 51.028332507328074], [-114.09212136896886, 51.02832858107127], [-114.09212105220887, 51.02832461614303]]]}}, {"type": "Feature", "properties": {"tag": "T1898", "code": "TREE", "canopy_m": 2.0, "condition": "F", "in_inventory": false, "botanical": ""}, "geometry": {"type": "Polygon", "coordinates": [[[-114.09241900153648, 51.02842868909255], [-114.09241906842884, 51.02842780788901], [-114.09241927196624, 51.02842693506338], [-114.09241961018851, 51.02842607902143], [-114.09242007983838, 51.028425248007316], [-114.09242067639285, 51.028424450024175], [-114.09242139410676, 51.02842369275699], [-114.09242222606817, 51.02842298349867], [-114.09242316426477, 51.02842232907975], [-114.09242419966128, 51.02842173580266], [-114.09242532228623, 51.02842120938095], [-114.09242652132812, 51.02842075488437], [-114.09242778523955, 51.028420376689986], [-114.09242910184835, 51.02842007843994], [-114.09243045847491, 51.02841986300663], [-114.0924318420541, 51.02841973246476], [-114.09243323926137, 51.0284196880715], [-114.09243463664082, 51.028419730254406], [-114.09243602073494, 51.028419858607215], [-114.09243737821419, 51.02842007189383], [-114.09243869600525, 51.028420368060196], [-114.0924399614171, 51.02842074425405], [-114.09244116226316, 51.02842119685245], [-114.0924422869786, 51.02842172149664], [-114.09244332473183, 51.02842231313399], [-114.09244426552868, 51.02842296606672], [-114.0924451003088, 51.028423674006746], [-114.09244582103277, 51.02842443013622], [-114.09244642075963, 51.02842522717317], [-114.09244689371369, 51.028426057441735], [-114.0924472353401, 51.02842691294597], [-114.09244744234886, 51.02842778544688], [-114.09244751274632, 51.02842866654183], [-114.09244744585449, 51.02842954774539], [-114.09244724231762, 51.028430420571055], [-114.09244690409581, 51.028431276613084], [-114.09244643444637, 51.02843210762731], [-114.09244583789224, 51.028432905610586], [-114.09244512017858, 51.02843366287791], [-114.09244428821735, 51.0284343721364], [-114.09244335002079, 51.028435026555485], [-114.09244231462424, 51.028435619832734], [-114.09244119199913, 51.02843614625461], [-114.09243999295698, 51.02843660075134], [-114.0924387290452, 51.02843697894587], [-114.09243741243598, 51.028437277196], [-114.09243605580897, 51.02843749262939], [-114.09243467222925, 51.028437623171335], [-114.09243327502146, 51.02843766756462], [-114.09243187764147, 51.02843762538169], [-114.09243049354681, 51.02843749702882], [-114.09242913606711, 51.02843728374213], [-114.09242781827562, 51.02843698757566], [-114.09242655286342, 51.02843661138168], [-114.09242535201712, 51.02843615878312], [-114.0924242273015, 51.02843563413877], [-114.09242318954823, 51.02843504250126], [-114.09242224875142, 51.028434389568346], [-114.09242141397146, 51.02843368162815], [-114.09242069324775, 51.02843292549856], [-114.09242009352123, 51.02843212846146], [-114.0924196205676, 51.02843129819279], [-114.09241927894165, 51.028430442688474], [-114.0924190719334, 51.02842957018751], [-114.09241900153648, 51.02842868909255]]]}}, {"type": "Feature", "properties": {"tag": "T1899", "code": "TREE", "canopy_m": 8.0, "condition": "F", "in_inventory": false, "botanical": ""}, "geometry": {"type": "Polygon", "coordinates": [[[-114.09132321378416, 51.02903058791187], [-114.09132348144009, 51.02902706310056], [-114.0913242956824, 51.029023571805965], [-114.09132564866941, 51.02902014765115], [-114.09132752737099, 51.02901682361256], [-114.09132991369414, 51.02901363170252], [-114.09133278465715, 51.029010602660804], [-114.09133611261106, 51.02900776565872], [-114.09133986550577, 51.0290051480181], [-114.09134400719888, 51.02900277494823], [-114.09134849780361, 51.02900066930304], [-114.09135329407303, 51.028998851360974], [-114.09135834981649, 51.028997338629786], [-114.09136361634451, 51.02899614567791], [-114.09136904293763, 51.02899528399405], [-114.09137457733492, 51.0289947618767], [-114.09138016623719, 51.0289945843541], [-114.09138575582043, 51.02899475313592], [-114.09139129225396, 51.028995266596695], [-114.09139672221907, 51.02899611979151], [-114.09140199342234, 51.02899730450364], [-114.09140705509927, 51.02899880932374], [-114.09141185850322, 51.02900061975955], [-114.09141635737485, 51.02900271837562], [-114.09142050838763, 51.02900508496118], [-114.091424271565, 51.02900769672477], [-114.09142761066555, 51.0290105285137], [-114.09143049353185, 51.02901355305633], [-114.09143289240025, 51.029016741224694], [-114.09143478416829, 51.02902006231504], [-114.09143615061708, 51.029023484343455], [-114.09143697858688, 51.02902697435396], [-114.09143726010379, 51.02903049873584], [-114.09143699245648, 51.02903402354742], [-114.09143617822245, 51.02903751484279], [-114.09143482524307, 51.02904093899887], [-114.0914329465482, 51.02904426303915], [-114.09143056023056, 51.029047454951275], [-114.09142768927165, 51.02905048399537], [-114.09142436132029, 51.02905332100005], [-114.09142060842645, 51.02905593864335], [-114.09141646673253, 51.02905831171592], [-114.0914119761253, 51.029060417363695], [-114.09140717985184, 51.02906223530816], [-114.0914021241029, 51.02906374804144], [-114.09139685756823, 51.02906494099505], [-114.09139143096748, 51.02906580268019], [-114.09138589656193, 51.02906632479834], [-114.09138030765105, 51.02906650232121], [-114.09137471805921, 51.029066333539134], [-114.09136918161738, 51.029065820077605], [-114.09136375164462, 51.02906496688151], [-114.09135848043466, 51.02906378216767], [-114.09135341875223, 51.029062277345496], [-114.09134861534417, 51.0290604669073], [-114.09134411646998, 51.029058368288645], [-114.09133996545634, 51.029056001700376], [-114.09133620227979, 51.029053389934106], [-114.09133286318173, 51.02905055814258], [-114.09132998031949, 51.02904753359756], [-114.09132758145654, 51.029044345427096], [-114.09132568969518, 51.02904102433504], [-114.09132432325399, 51.02903760230533], [-114.09132349529246, 51.02903411229404], [-114.09132321378416, 51.02903058791187]]]}}, {"type": "Feature", "properties": {"tag": "T1900", "code": "TREE", "canopy_m": 2.0, "condition": "F", "in_inventory": true, "botanical": "Syringa"}, "geometry": {"type": "Polygon", "coordinates": [[[-114.09157752887096, 51.02893941253406], [-114.09157759578, 51.02893853133107], [-114.09157779933541, 51.02893765850697], [-114.0915781375769, 51.02893680246752], [-114.09157860724696, 51.028935971456846], [-114.09157920382242, 51.02893517347806], [-114.09157992155795, 51.02893441621611], [-114.09158075354132, 51.02893370696383], [-114.0915816917601, 51.028933052551714], [-114.09158272717872, 51.0289324592821], [-114.09158384982554, 51.02893193286853], [-114.09158504888885, 51.02893147838061], [-114.09158631282102, 51.02893110019533], [-114.09158762944972, 51.02893080195481], [-114.09158898609506, 51.02893058653127], [-114.09159036969184, 51.028930455999344], [-114.09159176691527, 51.02893041161614], [-114.09159316430934, 51.028930453809096], [-114.09159454841637, 51.02893058217186], [-114.09159590590666, 51.02893079546823], [-114.09159722370688, 51.02893109164405], [-114.09159848912584, 51.02893146784698], [-114.09159968997693, 51.028931920453985], [-114.09160081469524, 51.02893244510623], [-114.09160185244917, 51.028933036751], [-114.09160279324458, 51.028933689690454], [-114.09160362802105, 51.028934397636434], [-114.09160434873927, 51.02893515377101], [-114.09160494845831, 51.02893595081222], [-114.09160542140255, 51.02893678108412], [-114.09160576301724, 51.02893763659075], [-114.0916059700125, 51.02893850909308], [-114.09160604039478, 51.02893939018848], [-114.0916059734863, 51.02894027139146], [-114.09160576993136, 51.028941144215615], [-114.09160543169037, 51.02894200025514], [-114.09160496202071, 51.02894283126592], [-114.0916043654456, 51.02894362924484], [-114.09160364771033, 51.02894438650694], [-114.09160281572713, 51.02894509575939], [-114.09160187750841, 51.028945750171665], [-114.09160084208973, 51.02894634344143], [-114.09159971944275, 51.02894686985518], [-114.0915985203792, 51.02894732434324], [-114.09159725644666, 51.02894770252866], [-114.09159593981757, 51.0289480007693], [-114.09159458317174, 51.028948216192916], [-114.09159319957445, 51.02894834672489], [-114.09159180235048, 51.0289483911081], [-114.09159040495587, 51.02894834891514], [-114.09158902084832, 51.02894822055232], [-114.09158766335754, 51.028948007255885], [-114.09158634555692, 51.02894771107995], [-114.0915850801376, 51.02894733487689], [-114.09158387928628, 51.02894688226972], [-114.0915827545678, 51.028946357617336], [-114.0915817168138, 51.02894576597239], [-114.09158077601846, 51.028945113032776], [-114.09157994124213, 51.02894440508664], [-114.09157922052417, 51.028943648951895], [-114.09157862080548, 51.02894285191055], [-114.09157814786165, 51.02894202163854], [-114.09157780624743, 51.028941166131844], [-114.0915775992527, 51.028940293629454], [-114.09157752887096, 51.02893941253406]]]}}, {"type": "Feature", "properties": {"tag": "T1901", "code": "TREE", "canopy_m": 13.0, "condition": "F", "in_inventory": false, "botanical": ""}, "geometry": {"type": "Polygon", "coordinates": [[[-114.0924253748698, 51.02779126503526], [-114.09242580966341, 51.027785537211614], [-114.09242713263738, 51.0277798638443], [-114.09242933105047, 51.02777429957087], [-114.09243238373044, 51.027768897978284], [-114.09243626127807, 51.02776371108676], [-114.09244092635025, 51.02775878884884], [-114.09244633401963, 51.027754178668275], [-114.0924524322073, 51.02774992494352], [-114.09245916218434, 51.02774606864013], [-114.09246645913741, 51.027742646896364], [-114.09247425279301, 51.027739692665364], [-114.09248246809408, 51.027737234397904], [-114.09249102592298, 51.02773529576836], [-114.09249984386344, 51.02773389544673], [-114.09250883699413, 51.02773304691883], [-114.09251791870659, 51.02773275835642], [-114.09252700153934, 51.02773303253849], [-114.09253599802003, 51.02773386682453], [-114.09254482150793, 51.02773525317996], [-114.09255338702833, 51.027737178253446], [-114.09256161209086, 51.027739623505546], [-114.09256941748389, 51.02774256538723], [-114.09257672803733, 51.027745975566646], [-114.09258347334669, 51.027749821202015], [-114.09258958845098, 51.02775406525787], [-114.09259501445834, 51.027758666861736], [-114.0925996991133, 51.027763581697734], [-114.09260359729988, 51.0277687624334], [-114.09260667147625, 51.02777415917553], [-114.09260889203611, 51.02777971995058], [-114.092610237594, 51.02778539120529], [-114.09261069519113, 51.027791118322426], [-114.09261026042027, 51.02779684614672], [-114.09260893746817, 51.02780251951611], [-114.09260673907526, 51.02780808379288], [-114.092603686413, 51.02781348538995], [-114.09259980887991, 51.02781867228698], [-114.09259514381856, 51.027823594531185], [-114.09258973615589, 51.02782820471859], [-114.09258363797055, 51.02783245845047], [-114.09257690799134, 51.027836314760954], [-114.09256961103169, 51.02783973651155], [-114.09256181736542, 51.02784269074888], [-114.09255360204992, 51.027845149021886], [-114.09254504420339, 51.02784708765598], [-114.09253622624283, 51.027848487981004], [-114.09252723309032, 51.027849336511], [-114.09251815135511, 51.02784962507415], [-114.09250906849964, 51.0278493508914], [-114.09250007199708, 51.02784851660331], [-114.09249124848901, 51.02784713024455], [-114.09248268295089, 51.02784520516656], [-114.0924744578738, 51.02784275990895], [-114.09246665246997, 51.027839818020986], [-114.0924593419098, 51.027836407834734], [-114.09245259659814, 51.027832562192245], [-114.09244648149603, 51.02782831812929], [-114.0924410554952, 51.02782371651858], [-114.09243637085095, 51.027818801676275], [-114.09243247267878, 51.02781362093505], [-114.09242939852004, 51.02780822418838], [-114.09242717798027, 51.02780266340995], [-114.09242583244422, 51.02779699215312], [-114.0924253748698, 51.02779126503526]]]}}, {"type": "Feature", "properties": {"tag": "T1902", "code": "TREE", "canopy_m": 7.0, "condition": "G", "in_inventory": false, "botanical": ""}, "geometry": {"type": "Polygon", "coordinates": [[[-114.09123447746046, 51.02830027515777], [-114.09123471166167, 51.02829719094766], [-114.09123542411841, 51.02829413606506], [-114.09123660796925, 51.02829113993012], [-114.09123825181301, 51.02828823139726], [-114.09124033981846, 51.028285438477226], [-114.09124285187693, 51.02828278806735], [-114.09124576379585, 51.02828030569248], [-114.09124904753187, 51.02827801525924], [-114.09125267146075, 51.02827593882568], [-114.09125660068213, 51.02827409638901], [-114.09126079735546, 51.02827250569285], [-114.09126522106453, 51.02827118205645], [-114.09126982920668, 51.02827013822714], [-114.09127457740304, 51.028269384257534], [-114.09127941992595, 51.02826892740875], [-114.09128431013941, 51.028268772080516], [-114.09128920094804, 51.02826891976868], [-114.0912940452508, 51.02826936905096], [-114.09129879639447, 51.028270115600534], [-114.09130340862306, 51.0282711522277], [-114.09130783751833, 51.02827246894922], [-114.09131204042767, 51.02827405308438], [-114.09131597687481, 51.02827588937706], [-114.09131960894965, 51.02827796014287], [-114.09132290167332, 51.02828024543917], [-114.09132582333508, 51.02828272325735], [-114.09132834579772, 51.028285369734704], [-114.09133044476849, 51.02828815938423], [-114.09133210003309, 51.02829106534012], [-114.09133329565033, 51.028294059616414], [-114.09133402010572, 51.02829711337663], [-114.09133426642224, 51.02830019721141], [-114.09133403222764, 51.028303281421714], [-114.09133331977723, 51.028306336304915], [-114.09133213593223, 51.02830933244083], [-114.0913304920936, 51.02831224097498], [-114.09132840409237, 51.02831503389661], [-114.09132589203705, 51.02831768430832], [-114.09132298012007, 51.02832016668516], [-114.09131969638473, 51.02832245712047], [-114.09131607245521, 51.02832453355609], [-114.09131214323195, 51.02832637599473], [-114.0913079465555, 51.02832796669272], [-114.09130352284224, 51.028329290330724], [-114.09129891469499, 51.02833033416137], [-114.0912941664928, 51.02833108813195], [-114.09128932396355, 51.028331544981334], [-114.09128443374351, 51.02833170030979], [-114.09127954292829, 51.02833155262143], [-114.09127469861919, 51.02833110333855], [-114.09126994746967, 51.02833035678802], [-114.09126533523595, 51.028329320159536], [-114.09126090633646, 51.02832800343643], [-114.09125670342398, 51.02832641929945], [-114.09125276697489, 51.02832458300478], [-114.09124913489939, 51.02832251223692], [-114.09124584217633, 51.02832022693856], [-114.09124292051648, 51.0283177491184], [-114.09124039805695, 51.028315102639205], [-114.09123829909036, 51.028312312988064], [-114.09123664383087, 51.02830940703088], [-114.09123544821944, 51.02830641275359], [-114.09123472377038, 51.02830335899275], [-114.09123447746046, 51.02830027515777]]]}}, {"type": "Feature", "properties": {"tag": "T1903", "code": "CON", "canopy_m": 6.0, "condition": "F", "in_inventory": false, "botanical": ""}, "geometry": {"type": "Polygon", "coordinates": [[[-114.09226927701187, 51.028314979050926], [-114.09226947769696, 51.02831233544051], [-114.09227008831606, 51.02830971696432], [-114.09227110298852, 51.02830714883972], [-114.09227251194244, 51.02830465579913], [-114.09227430160874, 51.02830226185188], [-114.09227645475195, 51.02829999005296], [-114.09227895063606, 51.028297862281036], [-114.09228176522431, 51.02829589902768], [-114.09228487141071, 51.02829411920009], [-114.09228823928098, 51.02829253993894], [-114.09229183640068, 51.028291176453365], [-114.09229562812763, 51.02829004187445], [-114.09229957794548, 51.0282891471288], [-114.09230364781538, 51.028288500833305], [-114.09230779854231, 51.028288109212106], [-114.09231199015258, 51.02828797603673], [-114.09231618227875, 51.02828810258974], [-114.09232033454842, 51.028288487652354], [-114.09232440697305, 51.028289127516224], [-114.09232836033298, 51.028290016019106], [-114.09233215655532, 51.028291144604246], [-114.09233575908036, 51.028292502402785], [-114.09233913321386, 51.02829407633838], [-114.0923422464611, 51.02829585125322], [-114.0923450688398, 51.0282978100539], [-114.09234757316894, 51.02829993387612], [-114.0923497353304, 51.02830220226635], [-114.09235153450136, 51.028304593378756], [-114.09235295335479, 51.02830708418566], [-114.0923539782263, 51.02830965069921], [-114.09235459924574, 51.02831226820251], [-114.09235481043228, 51.028314911487584], [-114.09235460975205, 51.02831755509813], [-114.09235399913761, 51.02832017357474], [-114.09235298446944, 51.028322741700066], [-114.09235157551929, 51.02832523474162], [-114.09234978585609, 51.02832762869005], [-114.09234763271519, 51.028329900490306], [-114.0923451368325, 51.02833202826368], [-114.09234232224475, 51.028333991518544], [-114.0923392160579, 51.028335771347656], [-114.09233584818624, 51.028337350610265], [-114.09233225106426, 51.02833871409719], [-114.09232845933423, 51.02833984867727], [-114.09232450951261, 51.0283407434239], [-114.09232043963843, 51.028341389720126], [-114.09231628890686, 51.02834178134177], [-114.09231209729175, 51.02834191451729], [-114.09230790516074, 51.02834178796414], [-114.0923037528864, 51.02834140290109], [-114.09229968045749, 51.0283407630365], [-114.09229572709376, 51.02833987453267], [-114.09229193086834, 51.02833874594635], [-114.09228832834098, 51.02833738814648], [-114.09228495420606, 51.02833581420942], [-114.09228184095832, 51.028334039293085], [-114.09227901858009, 51.02833208049088], [-114.09227651425235, 51.02832995666721], [-114.09227435209317, 51.02832768827563], [-114.09227255292528, 51.028325297162034], [-114.0922711340756, 51.02832280635417], [-114.09227010920837, 51.028320239839886], [-114.09226948819358, 51.02831762233615], [-114.09226927701187, 51.028314979050926]]]}}, {"type": "Feature", "properties": {"tag": "T1904", "code": "TREE", "canopy_m": 11.0, "condition": "F", "in_inventory": false, "botanical": ""}, "geometry": {"type": "Polygon", "coordinates": [[[-114.09165191169073, 51.029139852833545], [-114.09165227968417, 51.029135006217054], [-114.09165339923595, 51.02913020568393], [-114.09165525956394, 51.029125497465905], [-114.09165784275197, 51.02912092690567], [-114.09166112392234, 51.02911653802017], [-114.09166507147543, 51.029112373076686], [-114.09166964739403, 51.02910847218586], [-114.09167480760948, 51.02910487291533], [-114.09168050242607, 51.02910160992796], [-114.0916866769996, 51.029098714648036], [-114.09169327186565, 51.029096214958614], [-114.09170022351213, 51.02909413493301], [-114.09170746499109, 51.02909249460293], [-114.09171492656324, 51.029091309765626], [-114.09172253636982, 51.02909059183169], [-114.09173022112444, 51.029090347715176], [-114.09173790681893, 51.029090579767065], [-114.09174551943612, 51.0290912857526], [-114.09175298566254, 51.02909245887274], [-114.09176023359457, 51.02909408782974], [-114.09176719343084, 51.0290961569359], [-114.09177379814449, 51.02909864626468], [-114.0917799841286, 51.029101531842514], [-114.09178569180887, 51.0291047858798], [-114.0917908662172, 51.029108377038455], [-114.09179545752119, 51.029112270733705], [-114.09179942150404, 51.02911642946723], [-114.09180271999028, 51.029120813188214], [-114.09180532121356, 51.02912537967908], [-114.09180720012249, 51.02913008496208], [-114.09180833862195, 51.0291348837228], [-114.09180872574731, 51.02913972974656], [-114.09180835777015, 51.02914457636352], [-114.09180723823404, 51.029149376898104], [-114.0918053779205, 51.02915408511853], [-114.09180279474515, 51.029158655682], [-114.0917995135852, 51.02916304457144], [-114.09179556603986, 51.02916720951942], [-114.09179099012607, 51.02917111041513], [-114.09178582991227, 51.02917470969075], [-114.09178013509414, 51.0291779726832], [-114.0917739605159, 51.02918086796805], [-114.0917673656422, 51.029183367661986], [-114.09176041398537, 51.02918544769156], [-114.09175317249382, 51.02918708802489], [-114.09174571090728, 51.029188272864616], [-114.09173810108506, 51.02918899080007], [-114.09173041631418, 51.029189234917105], [-114.0917227306034, 51.02918900286473], [-114.09171511797054, 51.02918829687775], [-114.09170765172966, 51.029187123755214], [-114.09170040378496, 51.02918549479498], [-114.09169344393828, 51.02918342568487], [-114.09168683921688, 51.0291809363516], [-114.09168065322795, 51.02917805076887], [-114.09167494554605, 51.02917479672648], [-114.09166977113927, 51.02917120556276], [-114.09166517983996, 51.029167311862594], [-114.09166121586479, 51.02916315312455], [-114.09165791738886, 51.0291587693996], [-114.09165531617819, 51.029154202905474], [-114.09165343728367, 51.02914949762005], [-114.09165229879984, 51.02914469885783], [-114.09165191169073, 51.029139852833545]]]}}, {"type": "Feature", "properties": {"tag": "T1905", "code": "TREE", "canopy_m": 6.0, "condition": "F", "in_inventory": true, "botanical": "Prunus maackii"}, "geometry": {"type": "Polygon", "coordinates": [[[-114.09237464838569, 51.028326321794566], [-114.09237484906483, 51.028323678183995], [-114.09237545967814, 51.02832105970727], [-114.09237647434503, 51.02831849158175], [-114.09237788329364, 51.02831599853989], [-114.09237967295495, 51.02831360459104], [-114.09238182609353, 51.02831133279019], [-114.0923843219734, 51.028309205016015], [-114.0923871365579, 51.02830724176013], [-114.09239024274102, 51.02830546192975], [-114.09239361060851, 51.028303882665554], [-114.092397207726, 51.028302519176734], [-114.0924009994513, 51.02830138459441], [-114.09240494926809, 51.0283004898452], [-114.0924090191375, 51.02829984354603], [-114.09241316986456, 51.0282994519211], [-114.09241736147554, 51.02829931874195], [-114.09242155360302, 51.02829944529119], [-114.09242570587458, 51.02829983035005], [-114.09242977830164, 51.028300470210226], [-114.09243373166454, 51.02830135870955], [-114.09243752789035, 51.028302487291256], [-114.09244113041936, 51.02830384508656], [-114.09244450455724, 51.028305419019105], [-114.09244761780927, 51.02830719393113], [-114.0924504401931, 51.02830915272925], [-114.09245294452766, 51.02831127654922], [-114.09245510669479, 51.02831354493748], [-114.09245690587161, 51.02831593604827], [-114.09245832473104, 51.02831842685388], [-114.0924593496086, 51.0283209933665], [-114.09245997063414, 51.02832361086923], [-114.09246018182674, 51.0283262541541], [-114.09245998115243, 51.028328897764816], [-114.09245937054379, 51.02833151624197], [-114.09245835588119, 51.028334084368204], [-114.09245694693637, 51.02833657741102], [-114.09245515727814, 51.02833897136105], [-114.09245300414187, 51.02834124316325], [-114.09245050826343, 51.02834337093887], [-114.09244769367942, 51.02834533419627], [-114.09244458749585, 51.028347114028165], [-114.09244121962695, 51.02834869329381], [-114.09243762250719, 51.02835005678398], [-114.09243383077882, 51.02835119136748], [-114.09242988095826, 51.028352086117664], [-114.09242581108457, 51.02835273241755], [-114.09242166035287, 51.02835312404293], [-114.09241746873705, 51.02835325722224], [-114.09241327660473, 51.02835313067287], [-114.09240912432851, 51.028352745613574], [-114.09240505189716, 51.028352105752674], [-114.09240109853046, 51.028351217252386], [-114.09239730230156, 51.028350088669505], [-114.09239369977026, 51.02834873087288], [-114.09239032563094, 51.02834715693886], [-114.09238721237843, 51.02834538202534], [-114.09238438999503, 51.02834342322569], [-114.0923818856619, 51.028341299404275], [-114.09237972349705, 51.02833903101465], [-114.09237792432329, 51.02833663990268], [-114.09237650546761, 51.02833414909612], [-114.09237548059433, 51.02833158258277], [-114.09237485957345, 51.02832896507958], [-114.09237464838569, 51.028326321794566]]]}}, {"type": "Feature", "properties": {"tag": "T1906", "code": "TREE", "canopy_m": 2.0, "condition": "F", "in_inventory": true, "botanical": "Syringa"}, "geometry": {"type": "Polygon", "coordinates": [[[-114.09159056824015, 51.02894427476531], [-114.09159063514895, 51.028943393562315], [-114.09159083870416, 51.02894252073819], [-114.09159117694544, 51.02894166469871], [-114.09159164661531, 51.02894083368799], [-114.09159224319062, 51.02894003570913], [-114.091592960926, 51.02893927844708], [-114.09159379290925, 51.028938569194715], [-114.09159473112796, 51.02893791478251], [-114.09159576654652, 51.02893732151278], [-114.0915968891933, 51.028936795099085], [-114.09159808825662, 51.02893634061103], [-114.09159935218881, 51.02893596242562], [-114.09160066881755, 51.028935664184935], [-114.09160202546299, 51.028935448761246], [-114.09160340905987, 51.028935318229166], [-114.09160480628344, 51.02893527384582], [-114.09160620367766, 51.028935316038606], [-114.09160758778488, 51.02893544440122], [-114.09160894527537, 51.028935657697424], [-114.0916102630758, 51.02893595387311], [-114.09161152849501, 51.028936330075894], [-114.09161272934632, 51.02893678268277], [-114.09161385406493, 51.02893730733488], [-114.09161489181913, 51.02893789897954], [-114.0916158326148, 51.02893855191888], [-114.09161666739158, 51.02893925986477], [-114.09161738811008, 51.028940015999275], [-114.09161798782941, 51.028940813040414], [-114.09161846077392, 51.028941643312265], [-114.0916188023889, 51.02894249881885], [-114.0916190093844, 51.028943371321155], [-114.09161907976696, 51.02894425241653], [-114.0916190128587, 51.02894513361954], [-114.09161880930401, 51.02894600644371], [-114.09161847106321, 51.028946862483274], [-114.09161800139374, 51.0289476934941], [-114.09161740481878, 51.02894849147309], [-114.09161668708367, 51.02894924873528], [-114.09161585510056, 51.02894995798782], [-114.09161491688192, 51.028950612400195], [-114.0916138814633, 51.028951205670076], [-114.09161275881637, 51.02895173208394], [-114.0916115597528, 51.02895218657214], [-114.09161029582027, 51.0289525647577], [-114.09160897919111, 51.02895286299847], [-114.0916076225452, 51.02895307842225], [-114.09160623894779, 51.02895320895437], [-114.0916048417237, 51.02895325333774], [-114.09160344432892, 51.02895321114494], [-114.09160206022119, 51.02895308278228], [-114.09160070273022, 51.028952869485984], [-114.09159938492938, 51.02895257331021], [-114.09159811950983, 51.02895219710729], [-114.09159691865824, 51.028951744500255], [-114.09159579393949, 51.02895121984799], [-114.09159475618523, 51.02895062820316], [-114.09159381538961, 51.02894997526366], [-114.091592980613, 51.02894926731761], [-114.09159225989474, 51.028948511182946], [-114.09159166017577, 51.02894771414167], [-114.09159118723166, 51.02894688386972], [-114.09159084561716, 51.02894602836305], [-114.09159063862216, 51.0289451558607], [-114.09159056824015, 51.02894427476531]]]}}, {"type": "Feature", "properties": {"tag": "T1907", "code": "TREE", "canopy_m": 7.0, "condition": "F", "in_inventory": false, "botanical": ""}, "geometry": {"type": "Polygon", "coordinates": [[[-114.09182456256526, 51.028922560668136], [-114.09182479673039, 51.02891947645719], [-114.09182550915783, 51.02891642157132], [-114.09182669298644, 51.02891342543073], [-114.0918283368152, 51.028910516889894], [-114.09183042481308, 51.02890772395963], [-114.09183293687147, 51.02890507353734], [-114.09183584879781, 51.02890259114804], [-114.09183913254864, 51.02890030069844], [-114.09184275649964, 51.0288982242468], [-114.09184668575017, 51.02889638179049], [-114.09185088245945, 51.028894791073284], [-114.0918553062109, 51.02889346741467], [-114.09185991440144, 51.028892423562176], [-114.09186466265177, 51.028891669568644], [-114.09186950523369, 51.028891212695434], [-114.09187439551062, 51.028891057342484], [-114.09187928638659, 51.028891205005905], [-114.09188413075988, 51.02889165426364], [-114.09188888197664, 51.028892400789104], [-114.09189349428014, 51.02889343739284], [-114.09189792325142, 51.028894754091816], [-114.09190212623716, 51.028896338205534], [-114.09190606276033, 51.028898174478115], [-114.0919096949101, 51.028900245225316], [-114.0919129877069, 51.0289025305047], [-114.09191590943928, 51.028905008307824], [-114.09191843196932, 51.02890765477214], [-114.09192053100364, 51.028910444410734], [-114.09192218632735, 51.02891335035791], [-114.09192338199867, 51.02891634462783], [-114.09192410650257, 51.02891939838403], [-114.0919243528616, 51.02892248221721], [-114.09192411870309, 51.028925566428356], [-114.09192340628198, 51.02892862131481], [-114.09192222245923, 51.028931617456365], [-114.0919205786356, 51.028934525998494], [-114.09191849064193, 51.02893731893037], [-114.09191597858668, 51.02893996935448], [-114.09191306666229, 51.02894245174577], [-114.09190978291211, 51.02894474219742], [-114.0919061589605, 51.02894681865112], [-114.09190222970805, 51.02894866110943], [-114.09189803299569, 51.02895025182846], [-114.09189360924005, 51.02895157548867], [-114.09188900104441, 51.0289526193425], [-114.09188425278826, 51.02895337333701], [-114.0918794102, 51.02895383021082], [-114.09187451991649, 51.02895398556399], [-114.09186962903392, 51.02895383790037], [-114.09186478465428, 51.028953388642044], [-114.09186003343167, 51.02895264211562], [-114.09185542112304, 51.02895160551057], [-114.09185099214754, 51.02895028881], [-114.09184678915867, 51.02894870469446], [-114.09184285263355, 51.028946868419894], [-114.09183922048311, 51.02894479767063], [-114.09183592768693, 51.02894251238918], [-114.09183300595646, 51.028940034584075], [-114.09183048342953, 51.02893738811794], [-114.09182838439938, 51.02893459847772], [-114.09182672908078, 51.02893169252923], [-114.09182553341529, 51.02892869825833], [-114.0918248089177, 51.02892564450151], [-114.09182456256526, 51.028922560668136]]]}}, {"type": "Feature", "properties": {"tag": "T1908", "code": "TREE", "canopy_m": 7.0, "condition": "F", "in_inventory": false, "botanical": ""}, "geometry": {"type": "Polygon", "coordinates": [[[-114.09113851822183, 51.02905379082804], [-114.09113875243314, 51.0290507066185], [-114.09113946490767, 51.02904765173686], [-114.09114064878385, 51.02904465560328], [-114.0911422926602, 51.02904174707214], [-114.09114438070522, 51.02903895415417], [-114.09114689280983, 51.02903630374666], [-114.09114980478105, 51.02903382137448], [-114.09115308857498, 51.029031530944195], [-114.09115671256689, 51.02902945451386], [-114.09116064185574, 51.029027612080625], [-114.09116483860036, 51.02902602138807], [-114.09116926238389, 51.02902469775546], [-114.09117387060287, 51.02902365393002], [-114.09117861887776, 51.02902289996435], [-114.09118346148016, 51.02902244311958], [-114.09118835177321, 51.02902228779532], [-114.09119324266085, 51.02902243548745], [-114.09119808704123, 51.02902288477362], [-114.09120283826043, 51.02902363132695], [-114.09120745056168, 51.02902466795775], [-114.09121187952607, 51.02902598468269], [-114.09121608250034, 51.02902756882104], [-114.09122001900755, 51.02902940511671], [-114.09122365113706, 51.02903147588518], [-114.09122694390943, 51.02903376118387], [-114.09122986561351, 51.02903623900411], [-114.09123238811164, 51.02903888548318], [-114.09123448711074, 51.02904167513406], [-114.09123614239624, 51.029044581090915], [-114.09123733802676, 51.02904757536779], [-114.09123806248766, 51.02905062912821], [-114.09123830880186, 51.02905371296278], [-114.09123807459716, 51.0290567971725], [-114.09123736212895, 51.02905985205474], [-114.09123617825863, 51.029062848189284], [-114.09123453438741, 51.02906575672174], [-114.09123244634661, 51.029068549641316], [-114.09122993424515, 51.02907120005063], [-114.09122702227586, 51.0290736824248], [-114.0912237384826, 51.02907597285714], [-114.09122011449007, 51.02907804928954], [-114.09121618519933, 51.02907989172476], [-114.09121198845158, 51.02908148241914], [-114.09120756466389, 51.02908280605336], [-114.09120295643979, 51.029083849880124], [-114.09119820815907, 51.02908460384677], [-114.09119336555035, 51.02908506069216], [-114.0911884752507, 51.029085216016625], [-114.09118358435647, 51.02908506832429], [-114.09117873996973, 51.02908461903755], [-114.09117398874469, 51.02908387248324], [-114.09116937643832, 51.02908283585114], [-114.0911649474697, 51.0290815191246], [-114.0911607444923, 51.02907993498441], [-114.09115680798314, 51.029078098686774], [-114.09115317585298, 51.02907602791623], [-114.09114988308121, 51.029073742615495], [-114.09114696137902, 51.029071264793274], [-114.09114443888402, 51.029068618312365], [-114.0911423398891, 51.02906582865988], [-114.0911406846087, 51.02906292270171], [-114.091139488984, 51.02905992842384], [-114.09113876452945, 51.02905687466283], [-114.09113851822183, 51.02905379082804]]]}}, {"type": "Feature", "properties": {"tag": "T1909", "code": "TREE", "canopy_m": 3.0, "condition": "F", "in_inventory": false, "botanical": ""}, "geometry": {"type": "Polygon", "coordinates": [[[-114.09159688822238, 51.02831015009687], [-114.09159698858404, 51.02830882829222], [-114.09159729391253, 51.028307519055886], [-114.09159780126734, 51.0283062349965], [-114.09159850576236, 51.02830498848025], [-114.09159940061292, 51.02830379151177], [-114.09160047720108, 51.028302655618525], [-114.09160172515871, 51.02830159173979], [-114.09160313246731, 51.02830061012128], [-114.0916046855737, 51.028299720216495], [-114.09160636952062, 51.028298930595724], [-114.09160816809077, 51.02829824886344], [-114.09161006396292, 51.02829768158509], [-114.09161203887881, 51.02829723422387], [-114.09161407381893, 51.0282969110881], [-114.0916161491857, 51.02829671528977], [-114.09161824499222, 51.0282966487145], [-114.09162034105476, 51.028296712003474], [-114.09162241718711, 51.028296904547155], [-114.09162445339499, 51.02829722449127], [-114.09162643006862, 51.02829766875456], [-114.09162832817155, 51.02829823305856], [-114.09163012942406, 51.02829891196869], [-114.09163181647908, 51.0282996989467], [-114.09163337308937, 51.028300586413565], [-114.0916347842639, 51.02830156582247], [-114.09163603641232, 51.028302627741205], [-114.09163711747573, 51.02830376194291], [-114.09163801704291, 51.02830495750462], [-114.09163872645048, 51.02830620291242], [-114.09163923886649, 51.02830748617234], [-114.09163954935606, 51.028308794925884], [-114.091639654929, 51.02831011656909], [-114.09163955456856, 51.02831143837376], [-114.09163924924123, 51.02831274761021], [-114.0916387418875, 51.028314031669765], [-114.09163803739341, 51.02831527818626], [-114.09163714254363, 51.02831647515503], [-114.09163606595604, 51.02831761104861], [-114.09163481799877, 51.02831867492772], [-114.09163341069029, 51.028319656546614], [-114.09163185758379, 51.028320546451766], [-114.09163017363652, 51.0283213360729], [-114.0916283750658, 51.02832201780552], [-114.09162647919288, 51.02832258508417], [-114.09162450427606, 51.02832303244563], [-114.09162246933487, 51.02832335558158], [-114.09162039396693, 51.028323551380026], [-114.09161829815919, 51.02832361795533], [-114.09161620209544, 51.02832355466633], [-114.09161412596194, 51.02832336212253], [-114.09161208975299, 51.028323042178236], [-114.0916101130784, 51.02832259791471], [-114.0916082149747, 51.028322033610415], [-114.09160641372162, 51.02832135469995], [-114.09160472666623, 51.02832056772157], [-114.09160317005583, 51.02831968025434], [-114.0916017588814, 51.02831870084505], [-114.09160050673334, 51.028317638925955], [-114.0915994256705, 51.028316504723904], [-114.0915985261041, 51.028315309161904], [-114.09159781669746, 51.02831406375386], [-114.09159730428252, 51.02831278049376], [-114.09159699379411, 51.0283114717401], [-114.09159688822238, 51.02831015009687]]]}}, {"type": "Feature", "properties": {"tag": "T1910", "code": "TREE", "canopy_m": 9.0, "condition": "F", "in_inventory": false, "botanical": ""}, "geometry": {"type": "Polygon", "coordinates": [[[-114.09213456808769, 51.02925300498514], [-114.09213486913278, 51.0292490395705], [-114.09213578509116, 51.0292451118579], [-114.09213730714147, 51.02924125967334], [-114.09213942062544, 51.02923752011543], [-114.09214210518891, 51.029233929198135], [-114.092145334978, 51.02923052150391], [-114.09214907888796, 51.02922732985068], [-114.09215330086288, 51.02922438497572], [-114.09215796024277, 51.02922171523979], [-114.09216301215532, 51.02921934635384], [-114.09216840794787, 51.02921730113149], [-114.09217409565608, 51.02921559926929], [-114.09218002050429, 51.0292142571571], [-114.09218612543309, 51.02921328772012], [-114.09219235164883, 51.029212700294565], [-114.0921986391898, 51.02921250053763], [-114.09220492750372, 51.02921269037309], [-114.0922111560308, 51.02921326797272], [-114.09221726478711, 51.02921422777397], [-114.09222319494211, 51.02921556053338], [-114.0922288893853, 51.02921725341586], [-114.09223429327614, 51.02921929011803], [-114.09223935457233, 51.02922165102536], [-114.09224402453086, 51.029224313401095], [-114.09224825817746, 51.029227251605136], [-114.09225201473983, 51.029230437341035], [-114.09225525804013, 51.02923383992843], [-114.09225795684355, 51.02923742659861], [-114.09226008515905, 51.02924116281004], [-114.09226162248964, 51.029245012580965], [-114.09226255402989, 51.029248938836005], [-114.09226287080837, 51.02925290376321], [-114.09226256977419, 51.02925686917817], [-114.09226165382631, 51.02926079689175], [-114.09226013178565, 51.02926464907792], [-114.09225801831018, 51.02926838863798], [-114.09225533375367, 51.02927197955791], [-114.09225210396977, 51.029275387255154], [-114.09224836006302, 51.029278578911665], [-114.09224413808923, 51.02928152379001], [-114.0922394787083, 51.02928419352935], [-114.0922344267926, 51.02928656241859], [-114.09222903099493, 51.02928860764397], [-114.0922233432798, 51.029290309508816], [-114.09221741842316, 51.029291651623204], [-114.09221131348471, 51.029292621061806], [-114.09220508725849, 51.029293208488376], [-114.09219879970664, 51.02929340824566], [-114.09219251138182, 51.02929321840987], [-114.09218628284425, 51.02929264080925], [-114.09218017407827, 51.02929168100642], [-114.09217424391478, 51.029290348244814], [-114.09216854946463, 51.029288655359714], [-114.09216314556859, 51.02928661865455], [-114.09215808426919, 51.02928425774394], [-114.09215341430955, 51.02928159536479], [-114.09214918066398, 51.02927865715734], [-114.09214542410477, 51.029275471418174], [-114.0921421808096, 51.029272068827744], [-114.09213948201308, 51.0292684821549], [-114.09213735370604, 51.0292647459413], [-114.09213581638507, 51.02926089616875], [-114.0921348848553, 51.029256969912694], [-114.09213456808769, 51.02925300498514]]]}}, {"type": "Feature", "properties": {"tag": "T1911", "code": "TREE", "canopy_m": 2.0, "condition": "F", "in_inventory": false, "botanical": ""}, "geometry": {"type": "Polygon", "coordinates": [[[-114.09237902674309, 51.02842050405732], [-114.09237909363618, 51.0284196228538], [-114.0923792971743, 51.02841875002824], [-114.09237963539725, 51.0284178939864], [-114.09238010504775, 51.02841706297245], [-114.0923807016028, 51.0284162649895], [-114.09238141931725, 51.02841550772256], [-114.0923822512791, 51.028414798464524], [-114.09238318947612, 51.02841414404594], [-114.09238422487296, 51.028413550769194], [-114.09238534749815, 51.02841302434787], [-114.09238654654023, 51.0284125698517], [-114.09238781045177, 51.028412191657736], [-114.0923891270606, 51.028411893408155], [-114.09239048368708, 51.028411677975306], [-114.09239186726616, 51.02841154743389], [-114.09239326447322, 51.02841150304111], [-114.09239466185238, 51.02841154522449], [-114.09239604594615, 51.02841167357779], [-114.09239740342497, 51.02841188686487], [-114.09239872121553, 51.028412183031676], [-114.09239998662686, 51.02841255922598], [-114.09240118747232, 51.028413011824775], [-114.09240231218712, 51.028413536469344], [-114.09240334993964, 51.028414128107066], [-114.09240429073577, 51.028414781040134], [-114.09240512551513, 51.028415488980436], [-114.09240584623832, 51.028416245110144], [-114.09240644596439, 51.02841704214732], [-114.09240691891765, 51.028417872416036], [-114.09240726054328, 51.028418727920396], [-114.09240746755124, 51.02841960042138], [-114.09240753794793, 51.02842048151635], [-114.09240747105537, 51.028421362719875], [-114.09240726751777, 51.02842223554549], [-114.0924069292953, 51.028423091587406], [-114.09240645964522, 51.02842392260147], [-114.0924058630905, 51.02842472058454], [-114.09240514537632, 51.028425477851634], [-114.09240431341462, 51.02842618710983], [-114.09240337521766, 51.02842684152859], [-114.09240233982078, 51.0284274348055], [-114.09240121719543, 51.02842796122698], [-114.0924000181531, 51.0284284157233], [-114.0923987542412, 51.028428793917406], [-114.09239743763196, 51.02842909216708], [-114.092396081005, 51.028429307600014], [-114.09239469742542, 51.02842943814147], [-114.09239330021782, 51.028429482534264], [-114.09239190283812, 51.02842944035088], [-114.09239051874383, 51.02842931199754], [-114.09238916126453, 51.02842909871038], [-114.09238784347353, 51.028428802543466], [-114.09238657806188, 51.02842842634904], [-114.09238537721617, 51.02842797375008], [-114.0923842525012, 51.028427449105344], [-114.09238321474864, 51.028426857467466], [-114.09238227395254, 51.02842620453423], [-114.09238143917335, 51.02842549659377], [-114.0923807184504, 51.028424740463905], [-114.09238011872468, 51.02842394342661], [-114.09237964577184, 51.028423113157764], [-114.09237930414668, 51.02842225765335], [-114.09237909713923, 51.0284213851523], [-114.09237902674309, 51.02842050405732]]]}}, {"type": "Feature", "properties": {"tag": "T1912", "code": "TREE", "canopy_m": 2.0, "condition": "F", "in_inventory": false, "botanical": ""}, "geometry": {"type": "Polygon", "coordinates": [[[-114.09236189600466, 51.02839408770102], [-114.09236196289804, 51.028393206497505], [-114.09236216643637, 51.028392333671974], [-114.09236250465943, 51.02839147763017], [-114.09236297430996, 51.02839064661629], [-114.09236357086498, 51.028389848633424], [-114.09236428857929, 51.02838909136659], [-114.09236512054093, 51.02838838210867], [-114.09236605873767, 51.02838772769021], [-114.09236709413412, 51.02838713441362], [-114.09236821675889, 51.02838660799245], [-114.09236941580045, 51.02838615349648], [-114.09237067971141, 51.02838577530268], [-114.09237199631961, 51.0283854770533], [-114.09237335294539, 51.02838526162065], [-114.09237473652374, 51.02838513107944], [-114.09237613373, 51.02838508668687], [-114.09237753110837, 51.02838512887045], [-114.09237891520131, 51.02838525722394], [-114.09238027267926, 51.02838547051122], [-114.09238159046899, 51.028385766678234], [-114.09238285587945, 51.028386142872705], [-114.09238405672404, 51.0283865954717], [-114.09238518143802, 51.02838712011644], [-114.09238621918973, 51.028387711754306], [-114.0923871599851, 51.02838836468751], [-114.09238799476371, 51.02838907262795], [-114.09238871548621, 51.02838982875776], [-114.09238931521165, 51.028390625795026], [-114.09238978816434, 51.028391456063815], [-114.09239012978945, 51.028392311568226], [-114.09239033679698, 51.02839318406924], [-114.09239040719329, 51.028394065164235], [-114.09239034030044, 51.02839494636776], [-114.09239013676263, 51.02839581919335], [-114.09238979854004, 51.028396675235214], [-114.09238932888992, 51.02839750624922], [-114.09238873233527, 51.028398304232205], [-114.0923880146212, 51.02839906149919], [-114.09238718265972, 51.028399770757254], [-114.09238624446304, 51.0284004251759], [-114.09238520906653, 51.02840101845265], [-114.09238408644163, 51.028401544873965], [-114.0923828873998, 51.02840199937012], [-114.0923816234885, 51.02840237756404], [-114.09238030687989, 51.02840267581352], [-114.09237895025363, 51.02840289124626], [-114.09237756667477, 51.028403021787526], [-114.09237616946797, 51.028403066180104], [-114.09237477208906, 51.0284030239965], [-114.0923733879956, 51.02840289564297], [-114.09237203051715, 51.028402682355605], [-114.09237071272702, 51.028402386188496], [-114.09236944731622, 51.02840200999388], [-114.09236824647137, 51.02840155739474], [-114.09236712175723, 51.028401032749834], [-114.09236608400546, 51.02840044111181], [-114.09236514321015, 51.02839978817844], [-114.0923643084317, 51.02839908023783], [-114.09236358770944, 51.02839832410787], [-114.09236298798434, 51.02839752707049], [-114.09236251503208, 51.028396696801565], [-114.09236217340744, 51.0283958412971], [-114.09236196640043, 51.02839496879602], [-114.09236189600466, 51.02839408770102]]]}}, {"type": "Feature", "properties": {"tag": "T1913", "code": "TREE", "canopy_m": 8.0, "condition": "G", "in_inventory": false, "botanical": ""}, "geometry": {"type": "Polygon", "coordinates": [[[-114.09115555341903, 51.027934273673566], [-114.09115582108146, 51.02793074886198], [-114.09115663531728, 51.02792725756789], [-114.09115798828483, 51.027923833414384], [-114.0911598669542, 51.02792050937789], [-114.09116225323267, 51.02791731747069], [-114.09116512413897, 51.02791428843255], [-114.09116845202469, 51.02791145143474], [-114.0911722048404, 51.02790883379905], [-114.09117634644446, 51.02790646073473], [-114.09118083695093, 51.02790435509563], [-114.09118563311382, 51.02790253716015], [-114.09119068874354, 51.027901024436005], [-114.09119595515168, 51.02789983149151], [-114.09120138161992, 51.02789896981534], [-114.09120691588856, 51.02789844770589], [-114.09121250465965, 51.02789827019136], [-114.09121809411042, 51.02789843898129], [-114.09122363041152, 51.02789895245016], [-114.09122906024544, 51.02789980565299], [-114.09123433132004, 51.02790099037299], [-114.09123939287211, 51.027902495200685], [-114.09124419615617, 51.027904305643794], [-114.09124869491404, 51.02790640426677], [-114.0912528458203, 51.027908770858794], [-114.09125660889941, 51.027911382628325], [-114.0912599479109, 51.027914214422616], [-114.09126283069818, 51.02791723896999], [-114.0912652294984, 51.02792042714243], [-114.09126712120974, 51.027923748236155], [-114.09126848761386, 51.02792717026719], [-114.09126931555144, 51.02793066027956], [-114.09126959704888, 51.02793418466253], [-114.09126932939506, 51.02793770947438], [-114.09126851516753, 51.02794120076924], [-114.09126716220761, 51.027944624924025], [-114.09126528354496, 51.02794794896223], [-114.091262897272, 51.0279511408715], [-114.09126002636977, 51.02795416991202], [-114.09125669848659, 51.027957006912416], [-114.09125294567176, 51.02795962455079], [-114.0912488040669, 51.027961997617815], [-114.09124431355794, 51.02796410325951], [-114.09123951739099, 51.02796592119737], [-114.09123446175582, 51.02796743392362], [-114.091229195341, 51.02796862686984], [-114.09122376886515, 51.02796948854731], [-114.09121823458824, 51.02797001065754], [-114.09121264580854, 51.02797018817235], [-114.09120705634916, 51.02797001938216], [-114.09120152003979, 51.02796950591252], [-114.09119609019822, 51.02796865270842], [-114.09119081911692, 51.02796746798671], [-114.09118575755934, 51.027965963156944], [-114.09118095427117, 51.02796415271145], [-114.09117645551076, 51.02796205408588], [-114.09117230460363, 51.027959687491155], [-114.09116854152532, 51.02795707571895], [-114.09116520251634, 51.02795424392205], [-114.0911623197331, 51.027951219372284], [-114.09115992093834, 51.027948031197745], [-114.09115802923367, 51.02794471010231], [-114.09115666283718, 51.02794128806999], [-114.09115583490787, 51.02793779805683], [-114.09115555341903, 51.027934273673566]]]}}, {"type": "Feature", "properties": {"tag": "T1914", "code": "TREE", "canopy_m": 5.0, "condition": "F", "in_inventory": false, "botanical": ""}, "geometry": {"type": "Polygon", "coordinates": [[[-114.09123292395466, 51.02816248131491], [-114.09123309124082, 51.02816027830765], [-114.09123360013709, 51.028158096248596], [-114.09123444574247, 51.028155956152176], [-114.09123561991329, 51.02815387862868], [-114.09123711134158, 51.0281518836858], [-114.09123890566407, 51.028149990535894], [-114.09124098560042, 51.02814821741103], [-114.09124333111968, 51.028146581387354], [-114.09124591963321, 51.02814509822064], [-114.09124872621223, 51.0281437821946], [-114.09125172382787, 51.028142645983245], [-114.09125488361144, 51.02814170052893], [-114.09125817513257, 51.028140954936866], [-114.09126156669211, 51.02814041638749], [-114.09126502562756, 51.02814009006733], [-114.09126851862753, 51.02813997911905], [-114.09127201205256, 51.028140084611096], [-114.09127547225908, 51.02814040552755], [-114.09127886592348, 51.02814093877782], [-114.09128216036298, 51.0281416792264], [-114.09128532385033, 51.0281426197424], [-114.09128832591946, 51.028143751268125], [-114.09129113765883, 51.02814506290638], [-114.09129373198986, 51.028146542025404], [-114.09129608392774, 51.02814817438047], [-114.09129817082201, 51.02814994425114], [-114.09129997257475, 51.028151834592585], [-114.09130147183402, 51.028153827199816], [-114.09130265416113, 51.02815590288292], [-114.09130350816959, 51.02815804165198], [-114.0913040256348, 51.02816022290947], [-114.09130420157322, 51.02816242564868], [-114.09130403429042, 51.02816462865605], [-114.09130352539738, 51.02816681071542], [-114.09130267979498, 51.02816895081233], [-114.09130150562677, 51.02817102833648], [-114.09130001420063, 51.028173023280175], [-114.09129821987976, 51.02817491643101], [-114.0912961399444, 51.02817668955689], [-114.09129379442548, 51.02817832558162], [-114.09129120591162, 51.02817980874937], [-114.09128839933163, 51.02818112477643], [-114.09128540171442, 51.02818226098872], [-114.09128224192871, 51.02818320644386], [-114.09127895040498, 51.028183952036606], [-114.09127555884245, 51.028184490586476], [-114.09127209990378, 51.02818481690694], [-114.09126860690044, 51.02818492785533], [-114.09126511347206, 51.02818482236318], [-114.09126165326231, 51.02818450144642], [-114.09125825959491, 51.02818396819566], [-114.0912549651528, 51.028183227746425], [-114.0912518016633, 51.02818228722961], [-114.09124879959256, 51.02818115570295], [-114.09124598785219, 51.02817984406367], [-114.09124339352083, 51.028178364943614], [-114.09124104158326, 51.02817673258748], [-114.09123895468996, 51.0281749627158], [-114.09123715293883, 51.02817307237343], [-114.09123565368168, 51.02817107976539], [-114.09123447135717, 51.02816900408159], [-114.09123361735169, 51.02816686531204], [-114.09123309988972, 51.02816468405424], [-114.09123292395466, 51.02816248131491]]]}}, {"type": "Feature", "properties": {"tag": "T1915", "code": "TREE", "canopy_m": 5.0, "condition": "P", "in_inventory": true, "botanical": "Populus"}, "geometry": {"type": "Polygon", "coordinates": [[[-114.09198084418134, 51.028120793852864], [-114.0919810114319, 51.02811859084453], [-114.0919815202926, 51.02811640878222], [-114.09198236586278, 51.0281142686804], [-114.09198353999909, 51.02811219114939], [-114.09198503139395, 51.02811019619697], [-114.09198682568434, 51.028108303035594], [-114.09198890559027, 51.028106529897414], [-114.09199125108108, 51.02810489385873], [-114.0919938395684, 51.028103410675456], [-114.0919966461237, 51.02810209463145], [-114.09199964371834, 51.02810095840093], [-114.09200280348384, 51.02810001292639], [-114.09200609498998, 51.02809926731326], [-114.0920094865378, 51.02809872874218], [-114.09201294546487, 51.028098402399884], [-114.09201643845988, 51.02809829142924], [-114.09201993188343, 51.02809839689895], [-114.092023392092, 51.028098717793256], [-114.09202678576192, 51.0280992510218], [-114.09203008021034, 51.028099991449295], [-114.09203324370996, 51.02810093194504], [-114.09203624579459, 51.028102063451556], [-114.09203905755251, 51.02810337507183], [-114.092041651905, 51.028104854174245], [-114.09204400386703, 51.028106486514254], [-114.09204609078789, 51.02810825637157], [-114.0920478925694, 51.028110146701486], [-114.09204939185938, 51.02811213929912], [-114.09205057421882, 51.02811421497464], [-114.09205142826093, 51.02811635373824], [-114.09205194576077, 51.028118534992416], [-114.09205212173447, 51.028120737730504], [-114.09205195448727, 51.02812294073894], [-114.09205144562982, 51.02812512280155], [-114.09205060006262, 51.02812726290387], [-114.09204942592892, 51.02812934043554], [-114.09204793453623, 51.02813133538878], [-114.09204614024742, 51.02813322855109], [-114.09204406034249, 51.02813500169028], [-114.09204171485203, 51.02813663773002], [-114.09203912636438, 51.02813812091433], [-114.0920363198081, 51.02813943695936], [-114.09203332221189, 51.028140573190825], [-114.09203016244426, 51.02814151866618], [-114.09202687093551, 51.028142264279985], [-114.09202347938471, 51.02814280285156], [-114.09202002045441, 51.028143129194156], [-114.09201652745605, 51.028143240164916], [-114.09201303402914, 51.028143134695114], [-114.09200957381732, 51.0281428138005], [-114.09200618014442, 51.02814228057146], [-114.09200288569339, 51.0281415401433], [-114.09199972219162, 51.02814059964674], [-114.09199672010539, 51.028139468139294], [-114.09199390834647, 51.02813815651801], [-114.09199131399363, 51.028136677414544], [-114.09198896203193, 51.028135045073476], [-114.09198687511204, 51.028133275215154], [-114.09198507333211, 51.028131384884304], [-114.09198357404426, 51.02812939228586], [-114.09198239168742, 51.02812731660964], [-114.0919815376483, 51.02812517784555], [-114.09198102015169, 51.028122996591065], [-114.09198084418134, 51.028120793852864]]]}}, {"type": "Feature", "properties": {"tag": "T1916", "code": "TREE", "canopy_m": 7.0, "condition": "F", "in_inventory": false, "botanical": ""}, "geometry": {"type": "Polygon", "coordinates": [[[-114.091115103941, 51.0290796995933], [-114.09111533815397, 51.02907661538383], [-114.09111605063045, 51.029073560502354], [-114.09111723450879, 51.029070564369015], [-114.09111887838752, 51.02906765583821], [-114.09112096643511, 51.02906486292067], [-114.09112347854246, 51.02906221251367], [-114.09112639051656, 51.02905973014209], [-114.09112967431346, 51.02905743971247], [-114.09113329830843, 51.029055363282865], [-114.09113722760041, 51.02905352085043], [-114.09114142434818, 51.02905193015873], [-114.09114584813483, 51.029050606527], [-114.09115045635693, 51.02904956270248], [-114.09115520463484, 51.02904880873778], [-114.09116004724015, 51.02904835189396], [-114.09116493753602, 51.02904819657069], [-114.09116982842632, 51.02904834426379], [-114.09117467280917, 51.029048793550935], [-114.09117942403064, 51.02904954010521], [-114.09118403633394, 51.02905057673692], [-114.09118846530015, 51.02905189346275], [-114.09119266827595, 51.02905347760195], [-114.09119660478444, 51.029055313898375], [-114.09120023691493, 51.02905738466759], [-114.091203529688, 51.029059669966905], [-114.09120645139247, 51.02906214778773], [-114.09120897389066, 51.02906479426729], [-114.09121107288954, 51.02906758391858], [-114.0912127281745, 51.02907048987574], [-114.09121392380418, 51.02907348415285], [-114.09121464826393, 51.029076537913404], [-114.09121489457672, 51.02907962174801], [-114.09121466037033, 51.02908270595767], [-114.0912139479002, 51.029085760839756], [-114.0912127640277, 51.029088756974055], [-114.09121112015411, 51.02909166550616], [-114.09120903211074, 51.029094458425305], [-114.09120652000654, 51.02909710883413], [-114.09120360803438, 51.02909959120769], [-114.09120032423814, 51.02910188163938], [-114.09119670024255, 51.029103958071026], [-114.09119277094867, 51.029105800505455], [-114.09118857419779, 51.029107391199], [-114.09118415040697, 51.029108714832326], [-114.09117954217976, 51.02910975865816], [-114.09117479389602, 51.029110512623845], [-114.09116995128437, 51.02911096946826], [-114.09116506098191, 51.02911112479175], [-114.09116017008503, 51.02911097709845], [-114.09115532569582, 51.02911052781072], [-114.09115057446851, 51.02910978125548], [-114.09114596216008, 51.02910874462246], [-114.09114153318966, 51.02910742789505], [-114.09113733021071, 51.02910584375402], [-114.09113339370028, 51.0291040074556], [-114.09112976156912, 51.029101936684334], [-114.09112646879667, 51.029099651382936], [-114.09112354709413, 51.02909717356016], [-114.09112102459902, 51.029094527078755], [-114.09111892560433, 51.02909173742586], [-114.09111727032447, 51.02908883146738], [-114.09111607470062, 51.02908583718928], [-114.0911153502472, 51.029082783428116], [-114.091115103941, 51.0290796995933]]]}}, {"type": "Feature", "properties": {"tag": "T1917", "code": "TREE", "canopy_m": 10.0, "condition": "F", "in_inventory": false, "botanical": ""}, "geometry": {"type": "Polygon", "coordinates": [[[-114.09117165654924, 51.02854910682005], [-114.09117199113007, 51.028544700805966], [-114.09117300893668, 51.02854033668867], [-114.09117470016683, 51.02853605649699], [-114.09117704853286, 51.02853190145145], [-114.09118003141859, 51.0285279115674], [-114.09118362009706, 51.02852412526954], [-114.09118778000726, 51.02852057902195], [-114.09119247108691, 51.02851730697687], [-114.09119764815833, 51.02851434064582], [-114.09120326136352, 51.02851170859612], [-114.0912092566443, 51.0285094361758], [-114.09121557626293, 51.02850754526946], [-114.09122215935813, 51.02850605408751], [-114.09122894253127, 51.028504976990796], [-114.09123586045685, 51.02850432435235], [-114.09124284651165, 51.02850410245737], [-114.09124983341633, 51.02850431344289], [-114.09125675388337, 51.02850495527693], [-114.0912635412651, 51.02850602177835], [-114.09127013019547, 51.02850750267618], [-114.09127645721964, 51.028509383708574], [-114.09128246140502, 51.028511646760236], [-114.09128808492814, 51.028514270036794], [-114.09129327363142, 51.02851722827471], [-114.09129797754487, 51.02852049298458], [-114.0913021513672, 51.028524032725564], [-114.09130575490214, 51.02852781340806], [-114.09130875344563, 51.02853179862207], [-114.09131111811989, 51.02853594998785], [-114.09131282615168, 51.028540227525546], [-114.09131386109158, 51.02854459004014], [-114.09131421297232, 51.02854899551826], [-114.09131387840492, 51.028553401532726], [-114.09131286061125, 51.028557765651236], [-114.09131116939305, 51.02856204584491], [-114.0913088210375, 51.0285662008931], [-114.09130583816038, 51.028570190780414], [-114.09130224948832, 51.02857397708198], [-114.09129808958208, 51.02857752333361], [-114.0912933985038, 51.0285807953829], [-114.09128822143109, 51.02858376171816], [-114.09128260822202, 51.02858639377191], [-114.09127661293492, 51.028588666195965], [-114.09127029330774, 51.02859055710558], [-114.09126371020211, 51.02859204829023], [-114.09125692701708, 51.02859312538895], [-114.09125000907858, 51.02859377802865], [-114.09124302301035, 51.02859399992404], [-114.09123603609221, 51.028593788938146], [-114.09122911561222, 51.02859314710289], [-114.09122232821856, 51.02859208059949], [-114.09121573927771, 51.028590599699], [-114.09120941224494, 51.02858871866334], [-114.09120340805313, 51.02858645560795], [-114.09119778452606, 51.028583832327364], [-114.0911925958214, 51.02858087408524], [-114.09118789190923, 51.02857760937115], [-114.09118371809079, 51.02857406962613], [-114.09118011456216, 51.02857028893992], [-114.09117711602724, 51.028566303722606], [-114.09117475136338, 51.02856215235413], [-114.09117304334349, 51.028557874814425], [-114.09117200841654, 51.02855351229859], [-114.09117165654924, 51.02854910682005]]]}}, {"type": "Feature", "properties": {"tag": "T1918", "code": "TREE", "canopy_m": 7.0, "condition": "F", "in_inventory": false, "botanical": ""}, "geometry": {"type": "Polygon", "coordinates": [[[-114.09122403491851, 51.028390891108344], [-114.09122426912086, 51.0283878068983], [-114.09122498157966, 51.028384752015796], [-114.0912261654335, 51.02838175588102], [-114.09122780928111, 51.02837884734836], [-114.09122989729124, 51.028376054428556], [-114.0912324093552, 51.02837340401893], [-114.09123532128037, 51.02837092164436], [-114.09123860502328, 51.028368631211436], [-114.0912422289597, 51.02836655477824], [-114.09124615818914, 51.02836471234195], [-114.09125035487101, 51.02836312164617], [-114.09125477858899, 51.0283617980102], [-114.09125938674036, 51.02836075418131], [-114.09126413494616, 51.028360000212125], [-114.09126897747862, 51.028359543363784], [-114.09127386770163, 51.02835938803597], [-114.09127875851978, 51.028359535724576], [-114.09128360283188, 51.02835998500728], [-114.09128835398465, 51.02836073155726], [-114.091292966222, 51.02836176818482], [-114.09129739512562, 51.02836308490671], [-114.09130159804279, 51.02836466904221], [-114.09130553449721, 51.02836650533522], [-114.09130916657867, 51.0283685761013], [-114.09131245930826, 51.02837086139786], [-114.09131538097516, 51.02837333921626], [-114.09131790344212, 51.028375985693806], [-114.09132000241637, 51.028378775343484], [-114.09132165768354, 51.02838168129945], [-114.09132285330247, 51.028384675575815], [-114.09132357775859, 51.02838772933605], [-114.0913238240749, 51.028390813170795], [-114.09132358987915, 51.02839389738103], [-114.09132287742668, 51.028396952264124], [-114.09132169357869, 51.02839994839987], [-114.09132004973624, 51.028402856933845], [-114.0913179617303, 51.028405649855245], [-114.0913154496695, 51.02840830026669], [-114.09131253774628, 51.028410782643235], [-114.09130925400403, 51.028413073078234], [-114.09130563006697, 51.028415149513485], [-114.09130170083564, 51.02841699195175], [-114.09129750415067, 51.02841858264935], [-114.0912930804285, 51.02841990628694], [-114.09128847227203, 51.02842095011716], [-114.0912837240604, 51.02842170408732], [-114.0912788815216, 51.028422160936266], [-114.091273991292, 51.0284223162643], [-114.09126910046727, 51.02842216857549], [-114.09126425614883, 51.028421719292204], [-114.09125950499019, 51.02842097274125], [-114.09125489274771, 51.028419936112385], [-114.09125046383988, 51.028418619388894], [-114.09124626091956, 51.028417035251586], [-114.09124232446321, 51.02841519895659], [-114.09123869238108, 51.02841312818845], [-114.09123539965213, 51.02841084288981], [-114.09123247798712, 51.028408365069446], [-114.09122995552326, 51.028405718590065], [-114.09122785655319, 51.02840292893878], [-114.09122620129112, 51.02840002298149], [-114.09122500567803, 51.02839702870415], [-114.09122428122824, 51.0283939749433], [-114.09122403491851, 51.028390891108344]]]}}, {"type": "Feature", "properties": {"tag": "T1919", "code": "TREE", "canopy_m": 10.0, "condition": "F", "in_inventory": false, "botanical": ""}, "geometry": {"type": "Polygon", "coordinates": [[[-114.09157973729546, 51.02876517127527], [-114.09158007183915, 51.028760765260195], [-114.09158108961213, 51.02875640113953], [-114.09158278081252, 51.02875212094212], [-114.09158512915295, 51.02874796588854], [-114.09158811201746, 51.02874397599424], [-114.09159170067934, 51.02874018968401], [-114.0915958605777, 51.02873664342203], [-114.09160055165039, 51.02873337136068], [-114.0916057287198, 51.02873040501166], [-114.09161134192793, 51.02872777294246], [-114.09161733721659, 51.028725500501295], [-114.09162365684794, 51.02872360957294], [-114.09163023996064, 51.028722118368044], [-114.09163702315581, 51.02872104124769], [-114.09164394110778, 51.028720388585086], [-114.09165092719307, 51.02872016666572], [-114.09165791413207, 51.02872037762679], [-114.0916648346369, 51.02872101943665], [-114.09167162205952, 51.02872208591428], [-114.0916782110335, 51.028723566789026], [-114.09168453810359, 51.02872544779925], [-114.09169054233675, 51.02872771082983], [-114.09169616590903, 51.02873033408663], [-114.09170135466242, 51.02873329230629], [-114.0917060586264, 51.02873655699961], [-114.09171023249921, 51.02874009672584], [-114.09171383608412, 51.02874387739558], [-114.09171683467655, 51.02874786259894], [-114.09171919939827, 51.02875201395631], [-114.09172090747559, 51.028756291487845], [-114.0917219424586, 51.02876065399864], [-114.0917222943797, 51.02876505947535], [-114.09172195984947, 51.02876946549079], [-114.09172094208942, 51.02877382961269], [-114.09171925090098, 51.02877810981208], [-114.09171690257102, 51.02878226486831], [-114.09171391971512, 51.02878625476588], [-114.09171033105964, 51.02879004107984], [-114.09170617116526, 51.028793587345845], [-114.09170148009395, 51.02879685941141], [-114.09169630302324, 51.02879982576462], [-114.09169068981123, 51.02880245783788], [-114.09168469451625, 51.02880473028278], [-114.09167837487634, 51.02880662121441], [-114.09167179175324, 51.028808112422], [-114.09166500854616, 51.02880918954437], [-114.09165809058128, 51.02880984220822], [-114.09165110448254, 51.02881006412801], [-114.09164411753008, 51.02880985316655], [-114.0916371970123, 51.02880921135549], [-114.09163040957776, 51.02880814487585], [-114.0916238205933, 51.028806663998445], [-114.0916174935146, 51.02880478298497], [-114.09161148927502, 51.02880251995068], [-114.09160586569878, 51.02879989668983], [-114.09160067694403, 51.028796938465966], [-114.09159597298132, 51.028793673768455], [-114.0915917991124, 51.02879013403817], [-114.09158819553382, 51.02878635336468], [-114.09158519694994, 51.02878236815803], [-114.09158283223863, 51.02877821679799], [-114.0915811241732, 51.02877393926444], [-114.0915800892031, 51.02876957675238], [-114.09157973729546, 51.02876517127527]]]}}, {"type": "Feature", "properties": {"tag": "T1920", "code": "CON", "canopy_m": 8.0, "condition": "F", "in_inventory": true, "botanical": "Picea glauca"}, "geometry": {"type": "Polygon", "coordinates": [[[-114.09178911320691, 51.028629045879065], [-114.0917893808252, 51.02862552106647], [-114.09179019502552, 51.028622029768414], [-114.09179154796655, 51.028618605607974], [-114.09179342661861, 51.028615281561706], [-114.09179581288916, 51.02861208964196], [-114.09179868379702, 51.02860906058861], [-114.09180201169373, 51.02860622357311], [-114.09180576452981, 51.02860360591737], [-114.09180990616333, 51.02860123283086], [-114.09181439670816, 51.028599127167645], [-114.0918191929179, 51.02859730920637], [-114.0918242486025, 51.02859579645496], [-114.09182951507306, 51.02859460348202], [-114.09183494161061, 51.028593741776504], [-114.09184047595483, 51.02859321963706], [-114.091846064807, 51.028593042092204], [-114.0918516543436, 51.028593210851774], [-114.09185719073443, 51.02859372429054], [-114.09186262066115, 51.02859457746378], [-114.09186789183069, 51.02859576215501], [-114.09187295347893, 51.02859726695503], [-114.09187775685947, 51.02859907737183], [-114.09188225571324, 51.02860117597013], [-114.09188640671381, 51.028603542539315], [-114.09189016988483, 51.028606154288084], [-114.09189350898485, 51.028608986063894], [-114.09189639185652, 51.02861201059524], [-114.09189879073611, 51.02861519875425], [-114.09190068252104, 51.028618519837266], [-114.0919020489923, 51.028621941860465], [-114.09190287698989, 51.028625431867894], [-114.09190315853965, 51.028628956248895], [-114.09190289092996, 51.02863248106174], [-114.09190207673792, 51.02863597236059], [-114.09190072380454, 51.028639396522266], [-114.09189884515919, 51.028642720570254], [-114.09189645889415, 51.028645912492095], [-114.09189358799038, 51.028648941547814], [-114.09189026009622, 51.02865177856591], [-114.09188650726102, 51.02865439622434], [-114.09188236562667, 51.028656769313535], [-114.09187787507936, 51.02865887497935], [-114.09187307886556, 51.028660692943006], [-114.0918680231755, 51.02866220569653], [-114.09186275669828, 51.028663398671185], [-114.09185733015309, 51.028664260378], [-114.09185179580062, 51.02866478251822], [-114.09184620693983, 51.028664960063345], [-114.09184061739464, 51.02866479130352], [-114.09183508099551, 51.02866427786399], [-114.09182965106116, 51.02866342468948], [-114.09182437988491, 51.02866223999656], [-114.09181931823117, 51.028660735194435], [-114.09181451484652, 51.028658924775264], [-114.0918100159902, 51.028656826174384], [-114.09180586498876, 51.02865445960251], [-114.09180210181857, 51.028651847851044], [-114.09179876272101, 51.02864901607263], [-114.09179587985342, 51.0286459915389], [-114.09179348097929, 51.02864280337779], [-114.09179158920102, 51.028639482293045], [-114.09179022273739, 51.028636060268575], [-114.09178939474806, 51.028632570260335], [-114.09178911320691, 51.028629045879065]]]}}, {"type": "Feature", "properties": {"tag": "T1921", "code": "TREE", "canopy_m": 5.0, "condition": "F", "in_inventory": false, "botanical": ""}, "geometry": {"type": "Polygon", "coordinates": [[[-114.0917037432197, 51.02874835307999], [-114.09170391048562, 51.028746150072266], [-114.09170441936615, 51.028743968011405], [-114.09170526496048, 51.02874182791181], [-114.09170643912502, 51.02873975038379], [-114.09170793055186, 51.0287377554351], [-114.09170972487776, 51.028735862278154], [-114.09171180482231, 51.02873408914509], [-114.09171415035452, 51.02873245311212], [-114.09171673888564, 51.02873096993512], [-114.09171954548665, 51.02872965389789], [-114.09172254312854, 51.028728517674566], [-114.09172570294234, 51.02872757220759], [-114.09172899449739, 51.02872682660233], [-114.09173238609421, 51.02872628803932], [-114.09173584506993, 51.02872596170525], [-114.09173933811277, 51.02872585074288], [-114.09174283158289, 51.028725956220825], [-114.09174629183629, 51.02872627712328], [-114.09174968554886, 51.02872681035979], [-114.09175298003738, 51.028727550795], [-114.09175614357414, 51.02872849129812], [-114.09175914569259, 51.02872962281162], [-114.0917619574807, 51.02873093443841], [-114.09176455185944, 51.028732413546784], [-114.09176690384353, 51.02873404589219], [-114.09176899078206, 51.02873581575425], [-114.09177079257667, 51.028737706088236], [-114.09177229187505, 51.02873969868919], [-114.09177347423812, 51.028741774367326], [-114.09177432827904, 51.02874391313271], [-114.0917748457729, 51.02874609438786], [-114.0917750217359, 51.028748297126135], [-114.09177485447334, 51.02875050013396], [-114.09177434559604, 51.02875268219513], [-114.0917735000047, 51.02875482229523], [-114.09177232584278, 51.0287568998239], [-114.09177083441809, 51.028758894773404], [-114.09176904009381, 51.028760787931276], [-114.09176696015024, 51.02876256106536], [-114.09176461461836, 51.02876419709938], [-114.09176202608693, 51.028765680277424], [-114.09175921948493, 51.028766996315674], [-114.09175622184148, 51.02876813253994], [-114.09175306202553, 51.02876907800773], [-114.0917497704679, 51.028769823613665], [-114.0917463788681, 51.02877036217717], [-114.09174291988914, 51.02877068851156], [-114.09173942684292, 51.028770799474046], [-114.09173593336945, 51.028770693995995], [-114.09173247311281, 51.02877037309323], [-114.09172907939725, 51.028769839856224], [-114.09172578490612, 51.028769099420344], [-114.0917226213672, 51.02876815891641], [-114.09171961924716, 51.02876702740198], [-114.09171680745806, 51.0287657157742], [-114.09171421307897, 51.02876423666475], [-114.0917118610952, 51.02876260431829], [-114.09170977415765, 51.02876083445522], [-114.09170797236463, 51.02875894412032], [-114.09170647306838, 51.028756951518524], [-114.0917052907079, 51.02875487583973], [-114.09170443666996, 51.02875273707385], [-114.09170391917932, 51.028750555818384], [-114.0917037432197, 51.02874835307999]]]}}, {"type": "Feature", "properties": {"tag": "T1922", "code": "CON", "canopy_m": 3.0, "condition": "F", "in_inventory": true, "botanical": "Picea glauca"}, "geometry": {"type": "Polygon", "coordinates": [[[-114.0921408074011, 51.02823678858436], [-114.09214090774712, 51.02823546677926], [-114.09214121305982, 51.02823415754149], [-114.0921417203988, 51.02823287347973], [-114.09214242487812, 51.02823162696019], [-114.09214331971326, 51.028230429987545], [-114.09214439628641, 51.02822929408929], [-114.09214564422963, 51.028228230204725], [-114.09214705152449, 51.02822724857966], [-114.092148604618, 51.028226358667645], [-114.09215028855303, 51.02822556903904], [-114.09215208711235, 51.028224887298364], [-114.09215398297485, 51.028224320011205], [-114.09215595788238, 51.02822387264078], [-114.0921579928155, 51.028223549495536], [-114.09216006817668, 51.02822335368756], [-114.09216216397911, 51.028223287102534], [-114.09216426003907, 51.02822335038176], [-114.09216633617038, 51.02822354291577], [-114.09216837237877, 51.02822386285041], [-114.09217034905447, 51.02822430710452], [-114.092172247161, 51.02822487139968], [-114.0921740484186, 51.02822555030144], [-114.09217573548015, 51.0282263372716], [-114.09217729209836, 51.02822722473121], [-114.09217870328213, 51.02822820413357], [-114.09217995544098, 51.02822926604649], [-114.09218103651595, 51.028230400243174], [-114.09218193609567, 51.028231595800705], [-114.09218264551671, 51.0282328412052], [-114.09218315794692, 51.02823412446274], [-114.09218346845132, 51.02823543321486], [-114.09218357403955, 51.02823675485757], [-114.09218347369473, 51.028238076662724], [-114.09218316838322, 51.0282393859006], [-114.0921826610453, 51.02824066996254], [-114.09218195656692, 51.028241916482315], [-114.09218106173257, 51.02824311345525], [-114.09217998515999, 51.02824424935385], [-114.09217873721714, 51.02824531323877], [-114.09217732992238, 51.02824629486422], [-114.09217577682875, 51.02824718477661], [-114.09217409289337, 51.02824797440558], [-114.0921722943335, 51.02824865614659], [-114.09217039847022, 51.02824922343406], [-114.09216842356176, 51.028249670804705], [-114.09216638862758, 51.02824999395013], [-114.09216431326522, 51.028250189758225], [-114.09216221746159, 51.02825025634329], [-114.09216012140041, 51.02825019306404], [-114.09215804526794, 51.028250000529894], [-114.09215600905847, 51.02824968059509], [-114.09215403238183, 51.02824923634075], [-114.09215213427451, 51.028248672045294], [-114.09215033301636, 51.02824799314319], [-114.09214864595444, 51.02824720617268], [-114.09214708933611, 51.028246318712675], [-114.09214567815246, 51.02824533930995], [-114.09214442599396, 51.02824427739666], [-114.09214334491955, 51.02824314319964], [-114.09214244534058, 51.0282419476418], [-114.09214173592049, 51.02824070223708], [-114.09214122349135, 51.02823941897935], [-114.09214091298813, 51.028238110227115], [-114.0921408074011, 51.02823678858436]]]}}, {"type": "Feature", "properties": {"tag": "T1923", "code": "CON", "canopy_m": 8.0, "condition": "F", "in_inventory": true, "botanical": "Picea glauca"}, "geometry": {"type": "Polygon", "coordinates": [[[-114.09209083343355, 51.02819667970256], [-114.09209110102653, 51.028193154889024], [-114.09209191519665, 51.028189663588606], [-114.0920932681029, 51.02818623942446], [-114.09209514671592, 51.0281829153731], [-114.09209753294357, 51.02817972344698], [-114.09210040380509, 51.02817669438602], [-114.09210373165246, 51.02817385736173], [-114.09210748443662, 51.028171239696135], [-114.09211162601623, 51.02816886659879], [-114.09211611650562, 51.02816676092386], [-114.09212091265894, 51.028164942950085], [-114.0921259682867, 51.02816343018554], [-114.09213123470049, 51.02816223719895], [-114.092136661182, 51.02816137547938], [-114.0921421954713, 51.02816085332566], [-114.09214778427031, 51.02816067576639], [-114.09215337375598, 51.02816084451157], [-114.0921589100986, 51.02816135793608], [-114.09216433998031, 51.02816221109539], [-114.09216961110849, 51.02816339577313], [-114.09217467271937, 51.02816490056021], [-114.09217947606695, 51.028166710964776], [-114.09218397489244, 51.02816880955161], [-114.09218812586971, 51.02817117611027], [-114.09219188902263, 51.02817378784953], [-114.09219522810993, 51.028176619616936], [-114.09219811097435, 51.02817964414107], [-114.09220050985229, 51.028182832294135], [-114.09220240164115, 51.02818615337251], [-114.09220376812185, 51.02818957539241], [-114.09220459613435, 51.02819306539795], [-114.09220487770432, 51.028196589778474], [-114.09220461011996, 51.02820011459228], [-114.09220379595813, 51.02820360589346], [-114.09220244305953, 51.02820703005889], [-114.09220056445321, 51.02821035411195], [-114.09219817823104, 51.028213546040156], [-114.09219530737364, 51.02821657510348], [-114.09219197952882, 51.02821941213037], [-114.09218822674552, 51.028222029798634], [-114.09218408516509, 51.02822440289869], [-114.09217959467323, 51.02822650857621], [-114.09217479851584, 51.02822832655238], [-114.09216974288263, 51.028229839319025], [-114.09216447646216, 51.02823103230733], [-114.09215904997306, 51.0282318940282], [-114.09215351567549, 51.02823241618272], [-114.09214792686785, 51.028232593742246], [-114.09214233737359, 51.02823242499682], [-114.09213680102268, 51.02823191157153], [-114.09213137113332, 51.02823105841095], [-114.09212609999844, 51.02822987373152], [-114.09212103838206, 51.02822836894235], [-114.09211623503037, 51.02822655853541], [-114.09211173620234, 51.028224459945974], [-114.09210758522418, 51.02822209338463], [-114.0921038220721, 51.02821948164269], [-114.09210048298728, 51.02821664987268], [-114.0920976001269, 51.02821362534616], [-114.09209520125444, 51.028210437191], [-114.09209330947225, 51.02820711611089], [-114.09209194299916, 51.0282036940897], [-114.09209111499493, 51.02820020408336], [-114.09209083343355, 51.02819667970256]]]}}, {"type": "Feature", "properties": {"tag": "T1924", "code": "CON", "canopy_m": 10.0, "condition": "F", "in_inventory": true, "botanical": "Picea glauca"}, "geometry": {"type": "Polygon", "coordinates": [[[-114.09142027765853, 51.02860101724615], [-114.09142061221615, 51.02859661123141], [-114.09142163000055, 51.028592247112], [-114.09142332120967, 51.02858796691676], [-114.09142566955609, 51.02858381186627], [-114.09142865242379, 51.02857982197593], [-114.091432241086, 51.02857603567048], [-114.09143640098185, 51.02857248941408], [-114.09144109204922, 51.02856921735905], [-114.09144626911055, 51.02856625101701], [-114.09145188230791, 51.028563618955395], [-114.0914578775832, 51.02856134652235], [-114.09146419719875, 51.0285594556026], [-114.09147078029332, 51.02855796440664], [-114.09147756346826, 51.028556887295515], [-114.09148448139804, 51.02855623464234], [-114.09149146745943, 51.02855601273252], [-114.09149845437304, 51.02855622370314], [-114.09150537485122, 51.02855686552246], [-114.09151216224622, 51.02855793200942], [-114.09151875119186, 51.0285594128932], [-114.09152507823313, 51.02856129391212], [-114.09153108243731, 51.02856355695098], [-114.09153670598074, 51.028566180215535], [-114.09154189470564, 51.02856913844237], [-114.09154659864181, 51.02857240314221], [-114.09155077248771, 51.02857594287427], [-114.09155437604691, 51.02857972354904], [-114.09155737461505, 51.02858370875663], [-114.09155973931416, 51.028587860117334], [-114.09156144737075, 51.02859213765135], [-114.09156248233515, 51.02859650016367], [-114.09156283423985, 51.028600905641], [-114.09156249969566, 51.02860531165612], [-114.09156148192422, 51.02860967577675], [-114.09155979072703, 51.02861395597397], [-114.0915574423911, 51.028618111027114], [-114.09155445953202, 51.02862210092072], [-114.0915508708762, 51.028625887229886], [-114.09154671098432, 51.02862943349033], [-114.09154201991832, 51.02863270554957], [-114.09153684285572, 51.0286356718958], [-114.09153122965446, 51.02863830396147], [-114.09152523437284, 51.028640576398246], [-114.09151891474876, 51.0286424673213], [-114.09151233164378, 51.02864395851994], [-114.09150554845694, 51.028645035633076], [-114.09149863051422, 51.02864568828749], [-114.09149164443939, 51.028645910197746], [-114.09148465751235, 51.02864569922672], [-114.0914777370212, 51.0286450574062], [-114.09147094961426, 51.02864399091726], [-114.09146436065816, 51.0286425100308], [-114.09145803360826, 51.028640629008635], [-114.09145202939767, 51.02863836596605], [-114.09144640585029, 51.028635742697446], [-114.09144121712401, 51.02863278446642], [-114.09143651318914, 51.02862951976236], [-114.0914323393471, 51.02862598002626], [-114.09142873579424, 51.02862219934775], [-114.09142573723464, 51.02861821413689], [-114.09142337254593, 51.028614062773485], [-114.09142166450124, 51.02860978523747], [-114.09142062954977, 51.028605422723885], [-114.09142027765853, 51.02860101724615]]]}}, {"type": "Feature", "properties": {"tag": "T1925", "code": "TREE", "canopy_m": 8.0, "condition": "F", "in_inventory": false, "botanical": ""}, "geometry": {"type": "Polygon", "coordinates": [[[-114.09121049755659, 51.029018341988184], [-114.09121076522099, 51.029014817177114], [-114.09121157947156, 51.02901132588329], [-114.09121293246652, 51.02900790172977], [-114.09121481117569, 51.029004577692994], [-114.09121719750594, 51.02900138578524], [-114.09122006847555, 51.028998356746285], [-114.09122339643545, 51.028995519747404], [-114.09122714933555, 51.028992902110396], [-114.09123129103332, 51.02899052904451], [-114.09123578164198, 51.02898842340364], [-114.09124057791455, 51.02898660546621], [-114.09124563366036, 51.028985092739894], [-114.09125090018989, 51.02898389979309], [-114.09125632678368, 51.02898303811445], [-114.09126186118077, 51.02898251600244], [-114.09126745008201, 51.02898233848524], [-114.09127303966336, 51.02898250727245], [-114.09127857609421, 51.02898302073856], [-114.09128400605584, 51.028983873938614], [-114.09128927725484, 51.02898505865585], [-114.09129433892679, 51.02898656348083], [-114.09129914232508, 51.028988373921266], [-114.09130364119046, 51.028990472541686], [-114.09130779219639, 51.02899283913127], [-114.09131155536646, 51.0289954508985], [-114.09131489445926, 51.02899828269065], [-114.09131777731746, 51.02900130723607], [-114.0913201761775, 51.029004495406774], [-114.09132206793699, 51.02900781649895], [-114.09132343437712, 51.029011238528675], [-114.09132426233825, 51.02901472854], [-114.09132454384651, 51.02901825292217], [-114.09132427619073, 51.02902177773349], [-114.09132346194845, 51.0290252690281], [-114.09132210896112, 51.02902869318288], [-114.09132023025866, 51.02903201722137], [-114.09131784393392, 51.0290352091312], [-114.09131497296842, 51.02903823817254], [-114.09131164501105, 51.029041075174014], [-114.09130789211184, 51.02904369281371], [-114.09130375041325, 51.029046065882284], [-114.0912992598021, 51.029048171525744], [-114.09129446352547, 51.02904998946558], [-114.0912894077742, 51.02905150219398], [-114.091284141238, 51.02905269514252], [-114.0912787146366, 51.02905355682244], [-114.09127318023123, 51.02905407893524], [-114.09126759132138, 51.02905425645271], [-114.09126200173142, 51.029054087665244], [-114.09125646529228, 51.02905357419838], [-114.09125103532303, 51.02905272099704], [-114.09124576411732, 51.02905153627811], [-114.09124070243988, 51.02905003145105], [-114.09123589903746, 51.02904822100822], [-114.09123140016955, 51.02904612238522], [-114.09122724916274, 51.02904375579295], [-114.0912234859935, 51.02904114402302], [-114.09122014690317, 51.02903831222828], [-114.09121726404904, 51.02903528768045], [-114.09121486519444, 51.029032099507674], [-114.09121297344163, 51.029028778413775], [-114.09121160700911, 51.02902535638275], [-114.09121077905627, 51.02902186637064], [-114.09121049755659, 51.029018341988184]]]}}, {"type": "Feature", "properties": {"tag": "T1926", "code": "TREE", "canopy_m": 11.0, "condition": "F", "in_inventory": false, "botanical": ""}, "geometry": {"type": "Polygon", "coordinates": [[[-114.09194745273402, 51.02806783447716], [-114.0919478206883, 51.02806298785888], [-114.09194894018385, 51.02805818732208], [-114.09195080043914, 51.028053479098524], [-114.09195338353864, 51.02804890853095], [-114.09195666460553, 51.02804451963639], [-114.09196061204118, 51.028040354682226], [-114.09196518782953, 51.028036453779166], [-114.09197034790314, 51.02803285449499], [-114.0919760425677, 51.02802959149271], [-114.09198221698045, 51.02802669619672], [-114.09198881167853, 51.028024196490236], [-114.09199576315149, 51.02802211644675], [-114.09200300445298, 51.02802047609817], [-114.0920104658455, 51.028019291241854], [-114.09201807547197, 51.02801857328863], [-114.09202576004775, 51.02801832915274], [-114.09203344556641, 51.028018561185334], [-114.09204105801243, 51.02801926715181], [-114.09204852407403, 51.02802044025338], [-114.09205577184918, 51.02802206919244], [-114.09206273153796, 51.02802413828146], [-114.092069336115, 51.028026627594066], [-114.09207552197466, 51.02802951315685], [-114.09208122954384, 51.02803276718036], [-114.09208640385552, 51.02803635832664], [-114.09209099507824, 51.02804025201104], [-114.09209495899594, 51.02804441073535], [-114.09209825743385, 51.02804879444882], [-114.09210085862603, 51.02805336093396], [-114.09210273752139, 51.02805806621309], [-114.09210387602495, 51.028062864971815], [-114.09210426317206, 51.02806771099547], [-114.09210389523408, 51.02807255761426], [-114.09210277575416, 51.02807735815252], [-114.09210091551334, 51.02808206637846], [-114.0920983324265, 51.02808663694927], [-114.09209505137004, 51.028091025847765], [-114.09209110394214, 51.02809519080644], [-114.09208652815859, 51.028099091714374], [-114.09208136808662, 51.02810269100363], [-114.09207567342052, 51.02810595401101], [-114.09206949900306, 51.0281088493119], [-114.09206290429734, 51.0281113490229], [-114.09205595281405, 51.028113429070345], [-114.09204871149996, 51.02811506942221], [-114.09204125009303, 51.028116254280945], [-114.09203364045094, 51.02811697223567], [-114.09202595585889, 51.02811721637209], [-114.09201827032395, 51.02811698433902], [-114.09201065786225, 51.02811627837108], [-114.0920031917862, 51.02811510526711], [-114.0919959439984, 51.02811347632482], [-114.09198898429918, 51.02811140723186], [-114.09198237971441, 51.02810891791476], [-114.09197619384994, 51.028106032347075], [-114.09197048627911, 51.02810277831848], [-114.09196531196898, 51.028099187167115], [-114.09196072075095, 51.02809529347781], [-114.0919567568409, 51.02809113474898], [-114.09195345841333, 51.028086751031545], [-114.09195085723377, 51.02808218454314], [-114.09194897835279, 51.028077479261576], [-114.09194783986487, 51.02807268050137], [-114.09194745273402, 51.02806783447716]]]}}, {"type": "Feature", "properties": {"tag": "T1927", "code": "TREE", "canopy_m": 8.0, "condition": "F", "in_inventory": true, "botanical": "Populus"}, "geometry": {"type": "Polygon", "coordinates": [[[-114.09169551661904, 51.02809033602331], [-114.0916957842414, 51.0280868112106], [-114.09169659843936, 51.02808331991287], [-114.09169795137166, 51.028079895753216], [-114.09169983000868, 51.028076571708134], [-114.09170221625804, 51.02807337979], [-114.09170508713878, 51.0280703507387], [-114.09170841500269, 51.0280675137256], [-114.09171216780055, 51.02806489607266], [-114.09171630939089, 51.028062522989266], [-114.09172079988795, 51.02806041732948], [-114.09172559604579, 51.02805859937191], [-114.09173065167487, 51.02805708662443], [-114.09173591808678, 51.02805589365564], [-114.09174134456322, 51.028055031954416], [-114.09174687884433, 51.02805450981939], [-114.0917524676321, 51.02805433227905], [-114.09175805710356, 51.02805450104313], [-114.09176359342918, 51.0280550144864], [-114.09176902329122, 51.0280558676641], [-114.09177429439727, 51.028057052359706], [-114.09177935598377, 51.02805855716395], [-114.09178415930498, 51.0280603675848], [-114.09178865810235, 51.02806246618691], [-114.09179280905, 51.02806483275967], [-114.09179657217211, 51.02806744451172], [-114.09179991122768, 51.028070276290485], [-114.09180279405979, 51.02807330082443], [-114.09180519290513, 51.02807648898569], [-114.09180708466138, 51.02807981007055], [-114.09180845110986, 51.02808323209516], [-114.09180927909078, 51.02808672210359], [-114.09180956063013, 51.028090246485135], [-114.09180929301638, 51.028093771298124], [-114.09180847882669, 51.028097262596624], [-114.09180712590204, 51.02810068675755], [-114.09180524727172, 51.02810401080433], [-114.09180286102786, 51.028107202724534], [-114.09179999015123, 51.02811023177821], [-114.09179666228987, 51.02811306879391], [-114.09179290949287, 51.02811568644954], [-114.0917887679017, 51.028118059535615], [-114.09178427740217, 51.028120165198004], [-114.09177948124028, 51.02812198315797], [-114.09177442560573, 51.028123495907536], [-114.09176915918715, 51.02812468887806], [-114.09176373270311, 51.02812555058058], [-114.09175819841371, 51.02812607271639], [-114.09175260961736, 51.028126250257024], [-114.09174702013728, 51.02812608149268], [-114.09174148380337, 51.028125568048644], [-114.09173605393369, 51.028124714869655], [-114.09173078282095, 51.02812353017236], [-114.09172572122893, 51.028122025366024], [-114.09172091790361, 51.028120214942795], [-114.0917164191037, 51.02811811633809], [-114.09171226815516, 51.02811574976265], [-114.09170850503389, 51.028113138007896], [-114.0917051659808, 51.02811030622654], [-114.09170228315274, 51.028107281690204], [-114.09169988431289, 51.028104093526856], [-114.09169799256328, 51.02810077244026], [-114.09169662612243, 51.02809735041437], [-114.09169579814977, 51.02809386040516], [-114.09169551661904, 51.02809033602331]]]}}, {"type": "Feature", "properties": {"tag": "T1928", "code": "TREE", "canopy_m": 10.0, "condition": "F", "in_inventory": false, "botanical": ""}, "geometry": {"type": "Polygon", "coordinates": [[[-114.09158506327987, 51.02836443954015], [-114.09158539782021, 51.02836003352478], [-114.09158641558398, 51.02835566940376], [-114.09158810676934, 51.02835138920597], [-114.09159045508909, 51.02834723415202], [-114.09159343792747, 51.028343244257314], [-114.091597026558, 51.028339457946664], [-114.09160118642014, 51.02833591168428], [-114.09160587745203, 51.02833263962253], [-114.09161105447649, 51.02832967327308], [-114.09161666763595, 51.028327041203475], [-114.09162266287268, 51.028324768761905], [-114.09162898244935, 51.02832287783316], [-114.0916355655051, 51.0283213866279], [-114.09164234864168, 51.02832030950718], [-114.09164926653393, 51.02831965684424], [-114.09165625255898, 51.028319434924576], [-114.09166323943774, 51.02831964588538], [-114.09167015988297, 51.02832028769498], [-114.09167694724717, 51.02832135417244], [-114.0916835361645, 51.02832283504701], [-114.0916898631802, 51.028324716057085], [-114.09169586736182, 51.02832697908758], [-114.0917014908859, 51.02832960234433], [-114.09170667959485, 51.02833256056398], [-114.0917113835186, 51.02833582525732], [-114.09171555735578, 51.02833936498364], [-114.09171916091002, 51.02834314565347], [-114.09172215947699, 51.02834713085701], [-114.09172452417876, 51.02835128221455], [-114.0917262322418, 51.028355559746316], [-114.09172726721634, 51.028359922257366], [-114.09172761913486, 51.02836432773435], [-114.09172728460796, 51.02836873375013], [-114.09172626685715, 51.028373097872354], [-114.09172457568371, 51.0283773780721], [-114.09172222737445, 51.02838153312874], [-114.09171924454466, 51.02838552302669], [-114.09171565592054, 51.02838930934106], [-114.09171149606239, 51.02839285560749], [-114.09170680503185, 51.02839612767346], [-114.0917016280061, 51.02839909402711], [-114.09169601484277, 51.02840172610076], [-114.09169001959971, 51.02840399854607], [-114.0916837000145, 51.02840588947808], [-114.09167711694833, 51.028407380686055], [-114.09167033379984, 51.02840845780878], [-114.09166341589467, 51.02840911047295], [-114.0916564298562, 51.02840933239306], [-114.09164944296397, 51.02840912143185], [-114.09164252250581, 51.02840847962104], [-114.09163573512967, 51.02840741314161], [-114.09162914620187, 51.02840593226438], [-114.09162281917753, 51.02840405125103], [-114.09161681498951, 51.02840178821683], [-114.09161119146148, 51.02839916495604], [-114.09160600275116, 51.028396206732175], [-114.09160129882868, 51.028392942034635], [-114.09159712499537, 51.02838940230427], [-114.09159352144748, 51.028385621630676], [-114.09159052288905, 51.02838163642389], [-114.0915881581977, 51.028377485063636], [-114.09158645014656, 51.02837320752987], [-114.09158541518492, 51.028368845017575], [-114.09158506327987, 51.02836443954015]]]}}, {"type": "Feature", "properties": {"tag": "T1929", "code": "TREE", "canopy_m": 6.0, "condition": "F", "in_inventory": false, "botanical": ""}, "geometry": {"type": "Polygon", "coordinates": [[[-114.09255967880304, 51.02845869345572], [-114.09255987947223, 51.02845604984489], [-114.09256049007685, 51.028453431367254], [-114.09256150473638, 51.02845086324021], [-114.09256291367907, 51.028448370196166], [-114.09256470333592, 51.02844597624453], [-114.09256685647158, 51.02844370444032], [-114.09256935235008, 51.028441576662246], [-114.09257216693477, 51.02843961340195], [-114.09257527311964, 51.02843783356669], [-114.09257864099042, 51.02843625429721], [-114.09258223811271, 51.02843489080273], [-114.09258602984428, 51.02843375621442], [-114.09258997966874, 51.028432861458974], [-114.09259404954719, 51.02843221515337], [-114.09259820028448, 51.02843182352186], [-114.09260239190687, 51.02843169033608], [-114.09260658404678, 51.02843181687866], [-114.09261073633168, 51.02843220193094], [-114.0926148087729, 51.02843284178465], [-114.09261876215061, 51.02843373027769], [-114.09262255839171, 51.028434858853366], [-114.09262616093636, 51.0284362166429], [-114.09262953509014, 51.02843779057006], [-114.09263264835809, 51.0284395654771], [-114.09263547075777, 51.0284415242707], [-114.0926379751079, 51.02844364808665], [-114.09264013729025, 51.02844591647144], [-114.09264193648171, 51.02844830757932], [-114.0926433553551, 51.02845079838261], [-114.09264438024582, 51.028453364893544], [-114.09264500128354, 51.02845598239522], [-114.09264521248727, 51.02845862567969], [-114.09264501182295, 51.028461269290666], [-114.09264440122298, 51.02846388776873], [-114.09264338656774, 51.0284664558965], [-114.09264197762883, 51.02846894894148], [-114.09264018797506, 51.0284713428943], [-114.09263803484173, 51.02847361469985], [-114.09263553896464, 51.02847574247937], [-114.09263272438045, 51.02847770574118], [-114.09262961819515, 51.02847948557797], [-114.09262625032295, 51.028481064848904], [-114.09262265319838, 51.02848242834473], [-114.09261886146373, 51.02848356293422], [-114.09261491163551, 51.028484457690624], [-114.0926108417528, 51.02848510399696], [-114.09260669101084, 51.028485495628914], [-114.09260249938363, 51.02848562881486], [-114.09259830723889, 51.028485502272126], [-114.09259415494931, 51.02848511721942], [-114.0925900825038, 51.028484477364984], [-114.09258612912231, 51.02848358887099], [-114.09258233287812, 51.02848246029414], [-114.09257873033114, 51.02848110250327], [-114.09257535617594, 51.02847952857464], [-114.09257224290751, 51.02847775366611], [-114.09256942050828, 51.02847579487098], [-114.09256691615954, 51.02847367105357], [-114.09256475397949, 51.02847140266744], [-114.09256295479109, 51.02846901155839], [-114.09256153592146, 51.02846652075412], [-114.09256051103502, 51.02846395424246], [-114.09255989000195, 51.02846133674034], [-114.09255967880304, 51.02845869345572]]]}}, {"type": "Feature", "properties": {"tag": "T1930", "code": "TREE", "canopy_m": 8.0, "condition": "F", "in_inventory": false, "botanical": ""}, "geometry": {"type": "Polygon", "coordinates": [[[-114.09145572324073, 51.029060420188294], [-114.09145599088676, 51.02905689537671], [-114.09145680511965, 51.029053404081196], [-114.09145815809775, 51.02904997992488], [-114.09146003679105, 51.02904665588418], [-114.09146242310662, 51.029043463971455], [-114.09146529406283, 51.0290404349265], [-114.09146862201077, 51.029037597920656], [-114.09147237490043, 51.02903498027582], [-114.09147651658942, 51.02903260720126], [-114.09148100719102, 51.029030501550984], [-114.09148580345833, 51.02902868360349], [-114.09149085920072, 51.02902717086659], [-114.0914961257287, 51.029025977908745], [-114.09150155232284, 51.029025116218726], [-114.09150708672219, 51.0290245940951], [-114.09151267562754, 51.02902441656618], [-114.09151826521482, 51.02902458534165], [-114.09152380165338, 51.02902509879613], [-114.0915292316244, 51.029025951984785], [-114.0915345028344, 51.02902713669096], [-114.09153956451887, 51.02902864150528], [-114.09154436793106, 51.02903045193563], [-114.09154886681156, 51.02903255054658], [-114.09155301783375, 51.02903491712744], [-114.091556781021, 51.02903752888673], [-114.09156012013175, 51.02904036067184], [-114.09156300300853, 51.02904338521119], [-114.09156540188755, 51.02904657337681], [-114.09156729366627, 51.029049894465], [-114.0915686601257, 51.029053316491826], [-114.091569488106, 51.029056806501366], [-114.09156976963313, 51.02906033088291], [-114.0915695019957, 51.02906385569477], [-114.0915686877711, 51.02906734699105], [-114.09156733480063, 51.02907077114863], [-114.09156545611403, 51.02907409519103], [-114.09156306980398, 51.029077287105856], [-114.09156019885187, 51.02908031615318], [-114.09155687090646, 51.029083153161594], [-114.09155311801769, 51.029085770809154], [-114.09154897632787, 51.0290881438864], [-114.09154448572379, 51.02909024953926], [-114.09153968945243, 51.02909206748914], [-114.09153463370458, 51.02909358022815], [-114.09152936716991, 51.02909477318773], [-114.09152394056817, 51.02909563487902], [-114.09151840616056, 51.02909615700345], [-114.09151281724661, 51.02909633453263], [-114.09150722765071, 51.02909616575691], [-114.09150169120386, 51.029095652301656], [-114.09149626122519, 51.02909479911173], [-114.09149099000848, 51.02909361440388], [-114.09148592831852, 51.02909210958745], [-114.09148112490222, 51.02909029915472], [-114.09147662601917, 51.02908820054118], [-114.09147247499612, 51.02908583395764], [-114.09146871180968, 51.02908322219565], [-114.0914653727014, 51.029080390407934], [-114.0914624898287, 51.02907736586621], [-114.09146009095512, 51.029074177698476], [-114.09145819918308, 51.029070856608584], [-114.09145683273125, 51.02906743458046], [-114.09145600475924, 51.029063944570126], [-114.09145572324073, 51.029060420188294]]]}}, {"type": "Feature", "properties": {"tag": "T1931", "code": "TREE", "canopy_m": 2.0, "condition": "F", "in_inventory": true, "botanical": "Syringa reticulata"}, "geometry": {"type": "Polygon", "coordinates": [[[-114.09156330592212, 51.028934371433486], [-114.09156337283142, 51.02893349023051], [-114.09156357638709, 51.02893261740643], [-114.09156391462881, 51.028931761367026], [-114.09156438429908, 51.028930930356424], [-114.09156498087471, 51.028930132377695], [-114.09156569861038, 51.02892937511583], [-114.09156653059388, 51.028928665863646], [-114.09156746881276, 51.02892801145164], [-114.09156850423146, 51.02892741818217], [-114.09156962687831, 51.02892689176873], [-114.09157082594163, 51.02892643728096], [-114.09157208987378, 51.02892605909583], [-114.09157340650242, 51.02892576085546], [-114.09157476314769, 51.028925545432095], [-114.09157614674437, 51.028925414900336], [-114.09157754396766, 51.028925370517314], [-114.09157894136156, 51.02892541271042], [-114.0915803254684, 51.028925541073356], [-114.09158168295849, 51.02892575436989], [-114.09158300075845, 51.02892605054588], [-114.09158426617718, 51.02892642674895], [-114.09158546702798, 51.02892687935611], [-114.09158659174602, 51.02892740400849], [-114.09158762949966, 51.02892799565338], [-114.09158857029475, 51.02892864859295], [-114.09158940507093, 51.028929356539045], [-114.09159012578884, 51.02893011267371], [-114.09159072550757, 51.028930909714994], [-114.0915911984515, 51.02893173998696], [-114.0915915400659, 51.028932595493615], [-114.09159174706086, 51.02893346799598], [-114.09159181744286, 51.02893434909137], [-114.0915917505341, 51.02893523029436], [-114.09159154697895, 51.02893610311848], [-114.09159120873773, 51.028936959157974], [-114.09159073906787, 51.02893779016869], [-114.09159014249256, 51.028938588147554], [-114.09158942475716, 51.02893934540957], [-114.09158859277382, 51.02894005466191], [-114.09158765455498, 51.02894070907408], [-114.09158661913625, 51.028941302343725], [-114.09158549648924, 51.028941828757326], [-114.09158429742565, 51.02894228324526], [-114.09158303349317, 51.0289426614305], [-114.09158171686413, 51.02894295967097], [-114.09158036021837, 51.02894317509443], [-114.09157897662118, 51.028943305626235], [-114.09157757939735, 51.028943350009285], [-114.09157618200291, 51.02894330781615], [-114.09157479789556, 51.02894317945316], [-114.09157344040499, 51.02894296615656], [-114.0915721226046, 51.02894266998046], [-114.09157085718553, 51.028942293777256], [-114.09156965633447, 51.02894184116995], [-114.09156853161626, 51.02894131651741], [-114.09156749386258, 51.02894072487234], [-114.09156655306754, 51.02894007193261], [-114.09156571829152, 51.02893936398637], [-114.09156499757385, 51.02893860785155], [-114.09156439785548, 51.02893781081012], [-114.09156392491197, 51.028936980538056], [-114.09156358329803, 51.02893612503131], [-114.0915633763036, 51.028935252528896], [-114.09156330592212, 51.028934371433486]]]}}, {"type": "Feature", "properties": {"tag": "T1932", "code": "CON", "canopy_m": 4.0, "condition": "F", "in_inventory": false, "botanical": ""}, "geometry": {"type": "Polygon", "coordinates": [[[-114.09290490298098, 51.02810698279538], [-114.09290503674633, 51.02810522038766], [-114.09290544380008, 51.02810347473461], [-114.09290612022198, 51.02810176264782], [-114.09290705949775, 51.02810010061562], [-114.09290825258161, 51.02809850464426], [-114.09290968798346, 51.02809699010382], [-114.09291135187964, 51.02809557158016], [-114.09291322824586, 51.02809426273441], [-114.0929152990117, 51.02809307617147], [-114.09291754423455, 51.02809202331858], [-114.09291994229172, 51.02809111431528], [-114.0929224700886, 51.028090357915744], [-114.09292510328113, 51.02808976140454], [-114.0929278165103, 51.028089330526356], [-114.09293058364621, 51.0280890694308], [-114.09293337803987, 51.02808898063235], [-114.09293617277979, 51.02808906498619], [-114.09293894095111, 51.028089321679936], [-114.09294165589486, 51.028089748241506], [-114.0929442914647, 51.02809034056287], [-114.09294682227863, 51.02809109293967], [-114.09294922396357, 51.02809199812611], [-114.09295147339002, 51.02809304740473], [-114.09295354889474, 51.02809423067046], [-114.09295543048951, 51.0280955365278], [-114.09295710005355, 51.0280969524006], [-114.09295854150801, 51.0280984646533], [-114.09295974097093, 51.02810005872204], [-114.09296068689073, 51.02810171925509], [-114.09296137015772, 51.028103430260636], [-114.09296178419164, 51.02810517526074], [-114.09296192500506, 51.0281069374501], [-114.09296179124185, 51.028108699857874], [-114.09296138419019, 51.02811044551111], [-114.09296070777019, 51.02811215759822], [-114.09295976849609, 51.02811381963085], [-114.09295857541362, 51.02811541560274], [-114.09295714001277, 51.02811693014376], [-114.09295547611725, 51.028118348668066], [-114.09295359975124, 51.028119657514495], [-114.0929515289852, 51.028120844078096], [-114.09294928376173, 51.028121896931644], [-114.09294688570355, 51.02812280593555], [-114.0929443579053, 51.02812356233561], [-114.0929417247111, 51.02812415884724], [-114.09293901148003, 51.028124589725756], [-114.09293624434206, 51.028124850821506], [-114.09293344994623, 51.02812493962003], [-114.09293065520416, 51.028124855266135], [-114.09292788703077, 51.02812459857219], [-114.09292517208512, 51.0281241720103], [-114.0929225365136, 51.028123579688504], [-114.09292000569829, 51.02812282731117], [-114.09291760401231, 51.02812192212416], [-114.09291535458524, 51.02812087284486], [-114.09291327908029, 51.02811968957846], [-114.09291139748574, 51.02811838372046], [-114.09290972792232, 51.028116967847005], [-114.09290828646886, 51.02811545559373], [-114.09290708700732, 51.028113861524446], [-114.09290614108917, 51.02811220099097], [-114.09290545782407, 51.0281104899851], [-114.09290504379224, 51.0281087449848], [-114.09290490298098, 51.02810698279538]]]}}, {"type": "Feature", "properties": {"tag": "T1933", "code": "TREE", "canopy_m": 7.0, "condition": "F", "in_inventory": false, "botanical": ""}, "geometry": {"type": "Polygon", "coordinates": [[[-114.09256504931862, 51.02814183608934], [-114.09256528343073, 51.02813875187652], [-114.0925659957976, 51.02813569698575], [-114.09256717955863, 51.028132700837304], [-114.09256882331348, 51.02812979228571], [-114.09257091123185, 51.02812699934187], [-114.09257342320583, 51.02812434890334], [-114.09257633504373, 51.02812186649531], [-114.09257961870293, 51.02811957602465], [-114.09258324255998, 51.028117499549815], [-114.09258717171515, 51.028115657068405], [-114.09259136832858, 51.02811406632444], [-114.0925957919846, 51.028112742637674], [-114.0926004000811, 51.02811169875589], [-114.09260514823963, 51.02811094473221], [-114.09260999073288, 51.02811048782831], [-114.09261488092514, 51.028110332444385], [-114.09261977172126, 51.0281104800769], [-114.09262461602029, 51.02811092930404], [-114.09262936716907, 51.02811167579952], [-114.09263397941153, 51.02811271237421], [-114.09263840832932, 51.02811402904531], [-114.09264261126962, 51.02811561313264], [-114.09264654775585, 51.02811744938055], [-114.09265017987752, 51.028119520105015], [-114.09265347265534, 51.028121805363874], [-114.09265639437804, 51.02812428314882], [-114.0926589169078, 51.0281269295975], [-114.09266101595122, 51.02812971922317], [-114.09266267129334, 51.02813262516023], [-114.09266386699223, 51.02813561942296], [-114.09266459153254, 51.02813867317497], [-114.09266483793648, 51.02814175700698], [-114.09266460383097, 51.028144841219984], [-114.09266389147045, 51.02814789611135], [-114.09266270771528, 51.028150892260754], [-114.09266106396555, 51.02815380081366], [-114.09265897605141, 51.0281565937591], [-114.09265646408056, 51.028159244199436], [-114.0926535522446, 51.02816172660946], [-114.09265026858607, 51.028164017082176], [-114.0926466447284, 51.02816609355907], [-114.09264271557133, 51.02816793604247], [-114.0926385189548, 51.02816952678827], [-114.09263409529458, 51.028170850476634], [-114.092629487193, 51.02817189435973], [-114.09262473902865, 51.0281726483844], [-114.09261989652904, 51.028173105288914], [-114.0926150063302, 51.02817326067304], [-114.09261011552749, 51.02817311304036], [-114.09260527122213, 51.02817266381262], [-114.09260052006749, 51.02817191731616], [-114.0925959078199, 51.02817088074017], [-114.09259147889787, 51.028169564067454], [-114.09258727595444, 51.02816797997832], [-114.09258333946627, 51.02816614372843], [-114.09257970734392, 51.02816407300189], [-114.09257641456674, 51.02816178774098], [-114.09257349284594, 51.028159309954056], [-114.0925709703193, 51.02815666350354], [-114.09256887128005, 51.02815387387626], [-114.09256721594303, 51.028150967937876], [-114.09256602024998, 51.028147973674166], [-114.092565295716, 51.028144919921544], [-114.09256504931862, 51.02814183608934]]]}}, {"type": "Feature", "properties": {"tag": "T1934", "code": "CON", "canopy_m": 10.0, "condition": "F", "in_inventory": false, "botanical": ""}, "geometry": {"type": "Polygon", "coordinates": [[[-114.09259610143648, 51.029338474431796], [-114.09259643588787, 51.02933406841432], [-114.09259745357788, 51.02932970428527], [-114.09259914470543, 51.0293254240736], [-114.09260149298387, 51.02932126900006], [-114.09260447579783, 51.02931727908022], [-114.09260806442106, 51.029313492739156], [-114.09261222429309, 51.02930994644137], [-114.09261691535197, 51.029306674339566], [-114.09262209242027, 51.02930370794581], [-114.09262770563998, 51.029301075828045], [-114.09263370095279, 51.02929880333495], [-114.09264002062065, 51.02929691235182], [-114.09264660378184, 51.029295421089785], [-114.09265338703705, 51.0292943439105], [-114.09266030506, 51.02929369118777], [-114.09266729122653, 51.029293469207616], [-114.09267427825627, 51.029293680107855], [-114.09268119886043, 51.0292943218574], [-114.09268798639005, 51.02929538827588], [-114.09269457547765, 51.0292968690931], [-114.09270090266688, 51.02929875004805], [-114.09270690702358, 51.02930101302612], [-114.09271253072258, 51.02930363623369], [-114.09271771960466, 51.029306594407856], [-114.09272242369808, 51.02930985905988], [-114.09272659769981, 51.02931339874939], [-114.09273020141188, 51.029317179387355], [-114.09273320012848, 51.02932116456419], [-114.0927355649702, 51.02932531590051], [-114.09273727316219, 51.02932959341671], [-114.09273830825344, 51.02933395591801], [-114.09273866027529, 51.02933836139116], [-114.09273832583737, 51.02934276740906], [-114.09273730816031, 51.02934713153931], [-114.0927356170447, 51.029351411752955], [-114.09273326877674, 51.029355566829175], [-114.09273028597137, 51.02935955675226], [-114.09272669735456, 51.02936334309704], [-114.09272253748651, 51.02936688939886], [-114.092717846429, 51.02937016150487], [-114.09271266935941, 51.02937312790284], [-114.09270705613582, 51.02937576002465], [-114.09270106081668, 51.02937803252148], [-114.09269474114028, 51.0293799235079], [-114.09268815796867, 51.02938141477263], [-114.09268137470156, 51.02938249195391], [-114.09267445666569, 51.0293831446779], [-114.09266747048571, 51.02938336665847], [-114.09266048344253, 51.02938315575784], [-114.0926535628254, 51.02938251400709], [-114.09264677528387, 51.02938144758665], [-114.09264018618578, 51.02937996676675], [-114.09263385898792, 51.02937808580855], [-114.09262785462484, 51.029375822826744], [-114.09262223092186, 51.029373199615144], [-114.0926170420384, 51.02937024143677], [-114.09261233794628, 51.02936697678055], [-114.09260816394843, 51.02936343708697], [-114.09260456024269, 51.02935965644527], [-114.09260156153464, 51.02935567126517], [-114.09259919670332, 51.02935151992615], [-114.09259748852323, 51.02934724240793], [-114.09259645344488, 51.029342879905386], [-114.09259610143648, 51.029338474431796]]]}}, {"type": "Feature", "properties": {"tag": "T1935", "code": "TREE", "canopy_m": 10.0, "condition": "F", "in_inventory": false, "botanical": ""}, "geometry": {"type": "Polygon", "coordinates": [[[-114.09264886331779, 51.029310258709344], [-114.09264919776398, 51.0293058526917], [-114.0926502154484, 51.02930148856216], [-114.09265190657008, 51.029297208349725], [-114.09265425484237, 51.029293053275104], [-114.09265723764999, 51.02928906335389], [-114.09266082626675, 51.02928527701121], [-114.09266498613222, 51.02928173071154], [-114.09266967718455, 51.029278458607585], [-114.09267485424633, 51.02927549221149], [-114.09268046745964, 51.029272860091176], [-114.09268646276622, 51.02927058759536], [-114.0926927824281, 51.029268696609364], [-114.0926993655836, 51.02926720534437], [-114.09270614883346, 51.029266128162014], [-114.09271306685147, 51.02926547543615], [-114.09272005301352, 51.02926525345286], [-114.09272704003922, 51.02926546434995], [-114.09273396063992, 51.02926610609637], [-114.09274074816662, 51.02926717251178], [-114.09274733725191, 51.029268653326035], [-114.09275366443943, 51.02927053427814], [-114.09275966879504, 51.02927279725352], [-114.0927652924936, 51.02927542045855], [-114.0927704813759, 51.02927837863039], [-114.09277518547015, 51.0292816432803], [-114.09277935947335, 51.02928518296796], [-114.09278296318752, 51.0292889636043], [-114.09278596190681, 51.02929294877981], [-114.09278832675182, 51.02929710011508], [-114.09279003494763, 51.02930137763053], [-114.0927910700432, 51.029305740131385], [-114.09279142206984, 51.0293101456044], [-114.09279108763711, 51.02931455162245], [-114.09279006996562, 51.02931891575319], [-114.09278837885589, 51.02932319596761], [-114.09278603059406, 51.0293273510449], [-114.09278304779505, 51.02933134096935], [-114.09277945918471, 51.02933512731576], [-114.09277529932321, 51.029338673619485], [-114.09277060827225, 51.02934194572763], [-114.09276543120919, 51.02934491212795], [-114.09275981799199, 51.0293475442523], [-114.09275382267907, 51.029349816751846], [-114.09274750300865, 51.02935170774112], [-114.09274091984274, 51.029353199008824], [-114.09273413658099, 51.02935427619318], [-114.09272721855005, 51.029354928920284], [-114.09272023237456, 51.02935515090402], [-114.0927132453354, 51.02935494000653], [-114.09270632472176, 51.029354298258895], [-114.09269953718312, 51.02935323184151], [-114.09269294808736, 51.02935175102458], [-114.09268662089123, 51.02934987006923], [-114.09268061652921, 51.02934760709014], [-114.09267499282667, 51.02934498388105], [-114.09266980394301, 51.029342025705], [-114.09266509985005, 51.02933876105089], [-114.09266092585071, 51.02933522135918], [-114.09265732214288, 51.0293314407191], [-114.09265432343211, 51.02932745554032], [-114.09265195859754, 51.02932330420236], [-114.09265025041363, 51.02931902668489], [-114.09264921533098, 51.02931466418279], [-114.09264886331779, 51.029310258709344]]]}}, {"type": "Feature", "properties": {"tag": "T1936", "code": "TREE", "canopy_m": 6.0, "condition": "F", "in_inventory": true, "botanical": "Lonicera"}, "geometry": {"type": "Polygon", "coordinates": [[[-114.09258619355505, 51.02883041702316], [-114.0925863942243, 51.02882777341245], [-114.09258700483227, 51.02882515493485], [-114.09258801949844, 51.02882258680771], [-114.09258942845094, 51.02882009376353], [-114.09259121812073, 51.028817699811626], [-114.09259337127227, 51.02881542800707], [-114.09259586716952, 51.02881330022857], [-114.09259868177557, 51.028811336967735], [-114.09260178798424, 51.028809557131865], [-114.09260515588105, 51.02880797786171], [-114.09260875303131, 51.028806614366495], [-114.09261254479256, 51.028805479777375], [-114.0926164946481, 51.02880458502107], [-114.0926205645587, 51.02880393871457], [-114.09262471532898, 51.02880354708213], [-114.09262890698481, 51.02880341389538], [-114.09263309915832, 51.02880354043699], [-114.09263725147666, 51.02880392548827], [-114.0926413239508, 51.02880456534102], [-114.09264527736067, 51.02880545383307], [-114.09264907363278, 51.0288065824078], [-114.09265267620705, 51.02880794019642], [-114.09265605038873, 51.028809514122706], [-114.09265916368261, 51.02881128902891], [-114.09266198610601, 51.028813247821745], [-114.0926644904774, 51.028815371636966], [-114.09266665267835, 51.02881764002111], [-114.0926684518856, 51.02882003112842], [-114.09266987077179, 51.028822521931225], [-114.09267089567219, 51.02882508844175], [-114.09267151671641, 51.02882770594314], [-114.09267172792336, 51.02883034922738], [-114.09267152725896, 51.02883299283822], [-114.09267091665565, 51.02883561131626], [-114.09266990199377, 51.02883817944411], [-114.09266849304505, 51.02884067248925], [-114.09266670337836, 51.028843066442334], [-114.09266455022912, 51.02884533824822], [-114.0926620543333, 51.02884746602819], [-114.09265923972774, 51.028849429290524], [-114.09265613351862, 51.02885120912791], [-114.09265276562041, 51.028852788399526], [-114.09264916846787, 51.0288541518961], [-114.09264537670354, 51.02885528648638], [-114.09264142684425, 51.028856181243654], [-114.09263735692936, 51.02885682755088], [-114.09263320615445, 51.02885721918378], [-114.09262901449377, 51.028857352370665], [-114.09262482231541, 51.02885722582893], [-114.09262066999241, 51.02885684077719], [-114.09261659751397, 51.02885620092374], [-114.09261264410034, 51.02885531243072], [-114.09260884782512, 51.02885418385483], [-114.09260524524855, 51.02885282606487], [-114.09260187106544, 51.02885125213713], [-114.09259875777107, 51.02884947722941], [-114.09259593534813, 51.02884751843507], [-114.09259343097813, 51.02884539461838], [-114.09259126877947, 51.02884312623289], [-114.09258946957529, 51.02884073512441], [-114.09258805069285, 51.02883824432064], [-114.09258702579673, 51.02883567780938], [-114.09258640475717, 51.02883306030755], [-114.09258619355505, 51.02883041702316]]]}}, {"type": "Feature", "properties": {"tag": "T1937", "code": "CON", "canopy_m": 9.0, "condition": "F", "in_inventory": false, "botanical": ""}, "geometry": {"type": "Polygon", "coordinates": [[[-114.09266326255066, 51.02823105355296], [-114.09266356354412, 51.02822708813628], [-114.09266447943777, 51.02822316041889], [-114.0926660014109, 51.028219308226795], [-114.09266811480596, 51.02821556865873], [-114.09267079926963, 51.0282119777287], [-114.09267402894899, 51.028208570019316], [-114.09267777274039, 51.02820537834865], [-114.09268199458901, 51.028202433454155], [-114.09268665383614, 51.02819976369675], [-114.09269170561068, 51.02819739478758], [-114.09269710126135, 51.02819534954054], [-114.09270278882512, 51.0281936476524], [-114.09270871352777, 51.028192305513215], [-114.0927148183113, 51.02819133604853], [-114.09272104438342, 51.02819074859479], [-114.09272733178385, 51.02819054880944], [-114.09273361996159, 51.02819073861656], [-114.09273984835824, 51.02819131618819], [-114.09274595699105, 51.02819227596203], [-114.09275188703074, 51.02819360869492], [-114.09275758136788, 51.028195301551975], [-114.09276298516299, 51.0281973382301], [-114.09276804637464, 51.028199699115014], [-114.09277271626064, 51.02820236147012], [-114.09277694984748, 51.02820529965555], [-114.09278070636334, 51.028208485375025], [-114.09278394963094, 51.02821188794837], [-114.09278664841568, 51.028215474607], [-114.09278877672678, 51.02821921080944], [-114.09279031406724, 51.028223060574085], [-114.09279124563155, 51.02822698682559], [-114.09279156244806, 51.02823095175205], [-114.09279126146548, 51.02823491716904], [-114.09279034558232, 51.02823884488741], [-114.09278882361886, 51.02824269708111], [-114.0927867102323, 51.028246436651344], [-114.09278402577559, 51.028250027583994], [-114.09278079610141, 51.02825343529639], [-114.09277705231324, 51.02825662697034], [-114.09277283046572, 51.02825957186825], [-114.09276817121756, 51.02826224162907], [-114.09276311943988, 51.02826461054149], [-114.09275772378409, 51.028266655791576], [-114.0927520362134, 51.028268357682386], [-114.0927461115023, 51.028269699823724], [-114.09274000670914, 51.028270669290045], [-114.09273378062653, 51.02827125674481], [-114.09272749321524, 51.02827145653049], [-114.09272120502659, 51.028271266723046], [-114.09271497661946, 51.028270689150446], [-114.09270886797697, 51.02826972937501], [-114.09270293792879, 51.02826839663995], [-114.0926972435847, 51.02826670378025], [-114.0926918397844, 51.028264667099116], [-114.09268677856952, 51.028262306210955], [-114.0926821086824, 51.02825964385242], [-114.09267787509661, 51.02825670566358], [-114.09267411858389, 51.02825351994082], [-114.09267087532143, 51.02825011736445], [-114.09266817654358, 51.028246530703164], [-114.09266604824094, 51.02824279449853], [-114.09266451091011, 51.02823894473227], [-114.09266357935627, 51.028235018479755], [-114.09266326255066, 51.02823105355296]]]}}, {"type": "Feature", "properties": {"tag": "T1938", "code": "TREE", "canopy_m": 6.0, "condition": "F", "in_inventory": true, "botanical": "Fraxinus pennsylvanica"}, "geometry": {"type": "Polygon", "coordinates": [[[-114.0926861258204, 51.028744368732895], [-114.09268632648359, 51.02874172512197], [-114.09268693708482, 51.02873910664382], [-114.09268795174359, 51.02873653851579], [-114.09268936068811, 51.02873404547036], [-114.09269115034945, 51.0287316515169], [-114.09269330349213, 51.02872937971046], [-114.09269579938018, 51.02872725192979], [-114.09269861397681, 51.02872528866655], [-114.0927017201759, 51.028723508827994], [-114.09270508806307, 51.02872192955495], [-114.09270868520373, 51.02872056605663], [-114.09271247695553, 51.02871943146426], [-114.09271642680181, 51.028718536704574], [-114.0927204967035, 51.02871789039459], [-114.09272464746525, 51.028717498758596], [-114.09272883911302, 51.02871736556826], [-114.09273303127904, 51.028717492106296], [-114.09273718359051, 51.02871787715405], [-114.09274125605849, 51.02871851700331], [-114.09274520946293, 51.028719405492], [-114.09274900573045, 51.0287205340635], [-114.09275260830096, 51.02872189184906], [-114.09275598247976, 51.028723465772494], [-114.09275909577168, 51.02872524067605], [-114.09276191819406, 51.0287271994665], [-114.09276442256538, 51.02872932327962], [-114.09276658476719, 51.028731591661945], [-114.09276838397625, 51.028733982767754], [-114.09276980286515, 51.028736473569374], [-114.09277082776917, 51.02873904007907], [-114.09277144881784, 51.02874165757994], [-114.0927716600301, 51.028744300864055], [-114.09277145937176, 51.028746944475095], [-114.09277084877519, 51.028749562953706], [-114.09276983412072, 51.02875213108244], [-114.09276842517995, 51.02875462412883], [-114.09276663552171, 51.02875701808348], [-114.09276448238134, 51.028759289891234], [-114.09276198649472, 51.02876141767336], [-114.09275917189859, 51.02876338093812], [-114.09275606569905, 51.028765160778185], [-114.09275269781047, 51.0287667400527], [-114.09274910066752, 51.028768103552366], [-114.09274530891267, 51.028769238145905], [-114.09274135906261, 51.02877013290656], [-114.09273728915666, 51.028770779217275], [-114.09273313839026, 51.028771170853716], [-114.09272894673764, 51.0287713040442], [-114.09272475456677, 51.02877117750602], [-114.09272060225064, 51.028770792457834], [-114.09271652977837, 51.028770152607855], [-114.09271257637016, 51.02876926411821], [-114.09270878009954, 51.02876813554553], [-114.09270517752672, 51.02876677775865], [-114.0927018033465, 51.028765203833764], [-114.09269869005406, 51.02876342892868], [-114.09269586763217, 51.02876147013671], [-114.09269336326223, 51.02875934632215], [-114.09269120106272, 51.028757077938465], [-114.09268940185672, 51.02875468683148], [-114.09268798297157, 51.0287521960289], [-114.09268695807184, 51.02874962951847], [-114.09268633702781, 51.02874701201715], [-114.0926861258204, 51.028744368732895]]]}}, {"type": "Feature", "properties": {"tag": "T1939", "code": "TREE", "canopy_m": 8.0, "condition": "F", "in_inventory": true, "botanical": "Fraxinus pennsylvanica"}, "geometry": {"type": "Polygon", "coordinates": [[[-114.09263203114088, 51.02902620464001], [-114.0926322986975, 51.02902267982574], [-114.0926331128414, 51.02901918852207], [-114.09263446573182, 51.02901576435216], [-114.0926363443396, 51.02901244029259], [-114.09263873057257, 51.02900924835585], [-114.09264160144998, 51.02900621928204], [-114.09264492932361, 51.02900338224271], [-114.0926486821442, 51.02900076456012], [-114.09265282377001, 51.028998391443885], [-114.09265731431496, 51.028996285748434], [-114.09266211053267, 51.02899446775268], [-114.09266716623297, 51.0289929549649], [-114.09267243272681, 51.028991761954046], [-114.09267785929508, 51.02899090020942], [-114.09268339367705, 51.02899037803009], [-114.09268898257372, 51.02899020044492], [-114.0926945721611, 51.02899036916413], [-114.0927001086085, 51.02899088256288], [-114.09270553859704, 51.028991735696884], [-114.0927108098331, 51.02899292034997], [-114.09271587155185, 51.02899442511335], [-114.09272067500626, 51.02899623549534], [-114.09272517393653, 51.028998334060994], [-114.09272932501548, 51.02900070060005], [-114.09273308826602, 51.02900331232144], [-114.09273642744594, 51.029006144072945], [-114.0927393103971, 51.02900916858324], [-114.09274170935504, 51.0290123567247], [-114.0927436012164, 51.029015677793815], [-114.09274496776142, 51.02901909980686], [-114.09274579582943, 51.02902258980805], [-114.09274607744555, 51.02902611418675], [-114.09274580989754, 51.02902963900125], [-114.09274499576192, 51.029033130305706], [-114.09274364287913, 51.02903655447689], [-114.09274176427807, 51.02903987853817], [-114.0927393780506, 51.02904307047698], [-114.09273650717729, 51.02904609955318], [-114.09273317930621, 51.029048936595096], [-114.09272942648649, 51.02905155428038], [-114.09272528485985, 51.029053927399296], [-114.09272079431241, 51.02905603309734], [-114.09271599809068, 51.029057851095494], [-114.0927109423849, 51.029059363885374], [-114.09270567588439, 51.029060556897946], [-114.0927002493085, 51.02906141864385], [-114.09269471491827, 51.02906194082397], [-114.09268912601298, 51.02906211840943], [-114.09268353641701, 51.02906194968996], [-114.09267799996132, 51.029061436290434], [-114.09267256996513, 51.02906058315517], [-114.09266729872238, 51.029059398500365], [-114.09266223699812, 51.02905789373492], [-114.0926574335396, 51.02905608335055], [-114.09265293460682, 51.0290539847823], [-114.09264878352697, 51.02905161824056], [-114.09264502027725, 51.02904900651646], [-114.0926416810998, 51.02904617476238], [-114.09263879815269, 51.02904315024969], [-114.09263639920023, 51.02903996210614], [-114.09263450734554, 51.02903664103529], [-114.09263314080812, 51.02903321902096], [-114.09263231274838, 51.02902972901898], [-114.09263203114088, 51.02902620464001]]]}}, {"type": "Feature", "properties": {"tag": "T1940", "code": "CON", "canopy_m": 4.0, "condition": "F", "in_inventory": false, "botanical": ""}, "geometry": {"type": "Polygon", "coordinates": [[[-114.09258864925893, 51.02848882216399], [-114.09258878303737, 51.02848705975675], [-114.09258919010631, 51.028485314104906], [-114.09258986654541, 51.02848360202004], [-114.09259080584019, 51.02848193999048], [-114.0925919989447, 51.02848034402245], [-114.09259343436867, 51.028478829485984], [-114.09259509828813, 51.0284774109669], [-114.09259697467867, 51.028476102126305], [-114.0925990454696, 51.028474915569035], [-114.09260129071806, 51.02847386272227], [-114.0926036888011, 51.02847295372551], [-114.0926062166239, 51.02847219733285], [-114.09260884984215, 51.028471600828794], [-114.09261156309653, 51.028471169957974], [-114.09261433025696, 51.02847090886991], [-114.0926171246742, 51.028470820078994], [-114.09261991943652, 51.02847090444039], [-114.09262268762885, 51.028471161141596], [-114.09262540259203, 51.028471587710484], [-114.09262803817948, 51.02847218003894], [-114.09263056900912, 51.028472932422524], [-114.09263297070765, 51.028473837615394], [-114.09263522014545, 51.02847488690005], [-114.0926372956592, 51.0284760701713], [-114.09263917726057, 51.028477376033635], [-114.09264084682871, 51.028478791910864], [-114.09264228828474, 51.02848030416737], [-114.09264348774668, 51.02848189823925], [-114.092644433663, 51.02848355877476], [-114.09264511692398, 51.02848526978203], [-114.09264553094944, 51.02848701478313], [-114.09264567175204, 51.02848877697278], [-114.09264553797576, 51.02849053938008], [-114.09264513090889, 51.02849228503211], [-114.09264445447168, 51.02849399711729], [-114.09264351517858, 51.028495659147275], [-114.09264232207545, 51.028497255115845], [-114.09264088665252, 51.0284987696529], [-114.09263922273368, 51.028500188172615], [-114.09263734634337, 51.02850149701389], [-114.09263527555223, 51.02850268357184], [-114.09263303030315, 51.02850373641924], [-114.09263063221908, 51.0285046454166], [-114.09262810439492, 51.02850540180978], [-114.09262547117501, 51.02850599831427], [-114.09262275791873, 51.02850642918543], [-114.09261999075623, 51.028506690273694], [-114.09261719633685, 51.02850677906465], [-114.09261440157236, 51.0285066947032], [-114.09261163337797, 51.0285064380018], [-114.09260891841288, 51.028506011432604], [-114.09260628282374, 51.02850541910372], [-114.09260375199274, 51.02850466671961], [-114.09260135029317, 51.028503761526146], [-114.09259910085474, 51.02850271224085], [-114.09259702534078, 51.02850152896893], [-114.0925951437396, 51.028500223105915], [-114.09259347417209, 51.02849880722804], [-114.09259203271706, 51.02849729497095], [-114.0925908332565, 51.028495700898524], [-114.09258988734186, 51.0284940403626], [-114.09258920408277, 51.028492329355], [-114.09258879005938, 51.02849058435369], [-114.09258864925893, 51.02848882216399]]]}}, {"type": "Feature", "properties": {"tag": "T1941", "code": "CON", "canopy_m": 2.0, "condition": "F", "in_inventory": false, "botanical": ""}, "geometry": {"type": "Polygon", "coordinates": [[[-114.09267363002303, 51.02917654336963], [-114.09267369691162, 51.02917566216606], [-114.09267390044748, 51.0291747893401], [-114.0926742386705, 51.029173933297514], [-114.09267470832333, 51.0291731022825], [-114.09267530488302, 51.02917230429814], [-114.09267602260431, 51.02917154702949], [-114.09267685457519, 51.02917083776944], [-114.0926777927833, 51.02917018334856], [-114.0926788281932, 51.02916959006929], [-114.09267995083331, 51.0291690636452], [-114.09268114989202, 51.02916860914606], [-114.0926824138217, 51.02916823094893], [-114.09268373045006, 51.02916793269606], [-114.09268508709722, 51.029167717259824], [-114.09268647069797, 51.02916758671493], [-114.09268786792748, 51.02916754231862], [-114.09268926532964, 51.02916758449845], [-114.09269064944675, 51.02916771284823], [-114.092692006949, 51.02916792613185], [-114.09269332476288, 51.0291682222953], [-114.09269459019718, 51.02916859848632], [-114.09269579106504, 51.029169051082036], [-114.09269691580147, 51.02916957572369], [-114.09269795357464, 51.02917016735871], [-114.09269889439022, 51.0291708202893], [-114.09269972918767, 51.02917152822741], [-114.09270044992739, 51.0291722843552], [-114.09270104966829, 51.029173081390745], [-114.09270152263451, 51.02917391165815], [-114.09270186427113, 51.02917476716153], [-114.09270207128802, 51.02917563966187], [-114.09270214169146, 51.02917652075655], [-114.09270207480341, 51.029177401960126], [-114.09270187126805, 51.02917827478615], [-114.09270153304553, 51.0291791308288], [-114.0927010633931, 51.029179961843944], [-114.09270046683376, 51.029180759828414], [-114.09269974911271, 51.029181517097214], [-114.092698917142, 51.02918222635743], [-114.09269797893394, 51.02918288077847], [-114.09269694352399, 51.02918347405792], [-114.09269582088372, 51.02918400048217], [-114.09269462182478, 51.029184454981454], [-114.09269335789475, 51.02918483317871], [-114.09269204126598, 51.02918513143168], [-114.09269068461833, 51.02918534686802], [-114.09268930101706, 51.029185477412966], [-114.09268790378704, 51.029185521809275], [-114.09268650638431, 51.02918547962944], [-114.0926851222667, 51.0291853512796], [-114.09268376476398, 51.02918513799591], [-114.09268244694965, 51.02918484183236], [-114.09268118151502, 51.02918446564119], [-114.09267998064689, 51.029184013045324], [-114.09267885591031, 51.029183488403504], [-114.09267781813709, 51.02918289676834], [-114.09267687732155, 51.029182243837575], [-114.09267604252427, 51.029181535899305], [-114.0926753217848, 51.02918077977138], [-114.09267472204425, 51.029179982735705], [-114.09267424907844, 51.02917915246817], [-114.09267390744229, 51.02917829696473], [-114.09267370042592, 51.029177424464315], [-114.09267363002303, 51.02917654336963]]]}}, {"type": "Feature", "properties": {"tag": "T1942", "code": "TREE", "canopy_m": 10.0, "condition": "F", "in_inventory": false, "botanical": ""}, "geometry": {"type": "Polygon", "coordinates": [[[-114.09286688935728, 51.02931556042232], [-114.09286722378283, 51.02931115440404], [-114.09286824144692, 51.02930679027263], [-114.0928699325487, 51.02930251005703], [-114.09287228080176, 51.02929835497804], [-114.09287526359098, 51.02929436505129], [-114.09287885219038, 51.029290578701925], [-114.09288301203968, 51.0292870323945], [-114.09288770307718, 51.02928376028183], [-114.0928928801256, 51.02928079387606], [-114.09289849332721, 51.02927816174529], [-114.0929044886238, 51.0292758892383], [-114.09291080827751, 51.02927399824053], [-114.09291739142674, 51.029272506963245], [-114.0929241746723, 51.02927142976824], [-114.09293109268803, 51.02927077702948], [-114.09293807884981, 51.02927055503315], [-114.0929450658773, 51.029270765917204], [-114.09295198648178, 51.029271407650704], [-114.09295877401424, 51.02927247405346], [-114.0929653631072, 51.02927395485542], [-114.09297169030425, 51.0292758357957], [-114.09297769467115, 51.02927809875987], [-114.09298331838265, 51.02928072195441], [-114.0929885072794, 51.029283680116556], [-114.0929932113895, 51.02928694475768], [-114.09299738540977, 51.02929048443753], [-114.09300098914208, 51.02929426506715], [-114.09300398788041, 51.029298250237034], [-114.09300635274515, 51.029302401567875], [-114.09300806096122, 51.02930667908013], [-114.09300909607737, 51.02931104157905], [-114.09300944812472, 51.02931544705139], [-114.09300911371264, 51.02931985307005], [-114.0930080960615, 51.029324217202664], [-114.09300640497166, 51.02932849742024], [-114.09300405672907, 51.0293326525019], [-114.09300107394844, 51.0293366424319], [-114.09299748535547, 51.029340428784984], [-114.09299332551014, 51.02934397509646], [-114.09298863447401, 51.029347247213344], [-114.09298345742428, 51.0293502136233], [-114.09297784421881, 51.029352845758126], [-114.09297184891588, 51.02935511826885], [-114.09296552925363, 51.029357009269916], [-114.09295894609399, 51.02935850054989], [-114.09295216283653, 51.0293595777469], [-114.09294524480788, 51.02936023048691], [-114.09293825863264, 51.02936045248367], [-114.09293127159171, 51.029360241599214], [-114.0929243509743, 51.029359599864506], [-114.09291756342989, 51.02935853345977], [-114.09291097432644, 51.02935705265515], [-114.09290464712079, 51.02935517171161], [-114.09289864274749, 51.02935290874372], [-114.092893019032, 51.02935028554514], [-114.0928878301339, 51.02934732737878], [-114.09288312602509, 51.02934406273345], [-114.09287895200869, 51.02934052304954], [-114.0928753482827, 51.029336742416206], [-114.09287234955292, 51.02933275724303], [-114.0928699846986, 51.0293286059095], [-114.09286827649443, 51.02932432839523], [-114.09286724139118, 51.02931996589508], [-114.09286688935728, 51.02931556042232]]]}}, {"type": "Feature", "properties": {"tag": "T1943", "code": "CON", "canopy_m": 8.0, "condition": "F", "in_inventory": true, "botanical": "Picea glauca"}, "geometry": {"type": "Polygon", "coordinates": [[[-114.09260859258521, 51.02906096863743], [-114.0926088601438, 51.02905744382325], [-114.09260967429007, 51.02905395251976], [-114.09261102718324, 51.029050528350126], [-114.09261290579408, 51.02904720429094], [-114.09261529203046, 51.029044012354724], [-114.09261816291153, 51.02904098328148], [-114.09262149078909, 51.029038146242854], [-114.0926252436138, 51.02903552856102], [-114.09262938524391, 51.02903315544564], [-114.09263387579328, 51.02903104975108], [-114.09263867201548, 51.0290292317563], [-114.09264372772033, 51.02902771896954], [-114.09264899421872, 51.02902652595976], [-114.09265442079148, 51.02902566421623], [-114.09265995517785, 51.029025142038], [-114.0926655440788, 51.02902496445395], [-114.09267113367027, 51.02902513317429], [-114.09267667012156, 51.02902564657415], [-114.09268210011375, 51.02902649970922], [-114.09268737135314, 51.029027684363356], [-114.09269243307492, 51.02902918912773], [-114.09269723653202, 51.029030999510674], [-114.09270173546457, 51.02903309807723], [-114.09270588654546, 51.02903546461709], [-114.0927096497975, 51.02903807633923], [-114.0927129889785, 51.029040908091375], [-114.09271587193028, 51.02904393260224], [-114.09271827088841, 51.02904712074415], [-114.09272016274953, 51.02905044181363], [-114.09272152929385, 51.02905386382693], [-114.09272235736071, 51.02905735382826], [-114.09272263897527, 51.02906087820699], [-114.0927223714253, 51.02906440302144], [-114.0927215572873, 51.02906789432569], [-114.09272020440177, 51.0290713184966], [-114.09271832579763, 51.029074642557475], [-114.09271593956677, 51.029077834495794], [-114.0927130686898, 51.0290808635714], [-114.09270974081478, 51.029083700612624], [-114.09270598799095, 51.02908631829715], [-114.09270184636001, 51.02908869141523], [-114.09269735580817, 51.029090797112374], [-114.09269255958192, 51.02909261510954], [-114.09268750387159, 51.0290941278984], [-114.09268223736653, 51.02909532090992], [-114.09267681078617, 51.02909618265473], [-114.09267127639153, 51.02909670483375], [-114.09266568748198, 51.02909688241808], [-114.0926600978819, 51.0290967136975], [-114.09265456142232, 51.029096200296856], [-114.0926491314225, 51.02909534716052], [-114.09264386017641, 51.02909416250467], [-114.0926387984491, 51.0290926577382], [-114.0926339949879, 51.029090847352876], [-114.0926294960528, 51.02908874878376], [-114.09262534497104, 51.02908638224119], [-114.09262158171983, 51.02908377051635], [-114.0926182425413, 51.029080938761616], [-114.09261535959357, 51.02907791424837], [-114.0926129606409, 51.02907472610435], [-114.09261106878648, 51.02907140503316], [-114.09260970224976, 51.02906798301856], [-114.09260887419116, 51.029064493016435], [-114.09260859258521, 51.02906096863743]]]}}, {"type": "Feature", "properties": {"tag": "T1944", "code": "CON", "canopy_m": 3.0, "condition": "F", "in_inventory": true, "botanical": "Picea glauca"}, "geometry": {"type": "Polygon", "coordinates": [[[-114.09280590327099, 51.02848066693043], [-114.09280600359862, 51.0284793451248], [-114.09280630889415, 51.028478035885364], [-114.09280681621742, 51.02847675182078], [-114.09280752068258, 51.028475505297294], [-114.09280841550526, 51.028474308319616], [-114.0928094920678, 51.028473172415275], [-114.09281074000232, 51.028472108523665], [-114.09281214729052, 51.02847112689063], [-114.09281370037942, 51.02847023696983], [-114.09281538431196, 51.02846944733166], [-114.09281718287093, 51.028468765580804], [-114.09281907873526, 51.028468198282845], [-114.09282105364672, 51.02846775090122], [-114.09282308858587, 51.0284674277444], [-114.09282516395514, 51.0284672319246], [-114.09282725976759, 51.02846716532766], [-114.09282935583944, 51.02846722859495], [-114.0928314319844, 51.028467421117135], [-114.09283346820804, 51.02846774104017], [-114.09283544490044, 51.02846818528298], [-114.09283734302501, 51.02846874956731], [-114.09283914430176, 51.028469428458784], [-114.09284083138343, 51.0284702154193], [-114.09284238802249, 51.028471102870014], [-114.09284379922768, 51.02847208226427], [-114.0928450514083, 51.028473144170015], [-114.09284613250517, 51.02847427836049], [-114.09284703210673, 51.02847547391284], [-114.09284774154932, 51.02847671931324], [-114.09284825400059, 51.028478002567795], [-114.09284856452535, 51.02847931131809], [-114.09284867013307, 51.028480632960125], [-114.09284856980665, 51.02848195476579], [-114.09284826451227, 51.02848326400533], [-114.09284775719009, 51.0284845480701], [-114.09284705272586, 51.02848579459383], [-114.09284615790395, 51.02848699157181], [-114.09284508134199, 51.02848812747647], [-114.09284383340783, 51.028489191368436], [-114.09284242611976, 51.028490173001856], [-114.09284087303074, 51.02849106292304], [-114.09283918909784, 51.028491852561565], [-114.09283739053829, 51.02849253431277], [-114.09283549467321, 51.02849310161102], [-114.09283351976082, 51.02849354899289], [-114.09283148482059, 51.02849387214987], [-114.09282940945016, 51.0284940679698], [-114.09282731363649, 51.02849413456677], [-114.09282521756343, 51.02849407129947], [-114.09282314141731, 51.02849387877715], [-114.09282110519261, 51.02849355885395], [-114.09281912849924, 51.02849311461089], [-114.09281723037391, 51.02849255032627], [-114.09281542909659, 51.02849187143447], [-114.09281374201456, 51.028491084473586], [-114.09281218537538, 51.02849019702249], [-114.0928107741703, 51.02848921762785], [-114.09280952199003, 51.02848815572175], [-114.09280844089372, 51.02848702153094], [-114.09280754129294, 51.0284858259783], [-114.09280683185128, 51.02848458057765], [-114.09280631940108, 51.02848329732291], [-114.09280600887747, 51.02848198857251], [-114.09280590327099, 51.02848066693043]]]}}, {"type": "Feature", "properties": {"tag": "T1945", "code": "TREE", "canopy_m": 6.0, "condition": "G", "in_inventory": false, "botanical": ""}, "geometry": {"type": "Polygon", "coordinates": [[[-114.09320711436392, 51.02848790801639], [-114.09320731499638, 51.02848526440448], [-114.0932079255649, 51.028482645923496], [-114.0932089401893, 51.028480077790846], [-114.09321034909811, 51.02847758473906], [-114.09321213872273, 51.02847519077753], [-114.09321429182806, 51.02847291896142], [-114.09321678767849, 51.028470791169546], [-114.09321960223757, 51.02846882789368], [-114.09322270839955, 51.02846704804122], [-114.09322607625043, 51.028465468753105], [-114.09322967335596, 51.02846410523871], [-114.09323346507409, 51.0284629706294], [-114.09323741488853, 51.02846207585209], [-114.0932414847605, 51.02846142952393], [-114.09324563549494, 51.02846103786945], [-114.09324982711806, 51.02846090466044], [-114.09325401926233, 51.028461031179795], [-114.09325817155519, 51.028461416209055], [-114.09326224400783, 51.028462056040205], [-114.0932661974004, 51.02846294451132], [-114.09326999365958, 51.02846407306595], [-114.09327359622539, 51.02846543083551], [-114.09327697040318, 51.02846700474397], [-114.0932800836978, 51.028468779633734], [-114.09328290612652, 51.028470738411684], [-114.0932854105078, 51.02847286221372], [-114.09328757272307, 51.02847513058651], [-114.093289371949, 51.02847752168438], [-114.09329079085796, 51.028480012479775], [-114.09329181578507, 51.028482578985], [-114.09329243685964, 51.02848519648322], [-114.09329264810033, 51.02848783976647], [-114.0932924474727, 51.028490483378526], [-114.09329183690886, 51.02849310185994], [-114.09329082228876, 51.0284956699933], [-114.09328941338372, 51.028498163046066], [-114.0932876237622, 51.02850055700876], [-114.09328547065915, 51.028502828826205], [-114.09328297481017, 51.028504956619535], [-114.09328016025158, 51.02850691989691], [-114.09327705408913, 51.028508699750894], [-114.09327368623687, 51.02851027904047], [-114.09327008912905, 51.028511642556204], [-114.09326629740785, 51.02851277716669], [-114.09326234758966, 51.02851367194498], [-114.09325827771342, 51.02851431827385], [-114.09325412697433, 51.028514709928785], [-114.09324993534636, 51.02851484313795], [-114.09324574319724, 51.02851471661846], [-114.09324159089972, 51.02851433158875], [-114.09323751844278, 51.0285136917569], [-114.09323356504646, 51.028512803284826], [-114.09322976878417, 51.02851167472902], [-114.09322616621606, 51.02851031695812], [-114.09322279203684, 51.028508743048214], [-114.09321967874172, 51.028506968156925], [-114.09321685631346, 51.028505009377454], [-114.09321435193357, 51.02850288557396], [-114.09321218972057, 51.028500617199846], [-114.09321039049775, 51.02849822610079], [-114.09320897159253, 51.02849573530442], [-114.0932079466697, 51.02849316879846], [-114.09320732559976, 51.028490551299804], [-114.09320711436392, 51.02848790801639]]]}}, {"type": "Feature", "properties": {"tag": "T1946", "code": "TREE", "canopy_m": 7.0, "condition": "F", "in_inventory": false, "botanical": ""}, "geometry": {"type": "Polygon", "coordinates": [[[-114.09327078958692, 51.02867022349562], [-114.09327102365481, 51.02866713928168], [-114.09327173598332, 51.02866408438692], [-114.09327291971228, 51.028661088231615], [-114.0932745634416, 51.02865817967036], [-114.09327665134121, 51.02865538671419], [-114.09327916330346, 51.02865273626075], [-114.09328207513671, 51.028650253835345], [-114.0932853587984, 51.028647963345065], [-114.09328898266506, 51.02864588684852], [-114.09329291183687, 51.028644044343544], [-114.09329710847379, 51.02864245357438], [-114.09330153215997, 51.028641129861], [-114.09330614029294, 51.02864008595146], [-114.09331088849395, 51.02863933189916], [-114.09331573103529, 51.02863887496602], [-114.09332062128074, 51.02863871955256], [-114.09332551213467, 51.028638867155486], [-114.09333035649556, 51.0286393163533], [-114.09333510770968, 51.02864006281999], [-114.0933397200203, 51.02864109936669], [-114.09334414900842, 51.02864241601091], [-114.09334835202056, 51.02864400007267], [-114.09335228857942, 51.02864583629659], [-114.09335592077383, 51.02864790699892], [-114.0933592136238, 51.02865019223762], [-114.09336213541735, 51.028652670004675], [-114.093364658016, 51.028655316437835], [-114.0933667571257, 51.02865810605054], [-114.09336841253078, 51.02866101197731], [-114.09336960828875, 51.028664006232525], [-114.09337033288374, 51.028667059979846], [-114.09337057933736, 51.028670143810054], [-114.09337034527606, 51.02867322802418], [-114.0933696329539, 51.028676282919534], [-114.09336844923081, 51.0286792790758], [-114.0933668055066, 51.02868218763836], [-114.09336471761121, 51.028684980596154], [-114.09336220565211, 51.028687631051405], [-114.0933592938208, 51.028690113478795], [-114.0933560101598, 51.02869240397112], [-114.09335238629251, 51.02869448046972], [-114.0933484571188, 51.02869632297669], [-114.09334426047877, 51.028697913747685], [-114.0933398367884, 51.02869923746267], [-114.09333522865033, 51.02870028137353], [-114.0933304804435, 51.02870103542681], [-114.09332563789582, 51.02870149236057], [-114.09332074764377, 51.028701647774234], [-114.09331585678328, 51.028701500171124], [-114.09331101241602, 51.028701050972714], [-114.09330626119606, 51.02870030450506], [-114.09330164888031, 51.02869926795704], [-114.09329721988796, 51.02869795131124], [-114.09329301687268, 51.02869636724766], [-114.09328908031188, 51.028694531021756], [-114.09328544811679, 51.02869246031737], [-114.09328215526746, 51.0286901750766], [-114.0932792334758, 51.02868769730757], [-114.09327671088026, 51.028685050872575], [-114.09327461177476, 51.02868226125825], [-114.09327295637476, 51.02867935533016], [-114.09327176062261, 51.02867636107398], [-114.09327103603398, 51.02867330732604], [-114.09327078958692, 51.02867022349562]]]}}, {"type": "Feature", "properties": {"tag": "T1947", "code": "TREE", "canopy_m": 6.0, "condition": "F", "in_inventory": false, "botanical": ""}, "geometry": {"type": "Polygon", "coordinates": [[[-114.09266892221478, 51.028695855650014], [-114.09266912287876, 51.02869321203911], [-114.09266973348032, 51.02869059356101], [-114.09267074813897, 51.028688025433105], [-114.09267215708297, 51.028685532387875], [-114.09267394674333, 51.028683138434644], [-114.0926760998846, 51.02868086662853], [-114.09267859577083, 51.0286787388482], [-114.09268141036524, 51.02867677558535], [-114.09268451656176, 51.028674995747245], [-114.09268788444601, 51.028673416474675], [-114.09269148158344, 51.02867205297688], [-114.09269527333169, 51.02867091838507], [-114.0926992231742, 51.02867002362595], [-114.09270329307186, 51.02866937731657], [-114.09270744382941, 51.02866898568118], [-114.09271163547288, 51.028668852491464], [-114.09271582763446, 51.02866897903011], [-114.09271997994146, 51.02866936407849], [-114.09272405240495, 51.028670003928355], [-114.09272800580493, 51.02867089241766], [-114.09273180206807, 51.02867202098972], [-114.0927354046343, 51.02867337877582], [-114.09273877880901, 51.02867495269976], [-114.09274189209702, 51.0286767276038], [-114.09274471451573, 51.02867868639468], [-114.09274721888364, 51.028680810208186], [-114.09274938108236, 51.02868307859085], [-114.09275118028864, 51.02868546969693], [-114.09275259917514, 51.028687960498786], [-114.09275362407713, 51.028690527008656], [-114.09275424512421, 51.02869314450965], [-114.09275445633524, 51.02869578779381], [-114.09275425567613, 51.02869843140486], [-114.09275364507921, 51.02870104988338], [-114.09275263042485, 51.028703618011996], [-114.09275122148465, 51.0287061110582], [-114.09274943182737, 51.0287085050126], [-114.09274727868842, 51.02871077682006], [-114.09274478280362, 51.028712904601846], [-114.09274196820968, 51.028714867866206], [-114.09273886201272, 51.02871664770582], [-114.09273549412707, 51.028718226979855], [-114.09273189698737, 51.028719590479], [-114.09272810523605, 51.028720725071985], [-114.09272415538979, 51.02872161983207], [-114.09272008548783, 51.02872226614218], [-114.09271593472562, 51.02872265777802], [-114.09271174307734, 51.02872279096788], [-114.09270755091089, 51.0287226644291], [-114.09270339859924, 51.02872227938029], [-114.09269932613145, 51.02872163952971], [-114.0926953727277, 51.028720751039465], [-114.09269157646146, 51.028719622466205], [-114.09268797389292, 51.02871826467877], [-114.09268459971679, 51.02871669075338], [-114.09268148642828, 51.028714915847814], [-114.09267866401004, 51.028712957055426], [-114.09267615964352, 51.02871083324046], [-114.0926739974471, 51.02870856485646], [-114.09267219824386, 51.028706173749185], [-114.09267077936113, 51.02870368294636], [-114.0926697544634, 51.028701116435755], [-114.092669133421, 51.02869849893433], [-114.09266892221478, 51.028695855650014]]]}}, {"type": "Feature", "properties": {"tag": "T1948", "code": "TREE", "canopy_m": 6.0, "condition": "F", "in_inventory": false, "botanical": ""}, "geometry": {"type": "Polygon", "coordinates": [[[-114.09262871842526, 51.028737420215386], [-114.09262891909168, 51.028734776604566], [-114.09262952969604, 51.0287321581267], [-114.09263054435785, 51.02872958999916], [-114.09263195330524, 51.028727096954434], [-114.09263374296927, 51.02872470300183], [-114.09263589611444, 51.028722431196464], [-114.09263839200474, 51.02872030341701], [-114.09264120660336, 51.02871834015513], [-114.0926443128042, 51.02871656031812], [-114.09264768069282, 51.02871498104671], [-114.09265127783465, 51.028713617550146], [-114.09265506958727, 51.028712482959655], [-114.09265901943408, 51.02871158820191], [-114.09266308933596, 51.02871094189393], [-114.09266724009757, 51.02871055025997], [-114.09267143174489, 51.02871041707169], [-114.09267562391013, 51.02871054361179], [-114.09267977622049, 51.02871092866157], [-114.09268384868707, 51.02871156851284], [-114.09268780208983, 51.02871245700348], [-114.09269159835539, 51.02871358557684], [-114.09269520092367, 51.028714943364186], [-114.09269857510003, 51.02871651728927], [-114.09270168838931, 51.02871829219437], [-114.09270451080883, 51.028720250986204], [-114.09270701517717, 51.028722374800566], [-114.09270917737585, 51.02872464318395], [-114.09271097658169, 51.02872703429065], [-114.09271239546729, 51.02872952509296], [-114.09271342036799, 51.028732091603175], [-114.09271404141334, 51.02873470910436], [-114.0927142526223, 51.02873735238856], [-114.09271405196071, 51.02873999599953], [-114.09271344136101, 51.02874261447783], [-114.09271242670351, 51.02874518260608], [-114.09271101775988, 51.02874767565178], [-114.09270922809895, 51.02875006960553], [-114.0927070749561, 51.02875234141226], [-114.09270457906723, 51.02875446919316], [-114.09270176446908, 51.02875643245655], [-114.09269865826779, 51.02875821229508], [-114.09269529037778, 51.028759791567936], [-114.09269169323368, 51.02876115506585], [-114.09268790147797, 51.02876228965753], [-114.09268395162742, 51.02876318441624], [-114.09267988172125, 51.028763830724955], [-114.092675730955, 51.02876422235935], [-114.09267153930284, 51.028764355547786], [-114.09266734713276, 51.02876422900755], [-114.09266319481772, 51.02876384395733], [-114.09265912234683, 51.028763204105346], [-114.09265516894033, 51.02876231561375], [-114.09265137267167, 51.02876118703921], [-114.09264777010107, 51.02875982925054], [-114.09264439592329, 51.02875825532399], [-114.09264128263351, 51.02875648041738], [-114.09263846021445, 51.02875452162403], [-114.09263595584751, 51.02875239780821], [-114.0926337936511, 51.02875012942347], [-114.09263199444834, 51.028747738315616], [-114.09263057556647, 51.02874524751231], [-114.09262955067007, 51.0287426810014], [-114.09262892962937, 51.02874006349974], [-114.09262871842526, 51.028737420215386]]]}}, {"type": "Feature", "properties": {"tag": "T1949", "code": "TREE", "canopy_m": 11.0, "condition": "F", "in_inventory": false, "botanical": ""}, "geometry": {"type": "Polygon", "coordinates": [[[-114.09257277872848, 51.02861563530869], [-114.0925731466218, 51.028610788688916], [-114.0925742660659, 51.0286059881466], [-114.09257612627965, 51.02860127991355], [-114.09257870934802, 51.02859670933261], [-114.09258199039444, 51.02859232042091], [-114.09258593782049, 51.02858815544602], [-114.09259051361018, 51.02858425451887], [-114.09259567369611, 51.02858065520742], [-114.09260136838378, 51.028577392174945], [-114.09260754283028, 51.028574496846176], [-114.09261413757238, 51.02857199710462], [-114.0926210890992, 51.028569917024114], [-114.09262833046391, 51.02856827663688], [-114.09263579192836, 51.028567091740726], [-114.0926434016348, 51.02856637374681], [-114.09265108629782, 51.02856612956978], [-114.09265877191014, 51.02856636156118], [-114.09266638445536, 51.02856706748681], [-114.09267385062071, 51.02856824054826], [-114.09268109850316, 51.02856986944833], [-114.09268805830185, 51.02857193849986], [-114.0926946629902, 51.02857442777683], [-114.09270084896161, 51.028577313306194], [-114.09270655664184, 51.028580567298796], [-114.09271173106286, 51.02858415841699], [-114.09271632239212, 51.0285880520764], [-114.09272028641254, 51.028592210779046], [-114.09272358494836, 51.0285965944744], [-114.0927261862327, 51.02860116094516], [-114.09272806521358, 51.02860586621373], [-114.09272920379517, 51.02861066496586], [-114.09272959101214, 51.028615510986974], [-114.0927292231351, 51.02862035760722], [-114.09272810370668, 51.028625158151], [-114.09272624350736, 51.02862986638644], [-114.09272366045168, 51.02863443697061], [-114.09272037941568, 51.028638825886254], [-114.09271643199737, 51.02864299086564], [-114.09271185621247, 51.0286468917977], [-114.0927066961282, 51.028650491114234], [-114.09270100143898, 51.02865375415179], [-114.09269482698778, 51.02865664948547], [-114.09268823223803, 51.02865914923154], [-114.09268128070087, 51.02866122931602], [-114.09267403932358, 51.028662869706494], [-114.09266657784472, 51.02866405460509], [-114.09265896812265, 51.028664772600514], [-114.09265128344336, 51.02866501677807], [-114.09264359781476, 51.028664784786194], [-114.09263598525389, 51.02866407885909], [-114.09262851907408, 51.02866290579525], [-114.09262127117896, 51.02866127689196], [-114.09261431136986, 51.02865920783648], [-114.09260770667375, 51.02865671855501], [-114.09260152069753, 51.028653833020755], [-114.09259581301563, 51.02865057902307], [-114.09259063859618, 51.0286469878998], [-114.09258604727161, 51.02864309423547], [-114.09258208325883, 51.028638935528306], [-114.09257878473336, 51.02863455182898], [-114.09257618346165, 51.02862998535497], [-114.09257430449514, 51.02862528008395], [-114.09257316592917, 51.028620481330314], [-114.09257277872848, 51.02861563530869]]]}}, {"type": "Feature", "properties": {"tag": "T1950", "code": "TREE", "canopy_m": 6.0, "condition": "F", "in_inventory": false, "botanical": ""}, "geometry": {"type": "Polygon", "coordinates": [[[-114.09263108444745, 51.02870859716866], [-114.09263128511361, 51.02870595355782], [-114.09263189571746, 51.028703335079925], [-114.0926329103785, 51.02870076695236], [-114.0926343193249, 51.02869827390759], [-114.0926361089877, 51.028695879954945], [-114.09263826213142, 51.02869360814952], [-114.09264075802007, 51.02869148037001], [-114.09264357261685, 51.02868951710806], [-114.09264667881567, 51.02868773727098], [-114.09265004670212, 51.028686157999495], [-114.09265364384164, 51.028684794502865], [-114.09265743559186, 51.028683659912275], [-114.09266138543619, 51.02868276515446], [-114.09266545533549, 51.028682118846376], [-114.09266960609452, 51.028681727212344], [-114.09267379773922, 51.028681594023986], [-114.09267798990186, 51.02868172056398], [-114.0926821422097, 51.0286821056137], [-114.09268621467378, 51.02868274546489], [-114.09269016807413, 51.02868363395546], [-114.09269396433737, 51.02868476252875], [-114.0926975669035, 51.028686120316024], [-114.09270094107784, 51.02868769424106], [-114.09270405436529, 51.02868946914609], [-114.09270687678315, 51.02869142793788], [-114.09270938115004, 51.0286935517522], [-114.09271154334749, 51.02869582013556], [-114.09271334255233, 51.028698211242215], [-114.0927147614372, 51.02870070204453], [-114.09271578633738, 51.02870326855473], [-114.09271640738248, 51.02870588605592], [-114.09271661859144, 51.02870852934013], [-114.0927164179301, 51.02871117295112], [-114.0927158073309, 51.02871379142944], [-114.09271479267417, 51.02871635955773], [-114.09271338373154, 51.02871885260346], [-114.09271159407184, 51.028721246557275], [-114.09270944093043, 51.02872351836404], [-114.09270694504322, 51.028725646145], [-114.09270413044692, 51.028727609408456], [-114.09270102424766, 51.02872938924706], [-114.0926976563598, 51.02873096852], [-114.09269405921799, 51.028732332017974], [-114.0926902674647, 51.028733466609744], [-114.09268631761663, 51.02873436136854], [-114.09268224771303, 51.02873500767735], [-114.09267809694937, 51.02873539931182], [-114.09267390529982, 51.02873553250035], [-114.09266971313232, 51.02873540596019], [-114.09266556081985, 51.02873502091005], [-114.09266148835147, 51.02873438105815], [-114.09265753494734, 51.02873349256662], [-114.09265373868098, 51.028732363992155], [-114.09265013611255, 51.02873100620355], [-114.09264676193679, 51.02872943227705], [-114.09264364864886, 51.028727657370496], [-114.09264082623143, 51.02872569857718], [-114.09263832186595, 51.02872357476143], [-114.09263615967079, 51.02872130637671], [-114.09263436046902, 51.02871891526886], [-114.09263294158791, 51.0287164244656], [-114.092631916692, 51.02871385795467], [-114.09263129565156, 51.02871124045303], [-114.09263108444745, 51.02870859716866]]]}}, {"type": "Feature", "properties": {"tag": "T1951", "code": "TREE", "canopy_m": 4.0, "condition": "F", "in_inventory": false, "botanical": ""}, "geometry": {"type": "Polygon", "coordinates": [[[-114.09287640620641, 51.02810699645651], [-114.09287653997286, 51.02810523404883], [-114.09287694702766, 51.02810348839587], [-114.09287762345063, 51.02810177630925], [-114.09287856272742, 51.02810011427726], [-114.09287975581225, 51.0280985183062], [-114.09288119121504, 51.028097003766106], [-114.09288285511208, 51.02809558524285], [-114.0928847314791, 51.028094276397574], [-114.09288680224567, 51.02809308983513], [-114.09288904746917, 51.02809203698279], [-114.09289144552689, 51.02809112798006], [-114.09289397332424, 51.02809037158115], [-114.09289660651714, 51.02808977507058], [-114.09289931974656, 51.02808934419306], [-114.09290208688265, 51.02808908309817], [-114.09290488127637, 51.02808899430041], [-114.09290767601624, 51.02808907865493], [-114.09291044418741, 51.02808933534936], [-114.09291315913089, 51.02808976191158], [-114.09291579470036, 51.028090354233605], [-114.09291832551384, 51.028091106611015], [-114.09292072719823, 51.02809201179804], [-114.09292297662402, 51.02809306107723], [-114.09292505212802, 51.02809424434346], [-114.092926933722, 51.02809555020124], [-114.09292860328517, 51.028096966074465], [-114.09293004473871, 51.02809847832751], [-114.09293124420064, 51.02810007239654], [-114.09293219011944, 51.028101732929834], [-114.09293287338538, 51.02810344393554], [-114.09293328741822, 51.02810518893573], [-114.09293342823057, 51.028106951125125], [-114.09293329446628, 51.028108713532866], [-114.09293288741354, 51.028110459186], [-114.09293221099249, 51.02811217127296], [-114.09293127171738, 51.02811383330536], [-114.09293007863391, 51.02811542927696], [-114.09292864323216, 51.02811694381763], [-114.09292697933574, 51.02811836234154], [-114.09292510296893, 51.028119671187504], [-114.09292303220217, 51.0281208577506], [-114.09292078697804, 51.0281219106036], [-114.09291838891932, 51.028122819606914], [-114.0929158611206, 51.02812357600636], [-114.09291322792602, 51.02812417251736], [-114.0929105146947, 51.02812460339521], [-114.09290774755655, 51.02812486449029], [-114.09290495316068, 51.028124953288135], [-114.09290215841865, 51.02812486893354], [-114.09289939024542, 51.02812461223892], [-114.09289667530001, 51.02812418567637], [-114.09289403972888, 51.02812359335393], [-114.09289150891402, 51.02812284097599], [-114.0928891072286, 51.02812193578838], [-114.09288685780217, 51.02812088650854], [-114.09288478229796, 51.02811970324165], [-114.09288290070418, 51.02811839738318], [-114.09288123114165, 51.02811698150932], [-114.0928797896891, 51.028115469255674], [-114.09287859022855, 51.028113875186115], [-114.09287764431141, 51.0281122146524], [-114.09287696104737, 51.02811050364637], [-114.0928765470166, 51.02810875864597], [-114.09287640620641, 51.02810699645651]]]}}, {"type": "Feature", "properties": {"tag": "T1952", "code": "CON", "canopy_m": 4.0, "condition": "F", "in_inventory": false, "botanical": ""}, "geometry": {"type": "Polygon", "coordinates": [[[-114.09293337126246, 51.02810697813972], [-114.09293350502675, 51.02810521573197], [-114.09293391207942, 51.028103470078825], [-114.09293458850028, 51.028101757991855], [-114.09293552777504, 51.028100095959424], [-114.0929367208579, 51.02809849998778], [-114.09293815625885, 51.02809698544701], [-114.09293982015414, 51.02809556692293], [-114.09294169651956, 51.02809425807673], [-114.09294376728467, 51.02809307151328], [-114.09294601250689, 51.02809201865985], [-114.09294841056348, 51.02809110965596], [-114.0929509383599, 51.02809035325582], [-114.09295357155207, 51.02808975674396], [-114.09295628478097, 51.02808932586512], [-114.09295905191672, 51.02808906476887], [-114.09296184631035, 51.02808897596975], [-114.0929646410503, 51.02808906032291], [-114.09296740922179, 51.02808931701598], [-114.09297012416579, 51.02808974357689], [-114.09297275973597, 51.02809033589762], [-114.09297529055037, 51.0280910882738], [-114.09297769223588, 51.02809199345966], [-114.09297994166296, 51.028093042737744], [-114.09298201716841, 51.02809422600296], [-114.09298389876399, 51.028095531859826], [-114.09298556832888, 51.028096947732244], [-114.09298700978428, 51.02809845998456], [-114.09298820924816, 51.02810005405303], [-114.09298915516898, 51.028101714585844], [-114.09298983843703, 51.028103425591226], [-114.09299025247202, 51.02810517059122], [-114.09299039328651, 51.028106932780545], [-114.09299025952437, 51.02810869518836], [-114.09298985247379, 51.0281104408417], [-114.09298917605483, 51.02811215292897], [-114.09298823678175, 51.028113814961834], [-114.09298704370026, 51.02811541093401], [-114.09298560830034, 51.02811692547538], [-114.09298394440567, 51.02811834400009], [-114.09298206804048, 51.02811965284697], [-114.09297999727518, 51.02812083941109], [-114.09297775205233, 51.02812189226517], [-114.09297535399472, 51.02812280126965], [-114.09297282619694, 51.02812355767033], [-114.0929701930031, 51.02812415418261], [-114.0929674797723, 51.028124585061775], [-114.09296471263448, 51.02812484615821], [-114.09296191823873, 51.02812493495741], [-114.0929591234966, 51.02812485060419], [-114.09295635532305, 51.02812459391093], [-114.09295364037713, 51.028124167349695], [-114.09295100480526, 51.02812357502854], [-114.0929484739895, 51.02812282265183], [-114.09294607230296, 51.028121917465384], [-114.09294382287526, 51.02812086818665], [-114.09294174736958, 51.02811968492077], [-114.0929398657742, 51.02811837906322], [-114.09293819620994, 51.02811696319016], [-114.09293675475554, 51.02811545093723], [-114.09293555529305, 51.02811385686826], [-114.09293460937387, 51.028112196335], [-114.09293392610772, 51.02811048532931], [-114.09293351207482, 51.02810874032911], [-114.09293337126246, 51.02810697813972]]]}}, {"type": "Feature", "properties": {"tag": "T1953", "code": "CON", "canopy_m": 2.0, "condition": "F", "in_inventory": false, "botanical": ""}, "geometry": {"type": "Polygon", "coordinates": [[[-114.0927910695813, 51.029183588050756], [-114.09279113646767, 51.02918270684712], [-114.09279134000136, 51.02918183402096], [-114.09279167822226, 51.02918097797805], [-114.09279214787307, 51.029180146962545], [-114.09279274443082, 51.02917934897759], [-114.09279346215033, 51.029178591708245], [-114.09279429411953, 51.02917788244735], [-114.09279523232614, 51.029177228025524], [-114.09279626773468, 51.02917663474521], [-114.09279739037363, 51.02917610832], [-114.09279858943135, 51.02917565381965], [-114.09279985336028, 51.02917527562126], [-114.09280116998808, 51.02917497736706], [-114.09280252663491, 51.02917476192946], [-114.09280391023553, 51.029174631383164], [-114.09280530746513, 51.02917458698547], [-114.09280670486761, 51.0291746291639], [-114.09280808898525, 51.02917475751228], [-114.09280944648825, 51.02917497079453], [-114.09281076430308, 51.02917526695665], [-114.09281202973852, 51.02917564314642], [-114.0928132306077, 51.02917609574093], [-114.09281435534562, 51.02917662038145], [-114.09281539312045, 51.029177212015405], [-114.09281633393783, 51.029177864945055], [-114.09281716873717, 51.02917857288233], [-114.09281788947892, 51.029179329009374], [-114.09281848922191, 51.02918012604432], [-114.09281896219032, 51.02918095631126], [-114.09281930382916, 51.02918181181428], [-114.09281951084829, 51.02918268431443], [-114.09281958125395, 51.02918356540903], [-114.09281951436813, 51.029184446612675], [-114.09281931083494, 51.02918531943889], [-114.09281897261452, 51.029186175481875], [-114.09281850296412, 51.02918700649747], [-114.09281790640672, 51.029187804482575], [-114.09281718868748, 51.029188561752086], [-114.09281635671843, 51.02918927101313], [-114.09281541851188, 51.02918992543512], [-114.09281438310327, 51.02919051871561], [-114.09281326046417, 51.029191045140976], [-114.09281206140619, 51.02919149964148], [-114.09281079747693, 51.02919187783999], [-114.09280948084871, 51.02919217609429], [-114.09280812420141, 51.02919239153198], [-114.09280674060027, 51.029192522078326], [-114.09280534337013, 51.02919256647605], [-114.0928039459671, 51.029192524297606], [-114.09280256184896, 51.02919239594917], [-114.09280120434548, 51.02919218266684], [-114.09279988653023, 51.029191886504606], [-114.09279862109446, 51.029191510314725], [-114.09279742022501, 51.029191057720055], [-114.09279629548692, 51.02919053307938], [-114.09279525771205, 51.02918994144523], [-114.09279431689471, 51.029189288515425], [-114.09279348209552, 51.029188580578], [-114.09279276135403, 51.0291878244508], [-114.09279216161137, 51.02918702741572], [-114.09279168864339, 51.02918619714867], [-114.09279134700502, 51.02918534164556], [-114.09279113998642, 51.02918446914538], [-114.0927910695813, 51.029183588050756]]]}}, {"type": "Feature", "properties": {"tag": "T1954", "code": "CON", "canopy_m": 4.0, "condition": "F", "in_inventory": false, "botanical": ""}, "geometry": {"type": "Polygon", "coordinates": [[[-114.09324142576021, 51.02853667706639], [-114.09324155951404, 51.02853491465843], [-114.09324196655886, 51.02853316900435], [-114.09324264297462, 51.02853145691573], [-114.09324358224701, 51.02852979488093], [-114.09324477533032, 51.02852819890627], [-114.09324621073446, 51.02852668436182], [-114.09324787463572, 51.028525265833466], [-114.09324975100978, 51.028523956982404], [-114.09325182178615, 51.02852277041359], [-114.09325406702213, 51.028521717554305], [-114.09325646509485, 51.02852080854416], [-114.09325899290961, 51.028520052137395], [-114.09326162612217, 51.028519455618635], [-114.09326433937328, 51.028519024732645], [-114.09326710653286, 51.02851876362913], [-114.09326990095173, 51.02851867482262], [-114.09327269571808, 51.0285187591684], [-114.09327546391684, 51.02851901585414], [-114.09327817888878, 51.028519442407855], [-114.09328081448726, 51.028520034721566], [-114.09328334533004, 51.02852078709101], [-114.09328574704377, 51.02852169227045], [-114.09328799649859, 51.02852274154252], [-114.09329007203108, 51.02852392480216], [-114.09329195365272, 51.02852523065397], [-114.09329362324246, 51.028526646521854], [-114.09329506472122, 51.028528158770264], [-114.09329626420676, 51.02852975283542], [-114.09329721014737, 51.02853141336562], [-114.09329789343309, 51.02853312436905], [-114.09329830748348, 51.02853486936782], [-114.09329844831099, 51.02853663155664], [-114.09329831455933, 51.028538393964666], [-114.09329790751656, 51.02854013961894], [-114.09329723110271, 51.02854185170789], [-114.093296291832, 51.02854351374309], [-114.09329509875008, 51.02854510971829], [-114.09329366334696, 51.02854662426334], [-114.09329199944634, 51.02854804279234], [-114.09329012307249, 51.02854935164407], [-114.09328805229592, 51.028550538213565], [-114.09328580705932, 51.02855159107349], [-114.09328340898557, 51.02855250008424], [-114.09328088116946, 51.02855325649152], [-114.09327824795524, 51.02855385301072], [-114.09327553470222, 51.02855428389703], [-114.09327276754057, 51.02855454500075], [-114.09326997311956, 51.0285546338073], [-114.09326717835104, 51.02855454946148], [-114.09326441015021, 51.028554292775546], [-114.09326169517637, 51.02855386622152], [-114.0932590595762, 51.02855327390737], [-114.09325652873204, 51.02855252153741], [-114.09325412701732, 51.02855161635737], [-114.09325187756184, 51.02855056708465], [-114.09324980202912, 51.02854938382434], [-114.09324792040769, 51.02854807797188], [-114.09324625081858, 51.02854666210333], [-114.09324480934083, 51.02854514985433], [-114.09324360985666, 51.02854355578863], [-114.0932426639177, 51.028541895258016], [-114.09324198063389, 51.02854018425424], [-114.09324156658558, 51.02853843925529], [-114.09324142576021, 51.02853667706639]]]}}, {"type": "Feature", "properties": {"tag": "T1955", "code": "TREE", "canopy_m": 23.0, "condition": "F", "in_inventory": false, "botanical": ""}, "geometry": {"type": "Polygon", "coordinates": [[[-114.09318052588024, 51.02915539193947], [-114.09318129498791, 51.029145258095134], [-114.09318363553886, 51.02913522058634], [-114.09318752499134, 51.02912537607968], [-114.09319292588688, 51.029115819383], [-114.09319978621113, 51.02910664253232], [-114.09320803989472, 51.02909793390545], [-114.09321760744972, 51.02908977737095], [-114.09322839673499, 51.02908225148042], [-114.09324030384376, 51.029075428711955], [-114.09325321410414, 51.029069374772234], [-114.09326700318357, 51.0290641479637], [-114.09328153828616, 51.02905979862309], [-114.09329667943156, 51.02905636863668], [-114.09331228080306, 51.029053891036924], [-114.09332819215184, 51.029052389684296], [-114.09334426024391, 51.02905187903753], [-114.09336033033574, 51.02905236401444], [-114.09337624766464, 51.029053839944424], [-114.09339185893897, 51.02905629261358], [-114.09340701381456, 51.02905969840152], [-114.09342156634247, 51.02906402450885], [-114.09343537637454, 51.02906922927301], [-114.09344831091313, 51.02907526256959], [-114.09346024539185, 51.029082066294954], [-114.09347106487523, 51.029089574925806], [-114.09348066516567, 51.029097716150254], [-114.0934889538068, 51.02910641156417], [-114.09349585097401, 51.02911557742625], [-114.09350129024315, 51.02912512546449], [-114.09350521923028, 51.02913496372624], [-114.09350760009623, 51.029144997463845], [-114.09350840991097, 51.02915513004699], [-114.09350764087448, 51.02916526389341], [-114.09350530039201, 51.0291753014086], [-114.09350141100269, 51.02918514592573], [-114.09349601016257, 51.02919470263652], [-114.09348914988388, 51.029203879504436], [-114.09348089623418, 51.029212588150976], [-114.09347132870019, 51.02922074470685], [-114.09346053942214, 51.02922827061962], [-114.0934486323066, 51.02923509341035], [-114.09343572202569, 51.0292411473715], [-114.09342193291279, 51.02924637419979], [-114.09340739776503, 51.029250723557745], [-114.09339225656451, 51.02925415355841], [-114.09337665513007, 51.0292566311688], [-114.09336074371295, 51.029258132528014], [-114.09334467554976, 51.02925864317705], [-114.09332860538674, 51.02925815819807], [-114.09331268798938, 51.02925668226166], [-114.09329707665187, 51.02925422958205], [-114.09328192172086, 51.029250823779996], [-114.09326736914741, 51.02924649765544], [-114.09325355908142, 51.029241292871596], [-114.09324062452184, 51.029235259553644], [-114.09322869003589, 51.02922845580604], [-114.09321787055927, 51.029220947152936], [-114.09320827028935, 51.02921280590705], [-114.0931999816817, 51.02920411047337], [-114.09319308455967, 51.02919494459394], [-114.09318764534565, 51.02918539654146], [-114.09318371642145, 51.02917555826907], [-114.09318133562384, 51.029165524524906], [-114.09318052588024, 51.02915539193947]]]}}, {"type": "Feature", "properties": {"tag": "T1956", "code": "TREE", "canopy_m": 2.0, "condition": "F", "in_inventory": false, "botanical": ""}, "geometry": {"type": "Polygon", "coordinates": [[[-114.09276325716236, 51.029183969720876], [-114.09276332404924, 51.029183088517264], [-114.09276352758347, 51.029182215691144], [-114.09276386580488, 51.02918135964831], [-114.09276433545621, 51.02918052863292], [-114.09276493201445, 51.02917973064812], [-114.09276564973439, 51.02917897337892], [-114.09276648170403, 51.02917826411823], [-114.09276741991104, 51.02917760969664], [-114.09276845531996, 51.02917701641656], [-114.09276957795922, 51.02917648999161], [-114.09277077701724, 51.02917603549156], [-114.0927720409464, 51.02917565729347], [-114.09277335757439, 51.02917535903959], [-114.09277471422135, 51.02917514360231], [-114.09277609782207, 51.029175013056346], [-114.09277749505169, 51.02917496865897], [-114.09277889245418, 51.02917501083773], [-114.09278027657174, 51.02917513918644], [-114.09278163407461, 51.02917535246902], [-114.09278295188929, 51.02917564863146], [-114.0927842173245, 51.02917602482151], [-114.09278541819343, 51.02917647741631], [-114.09278654293107, 51.02917700205711], [-114.09278758070553, 51.02917759369132], [-114.09278852152254, 51.029178246621186], [-114.09278935632148, 51.02917895455864], [-114.09279007706277, 51.029179710685874], [-114.0927906768053, 51.02918050772095], [-114.09279114977319, 51.029181337988014], [-114.09279149141153, 51.029182193491124], [-114.09279169843012, 51.029183065991305], [-114.09279176883527, 51.02918394708593], [-114.09279170194891, 51.02918482828956], [-114.09279149841521, 51.02918570111573], [-114.09279116019428, 51.02918655715864], [-114.09279069054337, 51.02918738817414], [-114.09279009398549, 51.02918818615907], [-114.09278937626578, 51.029188943428416], [-114.09278854429631, 51.02918965268927], [-114.09278760608936, 51.02919030711104], [-114.09278657068039, 51.02919090039127], [-114.09278544804096, 51.02919142681638], [-114.09278424898271, 51.02919188131659], [-114.0927829850532, 51.02919225951482], [-114.09278166842479, 51.02919255776878], [-114.09278031177735, 51.02919277320617], [-114.09277892817612, 51.029192903752175], [-114.09277753094595, 51.02919294814956], [-114.09277613354293, 51.029192905970774], [-114.09277474942485, 51.02919277762203], [-114.0927733919215, 51.02919256433937], [-114.09277207410639, 51.02919226817683], [-114.09277080867083, 51.029191891986635], [-114.09276960780166, 51.02919143939169], [-114.09276848306388, 51.02919091475074], [-114.09276744528935, 51.02919032311636], [-114.0927665044724, 51.02918967018632], [-114.09276566967362, 51.029188962248696], [-114.09276494893257, 51.02918820612132], [-114.09276434919039, 51.029187409086106], [-114.0927638762229, 51.029186578818944], [-114.09276353458505, 51.029185723315756], [-114.09276332756697, 51.02918485081551], [-114.09276325716236, 51.029183969720876]]]}}, {"type": "Feature", "properties": {"tag": "T1957", "code": "TREE", "canopy_m": 13.0, "condition": "F", "in_inventory": false, "botanical": ""}, "geometry": {"type": "Polygon", "coordinates": [[[-114.09326409762117, 51.02872404154162], [-114.09326453231998, 51.02871831371584], [-114.09326585521796, 51.02871264033997], [-114.09326805357459, 51.02870707605169], [-114.09327110621817, 51.02870167443808], [-114.09327498374985, 51.028696487519575], [-114.09327964882665, 51.02869156524897], [-114.0932850565212, 51.02868695503032], [-114.09329115475431, 51.02868270126244], [-114.09329788479667, 51.02867884491135], [-114.09330518183431, 51.0286754231157], [-114.09331297559285, 51.02867246882919], [-114.0933211910143, 51.028670010503106], [-114.09332974897987, 51.028668071812405], [-114.0933385670719, 51.02866667142762], [-114.09334756036768, 51.02866582283523], [-114.09335664225713, 51.02866553420759], [-114.09336572527704, 51.02866580832433], [-114.09337472195328, 51.02866664254557], [-114.09338354564326, 51.028668028837345], [-114.09339211137029, 51.02866995384893], [-114.09340033664205, 51.02867239904149], [-114.09340814224481, 51.02867534086658], [-114.09341545300656, 51.02867875099288], [-114.09342219852074, 51.02868259657913], [-114.0934283138244, 51.0286868405903], [-114.0934337400238, 51.02869144215437], [-114.09343842486156, 51.02869635695587], [-114.09344232321999, 51.02870153766265], [-114.09344539755557, 51.02870693438175], [-114.09344761826048, 51.02871249513989], [-114.09344896394786, 51.02871816638397], [-114.09344942165768, 51.028723893496846], [-114.09344898698164, 51.0287296213233], [-114.09344766410553, 51.028735294701214], [-114.0934454657691, 51.028740858992855], [-114.0934424131432, 51.02874626061096], [-114.09343853562608, 51.028751447534965], [-114.0934338705601, 51.02875636981187], [-114.09342846287227, 51.02876098003735], [-114.09342236464146, 51.02876523381232], [-114.09341563459694, 51.02876909017053], [-114.09340833755275, 51.02877251197302], [-114.0934005437835, 51.02877546626584], [-114.09339232834763, 51.02877792459747], [-114.09338377036445, 51.02877986329274], [-114.0933749522523, 51.028781263680905], [-114.09336595893471, 51.02878211227541], [-114.09335687702253, 51.02878240090377], [-114.09334779397989, 51.02878212678635], [-114.09333879728176, 51.02878129256307], [-114.0933299735716, 51.02877990626796], [-114.09332140782686, 51.028777981251864], [-114.09331318254057, 51.0287755360538], [-114.09330537692696, 51.02877259422243], [-114.09329806615851, 51.02876918408929], [-114.09329132064201, 51.02876533849595], [-114.09328520534052, 51.02876109447766], [-114.09327977914768, 51.028756492906744], [-114.0932750943206, 51.028751578098934], [-114.09327119597661, 51.02874639738661], [-114.09326812165864, 51.028741000662954], [-114.09326590097383, 51.02873543990142], [-114.09326455530828, 51.028729768655225], [-114.09326409762117, 51.02872404154162]]]}}, {"type": "Feature", "properties": {"tag": "T1958", "code": "TREE", "canopy_m": 2.0, "condition": "F", "in_inventory": false, "botanical": ""}, "geometry": {"type": "Polygon", "coordinates": [[[-114.09269099925521, 51.02810722456692], [-114.09269106614195, 51.02810634336317], [-114.09269126967286, 51.028105470537014], [-114.09269160788777, 51.02810461449424], [-114.09269207752953, 51.028103783479], [-114.09269267407521, 51.02810298549442], [-114.09269339177973, 51.028102228225535], [-114.09269422373123, 51.02810151896523], [-114.09269516191753, 51.02810086454411], [-114.0926961973034, 51.02810027126456], [-114.09269731991749, 51.02809974484024], [-114.09269851894844, 51.02809929034085], [-114.09269978284892, 51.0280989121435], [-114.09270109944688, 51.028098613890386], [-114.09270245606277, 51.02809839845391], [-114.09270383963162, 51.02809826790881], [-114.09270523682896, 51.0280982235123], [-114.09270663419899, 51.02809826569196], [-114.0927080182843, 51.02809839404156], [-114.09270937575538, 51.028098607325035], [-114.09271069353905, 51.02809890348835], [-114.09271195894436, 51.028099279679275], [-114.09271315978475, 51.02809973227492], [-114.09271428449547, 51.02810025691651], [-114.09271532224497, 51.02810084855148], [-114.09271626303914, 51.028101501482084], [-114.09271709781761, 51.028102209420204], [-114.092717818541, 51.02810296554803], [-114.09271841826838, 51.028103762583626], [-114.092718891224, 51.028104592851136], [-114.09271923285307, 51.02810544835462], [-114.09271943986549, 51.0281063208551], [-114.0927195102676, 51.028107201949936], [-114.0927194433814, 51.02810808315369], [-114.09271923985102, 51.02810895597988], [-114.09271890163657, 51.028109812022734], [-114.09271843199524, 51.0281106430381], [-114.0927178354499, 51.0281114410228], [-114.09271711774564, 51.02811219829183], [-114.09271628579431, 51.0281129075523], [-114.09271534760805, 51.02811356197359], [-114.09271431222214, 51.0281141552533], [-114.09271318960788, 51.02811468167779], [-114.09271199057667, 51.02811513617733], [-114.09271072667586, 51.02811551437482], [-114.09270941007749, 51.02811581262802], [-114.09270805346112, 51.02811602806458], [-114.09270666989174, 51.02811615860974], [-114.09270527269388, 51.02811620300626], [-114.09270387532331, 51.0281161608266], [-114.09270249123749, 51.02811603247693], [-114.09270113376593, 51.02811581919339], [-114.09269981598183, 51.02811552302996], [-114.09269855057619, 51.0281151468389], [-114.09269734973554, 51.02811469424311], [-114.09269622502464, 51.02811416960136], [-114.0926951872751, 51.02811357796621], [-114.09269424648099, 51.02811292503547], [-114.09269341170267, 51.02811221709717], [-114.09269269097952, 51.0281114609692], [-114.09269209125249, 51.02811066393346], [-114.09269161829728, 51.02810983366584], [-114.09269127666869, 51.02810897816229], [-114.0926910696568, 51.02810810566176], [-114.09269099925521, 51.02810722456692]]]}}, {"type": "Feature", "properties": {"tag": "T1959", "code": "TREE", "canopy_m": 9.0, "condition": "F", "in_inventory": false, "botanical": ""}, "geometry": {"type": "Polygon", "coordinates": [[[-114.09256439485746, 51.027748831206445], [-114.09256469585631, 51.02774486578971], [-114.09256561174885, 51.02774093807274], [-114.09256713371445, 51.027737085881625], [-114.09256924709558, 51.02773334631504], [-114.09257193153908, 51.02772975538701], [-114.09257516119224, 51.02772634768009], [-114.09257890495164, 51.02772315601232], [-114.09258312676276, 51.027720211121185], [-114.09258778596727, 51.0277175413675], [-114.09259283769447, 51.027715172462464], [-114.09259823329353, 51.02771312721983], [-114.09260392080195, 51.02771142533638], [-114.092609845446, 51.02771008320216], [-114.09261595016827, 51.02770911374257], [-114.09262217617706, 51.02770852629408], [-114.09262846351267, 51.027708326514066], [-114.09263475162476, 51.02770851632656], [-114.09264097995556, 51.02770909390353], [-114.09264708852295, 51.027710053682654], [-114.09265301849825, 51.02771138642071], [-114.09265871277269, 51.02771307928276], [-114.09266411650736, 51.02771511596567], [-114.09266917766145, 51.02771747685506], [-114.09267384749332, 51.02772013921439], [-114.09267808102994, 51.027723077403664], [-114.09268183750001, 51.0277262631266], [-114.09268508072665, 51.02772966570301], [-114.09268777947575, 51.02773325236423], [-114.09268990775674, 51.0277369885688], [-114.09269144507303, 51.02774083833508], [-114.09269237661925, 51.0277447645877], [-114.09269269342398, 51.02774872951475], [-114.09269239243606, 51.027752694931834], [-114.09269147655398, 51.02775662264976], [-114.09268995459806, 51.027760474842474], [-114.09268784122543, 51.02776421441122], [-114.09268515678887, 51.027767805341895], [-114.09268192714092, 51.027771213051835], [-114.09267818338475, 51.027774404722855], [-114.09267396157472, 51.02777734961741], [-114.09266930236919, 51.02778001937448], [-114.09266425063885, 51.02778238828283], [-114.09265885503466, 51.02778443352848], [-114.09265316751932, 51.02778613541457], [-114.09264724286682, 51.027787477551], [-114.09264113813492, 51.027788447012206], [-114.09263491211567, 51.027789034461705], [-114.09262862476916, 51.02778923424206], [-114.09262233664617, 51.02778904442925], [-114.0926161083049, 51.02778846685129], [-114.09260999972783, 51.027787507070585], [-114.09260406974404, 51.02778617433035], [-114.09259837546263, 51.02778448146566], [-114.09259297172275, 51.02778244477976], [-114.09258791056546, 51.02778008388708], [-114.09258324073248, 51.02777742152436], [-114.0925790071969, 51.02777448333166], [-114.09257525072996, 51.02777129760545], [-114.09257200750845, 51.02776789502602], [-114.09256930876629, 51.027764308362144], [-114.09256718049372, 51.02776057215539], [-114.09256564318707, 51.02775672238749], [-114.0925647116513, 51.02775279613385], [-114.09256439485746, 51.027748831206445]]]}}, {"type": "Feature", "properties": {"tag": "T1960", "code": "CON", "canopy_m": 5.0, "condition": "F", "in_inventory": true, "botanical": "Picea glauca"}, "geometry": {"type": "Polygon", "coordinates": [[[-114.09277750124693, 51.02849969383583], [-114.09277766846105, 51.02849749082651], [-114.09277817728847, 51.02849530876091], [-114.09277902282882, 51.02849316865348], [-114.09278019693907, 51.028491091114624], [-114.09278168831185, 51.028489096152164], [-114.09278348258438, 51.02848720297868], [-114.09278556247683, 51.02848542982645], [-114.0927879079587, 51.0284837937719], [-114.09279049644165, 51.02848231057108], [-114.09279330299724, 51.028480994508016], [-114.09279630059679, 51.02847985825713], [-114.09279946037181, 51.02847891276111], [-114.09280275189197, 51.02847816712557], [-114.09280614345818, 51.028477628531405], [-114.09280960240781, 51.028477302165555], [-114.09281309542936, 51.028477191171085], [-114.09281658888318, 51.02847729661694], [-114.09282004912544, 51.02847761748764], [-114.09282344283213, 51.02847815069299], [-114.09282673732008, 51.028478891097954], [-114.0928299008616, 51.028479831572064], [-114.09283290299008, 51.02848096305801], [-114.09283571479341, 51.028482274659005], [-114.0928383091924, 51.028483753743615], [-114.09284066120156, 51.02848538606748], [-114.09284274816979, 51.02848715591041], [-114.09284454999839, 51.02848904622789], [-114.09284604933477, 51.02849103881515], [-114.09284723173946, 51.02849311448248], [-114.0928480858252, 51.02849525324008], [-114.09284860336666, 51.02849743449054], [-114.09284877937958, 51.02849963722727], [-114.09284861216881, 51.02850184023671], [-114.09284810334464, 51.02850402230262], [-114.09284725780726, 51.028506162410544], [-114.09284608369963, 51.02850823995007], [-114.09284459232902, 51.02851023491334], [-114.09284279805807, 51.02851212808774], [-114.09284071816661, 51.028513901240984], [-114.09283837268511, 51.02851553729659], [-114.09283578420182, 51.02851702049847], [-114.09283297764526, 51.028518336562534], [-114.09282998004413, 51.02851947281436], [-114.09282682026698, 51.0285204183112], [-114.0928235287442, 51.02852116394741], [-114.09282013717504, 51.02852170254208], [-114.09281667822216, 51.02852202890825], [-114.09281318519724, 51.028522139902826], [-114.09280969174007, 51.028522034456856], [-114.09280623149459, 51.028521713585874], [-114.0928028377849, 51.02852118038002], [-114.09279954329432, 51.02852043997438], [-114.09279637975067, 51.028519499499474], [-114.09279337762058, 51.02851836801259], [-114.09279056581626, 51.028517056410585], [-114.09278797141693, 51.028515577324924], [-114.09278561940808, 51.02851394500002], [-114.09278353244082, 51.02851217515607], [-114.09278173061381, 51.028510284837644], [-114.09278023127958, 51.02850829224957], [-114.09277904887749, 51.02850621658157], [-114.09277819479472, 51.02850407782346], [-114.09277767725648, 51.02850189657267], [-114.09277750124693, 51.02849969383583]]]}}, {"type": "Feature", "properties": {"tag": "T1961", "code": "TREE", "canopy_m": 4.0, "condition": "F", "in_inventory": false, "botanical": ""}, "geometry": {"type": "Polygon", "coordinates": [[[-114.09264540672567, 51.0281341490954], [-114.09264554050095, 51.028132386687986], [-114.09264594756468, 51.02813064103585], [-114.09264662399654, 51.028128928950565], [-114.09264756328214, 51.028127266920436], [-114.09264875637561, 51.02812567095173], [-114.09265019178677, 51.028124156414485], [-114.09265185569183, 51.02812273789453], [-114.09265373206647, 51.02812142905294], [-114.09265580284014, 51.028120242494616], [-114.09265804807019, 51.0281191896467], [-114.09266044613383, 51.028118280648734], [-114.09266297393643, 51.0281175242548], [-114.09266560713385, 51.028116927749444], [-114.092668320367, 51.02811649687728], [-114.09267108750599, 51.02811623578787], [-114.0926738819018, 51.02811614699562], [-114.0926766766429, 51.02811623135567], [-114.09267944481441, 51.02811648805555], [-114.09268215975737, 51.02811691462316], [-114.09268479532544, 51.02811750695038], [-114.09268732613667, 51.02811825933281], [-114.09268972781797, 51.02811916452456], [-114.09269197723987, 51.0281202138082], [-114.09269405273922, 51.02812139707852], [-114.09269593432779, 51.02812270294003], [-114.09269760388491, 51.02812411881654], [-114.09269904533178, 51.02812563107242], [-114.09270024478649, 51.02812722514384], [-114.0927011906976, 51.02812888567898], [-114.09270187395545, 51.02813059668604], [-114.09270228797985, 51.028132341687055], [-114.09270242878351, 51.02813410387672], [-114.09270229501038, 51.028135866284195], [-114.09270188794873, 51.02813761193653], [-114.09270121151877, 51.02813932402214], [-114.09270027223485, 51.02814098605269], [-114.09269907914276, 51.028142582021914], [-114.09269764373262, 51.02814409655975], [-114.09269597982819, 51.028145515080375], [-114.0926941034538, 51.02814682392262], [-114.0926920326799, 51.02814801048163], [-114.09268978744922, 51.028149063330176], [-114.09268738938457, 51.02814997232876], [-114.09268486158061, 51.0281507287232], [-114.09268222838153, 51.028151325229], [-114.09267951514647, 51.02815175610147], [-114.0926767480054, 51.02815201719109], [-114.09267395360746, 51.02815210598341], [-114.0926711588642, 51.0281520216233], [-114.09266839069063, 51.028151764923216], [-114.09266567574575, 51.0281513383553], [-114.092663040176, 51.028150746027656], [-114.0926605093634, 51.02814999364471], [-114.09265810768106, 51.028149088452345], [-114.09265585825854, 51.02814803916807], [-114.09265378275899, 51.02814685589707], [-114.0926519011706, 51.0281455500349], [-114.09265023161412, 51.028144134157735], [-114.09264879016824, 51.028142621901246], [-114.0926475907149, 51.028141027829314], [-114.09264664480546, 51.028139367293726], [-114.09264596154952, 51.02813765628636], [-114.09264554752718, 51.02813591128515], [-114.09264540672567, 51.0281341490954]]]}}, {"type": "Feature", "properties": {"tag": "T1962", "code": "TREE", "canopy_m": 16.0, "condition": "F", "in_inventory": false, "botanical": ""}, "geometry": {"type": "Polygon", "coordinates": [[[-114.0926843281158, 51.02792874713622], [-114.09268486320865, 51.027921697506144], [-114.09268649145007, 51.02791471489677], [-114.09268919715878, 51.0279078665544], [-114.09269295427684, 51.027901218432255], [-114.0926977266208, 51.02789483455526], [-114.09270346823004, 51.027888776403564], [-114.09271012380948, 51.0278831023203], [-114.09271762926213, 51.027877866949886], [-114.0927259123063, 51.02787312071161], [-114.09273489317184, 51.02786890931418], [-114.0927444853682, 51.02786527331555], [-114.09275459651754, 51.02786224773219], [-114.09276512924427, 51.02785986170203], [-114.09277598211287, 51.02785813820373], [-114.0927870506047, 51.02785709383546], [-114.09279822812465, 51.02785673865499], [-114.09280940702754, 51.02785707608291], [-114.09282047965495, 51.027858102869615], [-114.09283133937188, 51.02785980912664], [-114.09284188159381, 51.02786217842183], [-114.0928520047937, 51.02786518793772], [-114.09286161147996, 51.02786880869112], [-114.09287060913518, 51.02787300581235], [-114.09287891110715, 51.02787773888097], [-114.0928864374434, 51.027882962315104], [-114.09289311566118, 51.02788862581039], [-114.09289888144541, 51.02789467482442], [-114.09290367926825, 51.02790105110201], [-114.09290746292369, 51.027907693236244], [-114.09291019597268, 51.02791453725984], [-114.09291185209406, 51.0279215172612], [-114.09291241533796, 51.0279285660191], [-114.09291188027956, 51.0279356156502], [-114.09291025207126, 51.027942598262676], [-114.09290754639314, 51.02794944661011], [-114.09290378930187, 51.027956094739075], [-114.09289901697997, 51.027962478624396], [-114.09289327538714, 51.02796853678563], [-114.09288661981783, 51.02797421087924], [-114.0928791143687, 51.02797944626041], [-114.09287083132124, 51.027984192509464], [-114.09286185044579, 51.027988403917256], [-114.09285225823322, 51.027992039925465], [-114.09284214706203, 51.0279950655172], [-114.09283161430862, 51.02799745155428], [-114.09282076140957, 51.02799917505771], [-114.09280969288466, 51.02800021942917], [-114.0927985153303, 51.02800057461073], [-114.09278733639296, 51.0280002371818], [-114.09277626373242, 51.027999210392], [-114.0927654039849, 51.02799750412992], [-114.09275486173618, 51.02799513482789], [-114.09274473851424, 51.02799212530367], [-114.09273513181158, 51.02798850454075], [-114.0927261341462, 51.027984307409184], [-114.09271783217073, 51.0279795743298], [-114.09271030583774, 51.02797435088488], [-114.09270362762992, 51.02796868737922], [-114.09269786186188, 51.02796263835563], [-114.0926930640609, 51.02795626206965], [-114.09268928043214, 51.02794961992851], [-114.09268654741359, 51.02794277589978], [-114.09268489132529, 51.02793579589524], [-114.0926843281158, 51.02792874713622]]]}}, {"type": "Feature", "properties": {"tag": "T1963", "code": "TREE", "canopy_m": 2.0, "condition": "F", "in_inventory": false, "botanical": ""}, "geometry": {"type": "Polygon", "coordinates": [[[-114.09266258790588, 51.028107184169585], [-114.09266265479314, 51.02810630296585], [-114.09266285832457, 51.02810543013975], [-114.09266319654002, 51.02810457409706], [-114.09266366618229, 51.028103743081935], [-114.09266426272845, 51.0281029450975], [-114.09266498043344, 51.02810218782878], [-114.09266581238536, 51.02810147856869], [-114.09266675057208, 51.02810082414779], [-114.0926677859583, 51.0281002308685], [-114.09266890857272, 51.02809970444444], [-114.09267010760394, 51.028099249945335], [-114.09267137150465, 51.02809887174829], [-114.09267268810278, 51.02809857349551], [-114.0926740447188, 51.02809835805937], [-114.09267542828775, 51.02809822751459], [-114.0926768254851, 51.02809818311843], [-114.09267822285511, 51.02809822529843], [-114.09267960694034, 51.02809835364836], [-114.09268096441127, 51.028098566932165], [-114.09268228219477, 51.028098863095806], [-114.09268354759985, 51.028099239287044], [-114.09268474843996, 51.02809969188298], [-114.09268587315037, 51.028100216524855], [-114.09268691089952, 51.02810080816007], [-114.09268785169327, 51.028101461090884], [-114.0926886864713, 51.02810216902921], [-114.09268940719426, 51.028102925157214], [-114.09269000692113, 51.028103722192974], [-114.09269047987625, 51.02810455246059], [-114.0926908215048, 51.028105407964155], [-114.09269102851667, 51.028106280464684], [-114.09269109891825, 51.02810716155953], [-114.09269103203151, 51.028108042763265], [-114.09269082850061, 51.02810891558943], [-114.09269049028562, 51.02810977163219], [-114.09269002064379, 51.02811060264744], [-114.09268942409795, 51.02811140063199], [-114.09268870639323, 51.02811215790086], [-114.09268787444147, 51.02811286716111], [-114.09268693625482, 51.028113521582185], [-114.09268590086853, 51.02811411486163], [-114.09268477825397, 51.02811464128585], [-114.09268357922248, 51.02811509578511], [-114.09268231532144, 51.02811547398228], [-114.09268099872287, 51.028115772235175], [-114.09267964210638, 51.028115987671406], [-114.09267825853692, 51.02811611821622], [-114.09267686133903, 51.028116162612406], [-114.09267546396849, 51.028116120432394], [-114.09267407988274, 51.0281159920824], [-114.09267272241131, 51.02811577879852], [-114.0926714046274, 51.02811548263478], [-114.092670139222, 51.02811510644341], [-114.09266893838162, 51.02811465384733], [-114.09266781367106, 51.02811412920529], [-114.09266677592186, 51.0281135375699], [-114.09266583512814, 51.02811288463891], [-114.09266500035027, 51.02811217670044], [-114.09266427962757, 51.02811142057228], [-114.09266367990104, 51.02811062353639], [-114.09266320694634, 51.02810979326866], [-114.09266286531826, 51.02810893776502], [-114.0926626583069, 51.02810806526444], [-114.09266258790588, 51.028107184169585]]]}}, {"type": "Feature", "properties": {"tag": "T1964", "code": "CON", "canopy_m": 3.0, "condition": "F", "in_inventory": false, "botanical": ""}, "geometry": {"type": "Polygon", "coordinates": [[[-114.09273847209923, 51.02919405792236], [-114.09273857243028, 51.029192736116954], [-114.09273887773239, 51.02919142687785], [-114.09273938506527, 51.02919014281372], [-114.09274008954303, 51.029188896290776], [-114.09274098438117, 51.02918769931374], [-114.09274206096185, 51.029186563410164], [-114.09274330891705, 51.02918549951939], [-114.09274471622825, 51.02918451788729], [-114.09274626934229, 51.029183627967456], [-114.0927479533018, 51.02918283833036], [-114.09274975188937, 51.0291821565806], [-114.0927516477836, 51.0291815892838], [-114.09275362272602, 51.029181141903344], [-114.09275565769687, 51.02918081874773], [-114.09275773309828, 51.02918062292914], [-114.092759828943, 51.029180556333394], [-114.09276192504694, 51.02918061960185], [-114.09276400122349, 51.029180812125205], [-114.09276603747793, 51.02918113204935], [-114.09276801420005, 51.029181576293254], [-114.09276991235295, 51.02918214057859], [-114.09277171365638, 51.029182819470996], [-114.09277340076281, 51.029183606432376], [-114.09277495742451, 51.02918449388386], [-114.09277636864995, 51.02918547327882], [-114.09277762084828, 51.02918653518514], [-114.09277870196013, 51.029187669376086], [-114.09277960157378, 51.029188864928805], [-114.09278031102549, 51.029190110329466], [-114.09278082348278, 51.02919139358415], [-114.09278113401044, 51.029192702334456], [-114.09278123961788, 51.029194023976395], [-114.09278113928804, 51.02919534578184], [-114.0927808339871, 51.02919665502106], [-114.09278032665529, 51.029197939085364], [-114.09277962217847, 51.02919918560854], [-114.09277872734111, 51.02920038258586], [-114.092777650761, 51.029201518489785], [-114.09277640280615, 51.02920258238091], [-114.09277499549508, 51.02920356401341], [-114.09277344238093, 51.029204453933595], [-114.09277175842107, 51.02920524357107], [-114.09276995983294, 51.02920592532118], [-114.09276806393792, 51.02920649261827], [-114.09276608899457, 51.02920693999897], [-114.09276405402264, 51.02920726315475], [-114.09276197862008, 51.02920745897346], [-114.09275988277415, 51.02920752556925], [-114.092757786669, 51.029207462300754], [-114.09275571049128, 51.02920726977729], [-114.09275367423577, 51.02920694985296], [-114.09275169751271, 51.029206505608826], [-114.09274979935903, 51.029205941323205], [-114.09274799805502, 51.029205262430445], [-114.09274631094821, 51.02920447546871], [-114.0927447542864, 51.029203588016834], [-114.09274334306107, 51.0292026086215], [-114.0927420908631, 51.02920154671483], [-114.09274100975182, 51.02920041252354], [-114.09274011013893, 51.029199216970525], [-114.09273940068817, 51.02919797156964], [-114.09273888823195, 51.029196688314755], [-114.09273857770545, 51.02919537956434], [-114.09273847209923, 51.02919405792236]]]}}, {"type": "Feature", "properties": {"tag": "T1965", "code": "TREE", "canopy_m": 11.0, "condition": "F", "in_inventory": false, "botanical": ""}, "geometry": {"type": "Polygon", "coordinates": [[[-114.09292023493889, 51.02877369620825], [-114.09292060279721, 51.028768849587536], [-114.09292172220918, 51.02876404904204], [-114.09292358239405, 51.0287593408036], [-114.09292616543699, 51.028754770215116], [-114.09292944646172, 51.0287503812938], [-114.09293339387003, 51.0287462163073], [-114.09293796964609, 51.02874231536663], [-114.09294312972261, 51.02873871603995], [-114.09294882440523, 51.028735452990645], [-114.09295499885106, 51.02873255764359], [-114.09296159359684, 51.02873005788249], [-114.09296854513171, 51.028727977781365], [-114.09297578650875, 51.02872633737265], [-114.09298324798968, 51.02872515245434], [-114.09299085771661, 51.02872443443781], [-114.0929985424039, 51.02872419023792], [-114.09300622804408, 51.028724422206444], [-114.09301384062043, 51.028725128109414], [-114.09302130681994, 51.028726301148616], [-114.09302855473919, 51.02872793002706], [-114.09303551457698, 51.02872999905783], [-114.0930421193064, 51.02873248831507], [-114.09304830532041, 51.028735373825945], [-114.0930540130444, 51.02873862780146], [-114.09305918750984, 51.02874221890415], [-114.09306377888383, 51.02874611254978], [-114.09306774294883, 51.028750271240504], [-114.09307104152863, 51.02875465492592], [-114.09307364285597, 51.02875922138879], [-114.09307552187843, 51.02876392665165], [-114.09307666049983, 51.028768725400234], [-114.09307704775435, 51.02877357142003], [-114.09307667991231, 51.02877841804123], [-114.093075560516, 51.02878321858819], [-114.09307370034558, 51.02878792682902], [-114.09307111731532, 51.02879249742074], [-114.09306783630099, 51.028796886345994], [-114.09306388890046, 51.02880105133699], [-114.09305931312919, 51.02880495228254], [-114.09305415305433, 51.02880855161432], [-114.09304845837016, 51.028811814668714], [-114.09304228391966, 51.02881471002066], [-114.0930356891662, 51.02881720978628], [-114.09302873762097, 51.028819289891366], [-114.09302149623134, 51.028820930303354], [-114.093014034736, 51.028822115224095], [-114.09300642499346, 51.02882283324213], [-114.09299874028989, 51.02882307744254], [-114.09299105463344, 51.02882284547354], [-114.09298344204142, 51.028822139569115], [-114.09297597582749, 51.02882096652752], [-114.09296872789554, 51.028819337645835], [-114.09296176804733, 51.02881726861112], [-114.09295516331015, 51.02881477934938], [-114.09294897729134, 51.02881189383362], [-114.09294326956571, 51.028808639853004], [-114.09293809510181, 51.02880504874524], [-114.09293350373252, 51.028801155094705], [-114.09292953967517, 51.028796996399464], [-114.0929262411057, 51.02879261271009], [-114.09292363979097, 51.028788046243946], [-114.0929217607829, 51.02878334097868], [-114.09292062217715, 51.02877854222858], [-114.09292023493889, 51.02877369620825]]]}}, {"type": "Feature", "properties": {"tag": "T1966", "code": "CON", "canopy_m": 5.0, "condition": "F", "in_inventory": false, "botanical": ""}, "geometry": {"type": "Polygon", "coordinates": [[[-114.09274228831785, 51.028491810796304], [-114.09274245553361, 51.02848960778704], [-114.0927429643626, 51.02848742572157], [-114.09274380990445, 51.028485285614394], [-114.09274498401606, 51.028483208075876], [-114.0927464753901, 51.02848121311387], [-114.09274826966376, 51.02847931994093], [-114.0927503495572, 51.028477546789325], [-114.09275269503989, 51.02847591073547], [-114.09275528352354, 51.02847442753542], [-114.09275809007966, 51.02847311147322], [-114.09276108767956, 51.02847197522322], [-114.09276424745477, 51.02847102972816], [-114.09276753897494, 51.02847028409362], [-114.09277093054096, 51.028469745500466], [-114.09277438949027, 51.02846941913567], [-114.09277788251133, 51.02846930814224], [-114.09278137596446, 51.028469413589164], [-114.09278483620588, 51.028469734460884], [-114.0927882299116, 51.02847026766726], [-114.09279152439844, 51.02847100807324], [-114.0927946879387, 51.02847194854828], [-114.09279769006582, 51.02847308003514], [-114.09280050186769, 51.02847439163698], [-114.09280309626511, 51.02847587072239], [-114.09280544827266, 51.02847750304694], [-114.09280753523917, 51.02847927289053], [-114.09280933706604, 51.02848116320856], [-114.09281083640064, 51.02848315579626], [-114.09281201880356, 51.02848523146395], [-114.09281287288754, 51.02848737022181], [-114.09281339042727, 51.02848955147245], [-114.0928135664385, 51.02849175420924], [-114.09281339922607, 51.02849395721861], [-114.09281289040032, 51.02849613928437], [-114.09281204486147, 51.028498279392046], [-114.09281087075247, 51.028500356931225], [-114.09280937938058, 51.02850235189405], [-114.09280758510852, 51.028504245067914], [-114.09280550521608, 51.028506018220526], [-114.09280315973372, 51.02850765427544], [-114.09280057124975, 51.02850913747654], [-114.09279776469268, 51.02851045353975], [-114.09279476709119, 51.02851158979069], [-114.09279160731384, 51.02851253528657], [-114.09278831579107, 51.02851328092179], [-114.09278492422206, 51.02851381951544], [-114.09278146526954, 51.02851414588056], [-114.09277797224513, 51.028514256874075], [-114.09277447878863, 51.02851415142706], [-114.09277101854396, 51.028513830555035], [-114.09276762483525, 51.02851329734817], [-114.0927643303458, 51.02851255694152], [-114.09276116680338, 51.02851161646567], [-114.09275816467466, 51.02851048497786], [-114.0927553528718, 51.028509173375014], [-114.09275275847403, 51.028507694288564], [-114.09275040646682, 51.02850606196295], [-114.09274831950127, 51.02850429211837], [-114.09274651767598, 51.028502401799415], [-114.0927450183435, 51.02850040921088], [-114.09274383594321, 51.028498333542515], [-114.0927429818622, 51.028496194784154], [-114.09274246432571, 51.028494013533205], [-114.09274228831785, 51.028491810796304]]]}}, {"type": "Feature", "properties": {"tag": "T1967", "code": "CON", "canopy_m": 4.0, "condition": "F", "in_inventory": true, "botanical": "Picea glauca"}, "geometry": {"type": "Polygon", "coordinates": [[[-114.09273138764281, 51.02846568621226], [-114.09273152141577, 51.02846392380486], [-114.09273192847915, 51.0284621781525], [-114.09273260491267, 51.02846046606682], [-114.09273354420186, 51.02845880403611], [-114.09273473730089, 51.028457208066605], [-114.09273617271947, 51.028455693528386], [-114.09273783663376, 51.02845427500728], [-114.09273971301934, 51.02845296616438], [-114.09274178380558, 51.02845177960458], [-114.0927440290497, 51.02845072675508], [-114.09274642712876, 51.02844981775539], [-114.09274895494796, 51.028449061359645], [-114.09275158816305, 51.02844846485236], [-114.09275430141477, 51.028448033978215], [-114.09275706857301, 51.02844777288678], [-114.09275986298859, 51.02844768409246], [-114.09276265774977, 51.028447768450434], [-114.09276542594151, 51.028448025148265], [-114.09276814090464, 51.02844845171384], [-114.0927707764926, 51.02844904403908], [-114.09277330732327, 51.02844979641958], [-114.09277570902339, 51.02845070160951], [-114.09277795846329, 51.02845175089142], [-114.09278003397962, 51.02845293416015], [-114.09278191558407, 51.02845424002018], [-114.09278358515571, 51.02845565589538], [-114.09278502661569, 51.02845716815011], [-114.09278622608191, 51.028458762220545], [-114.09278717200284, 51.02846042275489], [-114.09278785526875, 51.028462133761344], [-114.09278826929935, 51.02846387876195], [-114.0927884101073, 51.02846564095142], [-114.09278827633649, 51.02846740335889], [-114.09278786927518, 51.02846914901143], [-114.09278719284359, 51.02847086109744], [-114.09278625355606, 51.02847252312856], [-114.09278506045843, 51.028474119098604], [-114.09278362504087, 51.02847563363741], [-114.0927819611272, 51.02847705215917], [-114.09278008474185, 51.02847836100273], [-114.09277801395541, 51.0284795475632], [-114.09277576871067, 51.02848060041335], [-114.0927733706306, 51.02848150941365], [-114.09277084281003, 51.02848226580992], [-114.09276820959326, 51.028482862317624], [-114.09276549633965, 51.028483293192096], [-114.09276272917933, 51.02848355428374], [-114.0927599347616, 51.028483643078104], [-114.09275713999827, 51.02848355872008], [-114.09275437180446, 51.02848330202206], [-114.09275165683943, 51.02848287545616], [-114.09274902124979, 51.0284822831305], [-114.09274649041774, 51.028481530749474], [-114.09274408871659, 51.02848062555895], [-114.09274183927606, 51.028479576276396], [-114.0927397637595, 51.028478393006985], [-114.09273788215526, 51.028477087146285], [-114.09273621258424, 51.02847567127044], [-114.09273477112528, 51.02847415901511], [-114.09273357166043, 51.02847256494415], [-114.09273262574115, 51.028470904409374], [-114.09273194247716, 51.02846919340261], [-114.09273152844861, 51.02846744840179], [-114.09273138764281, 51.02846568621226]]]}}, {"type": "Feature", "properties": {"tag": "T1968", "code": "TREE", "canopy_m": 5.0, "condition": "F", "in_inventory": false, "botanical": ""}, "geometry": {"type": "Polygon", "coordinates": [[[-114.09293463809732, 51.028127410859504], [-114.09293480530269, 51.02812520784983], [-114.09293531411868, 51.028123025783394], [-114.09293615964503, 51.0281208856747], [-114.09293733373887, 51.028118808134124], [-114.09293882509297, 51.02811681316957], [-114.09294061934476, 51.02811491999356], [-114.09294269921456, 51.02811314683843], [-114.0929450446721, 51.02811151078062], [-114.09294763312933, 51.02811002757624], [-114.092950439658, 51.02810871150935], [-114.09295343722971, 51.02810757525436], [-114.09295659697622, 51.02810662975404], [-114.09295988846749, 51.02810588411405], [-114.0929632800047, 51.0281053455153], [-114.09296673892554, 51.028105019144796], [-114.09297023191873, 51.02810490814564], [-114.0929737253449, 51.02810501358683], [-114.09297718556051, 51.02810533445289], [-114.09298057924183, 51.02810586765373], [-114.09298387370586, 51.02810660805433], [-114.0929870372252, 51.02810754852425], [-114.09299003933346, 51.028108680006255], [-114.09299285111867, 51.02810999160355], [-114.09299544550186, 51.02811147068479], [-114.09299779749769, 51.02811310300559], [-114.09299988445515, 51.02811487284584], [-114.09300168627568, 51.02811676316102], [-114.09300318560676, 51.028118755746384], [-114.09300436800896, 51.02812083141227], [-114.09300522209509, 51.02812297016885], [-114.09300573963975, 51.02812515141878], [-114.09300591565868, 51.0281273541554], [-114.09300574845668, 51.02812955716518], [-114.09300523964393, 51.028131739231924], [-114.09300439412056, 51.02813387934112], [-114.09300322002933, 51.02813595688234], [-114.09300172867738, 51.02813795184773], [-114.09299993442721, 51.02813984502466], [-114.09299785455839, 51.0281416181808], [-114.0929955091012, 51.02814325423966], [-114.09299292064364, 51.0281447374451], [-114.092990114114, 51.028146053513005], [-114.09298711654073, 51.028147189768916], [-114.09298395679207, 51.02814813527006], [-114.09298066529819, 51.02814888091072], [-114.09297727375801, 51.02814941950998], [-114.09297381483395, 51.028149745880796], [-114.0929703218374, 51.028149856880056], [-114.09296682840785, 51.028149751438775], [-114.09296336818902, 51.028149430572405], [-114.09295997450472, 51.02814889737107], [-114.09295668003804, 51.02814815696978], [-114.09295351651656, 51.028147216499065], [-114.09295051440672, 51.02814608501613], [-114.09294770262049, 51.02814477341782], [-114.09294510823696, 51.028143294335536], [-114.09294275624146, 51.02814166201369], [-114.09294066928497, 51.028139892172426], [-114.09293886746602, 51.02813800185631], [-114.09293736813709, 51.02813600927011], [-114.09293618573749, 51.02813393360357], [-114.09293533165433, 51.02813179484649], [-114.0929348141129, 51.02812961359624], [-114.09293463809732, 51.028127410859504]]]}}, {"type": "Feature", "properties": {"tag": "T1969", "code": "TREE", "canopy_m": 6.0, "condition": "F", "in_inventory": true, "botanical": "Fraxinus pennsylvanica"}, "geometry": {"type": "Polygon", "coordinates": [[[-114.09270300958991, 51.02871828503639], [-114.09270321025204, 51.02871564142542], [-114.09270382085197, 51.02871302294717], [-114.09270483550922, 51.02871045481898], [-114.09270624445207, 51.028707961773335], [-114.09270803411154, 51.028705567819614], [-114.09271018725218, 51.028703296012864], [-114.09271268313805, 51.02870116823182], [-114.09271549773239, 51.028699204968156], [-114.09271860392909, 51.028697425129145], [-114.0927219718138, 51.028695845855594], [-114.09272556895196, 51.028694482356755], [-114.0927293607012, 51.02869334776384], [-114.09273331054496, 51.02869245300358], [-114.09273738044412, 51.028691806693004], [-114.0927415312034, 51.02869141505642], [-114.09274572284876, 51.028691281865484], [-114.09274991501248, 51.02869140840291], [-114.09275406732176, 51.02869179345006], [-114.09275813978769, 51.028692433298744], [-114.09276209319022, 51.02869332178687], [-114.09276588945602, 51.02869445035782], [-114.09276949202498, 51.02869580814287], [-114.09277286620247, 51.028697382065815], [-114.0927759794933, 51.02869915696895], [-114.09277880191479, 51.02870111575899], [-114.09278130628549, 51.02870323957175], [-114.09278346848689, 51.02870550795379], [-114.0927852676958, 51.02870789905934], [-114.09278668658482, 51.02871038986076], [-114.0927877114892, 51.02871295637033], [-114.09278833253848, 51.028715573871125], [-114.09278854375157, 51.0287182171552], [-114.0927883430943, 51.0287208607663], [-114.092787732499, 51.02872347924501], [-114.09278671784604, 51.0287260473739], [-114.09278530890698, 51.0287285404205], [-114.09278351925062, 51.0287309343754], [-114.09278136611228, 51.02873320618349], [-114.09277887022783, 51.02873533396599], [-114.09277605563399, 51.02873729723117], [-114.09277294943682, 51.02873907707168], [-114.09276958155071, 51.02874065634669], [-114.09276598441028, 51.02874201984688], [-114.09276219265796, 51.028743154440974], [-114.09275824281046, 51.0287440492022], [-114.09275417290702, 51.02874469551351], [-114.0927500221431, 51.02874508715054], [-114.09274583049289, 51.028745220341634], [-114.09274163832433, 51.02874509380407], [-114.09273748601038, 51.02874470875648], [-114.09273341354016, 51.02874406890708], [-114.09272946013384, 51.028743180418], [-114.09272566386495, 51.02874205184587], [-114.09272206129367, 51.028740694059486], [-114.09271868711477, 51.02873912013508], [-114.09271557382345, 51.02873734523043], [-114.0927127514024, 51.02873538643888], [-114.09271024703311, 51.02873326262465], [-114.09270808483397, 51.02873099424127], [-114.09270628562814, 51.028728603134546], [-114.09270486674289, 51.028726112332144], [-114.09270384184279, 51.028723545821876], [-114.09270322079816, 51.02872092832062], [-114.09270300958991, 51.02871828503639]]]}}, {"type": "Feature", "properties": {"tag": "T1970", "code": "TREE", "canopy_m": 6.0, "condition": "F", "in_inventory": true, "botanical": "Fraxinus pennsylvanica"}, "geometry": {"type": "Polygon", "coordinates": [[[-114.0926471534939, 51.02876008676706], [-114.09264735415938, 51.02875744315622], [-114.092647964763, 51.028754824678266], [-114.09264897942427, 51.02875225655059], [-114.09265038837137, 51.02874976350563], [-114.09265217803532, 51.02874736955277], [-114.09265433118063, 51.02874509774707], [-114.0926568270713, 51.02874296996723], [-114.09265964167052, 51.028741006704934], [-114.09266274787215, 51.02873922686743], [-114.09266611576179, 51.02873764759549], [-114.09266971290484, 51.02873628409837], [-114.09267350465885, 51.02873514950729], [-114.09267745450724, 51.028734254748905], [-114.09268152441084, 51.02873360844028], [-114.09268567517431, 51.02873321680567], [-114.09268986682363, 51.02873308361674], [-114.09269405899094, 51.02873321015616], [-114.09269821130351, 51.028733595205296], [-114.09270228377233, 51.028734235055914], [-114.09270623717737, 51.028735123545935], [-114.09271003344521, 51.02873625211869], [-114.0927136360158, 51.02873760990545], [-114.09271701019443, 51.02873918383], [-114.09272012348593, 51.02874095873461], [-114.09272294590761, 51.02874291752598], [-114.09272545027801, 51.028745041339924], [-114.09272761247865, 51.02874730972297], [-114.0927294116863, 51.02874970082937], [-114.0927308305736, 51.02875219163146], [-114.09273185547582, 51.02875475814149], [-114.09273247652253, 51.02875737564257], [-114.09273268773262, 51.02876001892674], [-114.092732487072, 51.02876266253772], [-114.09273187647302, 51.0287652810161], [-114.09273086181605, 51.028767849144494], [-114.09272945287273, 51.02877034219042], [-114.09272766321187, 51.02877273614445], [-114.09272551006887, 51.028775007951495], [-114.09272301417963, 51.02877713573279], [-114.09272019958091, 51.028779098996615], [-114.09271709337881, 51.028780878835626], [-114.09271372548777, 51.02878245810902], [-114.09271012834246, 51.028783821607476], [-114.09270633658535, 51.02878495619975], [-114.09270238673322, 51.028785850959096], [-114.09269831682533, 51.02878649726844], [-114.09269416605721, 51.028786888903504], [-114.09268997440306, 51.02878702209259], [-114.09268578223089, 51.028786895553026], [-114.09268162991367, 51.028786510503444], [-114.09267755744055, 51.028785870652115], [-114.09267360403175, 51.028784982161156], [-114.0926698077608, 51.02878385358722], [-114.0926662051879, 51.02878249579912], [-114.09266283100786, 51.028780921873114], [-114.09265971771586, 51.028779146967004], [-114.09265689529464, 51.028777188174104], [-114.09265439092563, 51.028775064358705], [-114.09265222872727, 51.02877279597431], [-114.09265042952269, 51.02877040486674], [-114.09264901063914, 51.02876791406366], [-114.09264798574121, 51.02876534755291], [-114.09264736469916, 51.02876273005138], [-114.0926471534939, 51.02876008676706]]]}}, {"type": "Feature", "properties": {"tag": "T1971", "code": "TREE", "canopy_m": 17.0, "condition": "F", "in_inventory": true, "botanical": "Fraxinus pennsylvanica"}, "geometry": {"type": "Polygon", "coordinates": [[[-114.09272741097274, 51.02905902253022], [-114.09272797951553, 51.02905153229949], [-114.09272970955698, 51.02904411327781], [-114.09273258443531, 51.02903683691437], [-114.09273657646338, 51.02902977328442], [-114.09274164719534, 51.0290229904145], [-114.0927477477969, 51.02901655362718], [-114.09275481951568, 51.02901052491212], [-114.092762794247, 51.02900496232895], [-114.09277159518976, 51.02899991944822], [-114.09278113758613, 51.028995444835466], [-114.0927913295378, 51.02899158158346], [-114.09280207289095, 51.02898836689731], [-114.09281326418156, 51.028985831736044], [-114.09282479563184, 51.02898400051452], [-114.0928365561881, 51.028982890868356], [-114.0928484325903, 51.02898251348397], [-114.09286031046275, 51.02898287199579], [-114.09287207541561, 51.02898396295113], [-114.09288361414649, 51.02898577584358], [-114.0928948155316, 51.02898829321406], [-114.0929055716959, 51.028991490819024], [-114.09291577905202, 51.028995337863925], [-114.0929253392978, 51.02899979729979], [-114.09293416036304, 51.029004826179964], [-114.09294215729608, 51.02901037607376], [-114.09294925308205, 51.02901639353284], [-114.09295537938448, 51.029022820605974], [-114.09296047720348, 51.029029595397056], [-114.0929644974439, 51.029036652661304], [-114.09296740138818, 51.029043924433495], [-114.09296916106928, 51.0290513406826], [-114.09296975953995, 51.02905882998611], [-114.09296919103606, 51.029066320217986], [-114.09296746103203, 51.02907373924315], [-114.0929645861882, 51.02908101561233], [-114.09296059419042, 51.02908807924998], [-114.09295552348333, 51.02909486212931], [-114.09294942290029, 51.02910129892739], [-114.09294235119297, 51.029107327654124], [-114.09293437646562, 51.02911289024942], [-114.09292557551916, 51.029117933142324], [-114.09291603311156, 51.029122407766785], [-114.0929058411416, 51.02912627102958], [-114.09289509776379, 51.02912948572522], [-114.09288390644306, 51.029132020894274], [-114.0928723749584, 51.02913385212159], [-114.0928606143648, 51.029134961771376], [-114.09284873792375, 51.02913533915699], [-114.0928368600124, 51.02913498064404], [-114.09282509502212, 51.02913388968519], [-114.09281355625676, 51.02913207678703], [-114.09280235484137, 51.02912955940884], [-114.09279159865218, 51.029126361794475], [-114.09278139127753, 51.0291225147388], [-114.09277183102029, 51.02911805529126], [-114.09276300995108, 51.02911302639894], [-114.09275501302176, 51.029107476492996], [-114.092747917247, 51.0291014590222], [-114.09274179096286, 51.02909503193827], [-114.09273669316855, 51.02908825713772], [-114.09273267295823, 51.029081199865686], [-114.09272976904833, 51.02907392808768], [-114.09272800940457, 51.02906651183499], [-114.09272741097274, 51.02905902253022]]]}}, {"type": "Feature", "properties": {"tag": "T1972", "code": "TREE", "canopy_m": 8.0, "condition": "F", "in_inventory": true, "botanical": "Fraxinus pennsylvanica"}, "geometry": {"type": "Polygon", "coordinates": [[[-114.09285254913729, 51.02914492820247], [-114.09285281667785, 51.029141403387776], [-114.09285363080726, 51.029137912082646], [-114.09285498368489, 51.02913448791025], [-114.09285686228166, 51.02913116384721], [-114.09285924850558, 51.029127971906036], [-114.09286211937592, 51.02912494282687], [-114.09286544724458, 51.02912210578134], [-114.09286920006232, 51.02911948809171], [-114.09287334168744, 51.02911711496771], [-114.09287783223384, 51.02911500926382], [-114.09288262845514, 51.029113191259064], [-114.09288768416118, 51.02911167846176], [-114.0928929506628, 51.029110485441], [-114.09289837724081, 51.029109623686146], [-114.09290391163444, 51.02910910149638], [-114.09290950054454, 51.029108923900665], [-114.09291509014697, 51.0291090926093], [-114.09292062661095, 51.0291096059976], [-114.0929260566174, 51.02911045912131], [-114.09293132787252, 51.02911164376442], [-114.09293638961134, 51.02911314851822], [-114.09294119308662, 51.029114958891086], [-114.09294569203831, 51.02911705744821], [-114.09294984313911, 51.029119423979374], [-114.09295360641165, 51.02912203569361], [-114.09295694561355, 51.02912486743874], [-114.09295982858643, 51.02912789194351], [-114.09296222756564, 51.029131080080376], [-114.09296411944759, 51.029134401145825], [-114.09296548601235, 51.029137823156226], [-114.09296631409903, 51.02914131315577], [-114.0929665957326, 51.02914483753384], [-114.09296632820066, 51.02914836234878], [-114.09296551407954, 51.02915185365468], [-114.09296416120957, 51.029155277828345], [-114.0929622826195, 51.0291586018931], [-114.09295989640108, 51.02916179383634], [-114.09295702553484, 51.0291648229179], [-114.09295369766873, 51.029167659966014], [-114.09294994485185, 51.029170277658345], [-114.09294580322592, 51.02917265078503], [-114.09294131267703, 51.02917475649151], [-114.09293651645167, 51.02917657449867], [-114.09293146074017, 51.02917808729804], [-114.0929261942319, 51.02917928032054], [-114.09292076764626, 51.029180142076676], [-114.09291523324438, 51.02918066426724], [-114.09290964432567, 51.029180841863244], [-114.09290405471462, 51.02918067315433], [-114.09289851824236, 51.02918015976527], [-114.09289308822827, 51.02917930664029], [-114.09288781696642, 51.029178121995464], [-114.0928827552221, 51.02917661723961], [-114.09287795174274, 51.02917480686434], [-114.09287345278848, 51.02917270830464], [-114.09286930168682, 51.029170341770794], [-114.0928655384151, 51.02916773005386], [-114.09286219921567, 51.029164898306156], [-114.09285931624686, 51.02916187379896], [-114.09285691727312, 51.02915868566002], [-114.09285502539782, 51.029155364592825], [-114.0928536588407, 51.029151942581144], [-114.09285283076227, 51.02914845258081], [-114.09285254913729, 51.02914492820247]]]}}, {"type": "Feature", "properties": {"tag": "T1973", "code": "TREE", "canopy_m": 7.0, "condition": "F", "in_inventory": true, "botanical": "Quercus macrocarpa"}, "geometry": {"type": "Polygon", "coordinates": [[[-114.09257334610909, 51.02887184302537], [-114.09257358022427, 51.02886875881291], [-114.09257429260171, 51.02886570392248], [-114.09257547638074, 51.028862707774316], [-114.09257712016084, 51.02885979922296], [-114.09257920811143, 51.0288570062793], [-114.09258172012436, 51.02885435584091], [-114.0925846320075, 51.028851873432956], [-114.09258791571783, 51.02884958296232], [-114.09259153963139, 51.02884750648747], [-114.09259546884792, 51.02884566400597], [-114.09259966552695, 51.02884407326188], [-114.09260408925219, 51.02884274957494], [-114.09260869742086, 51.028841705692905], [-114.09261344565381, 51.028840951668954], [-114.09261828822306, 51.02884049476473], [-114.0926231784921, 51.028840339380444], [-114.09262806936506, 51.02884048701253], [-114.09263291374027, 51.028840936239234], [-114.09263766496383, 51.02884168273425], [-114.09264227727896, 51.02884271930844], [-114.09264670626659, 51.028844035979034], [-114.09265090927322, 51.02884562006583], [-114.09265484582166, 51.028847456313194], [-114.09265847800079, 51.02884952703712], [-114.09266177083077, 51.028851812295414], [-114.09266469259985, 51.02885429007983], [-114.09266721516977, 51.028856936527966], [-114.09266931424672, 51.02885972615313], [-114.09267096961543, 51.0288626320897], [-114.09267216533368, 51.02886562635195], [-114.09267288988599, 51.02886868010353], [-114.09267313629442, 51.02887176393513], [-114.09267290218584, 51.028874848147765], [-114.09267218981475, 51.02887790303878], [-114.09267100604157, 51.02888089918792], [-114.0926693622666, 51.02888380774059], [-114.09266727432022, 51.02888660068584], [-114.09266476231043, 51.028889251126046], [-114.09266185042924, 51.02889173353598], [-114.09265856671959, 51.02889402400868], [-114.09265494280541, 51.028896100485596], [-114.09265101358697, 51.02889794296908], [-114.09264681690485, 51.028899533715], [-114.0926423931754, 51.028900857403556], [-114.09263778500164, 51.028901901286886], [-114.09263303676285, 51.02890265531184], [-114.09262819418727, 51.028903112216675], [-114.09262330391165, 51.02890326760118], [-114.0926184130321, 51.02890311996888], [-114.09261356865053, 51.028902670741594], [-114.09260881742112, 51.0289019242456], [-114.09260420510087, 51.02890088767011], [-114.09259977610903, 51.028899570997915], [-114.09259557309925, 51.02889798690931], [-114.09259163654887, 51.02889615065995], [-114.09258800436908, 51.02889407993396], [-114.0925847115397, 51.02889179467361], [-114.09258178977252, 51.02888931688723], [-114.09257926720572, 51.02888667043724], [-114.09257716813293, 51.02888388081048], [-114.09257551276934, 51.02888097487259], [-114.09257431705693, 51.02887798060935], [-114.09257359251094, 51.02887492685717], [-114.09257334610909, 51.02887184302537]]]}}, {"type": "Feature", "properties": {"tag": "T1974", "code": "TREE", "canopy_m": 6.0, "condition": "F", "in_inventory": false, "botanical": ""}, "geometry": {"type": "Polygon", "coordinates": [[[-114.09301168863354, 51.02943057711512], [-114.09301188928112, 51.02942793350397], [-114.09301249987297, 51.029425315024426], [-114.09301351452868, 51.029422746893864], [-114.09301492347649, 51.0294202538448], [-114.09301671314743, 51.029417859886635], [-114.09301886630594, 51.02941558807447], [-114.09302136221588, 51.02941346028708], [-114.09302417684026, 51.029411497016206], [-114.0930272830727, 51.0294097171692], [-114.0930306509985, 51.02940813788693], [-114.0930342481827, 51.02940677437872], [-114.09303803998249, 51.02940563977591], [-114.0930419898808, 51.029404745005294], [-114.09304605983803, 51.02940409868402], [-114.0930502106583, 51.02940370703648], [-114.09305440236702, 51.029403573834465], [-114.09305859459582, 51.02940370036076], [-114.0930627469713, 51.02940408539686], [-114.09306681950389, 51.02940472523467], [-114.09307077297292, 51.02940561371222], [-114.0930745693044, 51.02940674227297], [-114.09307817193763, 51.02940810004831], [-114.0930815461773, 51.02940967396212], [-114.09308465952766, 51.02941144885677], [-114.09308748200546, 51.02941340763909], [-114.09308998642867, 51.02941553144496], [-114.09309214867832, 51.02941779982097], [-114.09309394793074, 51.02942019092145], [-114.0930953668581, 51.02942268171881], [-114.09309639179527, 51.02942524822532], [-114.09309701287151, 51.02942786572416], [-114.09309722410545, 51.02943050900734], [-114.0930970234627, 51.02943315261864], [-114.09309641287552, 51.02943577109861], [-114.09309539822411, 51.02943833922989], [-114.09309398928006, 51.0294408322799], [-114.09309219961223, 51.029443226239245], [-114.09309004645603, 51.029445498052745], [-114.09308755054752, 51.029447625841584], [-114.09308473592364, 51.02944958911398], [-114.09308162969073, 51.029451368962505], [-114.09307826176352, 51.02945294824623], [-114.09307466457705, 51.029454311755785], [-114.09307087277418, 51.02945544635979], [-114.09306692287211, 51.029456341131365], [-114.09306285291062, 51.029456987453365], [-114.0930587020857, 51.02945737910134], [-114.09305451037214, 51.02945751230353], [-114.0930503181385, 51.02945738577708], [-114.09304616575835, 51.02945700074054], [-114.09304209322147, 51.02945636090202], [-114.09303813974866, 51.02945547242353], [-114.09303434341408, 51.029454343861595], [-114.09303074077853, 51.02945298608491], [-114.09302736653746, 51.02945141216965], [-114.0930242531866, 51.02944963727348], [-114.09302143070926, 51.029447678489646], [-114.09301892628743, 51.02944555468232], [-114.09301676404006, 51.029443286304954], [-114.09301496479071, 51.02944089520331], [-114.09301354586712, 51.02943840440498], [-114.09301252093422, 51.029435837897736], [-114.09301189986263, 51.02943322039846], [-114.09301168863354, 51.02943057711512]]]}}, {"type": "Feature", "properties": {"tag": "T1975", "code": "CON", "canopy_m": 3.0, "condition": "F", "in_inventory": false, "botanical": ""}, "geometry": {"type": "Polygon", "coordinates": [[[-114.09270225810633, 51.02919200103013], [-114.09270235843843, 51.029190679224754], [-114.09270266374152, 51.029189369985744], [-114.09270317107539, 51.02918808592176], [-114.0927038755541, 51.02918683939904], [-114.09270477039311, 51.02918564242229], [-114.09270584697465, 51.029184506519044], [-114.09270709493062, 51.02918344262867], [-114.09270850224252, 51.029182460996985], [-114.09271005535717, 51.02918157107764], [-114.09271173931724, 51.02918078144106], [-114.09271353790525, 51.02918009969185], [-114.09271543379985, 51.029179532395645], [-114.09271740874253, 51.029179085015805], [-114.09271944371353, 51.02917876186082], [-114.092721519115, 51.02917856604287], [-114.0927236149597, 51.02917849944776], [-114.0927257110635, 51.029178562716886], [-114.0927277872398, 51.02917875524088], [-114.09272982349391, 51.02917907516566], [-114.09273180021559, 51.02917951941017], [-114.09273369836797, 51.0291800836961], [-114.0927354996708, 51.029180762589064], [-114.09273718677653, 51.02918154955097], [-114.09273874343747, 51.029182437002945], [-114.0927401546621, 51.029183416398325], [-114.09274140685953, 51.029184478305034], [-114.09274248797045, 51.02918561249632], [-114.09274338758314, 51.02918680804932], [-114.09274409703384, 51.02918805345018], [-114.09274460949011, 51.029189336705045], [-114.09274492001674, 51.02919064545545], [-114.09274502562313, 51.02919196709742], [-114.09274492529227, 51.02919328890283], [-114.09274461999033, 51.029194598141956], [-114.09274411265754, 51.02919588220611], [-114.09274340817977, 51.029197128729066], [-114.09274251334153, 51.029198325706126], [-114.09274143676058, 51.02919946160969], [-114.09274018880497, 51.02920052550045], [-114.09273878149318, 51.02920150713251], [-114.0927372283784, 51.029202397052224], [-114.092735544418, 51.029203186689166], [-114.0927337458294, 51.02920386843871], [-114.09273184993404, 51.02920443573522], [-114.09272987499043, 51.0292048831153], [-114.09272784001834, 51.02920520627046], [-114.09272576461572, 51.029205402088515], [-114.09272366876982, 51.029205468683664], [-114.09272157266481, 51.02920540541451], [-114.09271949648733, 51.02920521289041], [-114.09271746023217, 51.029204892965446], [-114.09271548350952, 51.02920444872071], [-114.09271358535639, 51.02920388443448], [-114.09271178405298, 51.02920320554118], [-114.09271009694687, 51.02920241857891], [-114.09270854028583, 51.029201531126574], [-114.09270712906131, 51.0292005517308], [-114.09270587686422, 51.029199489823725], [-114.09270479575387, 51.02919835563211], [-114.09270389614194, 51.0291971600788], [-114.09270318669219, 51.0291959146777], [-114.09270267423699, 51.02919463142266], [-114.09270236371151, 51.02919332267214], [-114.09270225810633, 51.02919200103013]]]}}, {"type": "Feature", "properties": {"tag": "T1976", "code": "CON", "canopy_m": 15.0, "condition": "F", "in_inventory": true, "botanical": "Picea glauca"}, "geometry": {"type": "Polygon", "coordinates": [[[-114.09285160550242, 51.028651229313034], [-114.09285210713584, 51.02864462028494], [-114.09285363361224, 51.02863807408728], [-114.09285617023043, 51.028631653763476], [-114.09285969256098, 51.0286254211447], [-114.0928641666816, 51.028619436254374], [-114.09286954950376, 51.028613756730174], [-114.09287578918774, 51.02860843726888], [-114.09288282564187, 51.02860352909971], [-114.09289059110117, 51.028599079490874], [-114.09289901078007, 51.028595131294374], [-114.0929080035926, 51.0285917225334], [-114.09291748293326, 51.028588886036054], [-114.0929273575111, 51.02858664911925], [-114.09293753222886, 51.02858503332562], [-114.09294790909883, 51.02858405421608], [-114.09295838818652, 51.02858372121997], [-114.092968868573, 51.02858403754419], [-114.09297924932685, 51.02858500014238], [-114.09298943047618, 51.02858659974424], [-114.09299931397135, 51.028588820944776], [-114.0930088046292, 51.02859164235272], [-114.09301781104982, 51.02859503679648], [-114.09302624649663, 51.02859897158582], [-114.09303402973183, 51.028603408826676], [-114.09304108579863, 51.02860830578614], [-114.09304734674322, 51.028613615303996], [-114.09305275226916, 51.028619286246744], [-114.09305725031805, 51.02862526400028], [-114.09306079757097, 51.02863149099566], [-114.0930633598656, 51.02863790726359], [-114.09306491252522, 51.02864445101197], [-114.0930654405965, 51.028651059220984], [-114.09306493899335, 51.02865766824996], [-114.09306341254606, 51.02866421445036], [-114.09306087595475, 51.02867063477861], [-114.09305735364777, 51.02867686740339], [-114.09305287954652, 51.02868285230104], [-114.09304749673878, 51.028688531833616], [-114.09304125706372, 51.028693851304], [-114.0930342206127, 51.02869875948263], [-114.0930264551505, 51.02870320910094], [-114.09301803546286, 51.02870715730655], [-114.0930090426361, 51.02871056607593], [-114.09299956327621, 51.02871340258065], [-114.09298968867495, 51.028715639503524], [-114.09297951393043, 51.028717255301665], [-114.09296913703137, 51.028718234414], [-114.09295865791344, 51.0287185674111], [-114.09294817749668, 51.02871825108597], [-114.0929377967137, 51.02871728848506], [-114.0929276155375, 51.02871568887876], [-114.09291773201878, 51.028713467672205], [-114.09290824134155, 51.02871064625694], [-114.09289923490651, 51.02870725180482], [-114.09289079945077, 51.028703317006396], [-114.09288301621248, 51.02869887975607], [-114.09287596014856, 51.028693982787125], [-114.09286969921271, 51.02868867326018], [-114.09286429370101, 51.028683002309], [-114.09285979567133, 51.0286770245481], [-114.09285624844185, 51.02867079754666], [-114.092853686174, 51.02866438127422], [-114.09285213354343, 51.02865783752302], [-114.09285160550242, 51.028651229313034]]]}}, {"type": "Feature", "properties": {"tag": "T1977", "code": "TREE", "canopy_m": 7.0, "condition": "P", "in_inventory": false, "botanical": ""}, "geometry": {"type": "Polygon", "coordinates": [[[-114.09297515407602, 51.02888360628457], [-114.09297538816458, 51.02888052207133], [-114.09297610051577, 51.02887746717848], [-114.0929772842692, 51.02887447102626], [-114.09297892802455, 51.02887156246926], [-114.09298101595152, 51.02886876951845], [-114.09298352794215, 51.02886611907145], [-114.09298643980456, 51.0288636366535], [-114.09298972349589, 51.02886134617159], [-114.0929933473924, 51.02885926968428], [-114.09299727659396, 51.028857427189294], [-114.09300147326029, 51.02885583643078], [-114.0930058969752, 51.028854512728635], [-114.09301050513598, 51.028853468830775], [-114.0930152533636, 51.0288527147905], [-114.0930200959301, 51.02885225786961], [-114.09302498619901, 51.02885210246852], [-114.09302987707446, 51.028852250083794], [-114.09303472145476, 51.028852699293836], [-114.09303947268596, 51.02885344577251], [-114.09304408501119, 51.02885448233084], [-114.0930485140113, 51.02885579898619], [-114.09305271703268, 51.02885738305852], [-114.09305665359797, 51.028859219292336], [-114.09306028579591, 51.02886129000377], [-114.09306357864648, 51.028863575250725], [-114.09306650043771, 51.028866053025084], [-114.09306902303112, 51.028868699464525], [-114.09307112213274, 51.028871489082455], [-114.09307277752697, 51.02887439501332], [-114.09307397327142, 51.028877389271436], [-114.09307469785031, 51.02888044302048], [-114.09307494428546, 51.02888352685122], [-114.0930747102035, 51.02888661106466], [-114.09307399785862, 51.0288896659581], [-114.09307281411105, 51.02889266211129], [-114.09307117036083, 51.0288955706696], [-114.09306908243809, 51.028898363622], [-114.0930665704506, 51.028901014070826], [-114.09306365859013, 51.028903496490756], [-114.09306037489948, 51.028905786974725], [-114.09305675100234, 51.02890786346409], [-114.09305282179888, 51.02890970596108], [-114.09304862512946, 51.02891129672141], [-114.09304420141035, 51.02891262042517], [-114.09303959324447, 51.02891366432436], [-114.09303484501103, 51.028914418365616], [-114.0930300024382, 51.0289148752871], [-114.09302511216269, 51.02891503068841], [-114.09302022128064, 51.02891488307294], [-114.093015376894, 51.028914433862305], [-114.09301062565696, 51.028913687382655], [-114.09300601332659, 51.028912650823024], [-114.09300158432225, 51.028911334166075], [-114.09299738129774, 51.02890975009193], [-114.09299344473051, 51.028907913856116], [-114.0929898125319, 51.028905843142624], [-114.09298651968196, 51.02890355789362], [-114.09298359789261, 51.02890108011728], [-114.09298107530232, 51.028898433676005], [-114.0929789762049, 51.028895644056476], [-114.09297732081576, 51.028892738124284], [-114.09297612507714, 51.02888974386518], [-114.09297540050459, 51.02888669011552], [-114.09297515407602, 51.02888360628457]]]}}, {"type": "Feature", "properties": {"tag": "T1978", "code": "TREE", "canopy_m": 2.0, "condition": "F", "in_inventory": false, "botanical": ""}, "geometry": {"type": "Polygon", "coordinates": [[[-114.09273904712822, 51.029182173003946], [-114.09273911401556, 51.02918129180034], [-114.09273931755024, 51.02918041897426], [-114.09273965577208, 51.02917956293148], [-114.09274012542382, 51.02917873191622], [-114.09274072198244, 51.02917793393152], [-114.09274143970276, 51.02917717666247], [-114.09274227167275, 51.02917646740196], [-114.09274320988004, 51.02917581298056], [-114.09274424528924, 51.0291752197007], [-114.09274536792873, 51.029174693275976], [-114.09274656698693, 51.029174238776186], [-114.09274783091625, 51.02917386057834], [-114.09274914754434, 51.02917356232475], [-114.09275050419137, 51.02917334688772], [-114.0927518877921, 51.029173216342066], [-114.0927532850217, 51.02917317194497], [-114.0927546824241, 51.02917321412402], [-114.09275606654155, 51.02917334247302], [-114.09275742404427, 51.02917355575589], [-114.09275874185873, 51.02917385191859], [-114.0927600072937, 51.02917422810892], [-114.09276120816234, 51.02917468070396], [-114.09276233289965, 51.02917520534499], [-114.09276337067378, 51.02917579697941], [-114.0927643114904, 51.02917644990948], [-114.09276514628893, 51.02917715784712], [-114.09276586702981, 51.02917791397449], [-114.0927664667719, 51.02917871100971], [-114.09276693973935, 51.029179541276854], [-114.09276728137722, 51.029180396780035], [-114.09276748839535, 51.029181269280265], [-114.09276755880003, 51.02918215037491], [-114.09276749191322, 51.02918303157852], [-114.09276728837908, 51.02918390440464], [-114.09276695015772, 51.029184760447485], [-114.0927664805064, 51.02918559146289], [-114.09276588394812, 51.0291863894477], [-114.09276516622805, 51.0291871467169], [-114.09276433425823, 51.02918785597757], [-114.09276339605097, 51.029188510399145], [-114.09276236064174, 51.02918910367917], [-114.09276123800208, 51.029189630104035], [-114.09276003894362, 51.029190084604004], [-114.09275877501398, 51.029190462801964], [-114.09275745838548, 51.02919076105567], [-114.09275610173796, 51.029190976492764], [-114.09275471813672, 51.02919110703849], [-114.09275332090658, 51.029191151435576], [-114.09275192350364, 51.02919110925652], [-114.09275053938568, 51.029190980907465], [-114.09274918188248, 51.02919076762454], [-114.0927478640676, 51.029190471461725], [-114.09274659863227, 51.02919009527126], [-114.09274539776338, 51.029189642676066], [-114.09274427302591, 51.029189118034886], [-114.09274323525173, 51.02918852640029], [-114.09274229443515, 51.02918787347006], [-114.09274145963678, 51.029187165532264], [-114.09274073889615, 51.02918640940473], [-114.0927401391544, 51.029185612369396], [-114.09273966618737, 51.02918478210214], [-114.09273932454998, 51.02918392659888], [-114.09273911753236, 51.02918305409859], [-114.09273904712822, 51.029182173003946]]]}}, {"type": "Feature", "properties": {"tag": "T1979", "code": "TREE", "canopy_m": 7.0, "condition": "F", "in_inventory": false, "botanical": ""}, "geometry": {"type": "Polygon", "coordinates": [[[-114.09327685951648, 51.02864031870794], [-114.0932770935838, 51.02863723449399], [-114.09327780591146, 51.02863417959919], [-114.09327898963926, 51.0286311834438], [-114.09328063336714, 51.02862827488246], [-114.09328272126506, 51.02862548192615], [-114.09328523322534, 51.02862283147257], [-114.09328814505639, 51.028620349046996], [-114.09329142871567, 51.02861805855654], [-114.09329505257972, 51.02861598205981], [-114.09329898174876, 51.02861413955461], [-114.09330317838278, 51.02861254878521], [-114.09330760206593, 51.02861122507161], [-114.09331221019582, 51.02861018116183], [-114.09331695839366, 51.028609427109274], [-114.09332180093183, 51.02860897017588], [-114.09332669117411, 51.02860881476217], [-114.09333158202492, 51.02860896236484], [-114.09333642638275, 51.02860941156241], [-114.0933411775939, 51.02861015802887], [-114.09334578990168, 51.02861119457531], [-114.09335021888714, 51.028612511219315], [-114.09335442189676, 51.028614095280865], [-114.09335835845334, 51.028615931504596], [-114.0933619906457, 51.02861800220674], [-114.09336528349382, 51.02862028744529], [-114.09336820528583, 51.0286227652122], [-114.09337072788318, 51.02862541164526], [-114.0933728269919, 51.02862820125786], [-114.09337448239629, 51.028631107184566], [-114.09337567815389, 51.028634101439735], [-114.0933764027488, 51.02863715518702], [-114.09337664920267, 51.028640239017236], [-114.09337641514192, 51.0286433232314], [-114.09337570282061, 51.02864637812681], [-114.09337451909867, 51.02864937428315], [-114.0933728753759, 51.02865228284581], [-114.09337078748221, 51.02865507580371], [-114.09336827552507, 51.02865772625912], [-114.09336536369595, 51.02866020868666], [-114.09336208003735, 51.02866249917918], [-114.09335845617268, 51.028664575677965], [-114.09335452700174, 51.028666418185146], [-114.09335033036461, 51.02866800895639], [-114.09334590667727, 51.02866933267159], [-114.09334129854228, 51.0286703765827], [-114.09333655033862, 51.028671130636226], [-114.09333170779412, 51.02867158757024], [-114.09332681754525, 51.02867174298415], [-114.09332192668785, 51.02867159538129], [-114.09331708232367, 51.028671146183136], [-114.09331233110667, 51.02867039971572], [-114.09330771879375, 51.028669363167936], [-114.09330328980408, 51.02866804652236], [-114.09329908679132, 51.02866646245898], [-114.09329515023279, 51.02866462623327], [-114.09329151803978, 51.02866255552906], [-114.09328822519225, 51.028660270288455], [-114.09328530340217, 51.02865779251955], [-114.09328278080791, 51.02865514608468], [-114.09328068170339, 51.02865235647045], [-114.09327902630407, 51.02864945054244], [-114.09327783055232, 51.028646456286296], [-114.09327710596375, 51.02864340253837], [-114.09327685951648, 51.02864031870794]]]}}, {"type": "Feature", "properties": {"tag": "T1980", "code": "CON", "canopy_m": 4.0, "condition": "F", "in_inventory": true, "botanical": "Picea glauca"}, "geometry": {"type": "Polygon", "coordinates": [[[-114.09276244567789, 51.02846318038986], [-114.09276257944967, 51.02846141798242], [-114.09276298651186, 51.028459672329966], [-114.09276366294418, 51.02845796024409], [-114.09276460223224, 51.02845629821313], [-114.09276579533011, 51.028454702243316], [-114.0927672307476, 51.0284531877047], [-114.09276889466085, 51.02845176918315], [-114.09277077104547, 51.028450460339776], [-114.0927728418308, 51.02844927377942], [-114.09277508707409, 51.02844822092931], [-114.09277748515241, 51.02844731192897], [-114.09278001297098, 51.02844655553256], [-114.09278264618553, 51.02844595902459], [-114.0927853594368, 51.028445528149724], [-114.09278812659473, 51.028445267057556], [-114.09279092101009, 51.028445178262494], [-114.09279371577118, 51.02844526261973], [-114.09279648396293, 51.02844551931682], [-114.09279919892619, 51.02844594588166], [-114.09280183451442, 51.028446538206204], [-114.09280436534546, 51.02844729058603], [-114.09280676704604, 51.02844819577534], [-114.09280901648653, 51.02844924505665], [-114.09281109200354, 51.028450428324824], [-114.09281297360876, 51.02845173418435], [-114.09281464318126, 51.02845315005909], [-114.09281608464217, 51.02845466231346], [-114.09281728410937, 51.02845625638356], [-114.09281823003138, 51.02845791691767], [-114.09281891329839, 51.02845962792394], [-114.09281932733015, 51.02846137292443], [-114.09281946813925, 51.02846313511387], [-114.09281933436964, 51.02846489752136], [-114.09281892730952, 51.028466643174006], [-114.0928182508791, 51.0284683552602], [-114.09281731159273, 51.028470017291596], [-114.09281611849623, 51.02847161326192], [-114.09281468307975, 51.02847312780112], [-114.09281301916714, 51.02847454632333], [-114.09281114278275, 51.028475855167386], [-114.0928090719972, 51.02847704172841], [-114.0928068267533, 51.02847809457917], [-114.09280442867396, 51.0284790035801], [-114.09280190085403, 51.028479759977024], [-114.09279926763782, 51.02848035648544], [-114.09279655438463, 51.02848078736063], [-114.09279378722465, 51.028481048452996], [-114.09279099280714, 51.028481137248136], [-114.0927881980439, 51.02848105289083], [-114.09278542985007, 51.02848079619354], [-114.09278271488489, 51.02848036962837], [-114.092780079295, 51.02847977730341], [-114.09277754846258, 51.028479024923065], [-114.09277514676097, 51.02847811973317], [-114.09277289731985, 51.02847707045121], [-114.09277082180262, 51.02847588718238], [-114.0927689401976, 51.028474581322165], [-114.09276727062571, 51.028473165446755], [-114.09276582916583, 51.0284716531918], [-114.09276462969997, 51.028470059121176], [-114.09276368377964, 51.02846839858664], [-114.09276300051454, 51.02846668758005], [-114.09276258648485, 51.028464942579355], [-114.09276244567789, 51.02846318038986]]]}}, {"type": "Feature", "properties": {"tag": "T1981", "code": "TREE", "canopy_m": 4.0, "condition": "F", "in_inventory": false, "botanical": ""}, "geometry": {"type": "Polygon", "coordinates": [[[-114.09261982124389, 51.02810714615363], [-114.09261995502007, 51.02810538374624], [-114.09262036208452, 51.02810363809418], [-114.09262103851694, 51.028101926009015], [-114.0926219778029, 51.02810026397909], [-114.09262317089656, 51.02809866801065], [-114.09262460630772, 51.02809715347371], [-114.0926262702126, 51.0280957349541], [-114.09262814658686, 51.02809442611293], [-114.09263021736, 51.02809323955504], [-114.09263246258932, 51.028092186707624], [-114.09263486065208, 51.02809127771017], [-114.09263738845361, 51.028090521316805], [-114.09264002164984, 51.02808992481201], [-114.09264273488165, 51.02808949394045], [-114.09264550201918, 51.02808923285163], [-114.09264829641342, 51.02808914406], [-114.09265109115285, 51.028089228420654], [-114.09265385932261, 51.02808948512116], [-114.09265657426376, 51.02808991168936], [-114.09265920982996, 51.02809050401716], [-114.09266174063931, 51.02809125640014], [-114.09266414231871, 51.02809216159243], [-114.09266639173873, 51.02809321087655], [-114.09266846723621, 51.028094394147345], [-114.09267034882299, 51.028095700009274], [-114.09267201837835, 51.02809711588615], [-114.09267345982356, 51.028098628142374], [-114.09267465927668, 51.028100222214036], [-114.09267560518632, 51.028101882749404], [-114.09267628844282, 51.02810359375661], [-114.09267670246604, 51.02810533875774], [-114.09267684326863, 51.028107100947445], [-114.09267670949463, 51.02810886335491], [-114.09267630243225, 51.02811060900715], [-114.09267562600174, 51.02811232109263], [-114.09267468671744, 51.02811398312297], [-114.09267349362517, 51.02811557909195], [-114.09267205821503, 51.028117093629476], [-114.09267039431079, 51.028118512149724], [-114.09266851793674, 51.02811982099158], [-114.09266644716341, 51.02812100755013], [-114.09266420193346, 51.0281220603982], [-114.09266180386969, 51.02812296939626], [-114.09265927606678, 51.02812372579016], [-114.0926566428689, 51.028124322295376], [-114.09265392963518, 51.028124753167276], [-114.09265116249559, 51.028125014256275], [-114.09264836809919, 51.02812510304798], [-114.09264557335763, 51.028125018687255], [-114.09264280518579, 51.02812476198656], [-114.09264009024272, 51.02812433541804], [-114.09263745467484, 51.028123743089814], [-114.09263492386413, 51.02812299070632], [-114.09263252218369, 51.02812208551343], [-114.09263027276305, 51.02812103622864], [-114.09262819726533, 51.02811985295719], [-114.09262631567876, 51.0281185470946], [-114.09262464612402, 51.02811713121707], [-114.09262320467982, 51.02811561896026], [-114.09262200522807, 51.02811402488805], [-114.0926210593201, 51.02811236435225], [-114.0926203760655, 51.02811065334472], [-114.09261996204435, 51.028108908343405], [-114.09261982124389, 51.02810714615363]]]}}, {"type": "Feature", "properties": {"tag": "T1982", "code": "TREE", "canopy_m": 4.0, "condition": "F", "in_inventory": false, "botanical": ""}, "geometry": {"type": "Polygon", "coordinates": [[[-114.09282701191395, 51.0280004980404], [-114.09282714568198, 51.02799873563274], [-114.09282755273772, 51.02799698997993], [-114.09282822916096, 51.02799527789355], [-114.09282916843738, 51.02799361586193], [-114.09283036152117, 51.02799201989135], [-114.09283179692228, 51.027990505351845], [-114.09283346081703, 51.027989086829265], [-114.09283533718114, 51.02798777798474], [-114.09283740794423, 51.02798659142317], [-114.09283965316372, 51.02798553857175], [-114.0928420512169, 51.02798462957004], [-114.09284457900927, 51.02798387317217], [-114.09284721219677, 51.02798327666271], [-114.09284992542044, 51.02798284578633], [-114.09285269255047, 51.027982584692616], [-114.09285548693788, 51.02798249589602], [-114.09285828167125, 51.027982580251724], [-114.0928610498358, 51.02798283694733], [-114.09286376477262, 51.02798326351073], [-114.09286640033541, 51.02798385583387], [-114.09286893114229, 51.02798460821238], [-114.09287133282022, 51.027985513400424], [-114.09287358223975, 51.027986562680596], [-114.09287565773772, 51.027987745947726], [-114.092877539326, 51.02798905180633], [-114.09287920888383, 51.02799046768029], [-114.09288065033246, 51.027991979933965], [-114.09288184978993, 51.027993574003546], [-114.09288279570481, 51.027995234537265], [-114.09288347896737, 51.027996945543286], [-114.09288389299739, 51.0279986905437], [-114.09288403380754, 51.02800045273318], [-114.09288390004166, 51.0280022151409], [-114.09288349298801, 51.02800396079391], [-114.09288281656667, 51.028005672880596], [-114.09288187729194, 51.02800733491264], [-114.09288068420952, 51.028008930883765], [-114.09287924880942, 51.02801044542385], [-114.09287758491531, 51.02801186394708], [-114.09287570855142, 51.02801317279227], [-114.09287363778813, 51.02801435935452], [-114.09287139256801, 51.02801541220657], [-114.09286899451382, 51.028016321208895], [-114.0928664667201, 51.02801707760728], [-114.09286383353091, 51.02801767411718], [-114.09286112030536, 51.02801810499388], [-114.09285835317327, 51.0280183660878], [-114.0928555587837, 51.02801845488445], [-114.09285276404817, 51.02801837052868], [-114.09284999588155, 51.02801811383288], [-114.0928472809428, 51.028017687269184], [-114.09284464537835, 51.02801709494561], [-114.09284211457009, 51.02801634256658], [-114.09283971289113, 51.02801543737793], [-114.09283746347099, 51.02801438809713], [-114.09283538797278, 51.028013204829314], [-114.09283350638471, 51.028011898970036], [-114.0928318368275, 51.028010483095436], [-114.09283039537988, 51.028008970841164], [-114.09282919592378, 51.02800737677106], [-114.09282825001057, 51.028005716236905], [-114.09282756674992, 51.02800400523056], [-114.09282715272195, 51.02800226022995], [-114.09282701191395, 51.0280004980404]]]}}, {"type": "Feature", "properties": {"tag": "T1983", "code": "TREE", "canopy_m": 2.0, "condition": "F", "in_inventory": false, "botanical": ""}, "geometry": {"type": "Polygon", "coordinates": [[[-114.09271753067759, 51.02917998758534], [-114.09271759756535, 51.029179106381754], [-114.0927178011004, 51.029178233555704], [-114.09271813932263, 51.029177377513015], [-114.09271860897474, 51.0291765464978], [-114.09271920553371, 51.02917574851323], [-114.09271992325434, 51.02917499124431], [-114.09272075522462, 51.02917428198396], [-114.09272169343218, 51.029173627562734], [-114.0927227288416, 51.02917303428305], [-114.09272385148128, 51.02917250785855], [-114.09272505053964, 51.02917205335896], [-114.09272631446906, 51.029171675161365], [-114.09272763109723, 51.029171376907996], [-114.0927289877443, 51.02917116147125], [-114.09273037134503, 51.02917103092583], [-114.0927317685746, 51.029170986528996], [-114.0927331659769, 51.0291710287083], [-114.09273455009422, 51.02917115705756], [-114.09273590759676, 51.02917137034067], [-114.09273722541104, 51.029171666503615], [-114.09273849084578, 51.02917204269418], [-114.09273969171416, 51.029172495289444], [-114.09274081645117, 51.029173019930674], [-114.09274185422498, 51.0291736115653], [-114.09274279504125, 51.02917426449554], [-114.09274362983942, 51.029174972433324], [-114.0927443505799, 51.02917572856084], [-114.0927449503216, 51.02917652559614], [-114.09274542328865, 51.0291773558634], [-114.09274576492612, 51.029178211366634], [-114.09274597194383, 51.0291790838669], [-114.0927460423481, 51.02917996496156], [-114.09274597546089, 51.02918084616517], [-114.09274577192633, 51.029181718991246], [-114.0927454337046, 51.02918257503403], [-114.09274496405291, 51.02918340604934], [-114.09274436749429, 51.02918420403404], [-114.09274364977391, 51.029184961303116], [-114.0927428178038, 51.029185670563635], [-114.09274187959629, 51.02918632498504], [-114.09274084418684, 51.02918691826487], [-114.09273972154698, 51.02918744468953], [-114.09273852248837, 51.029187899189296], [-114.0927372585586, 51.029188277387], [-114.09273594193002, 51.02918857564047], [-114.09273458528247, 51.02918879107732], [-114.09273320168123, 51.02918892162278], [-114.09273180445113, 51.02918896601962], [-114.09273040704828, 51.029188923840294], [-114.09272902293043, 51.029188795491], [-114.09272766542742, 51.029188582207816], [-114.09272634761273, 51.02918828604475], [-114.09272508217764, 51.029187909854066], [-114.092723881309, 51.029187457258644], [-114.09272275657183, 51.02918693261725], [-114.09272171879797, 51.02918634098247], [-114.09272077798175, 51.02918568805207], [-114.09271994318374, 51.0291849801141], [-114.09271922244349, 51.02918422398645], [-114.09271862270215, 51.029183426951], [-114.09271814973552, 51.029182596683654], [-114.09271780809854, 51.029181741180324], [-114.09271760108133, 51.02918086868001], [-114.09271753067759, 51.02917998758534]]]}}, {"type": "Feature", "properties": {"tag": "T1984", "code": "TREE", "canopy_m": 2.0, "condition": "F", "in_inventory": false, "botanical": ""}, "geometry": {"type": "Polygon", "coordinates": [[[-114.0926995807878, 51.02917910284892], [-114.09269964767587, 51.029178221645346], [-114.0926998512113, 51.02917734881933], [-114.09270018943383, 51.02917649277668], [-114.09270065908623, 51.02917566176155], [-114.0927012556455, 51.029174863777065], [-114.09270197336643, 51.02917410650825], [-114.09270280533696, 51.02917339724802], [-114.09270374354475, 51.02917274282693], [-114.09270477895437, 51.029172149547435], [-114.09270590159426, 51.02917162312309], [-114.09270710065276, 51.029171168623684], [-114.0927083645823, 51.02917079042628], [-114.09270968121055, 51.02917049217312], [-114.0927110378577, 51.029170276736565], [-114.09271242145844, 51.02917014619137], [-114.09271381868798, 51.02917010179475], [-114.09271521609026, 51.02917014397428], [-114.09271660020751, 51.02917027232374], [-114.09271795770995, 51.029170485607054], [-114.09271927552408, 51.029170781770205], [-114.09272054095865, 51.02917115796096], [-114.09272174182684, 51.02917161055642], [-114.09272286656362, 51.029172135197825], [-114.09272390433718, 51.0291727268326], [-114.09272484515319, 51.02917337976298], [-114.09272567995106, 51.0291740877009], [-114.09272640069125, 51.02917484382852], [-114.09272700043262, 51.029175640863926], [-114.09272747339934, 51.029176471131244], [-114.09272781503645, 51.02917732663454], [-114.09272802205383, 51.02917819913485], [-114.09272809245778, 51.02917908022951], [-114.09272802557021, 51.0291799614331], [-114.09272782203533, 51.02918083425915], [-114.09272748381326, 51.02918169030189], [-114.09272701416127, 51.029182521317125], [-114.09272641760235, 51.029183319301744], [-114.09272569988168, 51.029184076570694], [-114.09272486791133, 51.029184785831085], [-114.09272392970357, 51.02918544025234], [-114.0927228942939, 51.029186033532035], [-114.09272177165387, 51.02918655995653], [-114.09272057259511, 51.029187014456085], [-114.09271930866522, 51.029187392653604], [-114.09271799203655, 51.02918769090688], [-114.09271663538894, 51.02918790634351], [-114.09271525178767, 51.02918803688876], [-114.09271385455759, 51.0291880812854], [-114.09271245715478, 51.029188039105854], [-114.09271107303701, 51.02918791075634], [-114.0927097155341, 51.02918769747295], [-114.09270839771955, 51.02918740130969], [-114.09270713228463, 51.0291870251188], [-114.09270593141619, 51.029186572523194], [-114.09270480667925, 51.02918604788164], [-114.09270376890564, 51.02918545624669], [-114.09270282808968, 51.029184803316134], [-114.09270199329195, 51.02918409537805], [-114.09270127255203, 51.02918333925029], [-114.09270067281099, 51.02918254221474], [-114.09270019984469, 51.0291817119473], [-114.09269985820804, 51.02918085644394], [-114.09269965119118, 51.02917998394359], [-114.0926995807878, 51.02917910284892]]]}}, {"type": "Feature", "properties": {"tag": "T1985", "code": "TREE", "canopy_m": 18.0, "condition": "F", "in_inventory": false, "botanical": ""}, "geometry": {"type": "Polygon", "coordinates": [[[-114.0930792716196, 51.02838208355865], [-114.0930798735374, 51.02837415272342], [-114.09308170525993, 51.028366297282304], [-114.09308474914612, 51.028358592887464], [-114.09308897588109, 51.02835111373632], [-114.0930943447586, 51.02834393185709], [-114.09310080407303, 51.028337116414995], [-114.09310829161734, 51.028330733046324], [-114.09311673528221, 51.02832484322624], [-114.09312605375045, 51.0283195036767], [-114.0931361572802, 51.0283147658203], [-114.09314694856911, 51.028310675284985], [-114.09315832369145, 51.02830727146469], [-114.09317017309903, 51.02830458713993], [-114.09318238267599, 51.028302648162054], [-114.09319483483803, 51.0283014732044], [-114.09320740966461, 51.028301073582405], [-114.09321998605391, 51.02830145314461], [-114.09323244288906, 51.028302608235656], [-114.0932446602045, 51.02830452773143], [-114.09325652034141, 51.02830719314623], [-114.09326790908064, 51.02831057881081], [-114.09327871674282, 51.028314652119484], [-114.09328883924454, 51.028319373844255], [-114.09329817910077, 51.02832469851251], [-114.09330664636367, 51.02833057484497], [-114.09331415948878, 51.02833694624958], [-114.09332064612045, 51.028343751366386], [-114.09332604378854, 51.028350924658554], [-114.09333030051017, 51.02835839704354], [-114.09333337529031, 51.02836609655831], [-114.09333523851659, 51.02837394905243], [-114.09333587224451, 51.02838187890212], [-114.0933352703703, 51.02838980973862], [-114.0933334386897, 51.02839766518366], [-114.0933303948422, 51.02840536958491], [-114.09332616814116, 51.02841284874469], [-114.09332079929155, 51.028420030634486], [-114.09331433999789, 51.028426846088614], [-114.09330685246644, 51.02843322947039], [-114.093298408806, 51.028439119304096], [-114.09328909033361, 51.02844445886728], [-114.0932789867913, 51.028449196736794], [-114.09326819548187, 51.02845328728421], [-114.09325682033186, 51.02845669111512], [-114.09324497089055, 51.028459375448634], [-114.09323276127503, 51.02846131443302], [-114.09322030907113, 51.0284624893947], [-114.09320773420099, 51.028462889018094], [-114.0931951577681, 51.02846250945459], [-114.093182700891, 51.02846135435963], [-114.09317048353687, 51.02845943485745], [-114.09315862336604, 51.028456769433994], [-114.09314723459892, 51.028453383758865], [-114.09313642691596, 51.02844931043814], [-114.0931263044014, 51.02844458870028], [-114.09311696454071, 51.02843926401843], [-114.09310849728196, 51.028433387672315], [-114.09310098416942, 51.028427016254575], [-114.09309449755827, 51.02842021112568], [-114.09308909991785, 51.02841303782288], [-114.09308484322996, 51.02840556542916], [-114.09308176848836, 51.028397865907884], [-114.09307990530395, 51.02839001340974], [-114.0930792716196, 51.02838208355865]]]}}, {"type": "Feature", "properties": {"tag": "T1986", "code": "CON", "canopy_m": 4.0, "condition": "G", "in_inventory": false, "botanical": ""}, "geometry": {"type": "Polygon", "coordinates": [[[-114.09323835884635, 51.02855702334145], [-114.09323849260034, 51.02855526093351], [-114.09323889964546, 51.028553515279434], [-114.09323957606162, 51.02855180319083], [-114.09324051533453, 51.02855014115608], [-114.09324170841846, 51.028548545181444], [-114.09324314382333, 51.02854703063704], [-114.0932448077254, 51.02854561210872], [-114.09324668410038, 51.02854430325772], [-114.09324875487775, 51.028543116688965], [-114.09325100011476, 51.02854206382974], [-114.09325339818861, 51.02854115481965], [-114.09325592600452, 51.028540398412964], [-114.09325855921826, 51.02853980189427], [-114.09326127247058, 51.028539371008364], [-114.09326403963139, 51.02853910990492], [-114.09326683405149, 51.02853902109849], [-114.09326962881906, 51.028539105444324], [-114.09327239701902, 51.02853936213014], [-114.09327511199213, 51.028539788683915], [-114.09327774759171, 51.02854038099771], [-114.09328027843556, 51.02854113336722], [-114.09328268015027, 51.0285420385467], [-114.09328492960601, 51.02854308781883], [-114.09328700513935, 51.02854427107853], [-114.09328888676171, 51.02854557693037], [-114.09329055635209, 51.0285469927983], [-114.09329199783139, 51.028548505046736], [-114.09329319731735, 51.028550099111925], [-114.09329414325826, 51.028551759642134], [-114.09329482654417, 51.02855347064559], [-114.09329524059463, 51.02855521564436], [-114.09329538142208, 51.02855697783318], [-114.09329524767024, 51.02855874024119], [-114.0932948406272, 51.028560485895454], [-114.09329416421294, 51.02856219798437], [-114.0932932249417, 51.028563860019545], [-114.09329203185915, 51.02856545599471], [-114.09329059645529, 51.02856697053972], [-114.09328893255386, 51.02856838906867], [-114.09328705617911, 51.02856969792035], [-114.09328498540154, 51.02857088448978], [-114.09328274016389, 51.028571937349646], [-114.09328034208905, 51.02857284636033], [-114.09327781427176, 51.02857360276755], [-114.09327518105636, 51.02857419928667], [-114.09327246780212, 51.028574630172905], [-114.09326970063924, 51.02857489127655], [-114.09326690621701, 51.02857498008306], [-114.09326411144728, 51.02857489573713], [-114.09326134324525, 51.02857463905113], [-114.09325862827023, 51.02857421249704], [-114.09325599266896, 51.02857362018283], [-114.09325346182375, 51.0285728678128], [-114.09325106010802, 51.02857196263272], [-114.09324881065163, 51.028570913359935], [-114.09324673511809, 51.02856973009957], [-114.09324485349592, 51.02856842424705], [-114.09324318390617, 51.02856700837849], [-114.09324174242788, 51.02856549612943], [-114.09324054294328, 51.02856390206372], [-114.09323959700403, 51.02856224153308], [-114.09323891372003, 51.028560530529305], [-114.09323849967164, 51.02855878553034], [-114.09323835884635, 51.02855702334145]]]}}, {"type": "Feature", "properties": {"tag": "T1987", "code": "TREE", "canopy_m": 2.0, "condition": "F", "in_inventory": false, "botanical": ""}, "geometry": {"type": "Polygon", "coordinates": [[[-114.09281278504126, 51.02800055428894], [-114.09281285192554, 51.02799967308512], [-114.09281305545369, 51.02799880025876], [-114.0928133936656, 51.02799794421559], [-114.0928138633041, 51.02799711319985], [-114.09281445984631, 51.02799631521462], [-114.09281517754721, 51.02799555794498], [-114.09281600949494, 51.02799484868381], [-114.09281694767738, 51.027994194261694], [-114.0928179830593, 51.027993600981084], [-114.09281910566945, 51.02799307455556], [-114.09282030469646, 51.02799262005492], [-114.09282156859304, 51.027992241856246], [-114.09282288518719, 51.02799194360177], [-114.09282424179939, 51.02799172816387], [-114.09282562536475, 51.02799159761732], [-114.09282702255875, 51.02799155321936], [-114.09282841992568, 51.02799159539755], [-114.09282980400815, 51.02799172374573], [-114.09283116147667, 51.027991937027785], [-114.09283247925809, 51.02799223318975], [-114.09283374466148, 51.02799260937937], [-114.09283494550029, 51.02799306197376], [-114.09283607020981, 51.0279935866142], [-114.09283710795847, 51.02799417824811], [-114.09283804875218, 51.02799483117772], [-114.09283888353059, 51.027995539114976], [-114.09283960425432, 51.027996295242055], [-114.09284020398239, 51.02799709227707], [-114.09284067693912, 51.02799792254411], [-114.09284101856963, 51.02799877804725], [-114.09284122558384, 51.02799965054752], [-114.09284129598811, 51.02800053164229], [-114.09284122910438, 51.02800141284612], [-114.09284102557675, 51.02800228567256], [-114.09284068736532, 51.02800314171577], [-114.09284021772723, 51.02800397273163], [-114.09283962118535, 51.028004770716976], [-114.09283890348472, 51.028005527986764], [-114.09283807153716, 51.02800623724811], [-114.09283713335476, 51.028006891670394], [-114.09283609797278, 51.02800748495117], [-114.09283497536248, 51.02800801137685], [-114.09283377633523, 51.02800846587764], [-114.0928325124383, 51.02800884407645], [-114.09283119584374, 51.02800914233104], [-114.09282983923104, 51.02800935776902], [-114.09282845566518, 51.02800948831562], [-114.09282705847065, 51.0280095327136], [-114.09282566110318, 51.02800949053538], [-114.09282427702018, 51.028009362187156], [-114.0928229195512, 51.02800914890502], [-114.09282160176936, 51.028008852742964], [-114.09282033636562, 51.028008476553204], [-114.09281913552655, 51.02800802395866], [-114.09281801081687, 51.02800749931806], [-114.09281697306815, 51.02800690768399], [-114.0928160322745, 51.02800625475422], [-114.09281519749624, 51.02800554681678], [-114.09281447677277, 51.02800479068955], [-114.09281387704503, 51.02800399365443], [-114.09281340408874, 51.02800316338729], [-114.09281306245869, 51.028002307884066], [-114.09281285544499, 51.02800143538373], [-114.09281278504126, 51.02800055428894]]]}}], "crs": {"type": "name", "properties": {"name": "urn:ogc:def:crs:EPSG::4617"}}}