{"type": "FeatureCollection", "features": [{"type": "Feature", "properties": {"part": "pavement"}, "geometry": {"type": "Polygon", "coordinates": [[[-114.09253067069359, 51.0279615621942], [-114.09253186756452, 51.02796075819316], [-114.09253318363828, 51.02796003204378], [-114.09253460624042, 51.02795939073932], [-114.09253612167046, 51.02795884045583], [-114.09253771533403, 51.02795838649288], [-114.09253937188326, 51.02795803322234], [-114.09254107536468, 51.02795778404644], [-114.09254280937286, 51.02795764136485], [-114.09254455720836, 51.0279576065517], [-114.09254630203858, 51.02795767994222], [-114.09254802705986, 51.02795786082963], [-114.09254971565933, 51.02795814747193], [-114.09255135157484, 51.02795853710853], [-114.09255291905164, 51.027959025987066], [-114.0925544029941, 51.02795960939937], [-114.09255578911105, 51.02796028172684], [-114.09255706405338, 51.02796103649463], [-114.09255821554275, 51.0279618664339], [-114.09255923248969, 51.02796276355189], [-114.0925601051004, 51.02796371920887], [-114.09256082497119, 51.02796472420133], [-114.09256138516929, 51.027965768850656], [-114.09256178029968, 51.02796684309631], [-114.09256200655703, 51.02796793659271], [-114.09256206176232, 51.027969038808905], [-114.09256194538392, 51.027970139129934], [-114.09256165854258, 51.02797122695912], [-114.09256120400075, 51.02797229182006], [-114.09256058613586, 51.027973323457545], [-114.09255981089832, 51.02797431193637], [-114.09255888575409, 51.027975247736926], [-114.09255781961276, 51.02797612184694], [-114.09229047898204, 51.02817436414309], [-114.09229824367031, 51.02817717316714], [-114.09229832589837, 51.02817720309857], [-114.09230626689332, 51.028180111475685], [-114.09230635244519, 51.02818014300986], [-114.09231409847156, 51.02818301642417], [-114.09231418754307, 51.02818304968553], [-114.09232173860082, 51.02818588813711], [-114.0923218314024, 51.028185923262654], [-114.0923291874915, 51.02818872675151], [-114.09232928424959, 51.02818876389238], [-114.09233644536995, 51.02819153241857], [-114.09233654632821, 51.0281915717418], [-114.0923435124798, 51.028194305305355], [-114.09234361790072, 51.02819434699591], [-114.09235038908348, 51.028197045596855], [-114.0923504992499, 51.02819708985996], [-114.09235707546378, 51.028199753498335], [-114.0923571906806, 51.02819980056221], [-114.09236357192556, 51.02820242923804], [-114.09236369252157, 51.02820247935696], [-114.09236987879757, 51.028205073070296], [-114.09237000512745, 51.02820512652829], [-114.09237599643441, 51.028207685279135], [-114.09237612888064, 51.028207742394095], [-114.09238192521853, 51.02821026618249], [-114.09238201567993, 51.0282103058313], [-114.0923876170138, 51.028212777099206], [-114.09238771271137, 51.0282128196162], [-114.09239311904119, 51.02821523836361], [-114.09239322042623, 51.028215284059364], [-114.09239843175193, 51.0282176502863], [-114.09239853932652, 51.02821769951626], [-114.09240355564806, 51.028220013222764], [-114.09240366997193, 51.02822006639541], [-114.09240849128925, 51.02822232758152], [-114.0924086129876, 51.02822238516822], [-114.09241323930065, 51.02822459383395], [-114.09241336907311, 51.028224656381184], [-114.09241780038188, 51.02822681252655], [-114.09241793901269, 51.02822688067075], [-114.09242217531713, 51.02822898429579], [-114.09242232368669, 51.028229058781776], [-114.09242636498675, 51.02823110988649], [-114.09242652408463, 51.02823119159057], [-114.09243037038026, 51.02823319017499], [-114.0924305413194, 51.02823328013368], [-114.09243419261058, 51.028235226197836], [-114.09243437664288, 51.028235325644104], [-114.09243783292956, 51.02823721918801], [-114.0924380314619, 51.028237329597296], [-114.09244129274404, 51.02823917062096], [-114.09244150735395, 51.02823929376968], [-114.09244457363152, 51.02824108227311], [-114.09244480608041, 51.02824122031354], [-114.0924476773534, 51.02824295629677], [-114.09244792959376, 51.02824311185356], [-114.09245060586214, 51.0282447953166], [-114.09245074224168, 51.02824488204146], [-114.0924532791911, 51.02824651294027], [-114.09245342621712, 51.028246608584595], [-114.09245582384759, 51.028248186919186], [-114.09245598271012, 51.0282482928642], [-114.0924582410216, 51.028249818634585], [-114.092458413068, 51.028249936547546], [-114.09246053206051, 51.028251409753736], [-114.09246071881284, 51.028251541662144], [-114.09246269848634, 51.02825296230412], [-114.09246290165602, 51.02825311069229], [-114.09246474201048, 51.0282544787701], [-114.0924649635058, 51.02825464670648], [-114.0924666645412, 51.0282559622201], [-114.09246690645972, 51.028256153525774], [-114.09246846817604, 51.028257416475235], [-114.09246873276717, 51.02825763594813], [-114.0924701551644, 51.02825884633341], [-114.0924704447371, 51.02825910004704], [-114.09247172781522, 51.028260257868155], [-114.09247204454533, 51.02826055356918], [-114.09247318830433, 51.02826165882614], [-114.09247353386326, 51.02826200645792], [-114.09247453830312, 51.028263059150724], [-114.09247491317177, 51.02826347152693], [-114.09247577829248, 51.02826447165557], [-114.09247618052943, 51.028264965283384], [-114.09247690633099, 51.0282659128479], [-114.09247732941836, 51.02826650882432], [-114.09247791590073, 51.0282674038247], [-114.09247834510282, 51.02826812853219], [-114.0924784725772, 51.02826836868848], [-114.09247848064199, 51.02826837960653], [-114.09247889899355, 51.02826884724231], [-114.09247970954404, 51.028269645085494], [-114.09248088772237, 51.02827070364862], [-114.09248241293766, 51.02827198272998], [-114.09248426955408, 51.02827345783701], [-114.09248644596885, 51.028275113341216], [-114.09248893356633, 51.028276938864195], [-114.09249172588778, 51.02827892727307], [-114.09249481802932, 51.02828107351789], [-114.09249820621626, 51.02828337393009], [-114.09250188750805, 51.02828582578669], [-114.09250585958111, 51.02828842702419], [-114.09251012057956, 51.028291176052726], [-114.09251466900692, 51.02829407162971], [-114.0925194617382, 51.02829708641037], [-114.09252398143488, 51.028299861749524], [-114.09252825389633, 51.02830241487839], [-114.09253227360135, 51.028304743759065], [-114.0925360332717, 51.028306845900104], [-114.09253952315123, 51.02830871825317], [-114.09254272990833, 51.02831035709776], [-114.09254563495, 51.02831175794898], [-114.0925482117773, 51.02831291557047], [-114.09255042176186, 51.02831382430347], [-114.09255220740387, 51.0283144792714], [-114.09255248603571, 51.02831456685016], [-114.09255349072642, 51.02831436987262], [-114.0925536392098, 51.028314341208095], [-114.09255475250657, 51.02831412962887], [-114.0925549179847, 51.0283140987306], [-114.09255597563062, 51.028313904753546], [-114.0925561611402, 51.028313871415925], [-114.09255716313524, 51.028313695041085], [-114.09255737246582, 51.02831365905875], [-114.09255831881, 51.0283135002861], [-114.09255855674648, 51.02831346147233], [-114.09255944743981, 51.02831332030187], [-114.0925597201019, 51.028313278522766], [-114.09256055514437, 51.0283131549545], [-114.09256087046958, 51.028313110191895], [-114.09256164986121, 51.02831300422583], [-114.0925620183038, 51.02831295669245], [-114.09256274204456, 51.02831286832858], [-114.09256317760381, 51.02831281868064], [-114.09256384569375, 51.02831274791896], [-114.09256436745133, 51.02831269765472], [-114.09256497989041, 51.02831264449526], [-114.09256561433811, 51.028312596717576], [-114.09256617112635, 51.028312561160305], [-114.09256695570654, 51.02831252207208], [-114.09256745684392, 51.028312504117004], [-114.09256844525534, 51.02831248603277], [-114.09256889074187, 51.0283124856799], [-114.0925709729433, 51.0283125609986], [-114.0925714463427, 51.02831259573986], [-114.09257323025824, 51.02831278494952], [-114.0925737315705, 51.028312854784915], [-114.09257523249137, 51.02831310760609], [-114.09257576171649, 51.028313212535615], [-114.09257701426155, 51.028313493664264], [-114.09257757139953, 51.02831363368794], [-114.09257861517601, 51.02831392071515], [-114.09257920022688, 51.028314095832954], [-114.09258007248799, 51.028314375678065], [-114.09258068545174, 51.02831458589], [-114.09258141826975, 51.0283148515976], [-114.09258205914637, 51.028315096903675], [-114.0925826789264, 51.02831534529713], [-114.0925833477159, 51.02831562569732], [-114.092583875712, 51.02831585582092], [-114.09258457241438, 51.02831617131524], [-114.09258502555961, 51.028316383455675], [-114.09258575017489, 51.02831673404413], [-114.09258614191862, 51.02831692913752], [-114.09258689444678, 51.028317314820114], [-114.09258723548452, 51.028317494102225], [-114.09258801592557, 51.028317914878954], [-114.0925883147953, 51.02831807968475], [-114.09258912314924, 51.028318535555606], [-114.09258938670291, 51.028318687208284], [-114.09259022296976, 51.02831917817326], [-114.09259045674014, 51.028319317926346], [-114.0925913209199, 51.02831984398544], [-114.09259152940399, 51.028319972995966], [-114.09259231809288, 51.02832046910511], [-114.09259296130884, 51.02832086065512], [-114.09259354911546, 51.02832120575124], [-114.0925940765103, 51.02832150317527], [-114.09259453731268, 51.02832175161794], [-114.09259463812802, 51.0283218032874], [-114.09259504335071, 51.028321861403796], [-114.09259656757081, 51.02832217309379], [-114.0925980412284, 51.0283225698682], [-114.09259884916271, 51.02832281504179], [-114.09260098816151, 51.02832358311027], [-114.09260215854356, 51.028324073810424], [-114.09260308979339, 51.028324492023245], [-114.09260462262317, 51.02832522824993], [-114.09260513622202, 51.02832548447343], [-114.09260703149964, 51.02832646622665], [-114.09260735536891, 51.02832663809358], [-114.0926096130944, 51.02832786537334], [-114.09260983551201, 51.02832798832126], [-114.09261245568541, 51.02832946112749], [-114.09261261769682, 51.02832955332333], [-114.09261560031823, 51.02833127165604], [-114.09261572351838, 51.028331343306675], [-114.09261906858788, 51.02833330716583], [-114.09261916539766, 51.028333364427866], [-114.09262287291534, 51.02833557381344], [-114.09262295097666, 51.02833562061421], [-114.09262702094264, 51.028338075526165], [-114.0926270852115, 51.02833811448628], [-114.0926315176259, 51.028340814924555], [-114.0926315714555, 51.0283408478585], [-114.09263636631846, 51.02834379382307], [-114.09263641205786, 51.028343822026464], [-114.09264156936952, 51.02834701351729], [-114.092641608713, 51.02834703793971], [-114.09264712847352, 51.028350474956746], [-114.09264716267357, 51.02835049630986], [-114.09265304488312, 51.02835417885304], [-114.09265307488555, 51.028354197680656], [-114.0926592897891, 51.02835810703307], [-114.09266516434678, 51.02836176759944], [-114.09267072395174, 51.02836519549617], [-114.09267596690238, 51.02836838985466], [-114.09268089099281, 51.028371349575906], [-114.09268549332643, 51.02837407325761], [-114.09268977000343, 51.02837655907132], [-114.09269371566843, 51.028378804600514], [-114.09269732276414, 51.02838080658637], [-114.09270058028645, 51.02838256053712], [-114.09270347161225, 51.02838406011494], [-114.09270597048007, 51.02838529614384], [-114.09270803308182, 51.028386255003994], [-114.09270958125639, 51.02838691612908], [-114.09271038756914, 51.028387220342076], [-114.09271118336737, 51.02838737020616], [-114.09271215649358, 51.028387534595964], [-114.0927132107233, 51.02838769375822], [-114.09271434492874, 51.0283878460838], [-114.09271555790546, 51.028387990157704], [-114.09271684841782, 51.02838812474103], [-114.09271821522627, 51.02838824875226], [-114.09271965711464, 51.02838836124958], [-114.09272117290072, 51.02838846141403], [-114.09272276145329, 51.02838854853459], [-114.09272442169356, 51.0283886219941], [-114.09272615260042, 51.02838868125717], [-114.09272795321593, 51.02838872585952], [-114.09272982263555, 51.02838875539834], [-114.09273176002117, 51.02838876952413], [-114.09273387323441, 51.028388767847275], [-114.09273468239894, 51.02838877879592], [-114.09273713271905, 51.02838884708401], [-114.09273780346014, 51.02838887377703], [-114.09274047666405, 51.02838901212069], [-114.09274103944946, 51.0283890469232], [-114.09274393553719, 51.02838925532241], [-114.0927444131281, 51.028389293817824], [-114.09274753209965, 51.02838957227259], [-114.09274794162907, 51.02838961190222], [-114.09275128348449, 51.0283899604125], [-114.09275163798507, 51.02838999970562], [-114.09275520272435, 51.02839041827138], [-114.09275551222547, 51.02839045640238], [-114.09275929984864, 51.028390945023624], [-114.09275957215992, 51.02839098155293], [-114.092763582667, 51.028391540229634], [-114.09276382394002, 51.02839157494955], [-114.09276805733104, 51.0283922036817], [-114.0927682724647, 51.028392236523416], [-114.09277272873969, 51.028392935310954], [-114.09277292167586, 51.02839296628795], [-114.09277760083488, 51.02839373513087], [-114.09277777477625, 51.02839376430393], [-114.0927826768193, 51.028394603202216], [-114.09278283439153, 51.02839463065789], [-114.09278795931866, 51.028395539611516], [-114.09278810269257, 51.028395565448896], [-114.09279345050379, 51.028396544457806], [-114.09279358148815, 51.02839656878028], [-114.09279915218353, 51.02839761784446], [-114.09279927229656, 51.02839764075473], [-114.09280506587614, 51.02839875987415], [-114.092805485568, 51.028398844537335], [-114.09281114007332, 51.028400033999404], [-114.09281156996765, 51.028400128294756], [-114.09281708539874, 51.02840138809949], [-114.09281752494766, 51.02840149265213], [-114.09282290130453, 51.02840282279954], [-114.0928233498229, 51.02840293822656], [-114.09282858710556, 51.0284043387167], [-114.09282904376157, 51.02840446561626], [-114.09283414197004, 51.02840593644912], [-114.09283460577777, 51.028406075387984], [-114.09283956491208, 51.028407616563584], [-114.09284003472689, 51.028407768062976], [-114.09284485478703, 51.028409379581355], [-114.09284532930414, 51.02840954410201], [-114.09285001029014, 51.02841122596316], [-114.09285048804755, 51.028411403889166], [-114.0928550299594, 51.028413156093116], [-114.09285550934543, 51.02841334771557], [-114.09285991218316, 51.028415170262335], [-114.09286039144939, 51.02841537576319], [-114.09286465521296, 51.02841726865279], [-114.09286513249268, 51.02841748808978], [-114.09286925718214, 51.02841945132223], [-114.09286973051437, 51.02841968461544], [-114.0928737161297, 51.028421718190764], [-114.09287418348872, 51.028421965111896], [-114.09287803002991, 51.028424069030095], [-114.09287848935928, 51.02842432919508], [-114.09288219682635, 51.02842650345619], [-114.09288264607666, 51.02842677632198], [-114.0928862144696, 51.028429020925984], [-114.09288631745467, 51.0284290862392], [-114.09288969077164, 51.02843124320752], [-114.09288980340449, 51.02843131588162], [-114.09289298164545, 51.02843338521428], [-114.09289310529964, 51.02843346653657], [-114.09289608846453, 51.02843544823356], [-114.09289622477381, 51.028435539802345], [-114.0928990128626, 51.028437433863694], [-114.09289916378037, 51.02843753768558], [-114.09290175679301, 51.0284393441113], [-114.09290192466622, 51.02843946273644], [-114.09290432260268, 51.02844118152655], [-114.09290451026254, 51.028441318239565], [-114.09290671312279, 51.02844294939408], [-114.09290692399327, 51.02844310848809], [-114.09290893177726, 51.02844465200701], [-114.09290916999768, 51.028444839184395], [-114.09291098270539, 51.02844629506774], [-114.09291125325167, 51.02844651803727], [-114.09291287088305, 51.028447886285036], [-114.09291317964264, 51.02844815566865], [-114.09291460219768, 51.02844943628085], [-114.09291495588221, 51.02844976701569], [-114.0929161833609, 51.02845095999235], [-114.09291658897115, 51.02845137352949], [-114.09291762137345, 51.02845247887061], [-114.09291808452119, 51.02845300663884], [-114.09291892184707, 51.02845402434442], [-114.0929194422606, 51.02845471310593], [-114.09292008451007, 51.02845564317597], [-114.09292064478252, 51.02845656266789], [-114.09292109195553, 51.0284574051024], [-114.0929216321761, 51.028458659757256], [-114.09292202433019, 51.0284598358399], [-114.09292223156841, 51.02846058116909], [-114.09292256870356, 51.02846209089988], [-114.09292266039003, 51.028462578374736], [-114.09292294250625, 51.028464421753675], [-114.09292298648842, 51.02846476363092], [-114.09292321358569, 51.028466940658014], [-114.0929232353956, 51.02846719304079], [-114.09292340747395, 51.02846970371603], [-114.09292341809653, 51.02846989740683], [-114.09292353515592, 51.02847274173022], [-114.09292353980399, 51.02847289494334], [-114.09292360184442, 51.02847607291487], [-114.09292360318042, 51.0284761970742], [-114.09292361020188, 51.02847970869385], [-114.09292360966403, 51.02847981131285], [-114.0929235616665, 51.02848365658066], [-114.09292356006576, 51.02848374279722], [-114.09292345704924, 51.02848792171318], [-114.09292345485797, 51.02848799515671], [-114.09292329682243, 51.0284925077208], [-114.09292329432238, 51.02849257102638], [-114.09292308126781, 51.028497417238626], [-114.0929230786296, 51.02849747236488], [-114.09292281055596, 51.02850265222527], [-114.09292280788362, 51.0285027006579], [-114.09292248479092, 51.02850821416642], [-114.09292248214773, 51.02850825705252], [-114.09292210403592, 51.02851410420919], [-114.0929221014597, 51.02851414244833], [-114.09292166832877, 51.02852032325312], [-114.09292163838833, 51.02852064549164], [-114.09292092675669, 51.02852679140161], [-114.0929208817792, 51.02852711526609], [-114.09291989164673, 51.028533226281226], [-114.09291983146127, 51.028533550963225], [-114.09291856282789, 51.028539627083546], [-114.09291848737669, 51.02853995175496], [-114.09291694024226, 51.02854599298043], [-114.092916849584, 51.02854631680371], [-114.09291502394841, 51.02855232313432], [-114.09291491825914, 51.028552645273145], [-114.09291281412229, 51.0285586167089], [-114.09291269369399, 51.02855893633891], [-114.09291031105577, 51.02856487287979], [-114.09291017629234, 51.02856518919912], [-114.09290751515265, 51.028571090845084], [-114.09290736656351, 51.02857140308436], [-114.09290442692225, 51.02857726983541], [-114.09290426511394, 51.028577577266795], [-114.092901046971, 51.02858340912289], [-114.09290087263685, 51.02858371106821], [-114.09289737599211, 51.028589508029334], [-114.09289718990053, 51.02858980386686], [-114.09289341475387, 51.028595565933], [-114.09289321773552, 51.02859585510281], [-114.09288916408688, 51.02860158227393], [-114.09288895702132, 51.028601864281804], [-114.0928846248706, 51.02860755655788], [-114.0928844086727, 51.02860783097774], [-114.0928797980198, 51.02861348835872], [-114.0928795736263, 51.02861375483357], [-114.09287478821409, 51.02861925801597], [-114.09287040738383, 51.028624598732776], [-114.09286633028987, 51.02862989132067], [-114.09286255577209, 51.0286351353782], [-114.09285908254125, 51.028640330562894], [-114.09285590917767, 51.028645476609285], [-114.09285303413569, 51.02865057334597], [-114.09285045575194, 51.02865562071488], [-114.0928481722593, 51.02866061879096], [-114.09284618180705, 51.02866556780116], [-114.09284448248766, 51.02867046814314], [-114.09284307237058, 51.02867532040074], [-114.09284194954259, 51.02868012535647], [-114.09284111215415, 51.02868488399893], [-114.09284055847017, 51.02868959752401], [-114.0928402869235, 51.028694267329094], [-114.09284029659982, 51.02869911101887], [-114.09284029580456, 51.02869923227719], [-114.09284022202628, 51.02870411349471], [-114.09284021885986, 51.02870424375561], [-114.09284006120136, 51.02870894945852], [-114.09284005511344, 51.02870908970435], [-114.09283981357471, 51.02871361989263], [-114.0928398038852, 51.02871377124333], [-114.09283947846622, 51.028718125916974], [-114.0928394643311, 51.028718289652616], [-114.09283905503185, 51.02872246881164], [-114.09283903539902, 51.028722646398336], [-114.09283854221945, 51.02872665004274], [-114.09283851577123, 51.028726843162985], [-114.09283793871134, 51.028730671292756], [-114.09283790378949, 51.02873088187973], [-114.09283724284927, 51.02873453449489], [-114.09283719735653, 51.02873476477111], [-114.09283645253596, 51.02873824187164], [-114.09283639380672, 51.02873849439072], [-114.09283556510579, 51.02874179597662], [-114.09283548973544, 51.02874207366612], [-114.09283457715414, 51.028745199737386], [-114.09283448077447, 51.028745505938076], [-114.09283348431279, 51.02874845649471], [-114.09283336129704, 51.02874879498768], [-114.09283228095497, 51.02875157002967], [-114.0928321240338, 51.02875194503583], [-114.09283095981134, 51.0287545445632], [-114.0928307595807, 51.02875496068872], [-114.09282951147785, 51.02875738470144], [-114.09282925578594, 51.02875784678542], [-114.09282792380269, 51.028760095283495], [-114.09282775346577, 51.02876037164791], [-114.09282608806565, 51.0287629715733], [-114.09282595314792, 51.02876317635697], [-114.09282395433084, 51.02876612770968], [-114.09282384529855, 51.0287662853504], [-114.0928215130644, 51.02876958813041], [-114.09282142333677, 51.02876971313817], [-114.09281875768541, 51.02877336734544], [-114.09281868266163, 51.02877346885634], [-114.09281568359295, 51.02877747449085], [-114.09281561999155, 51.02877755853476], [-114.09281228750538, 51.0287819155965], [-114.09281223293634, 51.028781986309404], [-114.09280856703249, 51.02878669479832], [-114.09280851971977, 51.0287867551097], [-114.09280452039809, 51.02879181502578], [-114.09280447899745, 51.02879186706749], [-114.09280014625773, 51.02879727841069], [-114.09280010973453, 51.02879732377058], [-114.09279544357653, 51.028803086540876], [-114.09279541112241, 51.028803126425544], [-114.09279041154595, 51.028809240622884], [-114.09279038252059, 51.028809275965436], [-114.09278504952539, 51.02881574158979], [-114.09278502341539, 51.02881577312303], [-114.0927793570012, 51.02882259017431], [-114.09277933339027, 51.028822618481705], [-114.0927733335568, 51.0288297869599], [-114.09277331210393, 51.02882981251168], [-114.09276697885092, 51.028837332416735], [-114.09276695927419, 51.02883735559608], [-114.09276029260131, 51.02884522692795], [-114.09276025370292, 51.028845272601366], [-114.09275375352647, 51.02885286287067], [-114.09275371148193, 51.028852911677255], [-114.09275315076276, 51.0288535587597], [-114.09278094921022, 51.02887437867909], [-114.0927811218455, 51.02887450998572], [-114.09279952611914, 51.02888872652128], [-114.09279981745293, 51.02888895769947], [-114.09281285907598, 51.028899590311006], [-114.09281313660948, 51.02889982273556], [-114.09282477673472, 51.02890983816676], [-114.09282509153904, 51.028910117887314], [-114.09283533016509, 51.02891951613861], [-114.0928355449506, 51.028919717936205], [-114.09284570246376, 51.02892948792168], [-114.09284590061519, 51.028929682864344], [-114.09285597701562, 51.028939824584], [-114.09285615989559, 51.028940012730615], [-114.0928661551835, 51.0289505261845], [-114.09286632405302, 51.02895070763882], [-114.0928762382286, 51.028961592826924], [-114.09287637751517, 51.02896174861287], [-114.09288744985143, 51.028974366183604], [-114.09288755448159, 51.02897448716071], [-114.09289978498073, 51.028988837113694], [-114.09289986636801, 51.02898893372964], [-114.09291325503249, 51.02900501606452], [-114.0929133201004, 51.029005094980754], [-114.09292786693287, 51.02902290969709], [-114.092927935746, 51.02902299485663], [-114.09294603818584, 51.029045634984584], [-114.09294608251666, 51.029045690812914], [-114.0929677405747, 51.02907315635078], [-114.09296777660497, 51.02907320230494], [-114.09300018262388, 51.02911477233912], [-114.0930002003352, 51.029114795123895], [-114.09306493143129, 51.029198306899524], [-114.09306562135794, 51.029199320214644], [-114.09306615045827, 51.029200371294515], [-114.09306651363674, 51.02920145001669], [-114.09306670739576, 51.02920254599246], [-114.0930667298693, 51.02920364866701], [-114.0930665808409, 51.029204747420934], [-114.09306626174579, 51.029205831672684], [-114.09306577565702, 51.029206890980284], [-114.09306512725585, 51.029207915142045], [-114.09306432278679, 51.029208894294705], [-114.09306336999725, 51.02920981900849], [-114.09306227806314, 51.029210680377915], [-114.09306105750036, 51.02921147010749], [-114.09305972006362, 51.02921218059172], [-114.09305827863317, 51.02921280498822], [-114.09305674709074, 51.02921333728371], [-114.09305514018595, 51.02921377235189], [-114.0930534733942, 51.029214106002826], [-114.0930517627676, 51.02921433502327], [-114.09305002478041, 51.02921445720763], [-114.09304827617045, 51.029214471379206], [-114.09304653377775, 51.02921437740148], [-114.09304481438257, 51.02921417617957], [-114.0930431345436, 51.02921386965131], [-114.09304151043864, 51.02921346076876], [-114.0930399577087, 51.029212953469674], [-114.09303849130742, 51.02921235263963], [-114.09303712535709, 51.02921166406494], [-114.09303587301251, 51.02921089437697], [-114.09303474633447, 51.02921005098824], [-114.0930337561735, 51.02920914202104], [-114.09303291206537, 51.02920817622923], [-114.09296818984802, 51.02912467583433], [-114.09293581065923, 51.02908314018093], [-114.09291419275591, 51.029055725541234], [-114.09289614673528, 51.02903315595569], [-114.09288166689197, 51.02901542326258], [-114.09286835133746, 51.028999428733684], [-114.09285621363871, 51.02898518765145], [-114.09284526287173, 51.0289727086065], [-114.09283550241506, 51.028961992184996], [-114.09282568288823, 51.02895166359672], [-114.0928157968796, 51.02894171349658], [-114.09280584570078, 51.02893214196753], [-114.09279587021781, 51.02892298525554], [-114.0927845272635, 51.028913225511864], [-114.0927717700541, 51.02890282477277], [-114.09275359938613, 51.028888788681456], [-114.09273466275671, 51.02887460590397], [-114.09272922650986, 51.02888063088508], [-114.09272916727078, 51.028880696032175], [-114.09272349957934, 51.02888688098919], [-114.09272343443999, 51.02888695148156], [-114.09271793324606, 51.0288928553762], [-114.09271786130843, 51.028892931884975], [-114.0927125266122, 51.02889855471726], [-114.09271244679188, 51.02889863802772], [-114.09270727859351, 51.02890397979768], [-114.09270718957018, 51.02890407083355], [-114.0927021878698, 51.028909131541184], [-114.09270208802141, 51.02890923139525], [-114.09269725281918, 51.0289140110406], [-114.09269714013347, 51.02891412101319], [-114.09269247142953, 51.02891861959628], [-114.09269234338376, 51.02891874124405], [-114.09268784117825, 51.02892295876489], [-114.09268769457313, 51.0289230939624], [-114.09268335886614, 51.028927030421016], [-114.09268318959333, 51.02892718143893], [-114.09267902038502, 51.028930836835336], [-114.09267882309656, 51.02893100643851], [-114.09267495454698, 51.02893426767424], [-114.09267123230885, 51.028937575768495], [-114.0926675167464, 51.028941050249934], [-114.0926638098054, 51.0289446910605], [-114.09266011327124, 51.028948498068964], [-114.09265642877473, 51.0289524710888], [-114.09265275780041, 51.028956609892624], [-114.09264910169499, 51.02896091422535], [-114.09264546167907, 51.028965383812086], [-114.09264183885593, 51.028970018367474], [-114.09263823422282, 51.02897481760034], [-114.09263464867983, 51.0289797812193], [-114.09263108303924, 51.02898490893621], [-114.09262753803428, 51.02899020046821], [-114.0926240143267, 51.028995655540285], [-114.09262051251356, 51.029001273887054], [-114.09261699754587, 51.029007114386914], [-114.0926167977536, 51.02900743174301], [-114.0926129392183, 51.029013299214505], [-114.09261272713377, 51.02901360852923], [-114.09260856225079, 51.029019441127076], [-114.09260833900014, 51.02901974182585], [-114.0926038677694, 51.02902553955005], [-114.09260363451563, 51.0290258311517], [-114.092598856937, 51.0290315940022], [-114.09259861486103, 51.029031876119184], [-114.09259353093444, 51.02903760409594], [-114.09259328121719, 51.02903787643222], [-114.0925878909425, 51.029043569535204], [-114.09258763474874, 51.029043831882724], [-114.09258193812586, 51.029049490111866], [-114.09258167658993, 51.02904974234543], [-114.09257567361877, 51.02905536570072], [-114.09257540783251, 51.02905560777179], [-114.09256909851294, 51.02906119625315], [-114.09256882951581, 51.02906142818299], [-114.09256221384777, 51.02906698179039], [-114.09256194261914, 51.029067203662606], [-114.09255502060248, 51.02907272239598], [-114.09255474805603, 51.02907293434889], [-114.0925475196907, 51.029078418208194], [-114.09254724667073, 51.02907862042724], [-114.09253971195663, 51.02908406941241], [-114.09253943923622, 51.029084262122744], [-114.09253159817325, 51.02908967623372], [-114.0925313264537, 51.02908985969316], [-114.09252317904176, 51.02909523892988], [-114.09252290895351, 51.029095413422326], [-114.09251445519253, 51.02910075778471], [-114.0925144332106, 51.02910077165718], [-114.0925064521561, 51.02910579959853], [-114.09250642726806, 51.02910581524672], [-114.09249891892036, 51.029110526767134], [-114.09249889050966, 51.02911054455496], [-114.09249185486904, 51.02911493965453], [-114.09249182213162, 51.02911496005253], [-114.09248525919836, 51.02911903873134], [-114.09248522106563, 51.02911906235877], [-114.09247913084, 51.02912282461689], [-114.09247908586039, 51.02912285230532], [-114.09247346834262, 51.02912629814286], [-114.09247341449351, 51.02912633103567], [-114.09246826968382, 51.029129460452666], [-114.09246820406052, 51.02912950016576], [-114.09246353195911, 51.02913231316228], [-114.0924634502367, 51.029132362055556], [-114.09245925084376, 51.02913485863168], [-114.09245914629086, 51.02913492029098], [-114.09245541960655, 51.02913710044672], [-114.09245528114894, 51.029137180593544], [-114.09245202717341, 51.02913904432898], [-114.09245183524078, 51.02913915267347], [-114.09244905397412, 51.02914069998862], [-114.09244877049915, 51.029140854385034], [-114.09244646194148, 51.02914208527994], [-114.09244600211709, 51.02914232228059], [-114.0924441662685, 51.02914323675528], [-114.0924432976362, 51.029143643065304], [-114.09244193449678, 51.02914424111979], [-114.09243974664493, 51.02914506135764], [-114.09243885621468, 51.029145342991946], [-114.09243728476483, 51.02914578156892], [-114.09243619939578, 51.02914604579927], [-114.09243499142482, 51.0291463088992], [-114.09243371111697, 51.02914655572559], [-114.09243276806109, 51.02914671982626], [-114.09243129281441, 51.02914694924869], [-114.09243054271494, 51.02914705513262], [-114.09242887252947, 51.02914726715107], [-114.092428264907, 51.02914733739684], [-114.09242639978272, 51.02914753201131], [-114.09242589927884, 51.029147579640906], [-114.09242383921577, 51.02914775685139], [-114.0924234207584, 51.029147789672486], [-114.0924211657565, 51.02914794947897], [-114.09242081126295, 51.02914797234014], [-114.09241836132227, 51.0291481147426], [-114.09241805751292, 51.029148130749945], [-114.09241541263343, 51.02914825574839], [-114.09241514958238, 51.02914826694695], [-114.0924123097641, 51.029148374541336], [-114.0924120799281, 51.02914838231026], [-114.09240904517102, 51.0291484725006], [-114.09240884272893, 51.0291484777898], [-114.09240561303305, 51.029148550576075], [-114.09240543342905, 51.029148554052064], [-114.0924020087944, 51.02914860943424], [-114.09240184841683, 51.029148611572374], [-114.0923982288434, 51.02914864955044], [-114.09239808479532, 51.029148650694594], [-114.09239427028311, 51.02914867126855], [-114.09239414021576, 51.02914867167073], [-114.09239013076476, 51.02914867484054], [-114.09238987064728, 51.02914867384896], [-114.09238605603034, 51.02914864174836], [-114.09238576809561, 51.0291486378576], [-114.09238214831275, 51.029148570486605], [-114.0923818281131, 51.02914856270949], [-114.0923784031643, 51.0291484600681], [-114.0923780453249, 51.02914844706834], [-114.09237481521018, 51.02914830915659], [-114.09237441320253, 51.02914828910864], [-114.0923713779219, 51.029148115926546], [-114.09237092378221, 51.02914808631166], [-114.09236808333567, 51.02914787785924], [-114.09236756732201, 51.02914783516564], [-114.09236492170957, 51.02914759144289], [-114.09236433190202, 51.02914753072149], [-114.09236188112368, 51.029147251728446], [-114.09236120299815, 51.02914716593066], [-114.09235894705392, 51.02914685166733], [-114.09235816312375, 51.02914673065916], [-114.09235610201364, 51.02914638112554], [-114.09235519176927, 51.02914621023503], [-114.09235332549328, 51.029145825431144], [-114.09235226615505, 51.02914558337492], [-114.09235059471318, 51.02914516330077], [-114.09234936385151, 51.029144819434336], [-114.09234788724376, 51.029144364089944], [-114.09234646920663, 51.029143875371346], [-114.092345187433, 51.029143384756715], [-114.09234358648666, 51.02914269409606], [-114.09234249954719, 51.0291421682112], [-114.0923407620621, 51.02914120861015], [-114.09231132259619, 51.02912269048876], [-114.0923107367458, 51.02912230400993], [-114.09230990029306, 51.02912172525254], [-114.09230932941057, 51.0291213103143], [-114.0923085486098, 51.02912071395482], [-114.0923079986392, 51.029120271831765], [-114.09230727349035, 51.02911965787018], [-114.09230675032715, 51.029119190548414], [-114.09230608083024, 51.02911855898474], [-114.09230559006957, 51.02911806915174], [-114.09230497622461, 51.02911741998598], [-114.09230452290552, 51.029116910973464], [-114.0923039647125, 51.02911624420562], [-114.09230355308223, 51.02911571988551], [-114.09230305054115, 51.02911503551558], [-114.0923026838636, 51.029114500155956], [-114.09230223697442, 51.02911379818396], [-114.09230191740194, 51.029113256277185], [-114.0923015261647, 51.029112536703096], [-114.09230125468517, 51.02911199278168], [-114.09230091909986, 51.02911125560551], [-114.09230069556054, 51.02911071406327], [-114.09230041562715, 51.02910995928501], [-114.0923002388277, 51.02910942421868], [-114.09230001454623, 51.02910865183834], [-114.0922998823858, 51.02910812692145], [-114.09229985527637, 51.02910799992135], [-114.09229965381407, 51.02910798314425], [-114.09229882107974, 51.02910790111873], [-114.0922975956918, 51.02910776162151], [-114.09229674675086, 51.02910765147204], [-114.0922955491366, 51.02910747683662], [-114.09229468980921, 51.029107337229206], [-114.0922935199686, 51.029107127455596], [-114.09229265674831, 51.029106957623], [-114.09229151468136, 51.029106712711204], [-114.0922906545354, 51.02910651254615], [-114.09228954024212, 51.02910623249614], [-114.09228869036055, 51.02910600261023], [-114.09228760384094, 51.02910568742201], [-114.092286771353, 51.029105429161284], [-114.09228571260707, 51.02910507883487], [-114.09228490428923, 51.029104794246805], [-114.09228387331699, 51.0291044087822], [-114.0922830953199, 51.02910410053545], [-114.09228209212132, 51.02910367993263], [-114.09228134974096, 51.029103351196454], [-114.09228037431608, 51.02910289545546], [-114.09227967182824, 51.02910254975146], [-114.09227872417704, 51.029102058872255], [-114.09227806474601, 51.02910169991311], [-114.0922771448685, 51.029101173895725], [-114.09227653053037, 51.029100805426545], [-114.09225422794131, 51.02908677653502], [-114.09225382771983, 51.0290865165339], [-114.0922529913033, 51.02908595533418], [-114.09225258017774, 51.02908566982346], [-114.092251799448, 51.029085108579785], [-114.09225137939627, 51.02908479525884], [-114.0922506543533, 51.0290842339712], [-114.09225022802816, 51.02908389053229], [-114.09224955867195, 51.029083329200695], [-114.09224912950408, 51.029082953417166], [-114.09224851583464, 51.029082392041595], [-114.09224808812296, 51.02908198188562], [-114.09224753014027, 51.02908142046608], [-114.09224710911333, 51.02908097425795], [-114.09224660681743, 51.029080412794464], [-114.09224619864634, 51.02907992938166], [-114.09224575203717, 51.02907936787422], [-114.09224536377647, 51.0290788468335], [-114.09224497285406, 51.02907828528207], [-114.09224461228831, 51.02907772712964], [-114.09224427705266, 51.029077165534275], [-114.09224395243108, 51.029076571921934], [-114.09224367288218, 51.0290760102826], [-114.09224339253662, 51.02907538414949], [-114.09224316867446, 51.0290748224662], [-114.0922429405354, 51.029074168112096], [-114.09224277235998, 51.029073606384856], [-114.09224260340898, 51.02907292943423], [-114.09224249092031, 51.029072367663034], [-114.09224238664133, 51.02907167489951], [-114.09224232983938, 51.02907111308438], [-114.09224229374551, 51.029070412155605], [-114.09224227478677, 51.02906086055089], [-114.09224228228727, 51.02906052018], [-114.09224230898056, 51.02905994074082], [-114.09224233092053, 51.02905962121739], [-114.09224238542232, 51.02905902419815], [-114.09224241917883, 51.0290587243729], [-114.09224250148912, 51.02905810977359], [-114.09224254481934, 51.02905782846796], [-114.09224265493815, 51.02905719628857], [-114.0922427059366, 51.029056932327286], [-114.09224284386389, 51.0290562825678], [-114.09224290092044, 51.02905603480233], [-114.09224306665624, 51.02905536746279], [-114.09224312841674, 51.02905513478727], [-114.09224332196104, 51.029054449867644], [-114.09224338729149, 51.02905423122925], [-114.09224360864428, 51.02905352872957], [-114.09224367659877, 51.02905332313451], [-114.09224392576004, 51.02905260305475], [-114.09224399555255, 51.02905240957113], [-114.09224427252232, 51.02905167191128], [-114.09224434350223, 51.02905148966966], [-114.09224464828048, 51.02905073442973], [-114.09224471991143, 51.02905056262209], [-114.09224505249819, 51.029049789802094], [-114.09224512434001, 51.02904962767972], [-114.09224548473523, 51.029048837279646], [-114.09224555642855, 51.029048684150325], [-114.09224594463225, 51.02904787617018], [-114.09224601588537, 51.029047731395025], [-114.09224643189756, 51.02904690583479], [-114.09224650247548, 51.02904676882468], [-114.09224658965073, 51.029046603215036], [-114.09224668214182, 51.029046305741346], [-114.0922469544255, 51.02904501804552], [-114.09224726095883, 51.02904302978626], [-114.09224756347241, 51.02904044282521], [-114.09224784863245, 51.02903730207407], [-114.09224811088775, 51.02903363040767], [-114.09224834762445, 51.02902944070404], [-114.09224855749555, 51.02902474076859], [-114.09224873975724, 51.029019535608036], [-114.09224889397589, 51.02901382858195], [-114.09224901988736, 51.02900762202873], [-114.09224911732487, 51.02900091762628], [-114.09224918617996, 51.02899371660981], [-114.09224922638023, 51.02898601990882], [-114.09224923787643, 51.02897782823626], [-114.09224922077851, 51.02896921474757], [-114.09224901390074, 51.02896110298442], [-114.09224861851244, 51.02895343189846], [-114.09224803649009, 51.02894620459131], [-114.09224727037859, 51.02893942481412], [-114.09224632366173, 51.02893309712341], [-114.0922452011558, 51.02892722707118], [-114.09224390958794, 51.02892182142959], [-114.09224245844946, 51.02891688843696], [-114.09224086125816, 51.02891243802648], [-114.09223913740969, 51.02890848193611], [-114.09223731483135, 51.0289050334726], [-114.09223543358029, 51.02890210645928], [-114.0922335501293, 51.028899712473546], [-114.09223174084585, 51.02889785493282], [-114.09223010029763, 51.02889651842121], [-114.0922277860358, 51.028895062684406], [-114.09222773464641, 51.0288950302268], [-114.09222433348319, 51.02889287326152], [-114.09222429037241, 51.02889284582718], [-114.09222061039368, 51.02889049594244], [-114.092220573712, 51.02889047245019], [-114.09221661491787, 51.02888792964596], [-114.0922165833281, 51.028887909303805], [-114.09221234571865, 51.02888517358007], [-114.0922123182301, 51.0288851557947], [-114.09220780180544, 51.02888222715141], [-114.09220777766866, 51.02888221146961], [-114.0922029824289, 51.028879089906766], [-114.09220296106642, 51.0288790759764], [-114.09219788701166, 51.02887576149393], [-114.09219786797141, 51.02887574903725], [-114.09219251510179, 51.02887224163513], [-114.0921924980248, 51.02887223043015], [-114.09218686634046, 51.028868530108376], [-114.09218685093809, 51.02886851997552], [-114.09218094043914, 51.02886462673401], [-114.0921809264767, 51.02886461752651], [-114.09217473716329, 51.028860531365225], [-114.09217472444791, 51.02886052296188], [-114.09216825632022, 51.0288562438808], [-114.09216149775018, 51.02885176417978], [-114.09215446131972, 51.02884709217739], [-114.09214714691632, 51.02884222780197], [-114.0921395685346, 51.02883718037681], [-114.09213184563298, 51.02883206032981], [-114.09212395452906, 51.02882685190157], [-114.09211589526909, 51.02882155513123], [-114.09210766789971, 51.0288161700572], [-114.09209927246857, 51.028810696717784], [-114.09209070901257, 51.028805135143486], [-114.09208197756719, 51.02879948536324], [-114.09207307818065, 51.0287937474136], [-114.09206401086718, 51.028787921308684], [-114.0920547756784, 51.02878200708617], [-114.09204537263028, 51.02877600476038], [-114.09203580175611, 51.02876991435638], [-114.09202606308062, 51.02876373589336], [-114.0920161566294, 51.028757469390776], [-114.09200635450891, 51.02875128648876], [-114.09200603784072, 51.0287514803851], [-114.09199965804595, 51.02875538922689], [-114.09199552516696, 51.028757924758565], [-114.09199220210957, 51.028759966903905], [-114.09198968777623, 51.0287615163177], [-114.09198750233642, 51.02876286679107], [-114.09198565061315, 51.02876401530821], [-114.0919841381966, 51.02876495831248], [-114.09198394199426, 51.02876508162701], [-114.09198379810393, 51.028765900991246], [-114.09198378430894, 51.02876597716852], [-114.09198357963746, 51.028767074171874], [-114.09198356807727, 51.028767134716446], [-114.09198332955904, 51.02876835598473], [-114.09198331976071, 51.028768405256805], [-114.09198304739574, 51.02876975078996], [-114.09198303900043, 51.02876979166736], [-114.0919827327887, 51.0287712614654], [-114.09198272552379, 51.02877129592374], [-114.0919823854653, 51.028772889986676], [-114.09198237912199, 51.028772919427084], [-114.09198200521672, 51.02877463775491], [-114.09198199963323, 51.02877466319857], [-114.0919815918812, 51.02877650579128], [-114.09198158693074, 51.02877652800001], [-114.09198114533193, 51.028778494857605], [-114.09198091088481, 51.02877931739261], [-114.0919805801475, 51.02878012666529], [-114.09197960970175, 51.02878218172974], [-114.09197883498857, 51.028783510020865], [-114.09197733569574, 51.02878565329216], [-114.09197649225987, 51.02878670571012], [-114.0919744641199, 51.02878893718821], [-114.09197363568089, 51.028789763210334], [-114.09197107869366, 51.0287920828952], [-114.09197030629285, 51.02879273224698], [-114.09196722045826, 51.028795140138584], [-114.09196651946228, 51.02879565456283], [-114.09196290478022, 51.02879815066111], [-114.09196227705601, 51.028798562596315], [-114.09195813352638, 51.028801146901245], [-114.0919575746548, 51.02880148072062], [-114.09195290227747, 51.028804153232116], [-114.09195240541219, 51.028804427028895], [-114.09194720418708, 51.02880718774689], [-114.09194676197025, 51.02880741494292], [-114.09194103189719, 51.02881026386735], [-114.09194063733455, 51.028810454472854], [-114.09193437841344, 51.02881339160364], [-114.09193402521912, 51.028813553148716], [-114.09192723744982, 51.02881657848576], [-114.09192692013366, 51.02881671669243], [-114.09191960351605, 51.02881983023565], [-114.09191931735347, 51.02881994949891], [-114.09191147188737, 51.02882315124821], [-114.09191121284215, 51.02882325498043], [-114.0919028385274, 51.028826544935704], [-114.0919026031612, 51.02882663581444], [-114.09189372218802, 51.0288300055558], [-114.09188533889919, 51.028833207426146], [-114.09187743406979, 51.028836248677514], [-114.09187000871606, 51.028839128865], [-114.09186306409875, 51.028841847426825], [-114.09185660185126, 51.0288444036234], [-114.09185062408126, 51.02884679648022], [-114.09184513359916, 51.02884902466933], [-114.0918401341918, 51.028851086352866], [-114.0918356311301, 51.02885297889508], [-114.09183163193127, 51.028854698398284], [-114.09182814771015, 51.02885623884469], [-114.09182519559421, 51.02885759045393], [-114.09182280334961, 51.028858736265605], [-114.09182101892345, 51.02885964428249], [-114.09181993190937, 51.028860246905595], [-114.09181900927008, 51.02886083017859], [-114.09181798622676, 51.028861428172405], [-114.0918168921422, 51.028861973870775], [-114.09181505615354, 51.028862818103235], [-114.09181341748095, 51.02886348808336], [-114.09181108031385, 51.02886433270949], [-114.09180982765608, 51.02886474470047], [-114.09180698931053, 51.02886558972027], [-114.0918060203321, 51.02886585633102], [-114.09180268080804, 51.028866701744406], [-114.09180191723331, 51.02886688236537], [-114.09179807653076, 51.02886772817232], [-114.09179746316467, 51.02886785543458], [-114.0917931212836, 51.02886870163504], [-114.09179261971998, 51.02886879432697], [-114.09178777666034, 51.028869640920874], [-114.09178735993451, 51.02886971035564], [-114.09178201569632, 51.02887055734295], [-114.0917816645605, 51.02887061061344], [-114.09177581914369, 51.02887145799407], [-114.09177551959986, 51.02887149970894], [-114.09176917300442, 51.02887234748282], [-114.0917689146822, 51.0288723807321], [-114.09176206690812, 51.028873228899144], [-114.0917618419889, 51.02887325581262], [-114.09175449303613, 51.028874104372754], [-114.09175429552887, 51.028874126454504], [-114.09174644539739, 51.02887497540761], [-114.09174627064283, 51.028874993743024], [-114.09173791933262, 51.02887584308902], [-114.0917377636578, 51.02887585847645], [-114.09172891116883, 51.028876708215215], [-114.09172877164247, 51.028876721252075], [-114.09171945665219, 51.0288775678682], [-114.09171065788726, 51.02887839242216], [-114.09170234169149, 51.0288791978917], [-114.0916945097433, 51.02887998401264], [-114.09168716413016, 51.028880750439924], [-114.09168030751188, 51.02888149671211], [-114.09167394332262, 51.02888222220084], [-114.09166807606064, 51.02888292603294], [-114.0916627117448, 51.028883606962964], [-114.09165785860327, 51.02888426316316], [-114.09165352816927, 51.02888489185994], [-114.0916497370932, 51.02888548867422], [-114.09164651025235, 51.028886046356384], [-114.09164388633224, 51.02888655219689], [-114.09164192834751, 51.02888698228841], [-114.09164074427684, 51.02888728757495], [-114.0916395751475, 51.0288876573511], [-114.09163854225348, 51.02888795840807], [-114.09163656642109, 51.02888848670113], [-114.09163565178972, 51.0288887127068], [-114.09163348098524, 51.02888920603643], [-114.09163267301096, 51.02888937600921], [-114.09163030723438, 51.02888983437541], [-114.09162959322944, 51.028889962512054], [-114.09162703248079, 51.028890385914806], [-114.09162640022443, 51.02889048271094], [-114.09162364450368, 51.02889087115023], [-114.0916230829244, 51.02889094434682], [-114.09162013223157, 51.02889129782266], [-114.09161963162288, 51.028891353140466], [-114.09161648595799, 51.0288916716528], [-114.09161603796271, 51.02889171333929], [-114.09161269732576, 51.028891996888106], [-114.0916122948177, 51.02889202811616], [-114.09160875920867, 51.02889227670146], [-114.09160839613901, 51.028892299857674], [-114.09160466555794, 51.02889251347945], [-114.09160433679958, 51.02889253037188], [-114.09160041124643, 51.028892709030096], [-114.09160011245079, 51.0288927210385], [-114.0915959919256, 51.028892864733145], [-114.09159571939726, 51.02889287291783], [-114.09159140390004, 51.028892981648866], [-114.09159115448999, 51.02889298683013], [-114.09158664402074, 51.028893060597554], [-114.09158641503687, 51.02889306341409], [-114.0915817095956, 51.028893102217864], [-114.09158149872806, 51.02889310316992], [-114.09153227184919, 51.02889314173625], [-114.09153093326286, 51.02889311103828], [-114.09152960211482, 51.028893017021105], [-114.09152868311443, 51.02889292995024], [-114.09152632383459, 51.02889260198615], [-114.09152537681807, 51.02889242714657], [-114.09152338452523, 51.02889197674139], [-114.09152240949257, 51.02889171413312], [-114.09152077401083, 51.02889120987755], [-114.09151977096207, 51.02889085950056], [-114.09151844747511, 51.02889034847683], [-114.09151741641024, 51.02888991033114], [-114.09151635005985, 51.02888942003085], [-114.09151529097889, 51.02888889411647], [-114.0915144300045, 51.02888843810546], [-114.09151334290745, 51.02888782442236], [-114.09151264360692, 51.028887407670894], [-114.09151152849378, 51.02888670621909], [-114.09151095592424, 51.02888632890891], [-114.09150981279505, 51.02888553968841], [-114.09150933975111, 51.02888519959515], [-114.09150816860586, 51.02888432260595], [-114.09150777414649, 51.02888401647503], [-114.09150657498519, 51.02888305171713], [-114.09150624303442, 51.028882776010484], [-114.09150501585705, 51.02888172348388], [-114.09150473404411, 51.028881474759146], [-114.0915034788507, 51.028880334463835], [-114.09150323760502, 51.02888010954809], [-114.0915019543956, 51.028878881484076], [-114.09150174626103, 51.02887867753723], [-114.09150063932887, 51.028877566715614], [-114.09149982681191, 51.02887807194661], [-114.09149970855299, 51.02887814480195], [-114.09149809558045, 51.028879129319826], [-114.09149796061178, 51.02887921084118], [-114.09149643103065, 51.02888012506123], [-114.09149627562249, 51.028880216842396], [-114.09149482943278, 51.028881060764625], [-114.0914946486833, 51.02888116479705], [-114.091493285885, 51.028881938421485], [-114.09149307323291, 51.02888205721696], [-114.09149179382605, 51.02888276054359], [-114.09149154030595, 51.02888289729821], [-114.09149034429055, 51.02888353032704], [-114.09149003736275, 51.028883689137], [-114.09148892473877, 51.02888425186802], [-114.09148854639403, 51.028884438000254], [-114.09148751716153, 51.02888493043349], [-114.09148704074897, 51.02888515062268], [-114.09148609490795, 51.02888557275813], [-114.09148547964124, 51.028885835389985], [-114.09148461719168, 51.028886187227634], [-114.09148379831957, 51.02888650190901], [-114.09148301926149, 51.02888678344886], [-114.09148189008954, 51.028887158305835], [-114.09148119442295, 51.028887369547896], [-114.09147957389213, 51.0288878008682], [-114.09147896161704, 51.02888794181246], [-114.09147654376275, 51.02888837921805], [-114.09147601487915, 51.02888844986454], [-114.09147418963691, 51.028888631911045], [-114.09147234431215, 51.02888869377796], [-114.09144672851781, 51.02888871382507], [-114.09144561691348, 51.02888869281133], [-114.09144472586023, 51.02888865839232], [-114.09144362703417, 51.02888859436065], [-114.09144273591183, 51.028888524825426], [-114.09144166200024, 51.0288884199721], [-114.09144077080882, 51.02888831532066], [-114.09143973258267, 51.02888817308698], [-114.09143884132216, 51.028888033319326], [-114.09143784771801, 51.02888785809386], [-114.0914369563884, 51.02888768321001], [-114.09143601424454, 51.02888747998297], [-114.09143512284587, 51.02888726998292], [-114.09143423684377, 51.02888704400108], [-114.09143334537602, 51.028886798884805], [-114.0914325181557, 51.028886555346034], [-114.09143162661887, 51.02888627511356], [-114.09143085901833, 51.02888601892549], [-114.09142996741247, 51.028885703576805], [-114.09142925877804, 51.028885439189125], [-114.09142836710309, 51.02888508872422], [-114.0914277156226, 51.028884820031266], [-114.0914268238786, 51.028884434450156], [-114.09142622690139, 51.02888416475328], [-114.09142533508832, 51.02888374405597], [-114.09142478940946, 51.02888347607111], [-114.09142389752733, 51.02888302025759], [-114.0914233996244, 51.028882756153685], [-114.09142250767322, 51.028882265223956], [-114.09142205389323, 51.02888200667958], [-114.091421161873, 51.028881480633636], [-114.09142074857265, 51.02888122890182], [-114.09142005991508, 51.02888079570688], [-114.09141960113533, 51.02888052515333], [-114.09141918472045, 51.02888029595864], [-114.09141881432826, 51.028880106662555], [-114.0914184935604, 51.02887995534583], [-114.09141822579817, 51.028879839568106], [-114.09141801399085, 51.0288797563191], [-114.09141797385335, 51.02887974212302], [-114.09141708773686, 51.02887972537165], [-114.0914161966838, 51.02887969095244], [-114.09141509785799, 51.02887962692049], [-114.09141420673588, 51.02887955738505], [-114.09141313282454, 51.028879452531456], [-114.09141224163335, 51.0288793478798], [-114.09141120340752, 51.02887920564587], [-114.09141031214726, 51.028879065878], [-114.0914093185434, 51.028878890652294], [-114.09140842721409, 51.02887871576822], [-114.0914074850705, 51.028878512540956], [-114.09140659367213, 51.02887830254067], [-114.09140570767036, 51.028878076558634], [-114.09140481620292, 51.02887783144214], [-114.09140398898292, 51.02887758790316], [-114.09140309744645, 51.02887730767046], [-114.09140232984622, 51.02887705148222], [-114.0914014382407, 51.028876736133306], [-114.09140072960658, 51.02887647174544], [-114.09139983793202, 51.028876121280334], [-114.09139918645181, 51.02887585258721], [-114.09139829470823, 51.02887546700589], [-114.09139769773128, 51.028875197308864], [-114.09139680591865, 51.02887477661134], [-114.09139626024006, 51.028874508626345], [-114.09139536835839, 51.0288740528126], [-114.0913948704557, 51.02887378870858], [-114.091393978505, 51.028873297778624], [-114.09139352472525, 51.02887303923414], [-114.09139263270552, 51.02887251318798], [-114.0913922194054, 51.02887226145606], [-114.09139132731664, 51.028871700293706], [-114.0913904696124, 51.02887116000372], [-114.09138965424651, 51.02887064558376], [-114.09138948655173, 51.028870539600824], [-114.09138759554983, 51.028870921731986], [-114.09138475966533, 51.02887151588558], [-114.09138149561277, 51.02887221821158], [-114.09137717110823, 51.02887317348999], [-114.09137177707308, 51.02887438423858], [-114.09136343769212, 51.0288762796559], [-114.09134649188904, 51.0288801543343], [-114.09134482061215, 51.02888047891631], [-114.09134310693202, 51.02888069863351], [-114.09134136735229, 51.02888081136991], [-114.09133961862611, 51.02888081603982], [-114.09133787759467, 51.02888071259824], [-114.09133616102508, 51.028880502041375], [-114.09133448544884, 51.028880186397004], [-114.09133286700266, 51.02887976870496], [-114.0913313212731, 51.02887925298786], [-114.09132986314638, 51.028878644212305], [-114.09132850666505, 51.02887794824119], [-114.09132726489278, 51.02887717177707], [-114.09132614978851, 51.02887632229774], [-114.09132517209132, 51.02887540798413], [-114.09132434121693, 51.028874437641605], [-114.09132366516714, 51.0288734206151], [-114.09132315045265, 51.028872366699105], [-114.09132280203043, 51.02887128604346], [-114.09132262325599, 51.028870189055446], [-114.091322615851, 51.02886908629963], [-114.09132277988674, 51.02886798839621], [-114.09132311378347, 51.028866905918534], [-114.09132361432556, 51.02886584929151], [-114.09132427669253, 51.028864828691], [-114.09132509450538, 51.028863853945936], [-114.09132605988813, 51.028862934443666], [-114.09132716354362, 51.028862079039484], [-114.09132839484305, 51.02886129597139], [-114.0913297419283, 51.028860592780774], [-114.09133119182624, 51.02885997623972], [-114.09133273057354, 51.02885945228586], [-114.09133434335125, 51.02885902596515], [-114.09135130520235, 51.02885514761757], [-114.09135133731287, 51.028855140297395], [-114.09135972601894, 51.02885323366933], [-114.09135979261669, 51.02885321862678], [-114.0913652621291, 51.02885199093659], [-114.0913653465121, 51.02885197214633], [-114.09136978148102, 51.0288509924665], [-114.09136991814628, 51.028850962669324], [-114.0913733185718, 51.028850230999986], [-114.09137345464927, 51.02885020210564], [-114.09137644874802, 51.02884957480419], [-114.09137662922906, 51.02884953766314], [-114.09137921700106, 51.02884901472964], [-114.09137946774445, 51.0288489653419], [-114.09138164918974, 51.02884854677634], [-114.09138202080707, 51.02884847824471], [-114.0913837959257, 51.02884816404712], [-114.09138414448854, 51.02884810474653], [-114.09138572268598, 51.02884784703604], [-114.09138617874872, 51.028847776593345], [-114.09138756002501, 51.02884757536993], [-114.0913881807494, 51.02884749225573], [-114.09138936510453, 51.028847347519424], [-114.09139025485905, 51.02884725345471], [-114.09139124229303, 51.02884716520551], [-114.09139260970596, 51.028847076763576], [-114.09139340021882, 51.02884704500148], [-114.0913957077849, 51.02884704669522], [-114.09139630137663, 51.028847071420245], [-114.09139776540871, 51.028847170850774], [-114.09139921142439, 51.028847346165904], [-114.09140062954987, 51.02884759616856], [-114.09140102622047, 51.0288476773807], [-114.09140274280587, 51.02884809167187], [-114.09140438258673, 51.028848615263826], [-114.09140592811764, 51.02884924258615], [-114.09140736295589, 51.02884996696483], [-114.09140867183642, 51.02885078069328], [-114.09140881080107, 51.02885087648992], [-114.09140894868811, 51.028850969635585], [-114.09140915807293, 51.02885110905788], [-114.09140942890615, 51.02885128746835], [-114.09140975541185, 51.028851500767864], [-114.09141013402905, 51.028851746471304], [-114.09141056244299, 51.02885202298473], [-114.09141103908615, 51.02885232924032], [-114.0914115628586, 51.02885266449551], [-114.09141213295132, 51.02885302820864], [-114.09141274877717, 51.02885341998887], [-114.09141340989822, 51.02885383954614], [-114.09141411595849, 51.02885428664628], [-114.09141486668098, 51.028854761107844], [-114.09141566186383, 51.0288552627987], [-114.09141650133434, 51.02885579160647], [-114.09141718554146, 51.02885622200215], [-114.09141764432094, 51.028856492555725], [-114.0914180607356, 51.02885672175041], [-114.0914184311276, 51.0288569110465], [-114.09141875189532, 51.02885706236321], [-114.09141901965742, 51.02885717814095], [-114.09141923146463, 51.02885726138996], [-114.09141927160209, 51.02885727558605], [-114.09142015771818, 51.02885729233738], [-114.09142104877081, 51.02885732675658], [-114.09142214759609, 51.028857390788446], [-114.0914230387178, 51.02885746032385], [-114.09142411262864, 51.02885756517735], [-114.09142500381944, 51.02885766982891], [-114.09142604204484, 51.028857812062725], [-114.09142693330475, 51.028857951830474], [-114.09142792690821, 51.02885812705603], [-114.0914288182372, 51.028858301939955], [-114.09142976038046, 51.02885850516705], [-114.09143065177857, 51.028858715167146], [-114.0914315377801, 51.02885894114901], [-114.09143242924729, 51.0288591862653], [-114.09143325646714, 51.02885942980408], [-114.09143414800344, 51.028859710036556], [-114.09143491560356, 51.02885996622458], [-114.091435807209, 51.02886028157323], [-114.09143651584306, 51.028860545960875], [-114.0914374075176, 51.02886089642571], [-114.09143805899781, 51.02886116511862], [-114.09143895074148, 51.028861550699645], [-114.09143954771845, 51.02886182039646], [-114.09144043953123, 51.02886224109367], [-114.09144098520993, 51.02886250907845], [-114.09144187709182, 51.02886296489185], [-114.09144237499467, 51.02886322899567], [-114.09144326694567, 51.028863719925255], [-114.09144372072561, 51.02886397846955], [-114.09144461274576, 51.028864504515305], [-114.09144502604609, 51.02886475624706], [-114.09144571470365, 51.028865189441845], [-114.09144617348342, 51.028865459995295], [-114.09144658989828, 51.02886568918988], [-114.09144696029047, 51.02886587848589], [-114.09144728105834, 51.02886602980252], [-114.09144754882055, 51.02886614558018], [-114.09144776062786, 51.02886622882915], [-114.09144778824222, 51.02886623859597], [-114.09146760741348, 51.02886622308564], [-114.09146850040135, 51.02886575044381], [-114.09146954698593, 51.02886517510642], [-114.09147071326791, 51.028864513039274], [-114.0914719915108, 51.02886376712242], [-114.09147337599858, 51.028862939623934], [-114.09147486242887, 51.028862032344556], [-114.09147644749993, 51.0288610467322], [-114.09147817525269, 51.02885995449367], [-114.09147905539785, 51.028859434531874], [-114.09148080762085, 51.028858467463394], [-114.09148190796648, 51.028857907202045], [-114.0914836326572, 51.0288570981782], [-114.09148500780401, 51.02885651376203], [-114.09148670496248, 51.02885586278281], [-114.09148840965148, 51.02885528639997], [-114.0914900792777, 51.02885479346537], [-114.09149215165884, 51.02885427855668], [-114.09149379375287, 51.02885394366671], [-114.09149622761208, 51.02885356419626], [-114.09149784217394, 51.028853387350935], [-114.09149919459256, 51.02885327266022], [-114.09150055696307, 51.02885322356674], [-114.0915021439928, 51.02885320476602], [-114.09150356387849, 51.0288532236401], [-114.09150497687126, 51.02885331375854], [-114.09150653636891, 51.028853453002455], [-114.09150791992842, 51.02885361188007], [-114.09150927931165, 51.02885383906456], [-114.09151081127727, 51.02885413635309], [-114.09151206397465, 51.028854412037305], [-114.09151328067188, 51.02885474573401], [-114.09151478510549, 51.02885520106718], [-114.09151687586143, 51.028855947120164], [-114.09151835276307, 51.02885656049798], [-114.09152004507895, 51.02885735789404], [-114.09152149444866, 51.02885812931649], [-114.09152282587137, 51.02885891494425], [-114.09152424770915, 51.02885984441135], [-114.09152527987419, 51.02886058107707], [-114.09152667418003, 51.02886166858884], [-114.09152747048938, 51.028862339372616], [-114.09152883726333, 51.02886358492904], [-114.09152945263824, 51.028864185727755], [-114.09153070286625, 51.02886549603712], [-114.0915318199059, 51.02886661700102], [-114.0915328788352, 51.02886763042265], [-114.09153387302736, 51.02886853360777], [-114.09153479400807, 51.028869323514954], [-114.09153563085782, 51.02886999678302], [-114.0915363694196, 51.02887054984031], [-114.0915365347681, 51.02887066399746], [-114.09158134900115, 51.02887062888738], [-114.09158583450427, 51.028870591897345], [-114.09159010576055, 51.028870522042176], [-114.09159416026554, 51.028870419886964], [-114.09159799509646, 51.028870286155325], [-114.09160160682653, 51.028870121779704], [-114.0916049914288, 51.02886992796948], [-114.09160814415286, 51.028869706304455], [-114.09161105939937, 51.02886945886219], [-114.0916137305548, 51.02886918839602], [-114.09161614984468, 51.028868898579184], [-114.09161830817884, 51.028868594345965], [-114.09162019508082, 51.028868282359284], [-114.09162179876215, 51.02886797164808], [-114.09162310654379, 51.02886767444609], [-114.09162410592916, 51.02886740723299], [-114.0916253779672, 51.028867004908584], [-114.09162662315865, 51.02886664810447], [-114.09162887731878, 51.028866066918994], [-114.09162975941011, 51.028865856493425], [-114.09163248687062, 51.028865257378634], [-114.0916331390042, 51.028865122950585], [-114.0916363397651, 51.028864505906455], [-114.09163683932451, 51.028864414606474], [-114.09164051338577, 51.02886377963301], [-114.0916409073347, 51.02886371459083], [-114.0916450546963, 51.02886306168796], [-114.09164537284396, 51.028863013555366], [-114.09164999350584, 51.02886234272302], [-114.09165025555565, 51.02886230598682], [-114.09165534951781, 51.02886161722494], [-114.09165556896164, 51.02886158846269], [-114.09166113622408, 51.028860881771244], [-114.09166132258669, 51.028860858765825], [-114.09166736314934, 51.028860134144715], [-114.0916675233345, 51.0288601154071], [-114.09167403719735, 51.02885937285627], [-114.09167417632511, 51.028859357355245], [-114.09168116348813, 51.02885859687461], [-114.09168128543249, 51.02885858387686], [-114.09168874589565, 51.02885780546635], [-114.09168885363987, 51.02885779443821], [-114.09169678740315, 51.02885699809773], [-114.09169688328072, 51.02885698864287], [-114.09170529034407, 51.02885617437231], [-114.09170537620571, 51.02885616619112], [-114.0917142565691, 51.02885533399038], [-114.09171433390108, 51.028855326852685], [-114.09172361776022, 51.028854483066], [-114.0917323226315, 51.028853647496874], [-114.09174050870602, 51.02885281495572], [-114.09174817267537, 51.028851986135145], [-114.09175531037388, 51.02885116196788], [-114.0917619164656, 51.028850343735684], [-114.09176798403591, 51.02884953323381], [-114.0917735039673, 51.02884873303717], [-114.09177846403455, 51.028847946935635], [-114.09178284753541, 51.028847180675186], [-114.09178663119928, 51.02884644326715], [-114.09178978198088, 51.02884574939598], [-114.09179225223194, 51.02884512404244], [-114.09179397307274, 51.02884461172131], [-114.09179479497386, 51.02884431469546], [-114.09179511186872, 51.028844114361306], [-114.09179596236415, 51.02884361079569], [-114.09179777019703, 51.02884260856252], [-114.09179834541403, 51.028842302998456], [-114.09180062626949, 51.02884114237055], [-114.091801038424, 51.028840938873024], [-114.091803792302, 51.02883961985035], [-114.09180410115007, 51.02883947521], [-114.09180732805055, 51.02883799779255], [-114.0918075677099, 51.02883788996117], [-114.09181126763276, 51.028836254148864], [-114.09181145882847, 51.0288361707849], [-114.09181563177363, 51.02883437657772], [-114.09181578776422, 51.02883431026562], [-114.09182043373157, 51.02883235766352], [-114.09182056337107, 51.02883230369187], [-114.09182568236052, 51.02883019269479], [-114.09182579177752, 51.02883014793244], [-114.09183138378896, 51.02882787854029], [-114.09183147735574, 51.02882784082777], [-114.09183754238902, 51.0288254130405], [-114.09183762330636, 51.02882538084176], [-114.09184416136135, 51.028822794659305], [-114.09184423202504, 51.02882276685259], [-114.09185124310159, 51.02882002227485], [-114.09185130533986, 51.02881999802236], [-114.09185878943782, 51.028817095049256], [-114.09185884466962, 51.028817073712815], [-114.09186680178881, 51.02881401234426], [-114.09186685113198, 51.028813993429424], [-114.09187528127227, 51.02881077366534], [-114.0918753256193, 51.028810756783166], [-114.09188411053937, 51.02880742348811], [-114.09189223749622, 51.02880423071102], [-114.09189981015506, 51.02880114029539], [-114.09190682475572, 51.02879815527423], [-114.091913276886, 51.02879527953345], [-114.09191916138799, 51.02879251810732], [-114.09192447229498, 51.02878987758792], [-114.09192920284214, 51.028787366698104], [-114.09193334565245, 51.02878499708962], [-114.09193689329709, 51.02878278443684], [-114.09193983960937, 51.02878074987833], [-114.09194218245321, 51.02877892174683], [-114.09194392912003, 51.028777337181126], [-114.0919451059899, 51.028776042321105], [-114.09194577359658, 51.028775087963965], [-114.09194604412455, 51.02877451508127], [-114.09194629706283, 51.02877338851145], [-114.09194669954385, 51.028771569744194], [-114.09194706747918, 51.0287698788578], [-114.09194740072328, 51.02876831674361], [-114.09194769908878, 51.028766884612345], [-114.09194796233103, 51.02876558415196], [-114.09194819012696, 51.02876441778888], [-114.09194838204577, 51.028763389141766], [-114.09194853751336, 51.02876250385627], [-114.09194865578377, 51.02876177126519], [-114.09194868671003, 51.028761554095865], [-114.09194858668062, 51.02876047954975], [-114.09194866056343, 51.028759356261176], [-114.09194891206637, 51.028758243249875], [-114.09194933867204, 51.02875715165656], [-114.09194993611028, 51.02875609240758], [-114.091950698401, 51.02875507610551], [-114.09195076450615, 51.0287549982997], [-114.09195167930136, 51.02875403954426], [-114.09195274076234, 51.02875314291216], [-114.09195297292173, 51.02875296591993], [-114.09195351952745, 51.028752568521206], [-114.09195391774107, 51.028752292342546], [-114.09195416975034, 51.028752121171294], [-114.09195473401819, 51.02875174580619], [-114.09195487873605, 51.028751650660396], [-114.09195560905813, 51.02875117610886], [-114.09195570292036, 51.02875111557664], [-114.09195659929665, 51.02875054183867], [-114.09195666508815, 51.0287504999483], [-114.09195772751865, 51.02874982702387], [-114.09195777618822, 51.02874979631632], [-114.09195900467292, 51.028749024205446], [-114.09195905516268, 51.02874899259872], [-114.09196060950894, 51.028748023451264], [-114.09196064282335, 51.02874800273394], [-114.09196252303114, 51.02874683654985], [-114.09196254665972, 51.02874682192163], [-114.09196475272901, 51.02874545870091], [-114.09196477035935, 51.02874544782148], [-114.09196730229007, 51.02874388756411], [-114.09196731984281, 51.028743876762434], [-114.09197065705695, 51.028741825917905], [-114.09197481031755, 51.0287392778773], [-114.0919812048192, 51.02873536002259], [-114.09198156201967, 51.02873514130836], [-114.09197657304632, 51.02873169315686], [-114.09197625985693, 51.028731470857274], [-114.0919678390613, 51.0287253321405], [-114.09196750984914, 51.02872508506329], [-114.09195970181365, 51.02871905121246], [-114.09195935682334, 51.028718775949336], [-114.09195216154768, 51.028712846964574], [-114.09195180157398, 51.02871253965538], [-114.09194521905788, 51.02870671553681], [-114.0919448456621, 51.028706371855584], [-114.09193887590527, 51.0287006526033], [-114.09193849169138, 51.028700267776294], [-114.09193313469355, 51.02869465339041], [-114.09193274364839, 51.028694222267525], [-114.0919279994093, 51.028688712748114], [-114.09192760730218, 51.02868822995675], [-114.09192347582157, 51.028682825303896], [-114.09192309063957, 51.02868228552167], [-114.09191957191719, 51.02867698573543], [-114.09191920428185, 51.028676384122754], [-114.09191629831744, 51.028671189203216], [-114.091915961784, 51.02867052202996], [-114.09191366857733, 51.02866543197715], [-114.09191337966394, 51.0286646974525], [-114.09191169921478, 51.02865971226647], [-114.09191147696336, 51.02865891152501], [-114.09191040927146, 51.02865403120578], [-114.09191027414015, 51.028653169314744], [-114.0919098247431, 51.02864845199291], [-114.09190932814228, 51.02864400898959], [-114.0919087800008, 51.028639788472], [-114.09190818126913, 51.02863579216091], [-114.09190753318114, 51.028632022114685], [-114.0919068373543, 51.02862848081052], [-114.09190609593144, 51.02862517124855], [-114.091905311784, 51.028622097084885], [-114.09190448880656, 51.02861926280004], [-114.09190363235024, 51.028616673911856], [-114.09190274986733, 51.028614337236284], [-114.09190185188042, 51.028612261191434], [-114.0919009534498, 51.02861045611448], [-114.0919000763946, 51.028608934493846], [-114.09189925260941, 51.02860771087158], [-114.09189852881539, 51.02860680084842], [-114.09189757733186, 51.02860580364577], [-114.09189633928003, 51.02860452816231], [-114.09189513549072, 51.0286033103582], [-114.09189396677371, 51.028602150730975], [-114.09189283407638, 51.02860104984173], [-114.09189173851301, 51.0286000083247], [-114.09189068140167, 51.02859902689842], [-114.09188966431024, 51.02859810637823], [-114.09188868911704, 51.028597247692], [-114.09188775808269, 51.028596451893236], [-114.09188687395137, 51.028595720181926], [-114.09188604007176, 51.02859505391857], [-114.09188526056397, 51.028594454643375], [-114.09188454053168, 51.02859392408682], [-114.09188388634213, 51.02859346417029], [-114.09188330599568, 51.02859307698671], [-114.09188259939638, 51.02859263250847], [-114.09188133547002, 51.028591748400004], [-114.09188022693836, 51.028590784940114], [-114.0918793621368, 51.02858994282998], [-114.09187819376498, 51.028588616730076], [-114.09187735625116, 51.02858749366847], [-114.09187673646174, 51.02858655433748], [-114.09187592623569, 51.0285851503244], [-114.0918755709183, 51.02858446738954], [-114.09187478798002, 51.028582782424984], [-114.09187457045057, 51.02858226970427], [-114.09187381480004, 51.028580303788225], [-114.09187367436607, 51.02857990725051], [-114.09187294600332, 51.028577660383014], [-114.09187285138988, 51.02857734573143], [-114.09187215031494, 51.02857481791245], [-114.09187208433379, 51.028574562745405], [-114.09187141054662, 51.028571753974965], [-114.09187134764358, 51.02857146674478], [-114.09187067267636, 51.02856806099897], [-114.09187063537071, 51.02856785774042], [-114.0918699592235, 51.028563855019264], [-114.0918699353098, 51.028563703744275], [-114.0918692579826, 51.02855910404775], [-114.09186924174259, 51.0285589871345], [-114.09186856323544, 51.028553790462624], [-114.09186854859729, 51.02855367049977], [-114.09186778350677, 51.028546928780855], [-114.09186777535676, 51.02854685340803], [-114.09186692368303, 51.028538566642084], [-114.09186691775305, 51.02853850644054], [-114.09186572328623, 51.02852583041255], [-114.09186572059026, 51.02852580115805], [-114.091864183331, 51.028508735867966], [-114.09186416526124, 51.028507710799055], [-114.09186429540311, 51.02850668895717], [-114.0918645726735, 51.028505678846415], [-114.09186499476485, 51.028504688873234], [-114.09186555816439, 51.0285037272765], [-114.09188429690496, 51.02847574244987], [-114.09188492130592, 51.02847490744222], [-114.09188565229121, 51.028474107573956], [-114.0919246643541, 51.02843520581859], [-114.09195355596088, 51.0284063606773], [-114.091972328347, 51.0283875709897], [-114.09198748257846, 51.028372354116755], [-114.09199902023101, 51.02836070855978], [-114.09200910948223, 51.02835047229674], [-114.09201774482476, 51.028341651040556], [-114.09202492055454, 51.02833425091847], [-114.09203064439673, 51.028328264444326], [-114.09203564004402, 51.02832297004928], [-114.0920398937307, 51.0283183830451], [-114.09204339443696, 51.02831451706421], [-114.09204612076066, 51.02831139999521], [-114.09204802471464, 51.02830909944177], [-114.09204833138197, 51.028308689024975], [-114.09204819393383, 51.02823929329826], [-114.09204819402778, 51.02823924016781], [-114.09204823500315, 51.02823181304785], [-114.09204823558541, 51.028231753246786], [-114.09204833311588, 51.02822476503544], [-114.09204833438669, 51.02822469722956], [-114.09204848847224, 51.02821814792684], [-114.0920484907204, 51.02821807040273], [-114.09204870136102, 51.02821196000864], [-114.09204870501102, 51.02821187052963], [-114.0920489722067, 51.028206199044156], [-114.09204897789601, 51.02820609463572], [-114.09204930164672, 51.028200862058874], [-114.09204931035745, 51.02820073867984], [-114.09204969066319, 51.028195945011625], [-114.09204969948102, 51.02819584684212], [-114.09166987132741, 51.02814211329032], [-114.09166831918564, 51.02814184678176], [-114.09166681148142, 51.02814149308758], [-114.0916653605019, 51.028141055090266], [-114.09166397807199, 51.028140536359324], [-114.0916626754579, 51.02813994112217], [-114.09149098707108, 51.02805377363225], [-114.09148967388165, 51.028053045407326], [-114.0914884802041, 51.02805223951914], [-114.09148741753422, 51.02805136372885], [-114.09148649610609, 51.02805042647077], [-114.09148572479354, 51.02804943677125], [-114.09148511102475, 51.0280484041616], [-114.09148466071062, 51.02804733858646], [-114.09148437818793, 51.028046250307895], [-114.0914842661775, 51.02804514980659], [-114.09148432575805, 51.028044047681], [-114.09148455635577, 51.02804295454519], [-114.09148495574986, 51.028041880926665], [-114.09148552009395, 51.02804083716496], [-114.09148624395306, 51.028039833312036], [-114.09148712035604, 51.02803887903557], [-114.09148814086264, 51.028037983525756], [-114.0914892956448, 51.02803715540686], [-114.09149057358137, 51.02803640265407], [-114.09149196236511, 51.028035732516834], [-114.09149344862126, 51.02803515144895], [-114.09149501803638, 51.02803466504637], [-114.09149665549616, 51.028034277993456], [-114.09149834523096, 51.02803399401771], [-114.09150007096774, 51.028033815854016], [-114.09150181608669, 51.02803374521812], [-114.0915035637814, 51.02803378279033], [-114.09150529722062, 51.02803392820879], [-114.0915069997104, 51.02803418007305], [-114.09150865485483, 51.028034535957524], [-114.091510246714, 51.028034992434826], [-114.09151175995741, 51.02803554510887], [-114.09151318001173, 51.02803618865707], [-114.09168166600934, 51.02812074890745], [-114.09205402577116, 51.028173425918474], [-114.0920545936044, 51.028172166671645], [-114.09205524315777, 51.02817098185654], [-114.09205607590363, 51.0281696994573], [-114.09205682443712, 51.028168692061975], [-114.09205772726202, 51.02816773627877], [-114.09205861656288, 51.02816689278814], [-114.09205884456105, 51.02816668177449], [-114.09205981732079, 51.02816580310186], [-114.09206002794828, 51.02816561691255], [-114.09206108416686, 51.028164703057904], [-114.09206127886974, 51.02816453780025], [-114.09206241854717, 51.02816358876359], [-114.09206259872981, 51.02816344127596], [-114.09206382186609, 51.028162457057284], [-114.09206398884848, 51.02816232475437], [-114.09206529544358, 51.028161305353684], [-114.09206545044219, 51.02816118610711], [-114.09206684049612, 51.028160131524395], [-114.09206698461848, 51.028160023570244], [-114.09206845813122, 51.02815893380551], [-114.09206859237818, 51.02815883567248], [-114.09207014934974, 51.028157710725715], [-114.09207027462148, 51.028157621178956], [-114.09207191505182, 51.02815646105015], [-114.09207203215601, 51.02815637904707], [-114.09207375604512, 51.02815518373624], [-114.09207386570546, 51.02815510839159], [-114.09207567305336, 51.02815387789872], [-114.09207577591812, 51.0281538084568], [-114.09207766672479, 51.028152542781896], [-114.09207776337493, 51.028152478594265], [-114.09207973764035, 51.02815117773731], [-114.09207982859692, 51.02815111824488], [-114.09208188632108, 51.02814978220588], [-114.09208197205199, 51.02814972692435], [-114.09208411323488, 51.02814835570329], [-114.09208419416079, 51.028148304211356], [-114.09208641880238, 51.02814689780824], [-114.0920865854652, 51.02814679382237], [-114.09208872675218, 51.02814547527554], [-114.09208891438773, 51.0281453614116], [-114.09209097232012, 51.028144130721046], [-114.09209118493929, 51.02814400563184], [-114.09209315951712, 51.02814286279755], [-114.09209340216596, 51.02814272492091], [-114.09209529338922, 51.028141669942904], [-114.09209557248488, 51.02814151747652], [-114.09209738035361, 51.02814055035483], [-114.09209770415005, 51.02814038124099], [-114.09209942866424, 51.02813950197557], [-114.09209980790364, 51.02813931391191], [-114.0921014490633, 51.02813852250278], [-114.09210189789329, 51.02813831301105], [-114.09210345569848, 51.02813760945823], [-114.09210399296657, 51.028137376074824], [-114.09210546741727, 51.028136760378295], [-114.09210611848447, 51.02813650109134], [-114.09210750958067, 51.028135973251125], [-114.09210830879944, 51.02813568742708], [-114.0921096165412, 51.02813524744317], [-114.09211061042973, 51.02813493770321], [-114.09211183481703, 51.02813458557562], [-114.09211308547955, 51.02813426144867], [-114.09211422651242, 51.0281339971774], [-114.09211581338812, 51.02813368182787], [-114.09211687106657, 51.0281335054129], [-114.09211888543045, 51.02813324677459], [-114.09211985975449, 51.02813315821594], [-114.09212237957334, 51.02813304329007], [-114.092123270543, 51.02813304258773], [-114.09212375198052, 51.02813304631013], [-114.092124782199, 51.02813306305614], [-114.09212514836875, 51.02813307138453], [-114.09212631783602, 51.028133105578874], [-114.09212660537204, 51.02813311545507], [-114.09212791408812, 51.02813316709776], [-114.09212814569548, 51.028133177192686], [-114.09212959366037, 51.02813324628371], [-114.09212978412027, 51.028133256019615], [-114.09213137133399, 51.02813334255897], [-114.09213153066571, 51.028133351700795], [-114.09213325712825, 51.02813345568847], [-114.09213339235573, 51.02813346416169], [-114.09213525806712, 51.02813358559768], [-114.09213537425639, 51.02813359340311], [-114.09213737921658, 51.02813373228741], [-114.09213748011138, 51.02813373945994], [-114.09213962432041, 51.02813389579255], [-114.09213971274593, 51.0281339023808], [-114.09214199620382, 51.028134076161706], [-114.0921420743315, 51.02813408221798], [-114.09214449703822, 51.028134273447165], [-114.0921445665641, 51.028134279022574], [-114.09214712851966, 51.02813448770005], [-114.09214719078739, 51.02813449284227], [-114.0921498919918, 51.02813471896801], [-114.09214994807955, 51.02813472372044], [-114.09215278853283, 51.02813496729443], [-114.09215283931566, 51.02813497169606], [-114.09215581901779, 51.028135232718306], [-114.09215586521323, 51.028135236803905], [-114.09215898416423, 51.0281355152744], [-114.09216009313192, 51.02813563692988], [-114.09216357438761, 51.028136090695796], [-114.09216444387994, 51.028136218431726], [-114.09216828744037, 51.02813684749304], [-114.09216898249616, 51.02813697078049], [-114.09217318836141, 51.02813777513716], [-114.09217375400203, 51.02813788984165], [-114.09217832217216, 51.02813886949367], [-114.0921787899369, 51.02813897441336], [-114.09218372041198, 51.02814012936067], [-114.09218411277483, 51.028140224606865], [-114.09218940555495, 51.0281415548494], [-114.09218973882771, 51.02814164108323], [-114.09219539391299, 51.02814314662097], [-114.09219568015176, 51.02814322469356], [-114.09220169754227, 51.02814490552644], [-114.09220194581228, 51.028144976312205], [-114.09220832550812, 51.02814683244016], [-114.09220854273536, 51.02814689676318], [-114.09221528473665, 51.02814892818617], [-114.09221547629107, 51.028148986792104], [-114.09222258059796, 51.02815119351005], [-114.0922227506994, 51.02815124705937], [-114.09223021731201, 51.02815362907219], [-114.09223036931769, 51.02815367814358], [-114.09223819823616, 51.028156235451256], [-114.09223833484721, 51.02815628054891], [-114.09224652607168, 51.028159013151324], [-114.09224664948393, 51.028159054713626], [-114.09225520301455, 51.028161962610724], [-114.09225531502997, 51.028162001018785], [-114.09225876084258, 51.02816319261773], [-114.09253067069359, 51.0279615621942]], [[-114.09288607639753, 51.028462989005426], [-114.09288523100695, 51.0284621673766], [-114.09288414117026, 51.028461186283494], [-114.09288281414277, 51.02846006383783], [-114.09288125644225, 51.02845881276391], [-114.09287947362506, 51.02845744219151], [-114.0928774703222, 51.02845595880283], [-114.09287525035893, 51.02845436757951], [-114.09287281689197, 51.028452672300816], [-114.09287017252674, 51.02845087587601], [-114.09286731942562, 51.02844898057882], [-114.09286425939163, 51.02844698820928], [-114.09286099393162, 51.028444900206196], [-114.09285769808166, 51.028442827037516], [-114.09285444511718, 51.02844091932097], [-114.0928510621442, 51.02843906895725], [-114.09284754710532, 51.0284372754831], [-114.09284389795575, 51.02843553859345], [-114.09284011269803, 51.02843385813527], [-114.09283618941598, 51.028432234099455], [-114.09283212629806, 51.02843066660705], [-114.09282792166258, 51.02842915589668], [-114.09282357397011, 51.028427702307546], [-114.09281908183753, 51.02842630626432], [-114.09281444403722, 51.028424968259095], [-114.09280965950482, 51.028423688837805], [-114.09280472733144, 51.02842246858434], [-114.09279964675756, 51.02842130810726], [-114.0927944171681, 51.02842020802897], [-114.09278889425481, 51.02841914119288], [-114.09278344909659, 51.028418115769604], [-114.09277823844923, 51.02841716187087], [-114.09277326397914, 51.02841627960218], [-114.09276852767533, 51.028415469067234], [-114.09276403193104, 51.028414730361554], [-114.0927597796647, 51.028414063564554], [-114.09275577444647, 51.02841346872003], [-114.0927520206945, 51.02841294581015], [-114.09274852393449, 51.02841249471162], [-114.09274529114812, 51.02841211512321], [-114.0927423312552, 51.02841180644646], [-114.09273965579516, 51.028411567587405], [-114.09273727986943, 51.028411396618466], [-114.09273522346639, 51.02841129019549], [-114.09273351330026, 51.02841124253478], [-114.09273169064247, 51.02841124398106], [-114.09273146220427, 51.02841124323894], [-114.09272929041776, 51.02841122740409], [-114.09272905007629, 51.02841122462921], [-114.09272693394068, 51.02841119119203], [-114.09272668088273, 51.0284111860588], [-114.09272462039803, 51.0284111350193], [-114.09272435375314, 51.028411127152545], [-114.09272234891935, 51.02841105851073], [-114.09272206775812, 51.02841104747802], [-114.09272011857523, 51.02841096123389], [-114.09271982190852, 51.02841094653672], [-114.09271792837656, 51.02841084269026], [-114.09271761515609, 51.028410823753866], [-114.09271577727503, 51.028410702305095], [-114.09271544639597, 51.02841067846709], [-114.09271366416584, 51.02841053941601], [-114.09271331447174, 51.02841050991327], [-114.09271158789252, 51.0284103532599], [-114.09271121818396, 51.02841031721418], [-114.09270954725567, 51.0284101429585], [-114.09270915630336, 51.02841009936041], [-114.092707541026, 51.0284099075024], [-114.09270712758993, 51.02840985519409], [-114.09270556796348, 51.0284096457338], [-114.09270513081968, 51.02840958339073], [-114.09270362684417, 51.02840935632814], [-114.09270316482116, 51.02840928244057], [-114.09270171649656, 51.028409037775674], [-114.09270122852368, 51.028408950630876], [-114.09269983585001, 51.0284086883637], [-114.0926993210201, 51.028408586030494], [-114.09269798399738, 51.028408306161026], [-114.09269575735259, 51.02840773219364], [-114.09269411360202, 51.02840722431178], [-114.09269280516689, 51.02840677635859], [-114.09269085468854, 51.028406040464304], [-114.09269001194446, 51.02840570191901], [-114.09268775473834, 51.028404738012306], [-114.09268717259334, 51.02840447855631], [-114.09268460865954, 51.02840328663718], [-114.09268418472894, 51.02840308332505], [-114.0926813140675, 51.02840166339346], [-114.09268099258067, 51.02840150055076], [-114.09267781519165, 51.0283998526067], [-114.09267756350809, 51.0283997196013], [-114.0926740793916, 51.02839784364473], [-114.09267387725995, 51.02839773314579], [-114.09267008641609, 51.028395629176686], [-114.0926699206569, 51.02839553601603], [-114.09266582308574, 51.02839320403438], [-114.0926656847757, 51.02839312448508], [-114.09266128047733, 51.02839056449084], [-114.0926611633709, 51.02839049580736], [-114.09265645234547, 51.02838770780048], [-114.09265635194652, 51.028387647920496], [-114.09265133419413, 51.02838463190097], [-114.09265124718665, 51.02838457924794], [-114.09264592270746, 51.028381335215705], [-114.09264584659414, 51.02838128856514], [-114.09264021538827, 51.028377816520155], [-114.09264014825354, 51.028377774907455], [-114.09263421032114, 51.02837407484967], [-114.09263415067181, 51.02837403750512], [-114.09262792099675, 51.02837011885968], [-114.09262207088352, 51.028366456409074], [-114.09261658788813, 51.028363042283644], [-114.09261147310514, 51.02835987710972], [-114.09260672801318, 51.02835696172351], [-114.0926023546263, 51.02835429724674], [-114.09259835579032, 51.02835188523807], [-114.09259473564993, 51.02834972792173], [-114.09259150048804, 51.02834782858774], [-114.09258866029187, 51.028346192307836], [-114.092586231971, 51.028344827342025], [-114.09258424657949, 51.02834374810034], [-114.09258331261117, 51.028343264304915], [-114.09258302031573, 51.02834320635152], [-114.09258176776984, 51.02834292522293], [-114.09258121063148, 51.02834278519929], [-114.09258016685435, 51.02834249817209], [-114.09257958180311, 51.028342323054304], [-114.09257870954148, 51.028342043209186], [-114.09257809657738, 51.02834183299724], [-114.09257736375898, 51.02834156728963], [-114.09257672288201, 51.02834132198354], [-114.09257610310166, 51.02834107359005], [-114.09257543431184, 51.02834079318981], [-114.0925749063155, 51.02834056306617], [-114.09257420961282, 51.02834024757179], [-114.0925737564674, 51.02834003543132], [-114.09257303185184, 51.02833968484279], [-114.09257264010799, 51.02833948974937], [-114.09257188757958, 51.02833910406668], [-114.09257154654175, 51.02833892478452], [-114.09257076610048, 51.02833850400769], [-114.0925704672307, 51.028338339201845], [-114.09256965887658, 51.02833788333086], [-114.09256939532287, 51.02833773167814], [-114.0925685590559, 51.028337240713014], [-114.0925683252855, 51.028337100959895], [-114.09256746110569, 51.028336574900614], [-114.09256725262159, 51.02833644589006], [-114.09256646393268, 51.02833594978075], [-114.09256582071676, 51.02833555823058], [-114.09256575125838, 51.02833551745217], [-114.0925649535308, 51.02833566375901], [-114.0925639971952, 51.02833584550817], [-114.09256296944727, 51.028336047006285], [-114.09256187252306, 51.028336268060706], [-114.09256070825646, 51.02833650849476], [-114.0925594275764, 51.028336778826606], [-114.0925579988575, 51.02833703913929], [-114.09255654069372, 51.02833722341897], [-114.09255506324125, 51.02833733038217], [-114.0925535041774, 51.02833740184943], [-114.09255176205761, 51.028337427833705], [-114.09255002424334, 51.028337346387445], [-114.09254824201652, 51.02833720733383], [-114.09254568233425, 51.02833688617934], [-114.0925436769445, 51.028336536604876], [-114.0925418274471, 51.02833614430424], [-114.09253959889449, 51.02833558420889], [-114.09253824700836, 51.02833520265829], [-114.09253579529295, 51.028334432042065], [-114.09253478500183, 51.02833408844104], [-114.09253211012364, 51.02833310730392], [-114.09253133654485, 51.02833280665507], [-114.09252843850396, 51.028331614997036], [-114.0925278323212, 51.02833135436778], [-114.09252471111765, 51.028329952188834], [-114.09252422609633, 51.02832972640044], [-114.0925208817302, 51.02832811370055], [-114.0925204864402, 51.02832791744833], [-114.09251691891154, 51.02832609422747], [-114.09251659151158, 51.02832592278168], [-114.09251280082049, 51.02832388903985], [-114.09251252579334, 51.02832373840226], [-114.09250851193988, 51.028321494139426], [-114.09250827802718, 51.028321361004046], [-114.09250404101145, 51.028318906220186], [-114.09250383988416, 51.02831878787556], [-114.09249937970624, 51.02831612257065], [-114.09249920509168, 51.028316016795685], [-114.09249452175169, 51.0283131409697], [-114.09249436884852, 51.02831304594057], [-114.09248946234656, 51.028309959593486], [-114.09248938702817, 51.02830991193125], [-114.09248475923543, 51.02830696582842], [-114.09248467587759, 51.028306912406755], [-114.092480326794, 51.02830410654818], [-114.09248023405685, 51.028304046268794], [-114.09247616368235, 51.02830138065453], [-114.09247605991695, 51.02830131212452], [-114.09247226825143, 51.02829878675458], [-114.0924721514076, 51.02829870818198], [-114.09246863845097, 51.02829632305641], [-114.09246850595157, 51.028296232098405], [-114.09246527170376, 51.02829398721722], [-114.09246512027117, 51.02829388075494], [-114.0924621647321, 51.02829177611815], [-114.09246199014606, 51.0282916499131], [-114.09245931331569, 51.02828968552074], [-114.0924591100734, 51.028289533675775], [-114.09245671195166, 51.02828770952788], [-114.09245647279091, 51.02828752361314], [-114.09245435337773, 51.028285839709696], [-114.09245406862026, 51.02828560729183], [-114.0924522279156, 51.02828406363287], [-114.0924518846201, 51.028283765695484], [-114.09245032262392, 51.028282362281026], [-114.09244990371828, 51.0282819684893], [-114.09244862043053, 51.028280705319354], [-114.09244810474189, 51.02828016490287], [-114.09244710016253, 51.02827904197744], [-114.09244646721261, 51.02827826542643], [-114.09244574134163, 51.02827728274553], [-114.09244499638363, 51.02827610473739], [-114.09244474403134, 51.02827562931585], [-114.09244458974938, 51.02827539387386], [-114.0924442806772, 51.02827499036676], [-114.09244380686073, 51.0282744426076], [-114.09244316451898, 51.02827376940752], [-114.09244235321435, 51.028272985413125], [-114.09244137421288, 51.02827210198351], [-114.09244022956112, 51.028271127944514], [-114.09243892158305, 51.02827007019097], [-114.09243745261247, 51.028268934146595], [-114.09243582485833, 51.02826772411051], [-114.09243404034935, 51.02826644352085], [-114.09243210091283, 51.02826509514847], [-114.0924300081778, 51.02826368124506], [-114.09242776358641, 51.02826220365393], [-114.09242536841613, 51.02826066389848], [-114.09242288561036, 51.0282591021294], [-114.09242025692208, 51.028257512813354], [-114.09241741435962, 51.02825585479835], [-114.09241435979287, 51.02825413046695], [-114.09241109490223, 51.02825234177985], [-114.0924076211876, 51.028250490359895], [-114.09240393998185, 51.02824857755782], [-114.09240005247402, 51.02824660450768], [-114.09239595971772, 51.02824457216399], [-114.0923916626481, 51.028242481334985], [-114.09238716210164, 51.028240332711526], [-114.09238245882277, 51.02823812688469], [-114.0923775534715, 51.02823586436116], [-114.09237244664322, 51.028233545581294], [-114.0923671388703, 51.028231170926965], [-114.09236163062683, 51.02822874072943], [-114.0923559456359, 51.02822626542225], [-114.09235008373922, 51.028223761939124], [-114.09234402094395, 51.02822121999699], [-114.09233775762182, 51.02821863989759], [-114.09233129411282, 51.02821602190892], [-114.0923246307351, 51.02821336627241], [-114.09231776778304, 51.02821067320462], [-114.09231070552867, 51.02820794290011], [-114.09230344422741, 51.02820517553556], [-114.09229598411278, 51.02820237126922], [-114.09228832540254, 51.02819953024469], [-114.09228046830009, 51.02819665259268], [-114.09227241300003, 51.02819373843387], [-114.0922641596699, 51.02819078787326], [-114.0922557084804, 51.02818780101182], [-114.09224705958069, 51.02818477793825], [-114.09223823500342, 51.028181726304766], [-114.09222979916284, 51.02817885841777], [-114.09222173792284, 51.02817616917803], [-114.0922140532784, 51.02817365899704], [-114.09220674767614, 51.02817132834978], [-114.09219982414433, 51.028169177783425], [-114.09219328646606, 51.02816720792454], [-114.09218713943142, 51.028165419487586], [-114.09218138917997, 51.02816381327432], [-114.09217604369972, 51.02816239016177], [-114.09217111353529, 51.02816115105591], [-114.09216661285426, 51.028160096786365], [-114.09216256102762, 51.028159227865075], [-114.0921589850449, 51.02815854397115], [-114.09215592320007, 51.028158042850315], [-114.09215343066305, 51.0281577179594], [-114.09215089233581, 51.02815749132897], [-114.09214796111957, 51.028157234554094], [-114.0921451741012, 51.02815699556224], [-114.09214253207313, 51.028156774390325], [-114.09214003601086, 51.028156571080046], [-114.09213768712627, 51.02815638567778], [-114.09213548694292, 51.028156218234436], [-114.09213343738999, 51.02815606880313], [-114.0921315409663, 51.0281559374372], [-114.09212980095701, 51.02815582418294], [-114.0921282217658, 51.02815572906567], [-114.09212680943921, 51.02815565206165], [-114.09212557249673, 51.02815559303977], [-114.09212498879671, 51.02815557000664], [-114.092124822668, 51.028155633042836], [-114.0921239413299, 51.02815600106931], [-114.09212287578852, 51.02815648230073], [-114.09212164807902, 51.02815707433374], [-114.09212027464585, 51.02815777459622], [-114.0921187678937, 51.02815858063544], [-114.09211713729181, 51.02815949023168], [-114.09211539015557, 51.02816050142901], [-114.09211353220066, 51.02816161252883], [-114.09211156794535, 51.02816282206473], [-114.09210946668802, 51.028164150465614], [-114.09210740885183, 51.0281654683116], [-114.09210543949484, 51.02816674697603], [-114.09210355905955, 51.028167986008114], [-114.09210176804284, 51.028169184885726], [-114.09210006699627, 51.02817034300612], [-114.09209845653723, 51.0281714596672], [-114.09209693735268, 51.02817253405019], [-114.09209551021233, 51.02817356519143], [-114.09209417597324, 51.02817455195408], [-114.09209293559111, 51.02817549298674], [-114.09209179012734, 51.02817638667377], [-114.09209074075322, 51.028177231072014], [-114.09208978875039, 51.02817802382795], [-114.0920889354993, 51.02817876207274], [-114.0920884897318, 51.02817916472506], [-114.09208826784337, 51.028179656793355], [-114.09208776357531, 51.02818117051825], [-114.09208721631504, 51.02818331565981], [-114.0920866766774, 51.02818601866708], [-114.09208616734274, 51.028189238721474], [-114.09208569950802, 51.0281929515785], [-114.09208527913586, 51.028197142006825], [-114.0920849095987, 51.028201799984764], [-114.09208459289917, 51.028206918661226], [-114.09208433027516, 51.028212493199334], [-114.09208412251773, 51.028218520089766], [-114.09208397014675, 51.02822499672627], [-114.09208387351208, 51.028231921133454], [-114.09208383285387, 51.028239291787216], [-114.09208397474357, 51.02831090226738], [-114.09208390812151, 51.02831188720572], [-114.09208370486512, 51.02831286467159], [-114.09208336653877, 51.02831382714193], [-114.09208289574637, 51.02831476720909], [-114.09208217430074, 51.02831601440453], [-114.09208155343303, 51.028316953352906], [-114.09208010942835, 51.02831888588461], [-114.09207978727217, 51.0283192952308], [-114.09207762070828, 51.028321913098736], [-114.09207742668083, 51.02832214110366], [-114.09207453755752, 51.02832544430777], [-114.09207440844357, 51.02832558937725], [-114.09207079676054, 51.02832957791749], [-114.09207070479916, 51.02832967826907], [-114.09206637055608, 51.02833435214537], [-114.09206630177923, 51.02833442566933], [-114.09206124497568, 51.02833978488159], [-114.09206119161809, 51.02833984105698], [-114.09205541225361, 51.028345885605134], [-114.09205535452423, 51.02834594555941], [-114.09204813010787, 51.028353395895586], [-114.09204809061994, 51.02835343642537], [-114.0920394211503, 51.02836229254931], [-114.09203939244078, 51.02836232177681], [-114.09202927791627, 51.02837258368816], [-114.09202925610339, 51.02837260576189], [-114.09201769652212, 51.0283842734603], [-114.092017674465, 51.02838429566605], [-114.09200250234937, 51.028399530507], [-114.09200248865292, 51.02839954423804], [-114.09198370399587, 51.0284183462201], [-114.09198369314343, 51.0284183570688], [-114.09195478825076, 51.02844721549003], [-114.09191655803505, 51.02848533763428], [-114.09189999972673, 51.02851006618478], [-114.09190130102294, 51.02852451189849], [-114.0919024912843, 51.028537143194285], [-114.09190333599709, 51.028545362169126], [-114.09190409000689, 51.02855200620387], [-114.0919047530537, 51.028557084435526], [-114.09190541063471, 51.02856155001348], [-114.0919060568311, 51.02856537541156], [-114.09190668316745, 51.028568535763995], [-114.0919072919035, 51.02857107335224], [-114.09190791391073, 51.02857331607591], [-114.09190852688067, 51.028575206973095], [-114.09190910746878, 51.02857671744016], [-114.09190961170732, 51.028577802612226], [-114.09190971196149, 51.02857797633904], [-114.09190994623081, 51.02857813263394], [-114.0919102612072, 51.02857834834285], [-114.09191120919107, 51.02857901480608], [-114.09191148263325, 51.02857921160701], [-114.09191245856441, 51.028579930722614], [-114.09191269757434, 51.02858011060616], [-114.0919137014528, 51.02858088237416], [-114.0919139117038, 51.028581047150496], [-114.09191494352952, 51.02858187157087], [-114.09191512958581, 51.02858202286087], [-114.09191618935884, 51.028582899933625], [-114.09191635491891, 51.02858303917549], [-114.09191744263923, 51.028583968900634], [-114.09191759072165, 51.02858409736396], [-114.09191870638928, 51.02858507974151], [-114.09191883947499, 51.02858519854413], [-114.09191998308994, 51.028586233574075], [-114.09192010323186, 51.028586343699324], [-114.09192127479413, 51.02858743138162], [-114.09192138370216, 51.028587533694676], [-114.09192258321174, 51.02858867402936], [-114.09192268231892, 51.028588769292206], [-114.09192390977582, 51.02858996227928], [-114.09192400029029, 51.02859005116407], [-114.09192525569453, 51.0285912968035], [-114.09192533864062, 51.02859137990425], [-114.09192662199222, 51.02859267819606], [-114.09192669824309, 51.02859275603879], [-114.09192800954202, 51.02859410698299], [-114.09192807984574, 51.0285941800346], [-114.09192941909203, 51.02859558363118], [-114.09193007874036, 51.028596339175394], [-114.09193136271739, 51.02859795351294], [-114.09193183692969, 51.02859860010605], [-114.09193306563748, 51.028600425184564], [-114.09193341062392, 51.02860097777114], [-114.09193458406247, 51.028603013590626], [-114.09193483828952, 51.02860348721946], [-114.09193595645884, 51.028605733779926], [-114.09193614617692, 51.028606141814805], [-114.09193720907702, 51.02860859911624], [-114.09193735231594, 51.02860895279834], [-114.09193835994681, 51.02861162084076], [-114.09193846922753, 51.02861192939498], [-114.09193942158919, 51.02861480817837], [-114.09193950572167, 51.02861507909741], [-114.09194040281409, 51.02861816862178], [-114.09194046808314, 51.02861840797538], [-114.09194130990635, 51.02862170824072], [-114.09194136085723, 51.028621920953604], [-114.0919421474112, 51.02862543195994], [-114.09194218737478, 51.02862562204374], [-114.09194291865953, 51.02862934379106], [-114.09194295010745, 51.028629514530635], [-114.09194362612298, 51.02863344701893], [-114.09194365091102, 51.02863360111997], [-114.0919442716573, 51.028637744349254], [-114.09194429119412, 51.02863788405416], [-114.09194485667116, 51.02864223802443], [-114.09194487203695, 51.028642365203225], [-114.09194538224472, 51.02864692991449], [-114.09194539427556, 51.028647046136264], [-114.09194580800306, 51.02865138899982], [-114.09194669363134, 51.02865543710929], [-114.0919481151436, 51.028659654128994], [-114.09195009249463, 51.028664043094366], [-114.09195264358047, 51.02866860360054], [-114.09195578348299, 51.02867333281545], [-114.09195952428735, 51.028678226395435], [-114.09196387526707, 51.028683279215926], [-114.09196884325672, 51.02868848589936], [-114.09197443308763, 51.02869384116499], [-114.0919806480113, 51.02869934003988], [-114.09198749007129, 51.0287049779683], [-114.09199496041225, 51.02871075085476], [-114.09200305952696, 51.02871665506531], [-114.09201178744532, 51.028722687402706], [-114.09202114387921, 51.028728845070546], [-114.09203126042017, 51.02873520872153], [-114.09203127780971, 51.028735219675234], [-114.09204136965754, 51.02874158532697], [-114.09204138755773, 51.028741596633985], [-114.0920513121754, 51.02874787462592], [-114.09205133060892, 51.02874788630348], [-114.09206108799634, 51.0287540766357], [-114.09206110698716, 51.0287540887022], [-114.0920706971442, 51.028760191374715], [-114.09207071671779, 51.0287602038498], [-114.09208013964431, 51.02876621886265], [-114.0920801598277, 51.02876623176727], [-114.09208941552362, 51.02877215912052], [-114.09208943634547, 51.028772172477105], [-114.09209852481064, 51.02877801217076], [-114.0920985463015, 51.028778026003316], [-114.09210746753581, 51.02878377803746], [-114.09210748972814, 51.028783792371655], [-114.09211624373148, 51.02878945674629], [-114.09211626665983, 51.028789471609755], [-114.09212485343208, 51.02879504832492], [-114.09212487713333, 51.02879506374725], [-114.09213329667439, 51.028800552803006], [-114.09213332118784, 51.028800568816074], [-114.09214157349763, 51.028805970212424], [-114.09214159886531, 51.02880598685055], [-114.09214968394367, 51.028811300587556], [-114.09214971021052, 51.028811317887715], [-114.0921576280574, 51.028816543965405], [-114.09215765527146, 51.02881656196757], [-114.09216540588673, 51.02882170038598], [-114.09216543409956, 51.02882171913333], [-114.092173012945, 51.02882676686998], [-114.0921803080459, 51.02883161841194], [-114.0921873235507, 51.028836276524665], [-114.09219405934822, 51.02884074113733], [-114.0922005152943, 51.02884501215792], [-114.09220669127664, 51.02884908951662], [-114.09221258709225, 51.02885297308482], [-114.09221820254271, 51.02885666273873], [-114.09222353734883, 51.028860158303694], [-114.09222859120912, 51.02886345959352], [-114.09223336369931, 51.028866566345926], [-114.0922378543142, 51.028869478252034], [-114.09224206239175, 51.028872194909546], [-114.09224598705539, 51.028874715790266], [-114.09224962714771, 51.02887704020437], [-114.09225298107722, 51.02887916721403], [-114.09225607767712, 51.02888111506314], [-114.09225758440793, 51.02888219253951], [-114.09226051268979, 51.02888457813278], [-114.09226160547571, 51.02888557517925], [-114.09226433969182, 51.02888838232063], [-114.0922651186225, 51.02888926944422], [-114.0922676587729, 51.028892498133736], [-114.092268210483, 51.02889327136871], [-114.09227055656768, 51.028896921606375], [-114.0922709472502, 51.028897589493525], [-114.09227309926916, 51.02890166127936], [-114.09227337658403, 51.0289022369133], [-114.09227533453728, 51.02890673024731], [-114.09227553189831, 51.02890722725669], [-114.09227729578583, 51.02891214213891], [-114.09227743640908, 51.028912572971855], [-114.09227900623084, 51.02891790940225], [-114.09227910625802, 51.02891828477831], [-114.09228048201403, 51.02892404275691], [-114.09228055273526, 51.02892437164588], [-114.09228173442543, 51.02893055117271], [-114.09228178380613, 51.02893084097891], [-114.09228277143043, 51.02893744205397], [-114.09228280514623, 51.02893769885688], [-114.0922835987046, 51.02894472148016], [-114.09228362084121, 51.0289449502685], [-114.09228422033358, 51.02895239444002], [-114.09228423386197, 51.02895259931621], [-114.09228463928825, 51.02896046503595], [-114.09228464638966, 51.028960649386434], [-114.09228485774976, 51.02896893665441], [-114.09228486004, 51.02896910328765], [-114.09228487733384, 51.02897781210385], [-114.09228487734083, 51.028977836114905], [-114.09228486581509, 51.028986053326356], [-114.09228486572543, 51.02898608039302], [-114.09228482538009, 51.028993805999725], [-114.09228482515284, 51.028993836744334], [-114.09228475598792, 51.0290010707463], [-114.09228475556357, 51.029001105972355], [-114.09228465757901, 51.029007848369574], [-114.09228465686937, 51.0290078891326], [-114.09228453006521, 51.02901413992509], [-114.09228452893657, 51.02901418763985], [-114.0922843733128, 51.029019946827596], [-114.09228437155694, 51.029020003434816], [-114.09228418711353, 51.029025271017815], [-114.09228418439547, 51.029025339252996], [-114.09228397113242, 51.02903011523129], [-114.0922839668917, 51.02903019907683], [-114.09228372480901, 51.029034483450374], [-114.09228371806188, 51.02903458893459], [-114.09228344715955, 51.0290383817034], [-114.09228343607248, 51.02903851840121], [-114.09228313635052, 51.029041819565286], [-114.09228311723322, 51.029042003636825], [-114.09228278869162, 51.02904481319618], [-114.09228275332175, 51.0290450741601], [-114.0922823959605, 51.02904739211471], [-114.09228232324934, 51.029047789983984], [-114.09228193706845, 51.02904961633387], [-114.09228176045298, 51.029050293188945], [-114.09228134545248, 51.02905162793411], [-114.09228077099345, 51.02905300600923], [-114.09228036315854, 51.02905378078736], [-114.09228001814039, 51.029054465463645], [-114.09227970149848, 51.02905512450099], [-114.09227941297159, 51.029055757284205], [-114.0922791522356, 51.029056363148214], [-114.09227891889297, 51.02905694137186], [-114.09227871245776, 51.02905749117651], [-114.09227853233918, 51.02905801172301], [-114.09227837782208, 51.02905850210975], [-114.09227824804405, 51.029058961372876], [-114.09227814196905, 51.02905938848803], [-114.09227805835745, 51.02905978237396], [-114.09227799573193, 51.029060141901454], [-114.09227795233984, 51.02906046590592], [-114.0922779261124, 51.029060753206934], [-114.09227791462202, 51.02906100263632], [-114.09227793186776, 51.02906968786416], [-114.09227794742455, 51.029069705253434], [-114.09227807996713, 51.02906983861232], [-114.09227826423272, 51.029070007175605], [-114.09227850498725, 51.02907020907567], [-114.09227880609227, 51.02907044217419], [-114.0922791705825, 51.029070704195405], [-114.09227960076463, 51.02907099282911], [-114.09230139970177, 51.02908470490626], [-114.09230168270143, 51.0290848667351], [-114.09230194928983, 51.02908500482669], [-114.09230220206143, 51.02908512292739], [-114.09230244473792, 51.02908522467234], [-114.09230268211279, 51.02908531342313], [-114.09230291992503, 51.02908539211236], [-114.09230316465835, 51.02908546310697], [-114.09230342329094, 51.02908552810788], [-114.09230370300806, 51.029085588092116], [-114.0923040109142, 51.029085643305265], [-114.09230435376139, 51.02908569329904], [-114.09230473772551, 51.02908573700921], [-114.0923051682335, 51.02908577286044], [-114.0923056498584, 51.029085798887095], [-114.09230618627497, 51.02908581285694], [-114.0923071437845, 51.029085812100654], [-114.09230832918661, 51.029085836052964], [-114.092309582243, 51.029085887737594], [-114.09231091715958, 51.02908597473407], [-114.09231208679047, 51.02908607915893], [-114.09231357398544, 51.02908625281587], [-114.09231466019085, 51.02908640998098], [-114.09231628892502, 51.029086697579174], [-114.092317291705, 51.02908690748453], [-114.09231903132645, 51.02908733668407], [-114.09231995068097, 51.029087599329685], [-114.0923217461829, 51.02908819206193], [-114.09232258211198, 51.02908850744779], [-114.09232435571658, 51.02908927175739], [-114.09232510822021, 51.029089639883516], [-114.09232677025504, 51.02909056277886], [-114.09232743933323, 51.02909098364525], [-114.09232890700714, 51.029092029412546], [-114.0923294926599, 51.029092503019214], [-114.09233070913119, 51.02909361953985], [-114.0923312113585, 51.02909414588679], [-114.09233215580065, 51.02909527664583], [-114.09233257460252, 51.029095855733054], [-114.09233325957766, 51.02909695166361], [-114.09233359495407, 51.02909758349112], [-114.09233405510264, 51.02909860985093], [-114.09233430705359, 51.02909929441871], [-114.09233458616168, 51.02910023180933], [-114.09233475468716, 51.02910096911741], [-114.09233489598917, 51.029101810698364], [-114.09233498108917, 51.029102600746725], [-114.09233502204229, 51.02910334820176], [-114.09233502324199, 51.02910395200956], [-114.09233504673908, 51.02910429023905], [-114.09233508921834, 51.029104593886764], [-114.09233514714913, 51.02910486527535], [-114.09233521742587, 51.02910510729372], [-114.0923352975641, 51.02910532336824], [-114.09233538589145, 51.02910551739552], [-114.09233548171416, 51.02910569363499], [-114.09233558543926, 51.02910585656586], [-114.09233569863446, 51.02910601071708], [-114.09233582401401, 51.029106160484226], [-114.09233596534818, 51.0291063099507], [-114.09233612730137, 51.029106462727626], [-114.09233631521651, 51.02910662182962], [-114.09233653486751, 51.02910678959444], [-114.09233679220162, 51.02910696764867], [-114.09236468002064, 51.02912450974186], [-114.09236493728446, 51.02912457439852], [-114.0923658163099, 51.029124755643096], [-114.09236702889359, 51.029124961279244], [-114.09236855295624, 51.02912517358813], [-114.09237036925435, 51.029125380352866], [-114.09237246164201, 51.02912557311068], [-114.0923748168175, 51.029125745950424], [-114.09237742390178, 51.02912589470118], [-114.09238027401568, 51.02912601638856], [-114.09238335989521, 51.029126108868454], [-114.09238667557935, 51.0291261705796], [-114.0923902161486, 51.02912620037406], [-114.09239403049912, 51.02912619735849], [-114.09239770794785, 51.02912617752379], [-114.09240117530459, 51.029126141142825], [-114.09240442993949, 51.029126088509834], [-114.0924074686014, 51.029126020028826], [-114.09241028720199, 51.029125936262474], [-114.09241288054989, 51.02912583800629], [-114.09241524195474, 51.029125726405034], [-114.09241736267015, 51.02912560313873], [-114.09241923106931, 51.02912547072986], [-114.09242083142259, 51.02912533306449], [-114.09242214205383, 51.02912519630802], [-114.09242313253225, 51.02912507057366], [-114.09242314226908, 51.02912506905945], [-114.09242367763058, 51.02912480238471], [-114.09242561638371, 51.02912376866536], [-114.09242816061196, 51.02912235322331], [-114.09243124967816, 51.029120583941285], [-114.09243485499498, 51.02911847478765], [-114.09243896132466, 51.02911603353922], [-114.09244355979537, 51.02911326487541], [-114.09244864489462, 51.02911017177931], [-114.09245421301262, 51.02910675624516], [-114.0924602616955, 51.02910301965145], [-114.09246678919676, 51.02909896299396], [-114.09247379427214, 51.02909458698968], [-114.09248127597306, 51.02908989219184], [-114.0924892335946, 51.02908487901459], [-114.09249753982876, 51.02907962791863], [-114.09250541621354, 51.02907442762643], [-114.09251298492579, 51.02906920157071], [-114.09252024663165, 51.02906395002294], [-114.09252720206881, 51.0290586732252], [-114.09253385204686, 51.02905337138324], [-114.09254019744523, 51.02904804465993], [-114.09254623921125, 51.02904269316714], [-114.09255197835606, 51.02903731695755], [-114.09255741594612, 51.02903191601887], [-114.09256255309676, 51.02902649026434], [-114.09256739095916, 51.029021039528175], [-114.09257193070827, 51.029015563558836], [-114.09257617352732, 51.029010062014855], [-114.09258012059057, 51.02900453446213], [-114.09258377304525, 51.028998980372606], [-114.09258722916378, 51.02899323766379], [-114.09258730475581, 51.02899311425437], [-114.09259088510443, 51.02898736991099], [-114.09259096668086, 51.02898724136099], [-114.09259457518674, 51.02898165501829], [-114.09259466331511, 51.028981521066996], [-114.09259829997829, 51.028976092725], [-114.0925983952871, 51.02897595310221], [-114.09260206010757, 51.02897068276091], [-114.09260216329307, 51.02897053718795], [-114.09260585627088, 51.028965424847335], [-114.09260596810458, 51.02896527303879], [-114.09260968923977, 51.02896031869886], [-114.09260981057662, 51.028960160364804], [-114.09261355986918, 51.02895536402556], [-114.09261369165631, 51.0289551988747], [-114.0926174691063, 51.02895056053613], [-114.09261761239249, 51.0289503882799], [-114.09262141799994, 51.02894590794201], [-114.09262157394554, 51.02894572829984], [-114.09262540771044, 51.02894140596261], [-114.09262557759757, 51.028941218668734], [-114.09262943952, 51.02893705433218], [-114.09262962476288, 51.02893685914428], [-114.09263351484284, 51.028932852808396], [-114.09263371699765, 51.02893264951824], [-114.09263763523519, 51.02892880118303], [-114.09263785600902, 51.02892858962987], [-114.09264180240416, 51.02892489929531], [-114.09264204366221, 51.02892467938196], [-114.09264601821499, 51.02892114704806], [-114.0926462819848, 51.02892091876048], [-114.09265018479238, 51.028917628646546], [-114.09265417099434, 51.028914133704774], [-114.09265834896767, 51.02891034045722], [-114.09266271400399, 51.02890625143449], [-114.09266726246214, 51.02890186871831], [-114.09267199149127, 51.028897194029106], [-114.0926768988302, 51.028892228799364], [-114.09268198266629, 51.02888697422853], [-114.09268724153193, 51.02888143132639], [-114.09269267422742, 51.02887560094857], [-114.09269827976192, 51.028869483825716], [-114.09270405731552, 51.028863080579725], [-114.09271000619725, 51.02885639175082], [-114.0927161258272, 51.02884941780347], [-114.09272241571341, 51.02884215914111], [-114.09272887543413, 51.02883461611795], [-114.09273551293516, 51.02882677923553], [-114.09274182567243, 51.028819283696244], [-114.09274780297153, 51.028812142147416], [-114.09275344452097, 51.02880535501552], [-114.0927587499417, 51.02879892282724], [-114.09276371876828, 51.02879284624031], [-114.09276835042172, 51.028787126088424], [-114.09277264417727, 51.02878176343878], [-114.09277659910819, 51.02877675968993], [-114.09278021402056, 51.02877211669858], [-114.09278348734397, 51.02876783699313], [-114.09278641697719, 51.02876392410205], [-114.09278900005076, 51.02876038309989], [-114.0927912325553, 51.02875722155455], [-114.09279310875338, 51.02875445125776], [-114.09279462023856, 51.028752091618024], [-114.0927957341195, 51.02875021129699], [-114.09279675585738, 51.0287482269236], [-114.09279774275878, 51.02874602333019], [-114.09279868411849, 51.02874360529259], [-114.09279957165924, 51.02874097726036], [-114.09280039898002, 51.02873814325857], [-114.09280116111977, 51.02873510686491], [-114.0928018542203, 51.02873187122435], [-114.092802475268, 51.0287284390854], [-114.09280302189802, 51.02872481284123], [-114.09280349224534, 51.02872099457332], [-114.09280388483181, 51.028716986092064], [-114.09280419848012, 51.028712788973635], [-114.09280443224813, 51.02870840459229], [-114.09280458537843, 51.02870383414902], [-114.09280465725946, 51.02869907869556], [-114.0928046472825, 51.028694082593915], [-114.09280465923722, 51.028693656652095], [-114.09280495534354, 51.028688564560525], [-114.09280499206497, 51.028688146218094], [-114.09280559437552, 51.028683018767104], [-114.09280565440046, 51.02868260951795], [-114.09280656291513, 51.02867744670753], [-114.09280664458558, 51.02867704784967], [-114.09280785930427, 51.02867184967982], [-114.09280796082129, 51.02867146230559], [-114.09280948174388, 51.028666228776295], [-114.09280960122, 51.02866585377022], [-114.0928114283464, 51.028660584881465], [-114.0928115638544, 51.02866022292477], [-114.09281369718447, 51.028654918676544], [-114.09281384680087, 51.028654570257366], [-114.0928162863345, 51.02864923064965], [-114.09281644817669, 51.02864889607721], [-114.09281919391374, 51.02864352110998], [-114.0928193661702, 51.02864320053189], [-114.0928224181106, 51.02863779020514], [-114.09282259906438, 51.0286374836264], [-114.09282595720798, 51.02863203794008], [-114.09282614525362, 51.028631745242556], [-114.09282980960032, 51.02862626419665], [-114.09283000325495, 51.02862598515861], [-114.0928339738046, 51.0286204687531], [-114.09283417171389, 51.028620203067746], [-114.09283844846638, 51.02861465130257], [-114.0928386494062, 51.028614398595245], [-114.09284323236142, 51.02860881147039], [-114.09284343523629, 51.02860857131434], [-114.0928482093606, 51.02860308111719], [-114.09285259959036, 51.02859769420517], [-114.09285671998683, 51.028592280170756], [-114.09286057147766, 51.02858683862235], [-114.09286415496159, 51.02858136909995], [-114.0928674712955, 51.02857587107617], [-114.09287052128056, 51.02857034395979], [-114.09287330564895, 51.028564787100684], [-114.09287582505202, 51.028559199795126], [-114.09287808004888, 51.028553581293714], [-114.09288007109694, 51.02854793081029], [-114.0928817985448, 51.02854224753083], [-114.09288326262681, 51.028536530623995], [-114.09288446346035, 51.028530779252094], [-114.09288540104556, 51.02852499258133], [-114.09288607526763, 51.02851916979263], [-114.09288649576318, 51.02851316936103], [-114.09288687125644, 51.02850736276683], [-114.09288719167769, 51.0285018949176], [-114.0928874570755, 51.02849676683651], [-114.09288766753043, 51.02849197984008], [-114.09288782317482, 51.02848753565055], [-114.09288792422655, 51.02848343656498], [-114.09288797104838, 51.028479685716114], [-114.09288796425626, 51.02847628748871], [-114.09288790492575, 51.02847324821104], [-114.09288779500767, 51.028470577358505], [-114.09288763822106, 51.02846828976847], [-114.09288744213444, 51.02846641000567], [-114.09288722354682, 51.02846498172263], [-114.09288702441044, 51.02846408996353], [-114.09288700495615, 51.028464031619336], [-114.0928866702811, 51.0284636248471], [-114.09288607639753, 51.028462989005426]]]}}], "crs": {"type": "name", "properties": {"name": "urn:ogc:def:crs:EPSG::4617"}}}