{"type": "FeatureCollection", "features": [{"type": "Feature", "properties": {"name": "F1", "length_m": 61.5}, "geometry": {"type": "LineString", "coordinates": [[-114.09162450728435, 51.028852583586456], [-114.09162446576462, 51.028852615571004], [-114.09162177100559, 51.02885261768372], [-114.09161937030335, 51.02885265673108], [-114.09161706466884, 51.02885462225248], [-114.09161331180192, 51.028857239902024], [-114.09160917013551, 51.02885961298149], [-114.0916046795562, 51.02886171863676], [-114.09159988331086, 51.02886353658914], [-114.09159875925386, 51.02886387292256], [-114.09159482758979, 51.02886504933079], [-114.09158956108256, 51.02886624229312], [-114.09158413450862, 51.02886710398723], [-114.09158256151684, 51.02886725238725], [-114.09157860012891, 51.028867626114504], [-114.09157301124266, 51.02886780364657], [-114.09156742167404, 51.028867634873706], [-114.09156474207856, 51.02886738636572], [-114.09156188525375, 51.028867121421264], [-114.09155645530072, 51.02886626823411], [-114.09155118410837, 51.02886508352889], [-114.0915461224413, 51.028863578715], [-114.09154131904641, 51.02886176828469], [-114.09153682018275, 51.028859669673366], [-114.09153266917706, 51.028857303091854], [-114.09152890600576, 51.02885469133168], [-114.09152556691028, 51.02885185954558], [-114.09152268404785, 51.02884883500521], [-114.09152028518194, 51.02884564683857], [-114.09151918095179, 51.02884370830889], [-114.0915156344704, 51.02884371108615], [-114.09151559282478, 51.028843679166755], [-114.09151484997636, 51.0288432118843], [-114.09151403807346, 51.02884279276737], [-114.09151316493558, 51.02884242585258], [-114.09151223897138, 51.02884211467337], [-114.0915112690979, 51.02884186222646], [-114.09151026465649, 51.028841670943294], [-114.09150923531985, 51.02884154266587], [-114.09150819100094, 51.02884147862961], [-114.0915076330043, 51.028841469911725], [-114.0914960423761, 51.028841478986834], [-114.09149492096792, 51.02883675209851], [-114.09149418081759, 51.028827486071044], [-114.0914856455829, 51.02883649134518], [-114.0914823176504, 51.0288393283516], [-114.09147856477708, 51.02884194599684], [-114.09147442310515, 51.028844319071545], [-114.0914699325212, 51.02884642472164], [-114.09146513627219, 51.02884824266849], [-114.09146008054837, 51.02884975540434], [-114.0914548140394, 51.02885094836059], [-114.09144938746475, 51.028851810048444], [-114.09144385308532, 51.02885233216934], [-114.09143826420039, 51.028852509694964], [-114.09143267463409, 51.02885234091565], [-114.0914271382171, 51.028851827456826], [-114.09142170826833, 51.0288509742634], [-114.09141643708114, 51.0288497895521], [-114.09141138804463, 51.028848288485605], [-114.09141137542026, 51.02884828473241], [-114.09140657203196, 51.028846474296465], [-114.09140207317594, 51.02884437567999], [-114.09139792217844, 51.02884200909368], [-114.09139415901596, 51.02883939732916], [-114.09139081992973, 51.028836565539166], [-114.09138793707706, 51.02883354099549], [-114.09138678592079, 51.02883201106568], [-114.0913841133634, 51.02883121651968], [-114.09137930997818, 51.02882940608271], [-114.09137481112495, 51.028827307465114], [-114.09137066013038, 51.02882494087783], [-114.09136689697081, 51.02882232911243], [-114.0913635578875, 51.028819497321685], [-114.09136067503763, 51.02881647277729], [-114.09135827618452, 51.02881328460731], [-114.0913563844304, 51.02880996351559], [-114.09135501799376, 51.02880654148614], [-114.09135419003405, 51.0288030514749], [-114.09135390852487, 51.02879952709268], [-114.09135417617715, 51.02879600228115], [-114.09135499041314, 51.0287925109862], [-114.09135634339118, 51.02878908683091], [-114.09135822208124, 51.0287857627917], [-114.09136060839045, 51.02878257088091], [-114.09136347933719, 51.028779541838325], [-114.09136680727269, 51.02877670483526], [-114.09137056014704, 51.02877408719358], [-114.09137470181801, 51.02877171412254], [-114.09137919239907, 51.02876960847606], [-114.09138398864333, 51.02876779053272], [-114.09138904436072, 51.028766277800145], [-114.09139431086182, 51.02876508484684], [-114.09139973742735, 51.02876422316153], [-114.09140527179677, 51.02876370104273], [-114.09141086067116, 51.02876352351869], [-114.0914164502267, 51.02876369229905], [-114.09142198663307, 51.02876420575839], [-114.09142741657172, 51.028765058951834], [-114.09143268774956, 51.02876624366266], [-114.09143774940237, 51.02876774848149], [-114.09144255278349, 51.028769558916096], [-114.09144705163418, 51.028771657531095], [-114.09145120262788, 51.028774024115684], [-114.09145496578826, 51.02877663587839], [-114.09145830487407, 51.02877946766659], [-114.09146118772797, 51.02878249220854], [-114.09146233888546, 51.02878402213763], [-114.09146501144147, 51.028784816681856], [-114.09146981482542, 51.02878662711532], [-114.09147431367899, 51.02878872572927], [-114.0914784646756, 51.028791092312886], [-114.09148222783891, 51.028793704074715], [-114.09148556692757, 51.02879653586207], [-114.09148844978435, 51.028799560403385], [-114.09149084864566, 51.02880274857071], [-114.09149274040911, 51.02880606966024], [-114.09149410685586, 51.02880949168809], [-114.09149626670262, 51.02881859574184], [-114.09150374612757, 51.02880859127121], [-114.09150769366863, 51.028804426332854], [-114.09151226957016, 51.028800525448], [-114.09151742976368, 51.028796926184214], [-114.09152312455358, 51.028793663204404], [-114.09152929909607, 51.028790767932634], [-114.09153589392689, 51.028788268251965], [-114.0915428455343, 51.028786188235664], [-114.09155008697105, 51.02878454791523], [-114.0915575484977, 51.028783363087946], [-114.09156515825629, 51.02878264516424], [-114.09157284296083, 51.028782401058095], [-114.09158052860364, 51.02878263312038], [-114.09158814116799, 51.02878333911622], [-114.09159560734085, 51.02878451224649], [-114.09160285521955, 51.0287861412134], [-114.09160981500261, 51.02878821032905], [-114.09161641966404, 51.028790699666885], [-114.0916226055974, 51.02879358525325], [-114.09162831322875, 51.02879683929839], [-114.09163348759063, 51.02880043046424], [-114.091638078851, 51.02880432416591], [-114.09164204279345, 51.02880848290499], [-114.09164534124298, 51.02881286663069], [-114.09164794243351, 51.0288174331253], [-114.09164982131402, 51.0288221384111], [-114.09165095978963, 51.02882693717361], [-114.091651346896, 51.028831783198164], [-114.09165097890482, 51.028836629814904], [-114.09164985935983, 51.02884143034823], [-114.09164799904262, 51.028846138566394], [-114.09164561796544, 51.02885035154537], [-114.09163245837576, 51.02885036186438], [-114.09163193377012, 51.02885037039712], [-114.0916308563514, 51.02885043712931], [-114.0916298275232, 51.028850567019404], [-114.09162882383853, 51.02885075987605], [-114.0916278549627, 51.028851013842065], [-114.09162693022748, 51.02885132647139], [-114.09162605853807, 51.028851694753364], [-114.09162524828913, 51.02885211514133], [-114.09162450728435, 51.028852583586456]]}}, {"type": "Feature", "properties": {"name": "F2", "length_m": 31.5}, "geometry": {"type": "LineString", "coordinates": [[-114.09144109204921, 51.028569217359056], [-114.09144626911056, 51.028566251017], [-114.0914518823079, 51.02856361895542], [-114.0914578775832, 51.02856134652235], [-114.09146419719876, 51.0285594556026], [-114.09147078029332, 51.02855796440664], [-114.09147756346826, 51.028556887295515], [-114.09148448139804, 51.02855623464234], [-114.09149146745943, 51.02855601273252], [-114.09149845437304, 51.02855622370314], [-114.09150537485122, 51.02855686552246], [-114.09151216224622, 51.02855793200942], [-114.09151875119184, 51.0285594128932], [-114.09152507823313, 51.02856129391212], [-114.09153108243734, 51.02856355695099], [-114.09153670598072, 51.028566180215535], [-114.09154189470567, 51.02856913844239], [-114.09154659864174, 51.02857240314217], [-114.09155077248775, 51.0285759428743], [-114.09155208488166, 51.028577319772694], [-114.09155033487401, 51.02857999341865], [-114.09154998262376, 51.02858061667663], [-114.0915497289442, 51.02858125870618], [-114.0915495762784, 51.02858191332427], [-114.0915495260966, 51.028582574226526], [-114.09154957888211, 51.02858323504814], [-114.09154973412656, 51.02858388942499], [-114.09154999033487, 51.02858453105513], [-114.09155034503964, 51.028585153759295], [-114.09156261667928, 51.02860377095816], [-114.09156249969566, 51.02860531165612], [-114.09156148192423, 51.02860967577673], [-114.09155979072703, 51.02861395597398], [-114.0915574423911, 51.02861811102713], [-114.09155445953202, 51.028622100920714], [-114.0915508708762, 51.028625887229886], [-114.0915467109843, 51.02862943349034], [-114.09154201991834, 51.02863270554955], [-114.09153684285569, 51.02863567189581], [-114.09153122965448, 51.02863830396146], [-114.09152523437285, 51.028640576398246], [-114.09151891474875, 51.0286424673213], [-114.09151233164377, 51.02864395851994], [-114.09150554845695, 51.028645035633076], [-114.09149863051424, 51.02864568828749], [-114.09149164443939, 51.028645910197746], [-114.09148465751234, 51.02864569922672], [-114.0914777370212, 51.0286450574062], [-114.09147094961426, 51.02864399091726], [-114.09146436065818, 51.0286425100308], [-114.09145803360826, 51.028640629008635], [-114.09145202939766, 51.02863836596604], [-114.0914464058503, 51.02863574269746], [-114.09144121712399, 51.028632784466396], [-114.09143651318915, 51.02862951976237], [-114.09143233934711, 51.02862598002626], [-114.09142873579422, 51.02862219934774], [-114.09142573723464, 51.028618214136905], [-114.09142337254595, 51.02861406277351], [-114.09142166450124, 51.02860978523746], [-114.09142062954977, 51.028605422723885], [-114.09142027765853, 51.02860101724615], [-114.09142061221615, 51.02859661123141], [-114.09142163000054, 51.028592247112016], [-114.09142332120967, 51.028587966916746], [-114.09142566955609, 51.028583811866255], [-114.09142865242379, 51.02857982197593], [-114.091432241086, 51.02857603567048], [-114.09143640098186, 51.02857248941407], [-114.09144109204921, 51.028569217359056]]}}, {"type": "Feature", "properties": {"name": "F3", "length_m": 38.8}, "geometry": {"type": "LineString", "coordinates": [[-114.09163379445954, 51.02814020168532], [-114.09163453729802, 51.02814066896714], [-114.09163534918967, 51.028141088083245], [-114.09163615629382, 51.02814142725296], [-114.09163669613878, 51.028141935380276], [-114.09163736277027, 51.028142446327664], [-114.09163810560872, 51.0281429136094], [-114.09163891750048, 51.02814333272549], [-114.0916397906262, 51.02814369963941], [-114.09164027749067, 51.02814386325672], [-114.09164004334738, 51.02814486726139], [-114.09163784482229, 51.028150431519705], [-114.09163479202496, 51.02815583309123], [-114.09163091435518, 51.02816101995586], [-114.09162624915685, 51.028165942161166], [-114.0916208413582, 51.02817055230352], [-114.09161474303923, 51.028174805984655], [-114.09160801293, 51.0281786622392], [-114.09160071584525, 51.02818208392917], [-114.09159292205992, 51.02818503810174], [-114.09158470663257, 51.02818749630655], [-114.09157614868252, 51.02818943486964], [-114.09156733062773, 51.02819083512153], [-114.09155833739119, 51.028191683576964], [-114.09154925558298, 51.028191972064825], [-114.09154017266621, 51.02819169780683], [-114.09153117611469, 51.02819086344424], [-114.0915223525704, 51.0281894770124], [-114.09151378700919, 51.02818755186352], [-114.09150556192239, 51.02818510653786], [-114.09149775652226, 51.028182164585374], [-114.09149044597928, 51.0281787543387], [-114.09148370069795, 51.028174908640494], [-114.09147758563917, 51.02817066452707], [-114.09147215969422, 51.02816606287163], [-114.09146747511782, 51.02816114799074], [-114.09146357702487, 51.028155967217465], [-114.0914605029559, 51.028150570445575], [-114.09145828251562, 51.028145009649], [-114.09145693708783, 51.0281393383813], [-114.09145647962939, 51.02813361125991], [-114.09145691454555, 51.02812788344016], [-114.09145823764752, 51.02812221008408], [-114.09146043619276, 51.02811664582913], [-114.09146348900781, 51.02811124426209], [-114.09146736669213, 51.02810605740298], [-114.0914720319013, 51.02810113520395], [-114.09147743970664, 51.02809652506843], [-114.09148353802793, 51.0280922713944], [-114.091490268135, 51.02808841514696], [-114.0914975652132, 51.02808499346383], [-114.09150535898782, 51.028082039297566], [-114.09151049123375, 51.028080503637405], [-114.0915113670548, 51.0280808719448], [-114.09151229300386, 51.02808118312409], [-114.09151326286145, 51.02808143557101], [-114.0915142672864, 51.02808162685416], [-114.0915152966063, 51.028081755131595], [-114.09151598934726, 51.02808179761022], [-114.09151607138027, 51.02808186048566], [-114.0915168142166, 51.02808232776824], [-114.09151762610621, 51.028082746885175], [-114.09151849922982, 51.02808311379999], [-114.09151942517897, 51.02808342497922], [-114.09152039503658, 51.02808367742606], [-114.09152090392897, 51.028083774339734], [-114.09152105887348, 51.02808409501395], [-114.09152146159882, 51.02808470599271], [-114.09152195734983, 51.02808528913651], [-114.09152254135226, 51.028085838829405], [-114.09152320798165, 51.028086349777425], [-114.09152395081806, 51.028086817059894], [-114.09152476270783, 51.028087236176795], [-114.0915256358316, 51.02808760309158], [-114.09152656178084, 51.028087914270714], [-114.09152753163868, 51.02808816671755], [-114.09152853606383, 51.02808835800059], [-114.09152956538392, 51.02808848627788], [-114.09153025812499, 51.02808852875641], [-114.09153034015803, 51.02808859163186], [-114.09153108299463, 51.02808905891434], [-114.09153189488445, 51.02808947803117], [-114.09153270198695, 51.02808981720159], [-114.09153324183018, 51.02809032532938], [-114.09153390845981, 51.02809083627738], [-114.0915346512964, 51.02809130355979], [-114.0915354631863, 51.02809172267659], [-114.09153627028886, 51.028092061847], [-114.09153681013215, 51.028092569974774], [-114.09153747676184, 51.02809308092275], [-114.09153821959852, 51.02809354820513], [-114.0915390314885, 51.02809396732192], [-114.0915398385911, 51.02809430649229], [-114.09154037843447, 51.02809481462007], [-114.09154104506423, 51.028095325568], [-114.09154178790097, 51.028095792850365], [-114.09154259979104, 51.02809621196713], [-114.09154347291512, 51.028096578881765], [-114.09154439886466, 51.02809689006077], [-114.09154536872278, 51.02809714250744], [-114.09154637314819, 51.02809733379034], [-114.09154740246854, 51.028097462067464], [-114.09154956512756, 51.0280975946803], [-114.09155465911599, 51.02809774849289], [-114.09156019544453, 51.028098261945786], [-114.09156562530788, 51.02809911513293], [-114.09157089641369, 51.028100299837696], [-114.0915759579984, 51.028101804650774], [-114.09158076131604, 51.02810361507992], [-114.09158526010845, 51.02810571368986], [-114.09158663247094, 51.02810649611621], [-114.09158819124448, 51.028107384821226], [-114.09158941104968, 51.02810808026986], [-114.09159036237675, 51.02810874053066], [-114.09159176033644, 51.028109710773144], [-114.09159317416376, 51.028110692028385], [-114.09159351912383, 51.02811098458277], [-114.09159532975575, 51.02811252014686], [-114.0915961667046, 51.02811322994797], [-114.09159651321013, 51.02811352381299], [-114.09159939603168, 51.02811654835194], [-114.09160179486531, 51.02811973651737], [-114.09160368660879, 51.028123057605505], [-114.09160517295005, 51.02812677991989], [-114.09160681157567, 51.02812762581494], [-114.09160761867933, 51.02812796498481], [-114.09160815852383, 51.02812847311226], [-114.09160882515482, 51.02812898405984], [-114.09160956799278, 51.028129451341755], [-114.09161037988402, 51.028129870458045], [-114.09161118698779, 51.02813020962791], [-114.09161172683235, 51.02813071775536], [-114.09161239346342, 51.028131228702904], [-114.09161313630142, 51.02813169598479], [-114.09161394819277, 51.028132115101066], [-114.09161482131807, 51.02813248201516], [-114.09161574726883, 51.0281327931936], [-114.09161671712808, 51.02813304563968], [-114.09161772155456, 51.02813323692195], [-114.0916187508759, 51.02813336519846], [-114.09161944361772, 51.028133407676464], [-114.09161952565097, 51.02813347055184], [-114.09162026848918, 51.02813393783375], [-114.09162108038058, 51.028134356949955], [-114.09162188748451, 51.02813469611976], [-114.09162242732924, 51.02813520424715], [-114.09162309396048, 51.02813571519463], [-114.09162383679868, 51.02813618247645], [-114.09162464869019, 51.02813660159264], [-114.09162545579417, 51.02813694076242], [-114.09162599563896, 51.0281374488898], [-114.09162666227029, 51.028137959837245], [-114.09162740510854, 51.02813842711905], [-114.09162821700014, 51.02813884623523], [-114.09162909012569, 51.02813921314922], [-114.09163001607666, 51.02813952432755], [-114.09163098593612, 51.0281397767735], [-114.09163199036283, 51.028139968055655], [-114.09163301968435, 51.028140096332024], [-114.09163371242627, 51.02814013880997], [-114.09163379445954, 51.02814020168532]]}}, {"type": "Feature", "properties": {"name": "F4", "length_m": 41.2}, "geometry": {"type": "LineString", "coordinates": [[-114.09168576467383, 51.02895666796169], [-114.09168428569438, 51.02896041106265], [-114.09168240702061, 51.028963735106984], [-114.09168002072423, 51.02896692702426], [-114.09167714978655, 51.028969956074505], [-114.09167382185619, 51.028972793086304], [-114.0916700689829, 51.028975410737644], [-114.0916659273089, 51.02897778381908], [-114.09166143672073, 51.02897988947649], [-114.09165664046547, 51.02898170743115], [-114.09165158473337, 51.02898322017524], [-114.0916463182142, 51.02898441314012], [-114.09164089162752, 51.02898527483684], [-114.09163535723437, 51.028985796966815], [-114.09162976833414, 51.0289859745016], [-114.0916241787511, 51.02898580573146], [-114.0916186423161, 51.02898529228172], [-114.09161321234822, 51.02898443909723], [-114.09160794114104, 51.028983254394596], [-114.09160287945934, 51.028981749583224], [-114.09160150811421, 51.028981232716724], [-114.09159594556674, 51.028979982534715], [-114.09159477075245, 51.028979633268456], [-114.09159376886784, 51.02897954035328], [-114.09158833890106, 51.02897868716763], [-114.09158306769515, 51.02897750246389], [-114.09157800601479, 51.028975997651386], [-114.0915732026071, 51.02897418722247], [-114.0915696366255, 51.02897252378371], [-114.09156496663799, 51.028971135418765], [-114.09156016323139, 51.02896932498935], [-114.09155707530832, 51.02896788455191], [-114.09155580535925, 51.0289675991304], [-114.09155074368083, 51.02896609431671], [-114.09154594027517, 51.02896428388665], [-114.09154144140138, 51.028962185275525], [-114.09153729038627, 51.02895981869423], [-114.09153352720641, 51.02895720693428], [-114.09153018810325, 51.02895437514836], [-114.09152730523417, 51.02895135060816], [-114.09152490636265, 51.02894816244169], [-114.09152301459112, 51.028944841352754], [-114.09152164813824, 51.02894141932532], [-114.09152082016361, 51.02893792931537], [-114.09152053864095, 51.02893440493362], [-114.09152080628134, 51.028930880121806], [-114.09152162050717, 51.02892738882578], [-114.09152297347686, 51.02892396466866], [-114.09152485216043, 51.02892064062684], [-114.0915272384651, 51.02891744871272], [-114.0915301094093, 51.02891441966611], [-114.09153343734427, 51.02891158265838], [-114.09153719022011, 51.02890896501139], [-114.09154133189458, 51.02890659193449], [-114.09154582248111, 51.02890448628167], [-114.09155061873274, 51.02890266833153], [-114.09155567445937, 51.02890115559179], [-114.09156094097145, 51.02889996263099], [-114.09156636754965, 51.02889910093796], [-114.09157190193325, 51.02889857881126], [-114.0915774908232, 51.02889840127925], [-114.09158308039555, 51.02889857005162], [-114.09158861681982, 51.028899083503056], [-114.09159404677729, 51.02889993668872], [-114.09159931797467, 51.028901121392], [-114.09160437964758, 51.02890262620358], [-114.091609183049, 51.02890443663123], [-114.09161227096946, 51.028905877067274], [-114.09161354091724, 51.028906162488205], [-114.09161733734929, 51.028907291149025], [-114.0916221349232, 51.02890222935814], [-114.09162546285171, 51.028899392347746], [-114.09162921572141, 51.02889677469779], [-114.0916325041516, 51.02889489050353], [-114.09163335739007, 51.028894401617634], [-114.0916362179719, 51.02889306027631], [-114.09163784797116, 51.02889229596132], [-114.09163964053005, 51.02889161651562], [-114.09164177234088, 51.0288908084809], [-114.09164264421807, 51.028890478007355], [-114.09164769994032, 51.02888896526363], [-114.09164951122912, 51.028888554972085], [-114.09165296644863, 51.02888777229871], [-114.09165388050891, 51.02888762715315], [-114.0916583930237, 51.0288869106014], [-114.09166392740481, 51.02888638847034], [-114.09166690481126, 51.028886293890174], [-114.09166951629294, 51.02888621093392], [-114.09167212809379, 51.02888628979302], [-114.09167510586416, 51.02888637970191], [-114.091680642288, 51.02888689314898], [-114.09168607224571, 51.028887746330355], [-114.09169134344405, 51.028888931029485], [-114.09169640511858, 51.02889043583709], [-114.09170120852245, 51.028892246260995], [-114.0917057073967, 51.02889434486598], [-114.09170985841452, 51.02889671144132], [-114.09171362159937, 51.02889932319564], [-114.09171696070973, 51.02890215497634], [-114.09171984358812, 51.028905179511874], [-114.09172224247078, 51.028908367674376], [-114.09172413425505, 51.0289116887601], [-114.09172550072195, 51.02891511078516], [-114.09172632871154, 51.028918600793666], [-114.09172661024971, 51.028922125174915], [-114.09172634262497, 51.0289256499872], [-114.09172552841456, 51.02892914128464], [-114.09172417545966, 51.028932565444116], [-114.09172229678985, 51.028935889489105], [-114.09171991049764, 51.028939081407216], [-114.09171703956429, 51.028942110458445], [-114.09171371163836, 51.028944947471395], [-114.09170995876957, 51.02894756512403], [-114.09170581710008, 51.02894993820688], [-114.09170132651641, 51.028952043865836], [-114.09169653026558, 51.028953861822146], [-114.0916914745378, 51.02895537456797], [-114.09168576467383, 51.02895666796169]]}}, {"type": "Feature", "properties": {"name": "F5", "length_m": 31.9}, "geometry": {"type": "LineString", "coordinates": [[-114.09172242510579, 51.02829577239942], [-114.09172724868272, 51.02829912013762], [-114.09173058775073, 51.028301951918245], [-114.0917334705927, 51.02830497645379], [-114.09173586944526, 51.02830816461634], [-114.09173776120603, 51.0283114857022], [-114.09173912765623, 51.02831490772746], [-114.0917399556361, 51.02831839773624], [-114.0917402371716, 51.02832192211783], [-114.09173996955128, 51.02832544693051], [-114.09173915535237, 51.0283289382284], [-114.09173780241588, 51.028332362388376], [-114.09173592377127, 51.028335686433905], [-114.09173353751076, 51.028338878352606], [-114.09173066661532, 51.028341907404474], [-114.09172733873315, 51.028344744418085], [-114.09172358591356, 51.028347362071386], [-114.0917194442982, 51.028349735154954], [-114.09171495377312, 51.02835184081461], [-114.09171015758474, 51.02835365877163], [-114.09170510192268, 51.02835517151818], [-114.09169983547604, 51.028356364485546], [-114.09169440896368, 51.02835722618482], [-114.09168887464593, 51.02835774831734], [-114.09168328582142, 51.028357925854664], [-114.09167769631372, 51.02835775708702], [-114.09167215995298, 51.02835724363974], [-114.09166673005751, 51.02835639045759], [-114.0916614589202, 51.028355205757215], [-114.09165639730513, 51.028353700947925], [-114.09165159395867, 51.02835189052198], [-114.09164709513944, 51.02834979191468], [-114.0916429441737, 51.02834742533687], [-114.09163918103754, 51.028344813580006], [-114.09163584197199, 51.028341981796785], [-114.09163295913407, 51.02833895725887], [-114.09163056028699, 51.0283357690942], [-114.09162866853288, 51.02833244800663], [-114.09162730209029, 51.02832902598007], [-114.0916264741187, 51.028325535970495], [-114.09162619259179, 51.02832201158864], [-114.09162628789142, 51.028320756443115], [-114.0916214643195, 51.02831740870075], [-114.09161812525701, 51.028314576917005], [-114.09161524242194, 51.02831155237863], [-114.09161284357748, 51.028308364213586], [-114.09161095182577, 51.028305043125705], [-114.09160958538529, 51.02830162109893], [-114.09160875741551, 51.02829813108921], [-114.09160847589013, 51.028294606707306], [-114.09160874352024, 51.02829108189489], [-114.0916095577283, 51.028287590597884], [-114.09161091067294, 51.028284166439356], [-114.09161278932442, 51.028280842395795], [-114.09161517559025, 51.02827765047953], [-114.09161804648926, 51.02827462143046], [-114.09162137437306, 51.02827178441994], [-114.09162512719234, 51.02826916676988], [-114.09162926880533, 51.02826679368963], [-114.0916337593261, 51.02826468803323], [-114.0916385555083, 51.028262870079324], [-114.09164361116248, 51.02826135733563], [-114.09164887759981, 51.02826016437079], [-114.09165430410168, 51.02825930267362], [-114.09165983840812, 51.02825878054274], [-114.09166542722078, 51.028258603006535], [-114.0916710167165, 51.02825877177477], [-114.09167655306551, 51.02825928522213], [-114.09168198294981, 51.02826013840383], [-114.09168725407685, 51.02826132310331], [-114.09169231568286, 51.02826282791129], [-114.09169711902169, 51.028264638335585], [-114.09170161783493, 51.028266736941], [-114.09170576879646, 51.02826910351677], [-114.0917095319302, 51.028271715271515], [-114.09171287099518, 51.02827454705267], [-114.09171575383431, 51.028277571588646], [-114.09171815268424, 51.02828075975158], [-114.09172004444261, 51.02828408083774], [-114.09172141089071, 51.02828750286324], [-114.09172223886874, 51.02829099287215], [-114.09172252040274, 51.02829451725381], [-114.09172242510579, 51.02829577239942]]}}, {"type": "Feature", "properties": {"name": "F6", "length_m": 25.1}, "geometry": {"type": "LineString", "coordinates": [[-114.09164324909446, 51.02865386936537], [-114.0916473907408, 51.02865149628462], [-114.09165188129789, 51.02864939062764], [-114.09165667751905, 51.02864757267309], [-114.09166173321448, 51.028646059928704], [-114.09166699969494, 51.02864486696308], [-114.09167242624137, 51.028644005265114], [-114.0916779605934, 51.028643483133386], [-114.09168354945227, 51.02864330559631], [-114.09168913899433, 51.02864347436364], [-114.09169467538938, 51.02864398781009], [-114.09170010531895, 51.028644840990864], [-114.0917053764901, 51.02864602568942], [-114.09171043813862, 51.028647530496485], [-114.09171524151792, 51.02864934091992], [-114.09171974036926, 51.02865143952445], [-114.09172389136609, 51.02865380609941], [-114.09172765453204, 51.028656417853384], [-114.09173099362577, 51.028659249633805], [-114.09173387648998, 51.02866227416914], [-114.09173627536104, 51.02866546233149], [-114.09173816713641, 51.028668783417125], [-114.09173953359719, 51.02867220544217], [-114.09174036158349, 51.02867569545073], [-114.09174064312123, 51.02867921983209], [-114.09174037549892, 51.028682744644556], [-114.09173956129379, 51.02868623594225], [-114.09173820834697, 51.02868966010202], [-114.09173632968798, 51.02869298414737], [-114.09173394340918, 51.02869617606587], [-114.09173107249173, 51.02869920511758], [-114.09172774458403, 51.02870204213104], [-114.09172399173562, 51.02870465978422], [-114.09171985008847, 51.028707032867665], [-114.0917153595289, 51.028709138527226], [-114.09171056330368, 51.02871095648418], [-114.09170550760278, 51.02871246923066], [-114.09170024111567, 51.028713662197994], [-114.09169481456162, 51.02871452389725], [-114.09168928020131, 51.02871504602978], [-114.09168369133386, 51.02871522356714], [-114.09167810178319, 51.028715054799555], [-114.09167256537985, 51.02871454135232], [-114.09166713544262, 51.028713688170285], [-114.09166186426478, 51.02871250347002], [-114.09165680261076, 51.028710998660856], [-114.09165199922735, 51.02870918823506], [-114.09164750037348, 51.028707089627936], [-114.09164334937577, 51.02870472305028], [-114.09163958621063, 51.02870211129362], [-114.09163624711937, 51.028699279510604], [-114.09163336425922, 51.02869625497288], [-114.09163096539363, 51.02869306680843], [-114.09162907362493, 51.028689745721074], [-114.09162770717177, 51.02868632369474], [-114.09162687919374, 51.02868283368539], [-114.09162659766461, 51.028679309303755], [-114.09162686529552, 51.02867578449155], [-114.09162767950893, 51.02867229319462], [-114.09162903246339, 51.028668869036125], [-114.0916309111291, 51.02866554499247], [-114.0916332974134, 51.028662353076044], [-114.09163616833496, 51.02865932402672], [-114.0916394962452, 51.02865648701586], [-114.09164324909446, 51.02865386936537]]}}, {"type": "Feature", "properties": {"name": "F7", "length_m": 52.3}, "geometry": {"type": "LineString", "coordinates": [[-114.09173481441975, 51.028054893071925], [-114.0917524676321, 51.02805433227905], [-114.09175805710356, 51.02805450104313], [-114.09176359342919, 51.0280550144864], [-114.0917690232912, 51.0280558676641], [-114.09177429439727, 51.028057052359706], [-114.09177935598385, 51.028058557163966], [-114.09178415930494, 51.02806036758477], [-114.09178865810233, 51.0280624661869], [-114.09179280905, 51.02806483275967], [-114.09179657217211, 51.02806744451172], [-114.09179991122768, 51.028070276290485], [-114.09180279405979, 51.02807330082443], [-114.09180519290513, 51.028076488985704], [-114.09180708466138, 51.028079810070565], [-114.09180845110986, 51.02808323209516], [-114.09180927909078, 51.02808672210359], [-114.09180956063013, 51.028090246485135], [-114.09180929301638, 51.028093771298124], [-114.09180847882669, 51.028097262596624], [-114.09180712590204, 51.02810068675753], [-114.09180524727172, 51.02810401080432], [-114.09180286102786, 51.028107202724534], [-114.09179999015123, 51.02811023177823], [-114.09179666228987, 51.02811306879391], [-114.09179290949287, 51.02811568644954], [-114.09178876790169, 51.02811805953563], [-114.09178427740211, 51.02812016519804], [-114.09177948124038, 51.02812198315795], [-114.09177751856618, 51.028122570430355], [-114.09177442560578, 51.02812349590752], [-114.09176915918712, 51.028124688878066], [-114.09176373270313, 51.02812555058058], [-114.09175819841371, 51.02812607271639], [-114.09175260961736, 51.028126250257024], [-114.09174702013728, 51.02812608149268], [-114.09174148380336, 51.028125568048644], [-114.0917360539337, 51.02812471486967], [-114.09173078282083, 51.02812353017234], [-114.091727213047, 51.02812246888211], [-114.09172603518117, 51.02812211870373], [-114.09172572122883, 51.028122025366], [-114.09172091790366, 51.02812021494283], [-114.09171641910373, 51.0281181163381], [-114.09171226815516, 51.02811574976265], [-114.09170850503389, 51.028113138007896], [-114.0917051659808, 51.028110306226544], [-114.09170228315276, 51.02810728169021], [-114.09169988431287, 51.02810409352684], [-114.09169799256328, 51.028100772440254], [-114.09169662612243, 51.02809735041437], [-114.09169579814977, 51.02809386040516], [-114.09169551661904, 51.02809033602331], [-114.0916957842414, 51.0280868112106], [-114.09169659843936, 51.02808331991287], [-114.09169795137164, 51.02807989575322], [-114.09169983000868, 51.02807657170815], [-114.09170221625806, 51.02807337979], [-114.09170508713878, 51.028070350738695], [-114.09170841500267, 51.0280675137256], [-114.09171216780055, 51.02806489607266], [-114.09171630939082, 51.02806252298931], [-114.09172768625463, 51.02805718821085], [-114.09170752690065, 51.02805782861229], [-114.091701238745, 51.02805763874995], [-114.0916950103791, 51.02805706112293], [-114.09169392207933, 51.02805689012099], [-114.0916940786223, 51.028056563225874], [-114.09169428203568, 51.02805591411987], [-114.0916943835786, 51.02805525556623], [-114.09169438227315, 51.02805459390723], [-114.09169401597798, 51.02805227815033], [-114.09169096237468, 51.02805179834484], [-114.0916856912714, 51.028050613645505], [-114.09168062968871, 51.02804910883717], [-114.09167582637282, 51.028047298412105], [-114.09167132758198, 51.028045199805625], [-114.09166717664223, 51.028042833228525], [-114.0916634135294, 51.02804022147231], [-114.0916600744843, 51.028037389689615], [-114.09165719166371, 51.028034365152116], [-114.0916547928307, 51.02803117698779], [-114.0916529010873, 51.028027855900426], [-114.09165153465192, 51.02802443387396], [-114.09165070668396, 51.02802094386438], [-114.09165042515708, 51.028017419482396], [-114.09165069278245, 51.02801389466975], [-114.09165102443396, 51.0280124725451], [-114.09164978280253, 51.028011469808206], [-114.09164912613574, 51.028010988108214], [-114.09164857259853, 51.02801061878197], [-114.09164784695881, 51.02801017819154], [-114.09164724076132, 51.02800984335566], [-114.09164685406749, 51.02800963971415], [-114.09164486610729, 51.02800864199066], [-114.09164603652309, 51.028005679769265], [-114.09164814999053, 51.02800194021946], [-114.09165083452073, 51.02799834931271], [-114.09165406426011, 51.027994941631356], [-114.0916578081044, 51.027991749993184], [-114.09166202999835, 51.0279888051354], [-114.0916666892826, 51.027986135418594], [-114.09167174108606, 51.0279837665534], [-114.09167713675684, 51.02798172135337], [-114.09168282433197, 51.027980019514764], [-114.09168874903689, 51.02797867742727], [-114.09169485381372, 51.02797770801584], [-114.09170107987018, 51.027977120616406], [-114.09170736724616, 51.02797692088595], [-114.0917136553909, 51.02797711074798], [-114.09171988374628, 51.02797768837401], [-114.09172599233007, 51.02797864820121], [-114.09173192231326, 51.02797998098593], [-114.09173761658717, 51.02798167389281], [-114.09174302031275, 51.02798371061819], [-114.09174808144944, 51.02798607154742], [-114.09175275125548, 51.02798873394337], [-114.09175698475843, 51.027991672165925], [-114.09176074118716, 51.02799485791836], [-114.09176398436517, 51.0279982605202], [-114.09176668305881, 51.02800184720254], [-114.09176881127811, 51.028005583423756], [-114.09177034852704, 51.028009433201994], [-114.09177128000087, 51.02801335946182], [-114.09177159672888, 51.028017324391236], [-114.09177129566064, 51.028021289805785], [-114.09177037969545, 51.028025217516365], [-114.09176885765439, 51.02802906969694], [-114.09176674419543, 51.028032809248934], [-114.09176405967222, 51.0280364001583], [-114.09176082993802, 51.028039807842674], [-114.09175708609693, 51.028042999484114], [-114.0917528642041, 51.02804594434531], [-114.0917482049188, 51.02804861406551], [-114.09173481441975, 51.028054893071925]]}}, {"type": "Feature", "properties": {"name": "F8", "length_m": 59.5}, "geometry": {"type": "LineString", "coordinates": [[-114.09194232467527, 51.02874393734069], [-114.09194222496964, 51.028743989072346], [-114.09194148396966, 51.02874445751956], [-114.09194081934993, 51.02874496951249], [-114.09194028150681, 51.028745478486194], [-114.09193710137981, 51.028746822080386], [-114.09193972090793, 51.02875142071675], [-114.09194108738598, 51.02875484273939], [-114.09194191538889, 51.02875833274646], [-114.09194219694243, 51.02876185712728], [-114.09194192933494, 51.02876538194015], [-114.09194111514351, 51.02876887323917], [-114.09194098241967, 51.028769209152024], [-114.09193976220915, 51.028772297401254], [-114.09193877117912, 51.028774050913476], [-114.09193788356123, 51.02877562144978], [-114.09193764834856, 51.028775936075114], [-114.09193549729208, 51.02877881337231], [-114.09193521725162, 51.02877910883914], [-114.09193408190497, 51.02878030672766], [-114.09193394716841, 51.02878044888633], [-114.09193262638263, 51.02878184242897], [-114.09193166035453, 51.028782665963135], [-114.09192929848135, 51.02878467944812], [-114.09192890588828, 51.02878495328714], [-114.0919286265615, 51.0287851481214], [-114.0919281020542, 51.028785513972394], [-114.09192568017723, 51.02878720326454], [-114.09192554563761, 51.02878729710775], [-114.09192454278366, 51.028787871725775], [-114.09192179708221, 51.02878944496523], [-114.09192140399344, 51.02878967019828], [-114.0919209827972, 51.02878986770137], [-114.09191706473146, 51.02879170492116], [-114.09191691343497, 51.02879177586558], [-114.09191386099042, 51.02879293286658], [-114.09191211720913, 51.02879359383076], [-114.0919109027859, 51.02879395720754], [-114.09190706150584, 51.02879510658594], [-114.09190673756481, 51.02879517996573], [-114.09190218375309, 51.028796211504506], [-114.0919017950146, 51.028796299562345], [-114.09189636845467, 51.02879716127094], [-114.09189604973731, 51.028797191340445], [-114.09189083408674, 51.02879768341301], [-114.09188524521015, 51.02879786096001], [-114.09187965564882, 51.02879769220207], [-114.09187283403199, 51.028797059577], [-114.09187105308935, 51.0287979836052], [-114.09187031208779, 51.02879845205195], [-114.09187023030186, 51.02879851505592], [-114.09186953772, 51.028798558621475], [-114.0918685088936, 51.02879868851368], [-114.09186750521106, 51.028798881372374], [-114.0918665363376, 51.02879913534036], [-114.09186561160502, 51.02879944797159], [-114.09186473991848, 51.02879981625534], [-114.09186392967266, 51.02880023664495], [-114.09186318867108, 51.02880070509159], [-114.09186252404966, 51.02880121708407], [-114.09186198620505, 51.02880172605742], [-114.09186118043112, 51.02880206649333], [-114.09186037018527, 51.02880248688289], [-114.09185962918352, 51.02880295532958], [-114.09185954739758, 51.02880301833354], [-114.09185885481564, 51.02880306189903], [-114.0918578259891, 51.02880319179117], [-114.09185682230643, 51.028803384649756], [-114.09185585343282, 51.02880363861766], [-114.09185492870006, 51.02880395124879], [-114.09185405701335, 51.028804319532455], [-114.09185324676739, 51.02880473992198], [-114.09185250576553, 51.02880520836862], [-114.09185242397959, 51.028805271372576], [-114.0918517313976, 51.02880531493803], [-114.09185070257098, 51.028805444830084], [-114.09184969888823, 51.028805637688606], [-114.09184873001453, 51.02880589165647], [-114.09184780528169, 51.02880620428754], [-114.09184693359488, 51.02880657257115], [-114.09184612334877, 51.02880699296065], [-114.09184538234692, 51.028807461407176], [-114.09184471772522, 51.02880797339955], [-114.09184417988033, 51.02880848237283], [-114.09184358813685, 51.02880873238165], [-114.0918433741057, 51.028808822808834], [-114.09184256386004, 51.02880924319803], [-114.09184182285799, 51.02880971164462], [-114.09184174107202, 51.028809774648565], [-114.09184104848995, 51.02880981821395], [-114.09184001966321, 51.028809948105916], [-114.09183901598031, 51.02881014096435], [-114.09183804710646, 51.02881039493212], [-114.09183712237348, 51.02881070756312], [-114.09183625068648, 51.02881107584663], [-114.09183544044024, 51.028811496236045], [-114.0918346994381, 51.02881196468257], [-114.09183461765213, 51.02881202768651], [-114.09183392507002, 51.02881207125185], [-114.0918328962432, 51.02881220114377], [-114.09183189256022, 51.028812394002145], [-114.0918309236863, 51.028812647969836], [-114.0918299989532, 51.028812960600774], [-114.09182912726611, 51.02881332888426], [-114.09182831701973, 51.02881374927361], [-114.0918275760176, 51.028814217720026], [-114.0918269113956, 51.028814729712316], [-114.09182637355042, 51.028815238685496], [-114.091825567776, 51.02881557912116], [-114.09182475752961, 51.02881599951048], [-114.09182401652728, 51.02881646795694], [-114.09182393474127, 51.02881653096087], [-114.09182324215908, 51.028816574526154], [-114.09182221333215, 51.02881670441797], [-114.09182120964903, 51.02881689727625], [-114.09182024077495, 51.02881715124385], [-114.0918193160417, 51.02881746387472], [-114.09181844435444, 51.02881783215811], [-114.09181763410791, 51.02881825254739], [-114.09181689310549, 51.0288187209938], [-114.09181681131948, 51.028818783997735], [-114.09181611873726, 51.02881882756297], [-114.09181508991024, 51.028818957454725], [-114.09181408622703, 51.028819150312934], [-114.09181311735287, 51.02881940428048], [-114.09181219261953, 51.02881971691129], [-114.09181132093218, 51.02882008519463], [-114.09181051068552, 51.02882050558387], [-114.09180976968308, 51.028820974030175], [-114.09180910506079, 51.02882148602236], [-114.09180856721534, 51.028821994995454], [-114.09180776144068, 51.028822335430995], [-114.091806951194, 51.028822755820194], [-114.0918062101914, 51.02882322426654], [-114.09180612840535, 51.02882328727046], [-114.09180543582303, 51.028823330835635], [-114.09180440699595, 51.02882346072728], [-114.09180206122194, 51.02882391146863], [-114.09179845647641, 51.02882771476609], [-114.09179512856362, 51.028830551781425], [-114.09179137570864, 51.028833169436716], [-114.09178723405348, 51.02883554252249], [-114.09178274348457, 51.028837648184606], [-114.09177794724873, 51.028839466144284], [-114.09177289153605, 51.02884097889366], [-114.09176762503613, 51.02884217186402], [-114.09176219846832, 51.028843033566396], [-114.09175666409347, 51.0288435557021], [-114.09175107521081, 51.02884373324269], [-114.09174548564445, 51.028843564478336], [-114.09173994922506, 51.02884305103433], [-114.09173451927161, 51.02884219785544], [-114.09173050293992, 51.02884129518773], [-114.09172510290702, 51.02884129942624], [-114.0917245783015, 51.0288413079594], [-114.09172350088312, 51.028841374692426], [-114.09172247205538, 51.02884150458335], [-114.09172146837129, 51.02884169744078], [-114.09172049949615, 51.02884195140757], [-114.09171957476173, 51.02884226403763], [-114.09171870307323, 51.02884263232029], [-114.09171789282532, 51.02884305270889], [-114.09171715182158, 51.02884352115461], [-114.09171711030194, 51.028843553139204], [-114.09169659587792, 51.02884356923736], [-114.09169607127237, 51.028843577770395], [-114.09169499385389, 51.02884364450316], [-114.09169396502604, 51.02884377439384], [-114.09169296134178, 51.02884396725102], [-114.09169199246644, 51.02884422121757], [-114.09169106773177, 51.02884453384742], [-114.091690196043, 51.028844902129855], [-114.09168938579478, 51.02884532251827], [-114.09168864479075, 51.02884579096381], [-114.09168860327107, 51.028845822948384], [-114.09168078689841, 51.0288458290806], [-114.09167944850532, 51.02884490019694], [-114.09167402246159, 51.02884029855146], [-114.09166933779579, 51.028835383679265], [-114.0916654396237, 51.02883020291338], [-114.0916623654866, 51.02882480614745], [-114.09166014498986, 51.028819245355386], [-114.0916587995178, 51.0288135740907], [-114.09165834202773, 51.028807846970786], [-114.09165877692521, 51.028802119150946], [-114.09166010002163, 51.02879644579325], [-114.09166229857449, 51.02879088153514], [-114.09166535141027, 51.02878547996345], [-114.09166922912821, 51.02878029309822], [-114.09167389438358, 51.02877537089167], [-114.09167930224724, 51.02877076074732], [-114.09168540063844, 51.0287665070632], [-114.09169213082632, 51.02876265080456], [-114.09169942799544, 51.02875922910918], [-114.09170722187024, 51.028756274929755], [-114.09171543739158, 51.02875381671652], [-114.09172399543972, 51.02875187814337], [-114.09173281359621, 51.028750477879754], [-114.09174180693766, 51.02874962941091], [-114.09175088885364, 51.02874934090806], [-114.09175997188062, 51.028749615149586], [-114.0917689685444, 51.028750449494446], [-114.09177779220256, 51.02875183590744], [-114.09178635787872, 51.02875376103674], [-114.09179979113536, 51.02875775466667], [-114.0918012625989, 51.028751445029535], [-114.09180329201479, 51.028746308788804], [-114.09180610999924, 51.02874132271922], [-114.09180968941331, 51.028736534839275], [-114.09181399578513, 51.02873199125882], [-114.09181898764184, 51.028727735734925], [-114.09182461690902, 51.02872380925057], [-114.09182840209539, 51.02872164040686], [-114.09182870579762, 51.02872174152529], [-114.09182965294929, 51.028722020441236], [-114.09183042706239, 51.02872221994889], [-114.09183141287838, 51.028722439205396], [-114.09183221418648, 51.02872259008907], [-114.09183322924429, 51.028722747590464], [-114.09183405008756, 51.028722848407845], [-114.09183508468354, 51.02872294264845], [-114.09183591721603, 51.02872299243589], [-114.09183696146094, 51.0287230225149], [-114.09183779772374, 51.02872302079646], [-114.0918388416361, 51.02872298642638], [-114.0918396736359, 51.028722933218475], [-114.09184070723624, 51.02872283472783], [-114.09184152702015, 51.02872273053907], [-114.09184254042881, 51.02872256886927], [-114.09184334015987, 51.0287224146957], [-114.09184432368954, 51.02872219139217], [-114.09184509572387, 51.0287219887074], [-114.09184603997303, 51.028721705904694], [-114.09184677693034, 51.02872145664633], [-114.09184723148762, 51.0287212937558], [-114.09184950256073, 51.0287204329269], [-114.09185014937047, 51.028720214254854], [-114.09185611998426, 51.02871842774302], [-114.09185679766854, 51.02871825010337], [-114.09186301721391, 51.028716841239465], [-114.09186371924629, 51.028716706342976], [-114.09187012782675, 51.028715688694874], [-114.09187084744538, 51.02871559784082], [-114.09187738334222, 51.02871498120914], [-114.09187811361798, 51.028714935272376], [-114.09188471388744, 51.02871472559553], [-114.09188544778664, 51.028714725018496], [-114.09189204886471, 51.02871492431579], [-114.09189277931983, 51.02871496910406], [-114.09189931763473, 51.028715575456154], [-114.09190003761039, 51.028715665178304], [-114.09190645019501, 51.02871667274578], [-114.09190715275864, 51.02871680653791], [-114.09191337785578, 51.028718205617196], [-114.09191405624036, 51.02871838219066], [-114.09192003389994, 51.02872015930813], [-114.09192068157276, 51.028720376962504], [-114.0919208719676, 51.02872044872293], [-114.09192133604661, 51.02872061387996], [-114.0919220885505, 51.02872086630181], [-114.09192305294198, 51.028721151882785], [-114.09192384154848, 51.028721355823095], [-114.09192484622346, 51.02872157945935], [-114.09192566310159, 51.02872173289292], [-114.09192669808404, 51.028721892363855], [-114.09192753512144, 51.02872199376698], [-114.09192859013378, 51.028722087488994], [-114.09192943901974, 51.028722135854856], [-114.09193050358553, 51.028722162897274], [-114.09193135588991, 51.02872215774557], [-114.09193241943814, 51.02872211783985], [-114.09193326669774, 51.02872205922172], [-114.0919343186676, 51.02872195276411], [-114.09193515246879, 51.028721841261685], [-114.09193618241375, 51.02872166930938], [-114.0919369944775, 51.02872150602982], [-114.09193799217076, 51.028721270290156], [-114.09193877443253, 51.02872105685496], [-114.0919397299664, 51.02872075966898], [-114.09194014356294, 51.0287206144497], [-114.09194558049779, 51.02872371414294], [-114.09195122527403, 51.02872763176308], [-114.09195623394294, 51.02873187942407], [-114.0919568575017, 51.028732533620556], [-114.09195645843636, 51.02873274067326], [-114.09195571743679, 51.02873320912051], [-114.09195505281737, 51.02873372111353], [-114.09195451497455, 51.02873423008731], [-114.09195370920247, 51.028734570523845], [-114.09195289895861, 51.02873499091407], [-114.09195215795896, 51.02873545936129], [-114.09195149333947, 51.0287359713543], [-114.09195095549657, 51.02873648032806], [-114.09195014972443, 51.02873682076458], [-114.0919493394805, 51.02873724115477], [-114.09194859848078, 51.02873770960197], [-114.0919479338612, 51.02873822159496], [-114.09194739601824, 51.02873873056869], [-114.09194659024605, 51.02873907100519], [-114.09194578000205, 51.02873949139536], [-114.09194503900224, 51.02873995984255], [-114.09194437438265, 51.02874047183548], [-114.09194379254386, 51.02874102244344], [-114.0919432990895, 51.028741606363624], [-114.09194289877166, 51.028742217972685], [-114.09194259544569, 51.028742851380436], [-114.09194239203276, 51.02874350048682], [-114.09194232467527, 51.02874393734069]]}}, {"type": "Feature", "properties": {"name": "F9", "length_m": 25.1}, "geometry": {"type": "LineString", "coordinates": [[-114.09172557119925, 51.028174866290975], [-114.09172971279871, 51.028172493207144], [-114.0917342033058, 51.028170387546865], [-114.09173899947434, 51.0281685695888], [-114.091744055115, 51.02816705684075], [-114.09174932153907, 51.028165863871365], [-114.09175474802805, 51.02816500216953], [-114.09176028232213, 51.02816448003389], [-114.09176587112306, 51.02816430249289], [-114.0917714606078, 51.02816447125633], [-114.09177699694668, 51.02816498469894], [-114.0917824268218, 51.028165837876], [-114.09178769794069, 51.02816702257097], [-114.09179275953967, 51.02816852737461], [-114.09179756287264, 51.028170337794826], [-114.0918020616813, 51.0281724363964], [-114.09180621263948, 51.02817480296864], [-114.09180997577126, 51.02817741472021], [-114.09181331483556, 51.02818024649853], [-114.09181619767536, 51.028183271032084], [-114.09181859652729, 51.028186459193016], [-114.091820488289, 51.02818978027759], [-114.09182185474171, 51.02819320230196], [-114.0918226827256, 51.02819669231023], [-114.09182296426663, 51.028200216691694], [-114.09182269665328, 51.028203741504626], [-114.0918218824627, 51.02820723280316], [-114.09182052953584, 51.02821065696417], [-114.09181865090204, 51.02821398101109], [-114.09181626465345, 51.02821717293156], [-114.09181344341357, 51.02822014960779], [-114.09181339377092, 51.02822020198549], [-114.09181006590252, 51.02822303900152], [-114.09180631309741, 51.02822565665752], [-114.09180217149711, 51.02822802974406], [-114.09179768098754, 51.02823013540693], [-114.09179288481495, 51.02823195336738], [-114.09178782916884, 51.02823346611753], [-114.0917825627381, 51.028234659088646], [-114.09177713624149, 51.02823552079177], [-114.09177160193916, 51.028236042928214], [-114.09176601312961, 51.02823622046948], [-114.09176042363627, 51.02823605170579], [-114.0917548872891, 51.0282355382624], [-114.09174945740634, 51.02823468508407], [-114.09174418628075, 51.0282335003874], [-114.09173912467625, 51.02823199558166], [-114.09173432133917, 51.028230185159074], [-114.09172982252798, 51.02822808655491], [-114.09172567156892, 51.028225719979986], [-114.09172190843796, 51.02822310822573], [-114.09171856937616, 51.028220276444806], [-114.0917156865404, 51.02821725190886], [-114.09171328769392, 51.028214063745835], [-114.09171139593889, 51.02821074265954], [-114.0917100294938, 51.02820732063386], [-114.09170920151819, 51.02820383062481], [-114.09170891998575, 51.02820030624308], [-114.0917091876077, 51.02819678143039], [-114.09171000180658, 51.028193290132634], [-114.09171135474108, 51.0281898659729], [-114.09171323338158, 51.02818654192767], [-114.09171561963566, 51.028183350009314], [-114.09171849052231, 51.02818032095773], [-114.09172181839324, 51.028177483944305], [-114.09172557119925, 51.028174866290975]]}}, {"type": "Feature", "properties": {"name": "F10", "length_m": 57.1}, "geometry": {"type": "LineString", "coordinates": [[-114.09194869256646, 51.02838886652608], [-114.09194865025532, 51.02838888847915], [-114.09194790926104, 51.028389356926425], [-114.09194724464649, 51.0283898689194], [-114.09194670680755, 51.02839037789316], [-114.09194590104137, 51.02839071832968], [-114.09194509080343, 51.02839113871986], [-114.09194434980918, 51.02839160716706], [-114.09194368519452, 51.028392119160046], [-114.09194217582889, 51.02839354751957], [-114.09194223967259, 51.02839434669721], [-114.09194197206718, 51.0283978715103], [-114.09194115788218, 51.02840136280955], [-114.09193980495847, 51.02840478697182], [-114.09193961251144, 51.02840512748718], [-114.09193956916911, 51.02840520417698], [-114.09193833243661, 51.028407392448415], [-114.09193804681794, 51.02840789782134], [-114.0919379263254, 51.02840811102056], [-114.09193680056995, 51.028409616866156], [-114.09193554007506, 51.02841130294331], [-114.09193449183661, 51.02841240893398], [-114.09193286769772, 51.028414122553954], [-114.09193266918834, 51.0284143320001], [-114.09192934131318, 51.028417169019555], [-114.09192558849924, 51.02841978667922], [-114.09192369419667, 51.028420872090535], [-114.09192144688777, 51.028422159769896], [-114.09191695636491, 51.02842426543725], [-114.09191669595398, 51.02842436414441], [-114.0919140302263, 51.02842537457199], [-114.09191216017693, 51.028426083402564], [-114.09190955485818, 51.028426862965915], [-114.09190710451354, 51.02842759615784], [-114.09190696585168, 51.02842762756807], [-114.09190601111598, 51.02842784383849], [-114.0919018380639, 51.0284287891343], [-114.09189641154686, 51.02842965084293], [-114.09189004560163, 51.028430251445236], [-114.09188882665796, 51.02843211376658], [-114.09188852333327, 51.02843274717423], [-114.09188831992094, 51.02843339628056], [-114.09188825256338, 51.028433833134414], [-114.09188815285836, 51.02843388486603], [-114.09188741186277, 51.02843435331291], [-114.09188674724686, 51.02843486530559], [-114.09188620940675, 51.02843537427905], [-114.09188540363935, 51.028435714715144], [-114.09188459340008, 51.028436135104904], [-114.0918838524045, 51.02843660355173], [-114.09188318778855, 51.028437115544335], [-114.09188260595283, 51.02843766615203], [-114.09188211250091, 51.02843825007199], [-114.09188171218489, 51.02843886168086], [-114.09188140886005, 51.02843949508849], [-114.09188120544759, 51.028440144194796], [-114.09188113808996, 51.028440581048656], [-114.09187929926355, 51.02844153511699], [-114.09188090769419, 51.028444358776404], [-114.09188227415883, 51.0284477807999], [-114.09188310215184, 51.028451270807594], [-114.09188338369901, 51.02845479518874], [-114.09188311608881, 51.028458320001654], [-114.09188293171003, 51.02845911062922], [-114.09188230189832, 51.02846181130047], [-114.09188094896855, 51.02846523546202], [-114.0918790703288, 51.02846855950979], [-114.09187668407131, 51.02847175143134], [-114.09187587903799, 51.028472600814965], [-114.09187587166876, 51.028472608590164], [-114.0918747758037, 51.02847376482774], [-114.09187381317699, 51.02847478048666], [-114.09187109297378, 51.02847709945784], [-114.09187048529407, 51.02847761750428], [-114.09187047046285, 51.028477627849306], [-114.09186800378227, 51.028479348401355], [-114.09186673247183, 51.028480235162135], [-114.09186259085199, 51.02848260825069], [-114.09185810032054, 51.02848471391581], [-114.09185330412409, 51.02848653187866], [-114.09184921069672, 51.02848775670963], [-114.09184831554528, 51.028488322610386], [-114.09184765092822, 51.028488834602776], [-114.09184706909143, 51.028489385210285], [-114.09184657563851, 51.0284899691301], [-114.09184617532158, 51.02849058073884], [-114.09184587199591, 51.02849121414636], [-114.09184566858275, 51.0284918632526], [-114.09184556704102, 51.028492521806335], [-114.09184555321906, 51.02849287368229], [-114.09184555657745, 51.02849457301261], [-114.09184550596103, 51.02849459927471], [-114.09184476496412, 51.02849506772127], [-114.0918441003469, 51.02849557971367], [-114.09184351850999, 51.02849613032115], [-114.09184302505697, 51.028496714240944], [-114.09184262473993, 51.02849732584968], [-114.09184232141416, 51.028497959257194], [-114.09184211800091, 51.028498608363414], [-114.09184201645914, 51.02849926691715], [-114.09184200263715, 51.028499618793106], [-114.09184205140569, 51.028524296458976], [-114.09184206493813, 51.02852462727824], [-114.09184217076283, 51.02852530670419], [-114.09184237674113, 51.028525955488696], [-114.0918423787676, 51.028525959682604], [-114.09183768103647, 51.02852640289224], [-114.09182650334802, 51.02852675798087], [-114.09181532429103, 51.028526420459045], [-114.09180425152645, 51.0285253935773], [-114.09179339169154, 51.028523687225096], [-114.09178284937286, 51.02852131783564], [-114.09177272609911, 51.02851830822752], [-114.09176311936324, 51.02851468738503], [-114.09175412168364, 51.02851049017902], [-114.09174581971298, 51.028505757031], [-114.09173829340386, 51.028500533523946], [-114.09173161523873, 51.02849486996324], [-114.09172584953178, 51.02848882089221], [-114.09172105180971, 51.02848244456685], [-114.09171726827687, 51.0284758023948], [-114.0917145353704, 51.028468958343886], [-114.09171287940923, 51.028461978326156], [-114.09171231634068, 51.02845492956301], [-114.09171285158692, 51.028447879937936], [-114.09171447999275, 51.028440897342655], [-114.09171718587524, 51.028434049023325], [-114.09172094317483, 51.02842740093294], [-114.0917257157063, 51.02842101709613], [-114.09173145750724, 51.02841495899262], [-114.0917381132807, 51.02840928496515], [-114.09174561892782, 51.02840404965752], [-114.09175390216508, 51.02839930348846], [-114.09176288322038, 51.028395092166036], [-114.09177247560146, 51.028391456247405], [-114.09178258692862, 51.028388430748336], [-114.09179311982457, 51.02838604480591], [-114.09180397285219, 51.02838432139795], [-114.0918150414913, 51.028383277121755], [-114.09182363238409, 51.02838300420959], [-114.09182591967132, 51.02837895710681], [-114.09182860420951, 51.02837536619621], [-114.091831833962, 51.02837195851016], [-114.09183557782443, 51.0283687668665], [-114.09183979974132, 51.02836582200246], [-114.09184445905312, 51.028363152278736], [-114.09184951088848, 51.02836078340598], [-114.09185490659517, 51.028358738197866], [-114.09186059420989, 51.02835703635072], [-114.09186651895772, 51.02835569425425], [-114.09187262378033, 51.02835472483357], [-114.09187884988505, 51.028354137424685], [-114.09188513731124, 51.02835393768465], [-114.09189142550773, 51.02835412753707], [-114.09189765391585, 51.02835470515356], [-114.09190376255285, 51.028355664971386], [-114.09190969258925, 51.02835699774698], [-114.09191538691583, 51.02835869064506], [-114.09192079069304, 51.02836072736205], [-114.09192585187985, 51.02836308828341], [-114.09193052173397, 51.02836575067205], [-114.09193475528252, 51.02836868888796], [-114.09193851175394, 51.028371874634445], [-114.09194175497132, 51.02837527723111], [-114.09194445370059, 51.02837886390909], [-114.09194658195149, 51.02838260012682], [-114.09194811922764, 51.02838644990246], [-114.09194869256646, 51.02838886652608]]}}, {"type": "Feature", "properties": {"name": "F11", "length_m": 25.1}, "geometry": {"type": "LineString", "coordinates": [[-114.0918057645298, 51.02860360591737], [-114.09180990616335, 51.028601232830844], [-114.0918143967082, 51.02859912716762], [-114.09181919291782, 51.02859730920639], [-114.09182424860249, 51.02859579645496], [-114.09182951507307, 51.02859460348201], [-114.09183494161061, 51.028593741776504], [-114.09184047595483, 51.02859321963706], [-114.091846064807, 51.028593042092204], [-114.0918516543436, 51.028593210851774], [-114.09185719073444, 51.02859372429054], [-114.09186262066113, 51.02859457746377], [-114.09186789183067, 51.02859576215499], [-114.09187072986734, 51.02859660588766], [-114.09187295347905, 51.02859726695508], [-114.09187775685942, 51.028599077371794], [-114.09188225571323, 51.02860117597011], [-114.09188640671381, 51.028603542539315], [-114.09189016988483, 51.028606154288084], [-114.09189350898485, 51.028608986063894], [-114.09189639185651, 51.02861201059523], [-114.09189879073611, 51.02861519875427], [-114.09190068252106, 51.02861851983728], [-114.0919020489923, 51.028621941860465], [-114.09190287698989, 51.028625431867894], [-114.09190315853965, 51.028628956248895], [-114.09190289092996, 51.02863248106174], [-114.09190207673792, 51.02863597236059], [-114.09190072380454, 51.028639396522266], [-114.09189884515919, 51.02864272057025], [-114.09189645889414, 51.028645912492095], [-114.09189358799038, 51.02864894154782], [-114.09189026009622, 51.02865177856591], [-114.09188938612657, 51.02865238817279], [-114.09188692987924, 51.02865410144185], [-114.09188650726104, 51.02865439622433], [-114.0918860408589, 51.0286546634652], [-114.09188283202877, 51.02865650207274], [-114.09188236562676, 51.0286567693135], [-114.09188185993263, 51.02865700643891], [-114.09187838077348, 51.02865863785397], [-114.09187787507933, 51.02865887497936], [-114.09187733496316, 51.02865907970577], [-114.09187516027848, 51.028659904001366], [-114.09187431237432, 51.028660225392144], [-114.0918739096546, 51.028660378039596], [-114.09187361898196, 51.028660488216545], [-114.09187307886569, 51.02866069294297], [-114.09187250952883, 51.02866086329883], [-114.09187230292807, 51.028660925117514], [-114.09187206346179, 51.02866099677013], [-114.09187199538799, 51.028661017139044], [-114.09186859251209, 51.02866203534077], [-114.09186802317551, 51.02866220569653], [-114.09186743010143, 51.028662340041045], [-114.09186334977228, 51.02866326432672], [-114.09186275669823, 51.0286633986712], [-114.09186214559858, 51.028663495710624], [-114.09185794125308, 51.028664163338554], [-114.09185733015313, 51.02866426037799], [-114.09185670691276, 51.02866431917781], [-114.09185241904083, 51.02866472371844], [-114.09185179580068, 51.0286647825182], [-114.091851166422, 51.02866480251213], [-114.09185012362062, 51.02866483563952], [-114.09184871457168, 51.02866488040174], [-114.09184683631835, 51.02866494006946], [-114.09184620693989, 51.028664960063345], [-114.09184557748426, 51.0286649410588], [-114.09184370359343, 51.028664884482225], [-114.09184228977942, 51.02866484179628], [-114.09184124685035, 51.0286648103081], [-114.09184061739458, 51.028664791303505], [-114.09183999392391, 51.02866473348355], [-114.09183570446632, 51.028664335684006], [-114.0918350809955, 51.02866427786399], [-114.09183446951388, 51.0286641817854], [-114.09183026254257, 51.028663520768085], [-114.09182965106119, 51.02866342468948], [-114.09182905745801, 51.02866329127764], [-114.09182497348816, 51.02866237340845], [-114.09182437988488, 51.02866223999654], [-114.09182380987676, 51.028662070536235], [-114.09181988823937, 51.028660904654785], [-114.09181931823123, 51.02866073519446], [-114.09181891623243, 51.028660583679155], [-114.09181451484653, 51.02865892477528], [-114.09181001599019, 51.02865682617437], [-114.09180615505555, 51.028654624975594], [-114.0918058649888, 51.02865445960253], [-114.09180210181857, 51.02865184785103], [-114.09179876272101, 51.02864901607264], [-114.09179587985342, 51.028645991538916], [-114.09179348097929, 51.028642803377785], [-114.09179158920102, 51.02863948229303], [-114.09179022273739, 51.028636060268575], [-114.09178939474806, 51.028632570260335], [-114.09178911320691, 51.028629045879065], [-114.0917893808252, 51.02862552106647], [-114.09179019502552, 51.028622029768414], [-114.09179154796655, 51.02861860560799], [-114.09179342661861, 51.02861528156172], [-114.09179581288916, 51.02861208964195], [-114.09179868379702, 51.0286090605886], [-114.09180201169373, 51.02860622357311], [-114.0918057645298, 51.02860360591737]]}}, {"type": "Feature", "properties": {"name": "F12", "length_m": 45.7}, "geometry": {"type": "LineString", "coordinates": [[-114.09196458989243, 51.02889851139621], [-114.09196120385599, 51.02890304062005], [-114.09195833294058, 51.02890606967724], [-114.09195500503196, 51.02890890669707], [-114.09195125217968, 51.028911524357454], [-114.09194711052572, 51.02891389744887], [-114.09194261995648, 51.02891600311709], [-114.09193782371884, 51.028917821083304], [-114.09193276800285, 51.02891933383957], [-114.09192750149815, 51.02892052681713], [-114.09192207492417, 51.02892138852691], [-114.0919165405418, 51.0289219106702], [-114.09191095165035, 51.02892208821844], [-114.09190536207397, 51.02892191946173], [-114.09189982564351, 51.028921406025304], [-114.09189336237672, 51.028920390498634], [-114.09188846471281, 51.028922246906475], [-114.09188340899479, 51.0289237596606], [-114.09187814248833, 51.02892495263592], [-114.09187271591291, 51.0289258143434], [-114.09186718152945, 51.028926336484346], [-114.09186159263727, 51.02892651403024], [-114.09185600306056, 51.02892634527117], [-114.0918504666301, 51.0289258318324], [-114.09184503666494, 51.02892497865867], [-114.09183976545859, 51.0289237939665], [-114.09183470377579, 51.02892228916511], [-114.0918299003636, 51.0289204787467], [-114.09182540148124, 51.028918380146514], [-114.09182125045561, 51.02891601357529], [-114.09181748726334, 51.028913401824454], [-114.09181414814607, 51.028910570046634], [-114.09181126526121, 51.02890754551343], [-114.09180886637249, 51.02890435735276], [-114.09180697458245, 51.02890103626842], [-114.09180560810996, 51.02889761424429], [-114.0918047801148, 51.02889412423633], [-114.09180449857088, 51.02889059985525], [-114.09180476618948, 51.028887075042775], [-114.09180558039321, 51.02888358374476], [-114.09180693334069, 51.028880159584325], [-114.09180881200218, 51.02887683553794], [-114.0918111982851, 51.02887364361799], [-114.0918140692081, 51.02887061456441], [-114.09181739712257, 51.028867777548584], [-114.09182114997887, 51.02886515989247], [-114.09182529163492, 51.0288627868055], [-114.09182978220436, 51.02886068114175], [-114.09183457844034, 51.028858863179956], [-114.09183963415296, 51.02885735042791], [-114.09184490065276, 51.02885615745432], [-114.09185032722056, 51.0288552957481], [-114.09185586159575, 51.02885477360797], [-114.09186145047931, 51.028854596062374], [-114.09186704004743, 51.02885476482118], [-114.09187257646958, 51.02885527825916], [-114.09187903972686, 51.028856293787], [-114.09188393738414, 51.02885443737957], [-114.09188840439688, 51.02885310077375], [-114.09188869797494, 51.0288492339535], [-114.09188910083114, 51.02884750649476], [-114.09189002663608, 51.02884726381625], [-114.09189095136962, 51.028846951184775], [-114.0918918230568, 51.02884658290087], [-114.09189263330319, 51.02884616251106], [-114.09189337430519, 51.02884569406423], [-114.09189403892688, 51.028845182071564], [-114.09189457677167, 51.02884467309807], [-114.09189538254608, 51.02884433266193], [-114.09189619279235, 51.02884391227214], [-114.09189693379437, 51.028843443825224], [-114.09189701558033, 51.028843380821236], [-114.09189770816283, 51.02884333725552], [-114.09189873699016, 51.02884320736304], [-114.09189974067353, 51.02884301450409], [-114.09190070954772, 51.028842760535824], [-114.09190163428092, 51.02884244790433], [-114.09190250596798, 51.02884207962031], [-114.09190331621416, 51.02884165923045], [-114.09190405721607, 51.02884119078348], [-114.09190413900201, 51.02884112777951], [-114.09190607937164, 51.02884100572372], [-114.09190931886846, 51.02883667251657], [-114.09191218978278, 51.02883364346055], [-114.0919155176886, 51.02883080644191], [-114.0919192705364, 51.02882818878263], [-114.09192341218409, 51.02882581569221], [-114.09192427555398, 51.02882541084977], [-114.0919244556675, 51.02882532639281], [-114.09192461672032, 51.0288252508736], [-114.09192790274565, 51.02882371002461], [-114.09193269897386, 51.02882189205882], [-114.09193775467928, 51.02882037930254], [-114.09194302117237, 51.028819186324505], [-114.09194844773403, 51.028818324613745], [-114.0919539821037, 51.02881780246895], [-114.09195883359132, 51.028817648334744], [-114.09196029022199, 51.028816892571804], [-114.09196103122292, 51.0288164241245], [-114.09196169584347, 51.02881591213145], [-114.09196223368716, 51.028815403157644], [-114.09196303946057, 51.02881506272103], [-114.09196384970573, 51.02881464233076], [-114.09196459070652, 51.028814173883475], [-114.091965255327, 51.028813661890396], [-114.09196579317063, 51.02881315291657], [-114.09196659894397, 51.02881281247995], [-114.09196740918905, 51.02881239208964], [-114.09196815018979, 51.02881192364234], [-114.09196881481017, 51.028811411649244], [-114.09196935265375, 51.02881090267541], [-114.09197015842702, 51.02881056223875], [-114.09197096867203, 51.02881014184843], [-114.09197170967273, 51.028809673401064], [-114.09197211273218, 51.02880936290249], [-114.0919734606697, 51.028809487906734], [-114.0919802481123, 51.028810554366444], [-114.09198683710864, 51.02881203522376], [-114.09199316420326, 51.02881391621721], [-114.09199916846286, 51.0288161792319], [-114.09200479206324, 51.02881880247377], [-114.09200998084617, 51.02882176067969], [-114.09201468484076, 51.0288250253605], [-114.09201885874502, 51.028828565075656], [-114.0920224623619, 51.0288323457358], [-114.09202546098649, 51.02883633093117], [-114.09202782574027, 51.028840482282185], [-114.09202953384928, 51.028844759809175], [-114.09203056886325, 51.02884912231715], [-114.09203092081427, 51.02885352779281], [-114.09203058631267, 51.02885793380909], [-114.09202956857969, 51.02886229793355], [-114.09202787741646, 51.02886657813737], [-114.09202552910965, 51.028870733199724], [-114.09202254627458, 51.02887472310508], [-114.09201895763745, 51.02887850942845], [-114.0920147977587, 51.0288820557054], [-114.09201010670023, 51.02888532778326], [-114.09200492963937, 51.02888829415013], [-114.09199931643421, 51.02889092623815], [-114.09199332114292, 51.02889319869885], [-114.09198700150355, 51.02889508964715], [-114.09198041837787, 51.0288965808721], [-114.09197363516506, 51.02889765801237], [-114.09196458989243, 51.02889851139621]]}}, {"type": "Feature", "properties": {"name": "F13", "length_m": 25.1}, "geometry": {"type": "LineString", "coordinates": [[-114.09191619635888, 51.02849279562022], [-114.09191683042482, 51.02849235334789], [-114.09191898821737, 51.028490848249], [-114.09191951567661, 51.02849054602205], [-114.0919203897712, 51.02849004517778], [-114.091923129835, 51.028488475158476], [-114.0919235131061, 51.028488295437676], [-114.09192762036386, 51.02848636949086], [-114.091931071647, 51.02848506130452], [-114.0919324165575, 51.02848455152492], [-114.09193747222615, 51.02848303876859], [-114.09194273868103, 51.02848184579054], [-114.09194816520323, 51.02848098407975], [-114.09194854914638, 51.02848094785606], [-114.09195369953282, 51.028480461934954], [-114.091959288371, 51.0284802843847], [-114.09196487789443, 51.02848045313885], [-114.09197041427308, 51.02848096657226], [-114.09197584418867, 51.028481819740264], [-114.09198111534832, 51.02848300442642], [-114.09198617698799, 51.02848450922159], [-114.09199098036117, 51.02848631963373], [-114.09199547920915, 51.028488418227724], [-114.09199963020542, 51.02849078479295], [-114.09200339337366, 51.028493396538124], [-114.09200673247247, 51.02849622831075], [-114.09200961534448, 51.02849925283936], [-114.09201201422601, 51.028502440996135], [-114.09201390601443, 51.02850576207737], [-114.0920152724907, 51.0285091840993], [-114.09201610049477, 51.02851267410598], [-114.09201638205242, 51.02851619848678], [-114.09201611445195, 51.02851972329996], [-114.0920153002704, 51.028523214599645], [-114.09201394734863, 51.0285266387627], [-114.09201206871593, 51.02852996281256], [-114.09200968246444, 51.02853315473677], [-114.09200681157502, 51.02853618379533], [-114.09200348369582, 51.028539020816694], [-114.09199973087611, 51.0285416384788], [-114.09199558925758, 51.02854401157206], [-114.09199109872627, 51.028546117242264], [-114.09198630252865, 51.02854793521057], [-114.09198124685447, 51.028549447969006], [-114.09197598039293, 51.02855064094879], [-114.09197055386304, 51.028551502660875], [-114.09196501952526, 51.02855202480646], [-114.09195943067847, 51.02855220235698], [-114.09195384114642, 51.02855203360257], [-114.09194830475948, 51.02855152016839], [-114.09194287483626, 51.028550666999124], [-114.0919376036699, 51.02854948231127], [-114.09193254202474, 51.028547977514016], [-114.09192773864746, 51.02854616709949], [-114.09192323979693, 51.0285440685029], [-114.09191908879978, 51.028541701935], [-114.09191692505799, 51.02854020023518], [-114.09191532563237, 51.028539090187124], [-114.09191198653603, 51.02853625841191], [-114.09190910366807, 51.02853323388092], [-114.091906704792, 51.028530045722036], [-114.09190621151772, 51.02852917976341], [-114.09190481301025, 51.02852672463908], [-114.09190472997402, 51.02852651669293], [-114.09190344654161, 51.02852330261587], [-114.0919032649229, 51.02852253709204], [-114.09190261854579, 51.02851981260837], [-114.09190233699674, 51.02851628822731], [-114.09190250393684, 51.02851408937602], [-114.09190260460583, 51.02851276341438], [-114.09190261505084, 51.02851271862543], [-114.09190341879568, 51.02850927211547], [-114.09190423379286, 51.0285072094194], [-114.0919047717251, 51.028505847953646], [-114.09190665036448, 51.02850252390554], [-114.09190903662149, 51.0284993319834], [-114.09191064450516, 51.0284976355186], [-114.09191095965286, 51.028497303008834], [-114.09191190751505, 51.028496302927195], [-114.09191327202382, 51.02849513968367], [-114.09191523539675, 51.028493465908426], [-114.09191619570908, 51.02849279607346], [-114.09191619635888, 51.02849279562022]]}}, {"type": "Feature", "properties": {"name": "F14", "length_m": 29.8}, "geometry": {"type": "LineString", "coordinates": [[-114.09204716745269, 51.028151039350576], [-114.09204342577108, 51.02815245762586], [-114.09203837014202, 51.028153970386796], [-114.09203310372665, 51.028155163369235], [-114.09202767724399, 51.02815602508399], [-114.09202214295394, 51.02815654723229], [-114.09201655415494, 51.02815672478555], [-114.09201096467027, 51.02815655603383], [-114.09200542832981, 51.0281560426023], [-114.09199999845177, 51.02815518943561], [-114.09199472732881, 51.0281540047502], [-114.09198966572488, 51.02815249995531], [-114.09198486238628, 51.02815068954299], [-114.0919803635715, 51.02814859094845], [-114.09197621260678, 51.02814622438238], [-114.0919724494682, 51.02814361263616], [-114.09196911039685, 51.02814078086237], [-114.09196622754973, 51.02813775633257], [-114.0919638286902, 51.028134568174636], [-114.0919619369205, 51.02813124709237], [-114.0919605704593, 51.02812782506958], [-114.09195974246629, 51.028124335062266], [-114.09195946091536, 51.028120810681095], [-114.09195972851786, 51.02811728586782], [-114.09196054269654, 51.028113794568256], [-114.09196189561025, 51.028110370405585], [-114.09196377422961, 51.02810704635631], [-114.09196616046242, 51.02810385443279], [-114.09196903132782, 51.028100825375034], [-114.09197235917777, 51.02809798835444], [-114.09197611196322, 51.028095370693045], [-114.09198025354281, 51.02809299760031], [-114.09198474403087, 51.02809089193038], [-114.09198954018139, 51.028089073962015], [-114.09199459580525, 51.02808756120312], [-114.09199986221385, 51.02808636822243], [-114.0920052886889, 51.02808550650896], [-114.09201082297068, 51.028084984361456], [-114.09201706382396, 51.028084786092755], [-114.09202080550091, 51.028083367818304], [-114.09202586112288, 51.02808185505811], [-114.09203112753012, 51.028080662075986], [-114.09203655400393, 51.02807980036106], [-114.09204208828467, 51.028079278212076], [-114.09204767707426, 51.0280791006576], [-114.09205326654975, 51.02807926940757], [-114.09205880288158, 51.02807978283684], [-114.0920642327519, 51.02808063600082], [-114.09206950386829, 51.0280818206831], [-114.0920745654671, 51.02808332547457], [-114.09207936880223, 51.02808513588322], [-114.09208386761534, 51.028087234473986], [-114.09208801858026, 51.02808960103624], [-114.09209178172092, 51.02809221277875], [-114.09209512079626, 51.02809504454907], [-114.0920980036491, 51.02809806907572], [-114.09210040251597, 51.02810125723091], [-114.09210229429434, 51.02810457831095], [-114.09210366076528, 51.02810800033208], [-114.0921044887688, 51.02811149033838], [-114.09210477033068, 51.028115014719205], [-114.09210450273919, 51.02811853953281], [-114.09210368857124, 51.02812203083336], [-114.09210233566763, 51.028125454997685], [-114.09210184841542, 51.0281263171518], [-114.09210142989181, 51.0281270576961], [-114.09210045705744, 51.02812877904918], [-114.09209807083259, 51.02813197097538], [-114.09209519997368, 51.028135000036315], [-114.09209187212859, 51.02813783706037], [-114.09208811934623, 51.028140454725474], [-114.09208397776794, 51.028142827822], [-114.09207948727948, 51.02814493349567], [-114.09207572832698, 51.02814635831908], [-114.09207553549234, 51.02814643141265], [-114.09207469112651, 51.02814675146778], [-114.09206963549893, 51.028148264230104], [-114.0920643690851, 51.02814945721394], [-114.09205894260369, 51.02815031893015], [-114.09205340831468, 51.028150841079935], [-114.09204716745269, 51.028151039350576]]}}, {"type": "Feature", "properties": {"name": "F15", "length_m": 25.1}, "geometry": {"type": "LineString", "coordinates": [[-114.09204575769465, 51.0286893592479], [-114.09204989932357, 51.028686986152906], [-114.09205438986582, 51.02868488048049], [-114.09205918607489, 51.02868306250943], [-114.09206424176105, 51.028681549747645], [-114.09206950823516, 51.0286803567639], [-114.09207493477827, 51.02867949504725], [-114.09208046912998, 51.02867897289646], [-114.09208605799154, 51.028678795340134], [-114.09209164753929, 51.0286789640882], [-114.092097183943, 51.02867947751558], [-114.0921026138841, 51.028680330677645], [-114.09210788506951, 51.02868151535804], [-114.09211294673489, 51.02868302014765], [-114.09211775013353, 51.02868483055451], [-114.09212224900647, 51.02868692914353], [-114.09212640002693, 51.02868929570417], [-114.09213016321837, 51.02869190744515], [-114.09213350233918, 51.028694739214046], [-114.09213638523175, 51.02869776373941], [-114.09213878413227, 51.02870095189346], [-114.09214067593783, 51.02870427297253], [-114.09214204242929, 51.028707694992846], [-114.09214287044644, 51.028711184998514], [-114.09214315201491, 51.02871470937888], [-114.09214288442294, 51.02871823419223], [-114.09214207024745, 51.02872172549267], [-114.09214071732927, 51.02872514965707], [-114.09213883869764, 51.02872847370886], [-114.09213645244468, 51.028731665635554], [-114.09213358155128, 51.02873469469712], [-114.09213025366564, 51.028737531722015], [-114.09212650083705, 51.02874014938809], [-114.09212235920731, 51.02874252248578], [-114.09211786866257, 51.02874462816078], [-114.09211307244946, 51.028746446134235], [-114.09210801675782, 51.028747958898116], [-114.09210275027705, 51.028749151883574], [-114.09209732372635, 51.028750013601524], [-114.09209178936636, 51.028750535753105], [-114.09208620049618, 51.02875071330972], [-114.09208061093982, 51.02875054456138], [-114.09207507452784, 51.02875003113324], [-114.09206964457908, 51.0287491779699], [-114.09206437338699, 51.028747993287816], [-114.09205931171607, 51.02874648849611], [-114.09205450831334, 51.02874467808687], [-114.09205000943788, 51.028742579495265], [-114.09204585841653, 51.028740212931936], [-114.0920420952259, 51.02873760118826], [-114.09203875610758, 51.02873476941677], [-114.09203587321905, 51.028731744889015], [-114.09203347432401, 51.028728556732865], [-114.09203158252511, 51.02872523565206], [-114.09203021604127, 51.02872181363046], [-114.09202938803239, 51.02871832362401], [-114.09202910647251, 51.02871479924337], [-114.09202937407309, 51.02871127443027], [-114.09203018825689, 51.0287077831306], [-114.0920315411827, 51.02870435896747], [-114.09203341982105, 51.02870103491738], [-114.09203580607951, 51.02869784299278], [-114.092038676977, 51.02869481393359], [-114.09204200486519, 51.0286919769113], [-114.09204575769465, 51.0286893592479]]}}, {"type": "Feature", "properties": {"name": "F16", "length_m": 34.8}, "geometry": {"type": "LineString", "coordinates": [[-114.09220070950532, 51.0282100974531], [-114.09220622420489, 51.02821392481275], [-114.09220956329597, 51.02821675657973], [-114.0922124461638, 51.028219781103495], [-114.09221484504481, 51.02822296925625], [-114.09221673683632, 51.02822629033437], [-114.09221810331925, 51.028229712354076], [-114.09221893133356, 51.028233202359495], [-114.09221921290487, 51.02823672673995], [-114.09221894532136, 51.02824025155376], [-114.09221813115991, 51.02824374285502], [-114.0922167782612, 51.02824716702058], [-114.09221489965428, 51.02825049107385], [-114.09221251343106, 51.028253683002355], [-114.0922096425721, 51.028256712066], [-114.0922063147253, 51.02825954909327], [-114.09220256193957, 51.02826216676199], [-114.09219842035628, 51.028264539862526], [-114.09219392986115, 51.02826664554061], [-114.09218913370032, 51.02826846351731], [-114.09218407806314, 51.02826997628459], [-114.09217881163848, 51.02827116927355], [-114.09217338514497, 51.02827203099506], [-114.09216785084276, 51.02827255315026], [-114.09216226203037, 51.02827273071048], [-114.09215667253122, 51.02827256196575], [-114.09215113617536, 51.02827204854115], [-114.09214570628109, 51.028271195381244], [-114.09214043514127, 51.028270010702464], [-114.09213537352, 51.02826850591389], [-114.09213057016372, 51.02826669550761], [-114.09212607133111, 51.02826459691873], [-114.09212192034862, 51.0282622303579], [-114.09211815719247, 51.02825961861643], [-114.0921148181039, 51.028256786846875], [-114.0921119352401, 51.02825376232074], [-114.09210953636456, 51.02825057416587], [-114.09210764457973, 51.028247253086015], [-114.0921062781044, 51.02824383106503], [-114.09210545009834, 51.02824034105882], [-114.09210516853565, 51.02823681667807], [-114.09210543612777, 51.02823329186454], [-114.09210625029752, 51.02822980056404], [-114.09210760320386, 51.02822637639976], [-114.0921093367648, 51.02822330900691], [-114.0921038220721, 51.028219481642694], [-114.09210048298729, 51.02821664987268], [-114.09209803847098, 51.02821408523087], [-114.09209760012692, 51.028213625346176], [-114.09209520125444, 51.02821043719099], [-114.09209330947225, 51.028207116110885], [-114.09209194299916, 51.0282036940897], [-114.09209111499493, 51.02820020408336], [-114.09209087728799, 51.02819722864038], [-114.09209083343355, 51.02819667970256], [-114.09209087511235, 51.028196130697346], [-114.09209110102653, 51.028193154889024], [-114.09209191519665, 51.028189663588606], [-114.09209296560417, 51.02818700503947], [-114.0920932681029, 51.028186239424436], [-114.09209441537777, 51.02818420941591], [-114.09209514671592, 51.0281829153731], [-114.09209542181698, 51.02818254738551], [-114.09209753294357, 51.02817972344698], [-114.09209796946324, 51.02817926287281], [-114.0920988626384, 51.02817832047909], [-114.09209906296293, 51.028178109115636], [-114.09209914264056, 51.02817802504734], [-114.0921004038051, 51.028176694386005], [-114.09210152636422, 51.02817573739281], [-114.09210373165243, 51.028173857361736], [-114.09210422746044, 51.02817351152265], [-114.0921050846553, 51.02817291360673], [-114.0921074531203, 51.028171261540095], [-114.09210748443664, 51.02817123969613], [-114.0921086439082, 51.02817057532675], [-114.09211137187455, 51.02816901222027], [-114.09211137397757, 51.028169011015265], [-114.09211162601622, 51.028168866598804], [-114.09211220387147, 51.02816859563163], [-114.09211611650565, 51.02816676092384], [-114.09211611939438, 51.02816675982886], [-114.09211761416933, 51.02816619323701], [-114.09211876523554, 51.02816575692732], [-114.09211932559738, 51.02816554452312], [-114.09212091265893, 51.028164942950085], [-114.09212236804773, 51.02816450746305], [-114.09212596828654, 51.028163430185586], [-114.09212644896355, 51.02816332129912], [-114.09213115980037, 51.02816225416588], [-114.0921312347005, 51.028162237198934], [-114.09213666118198, 51.02816137547938], [-114.09214069989619, 51.028160994431445], [-114.0921421954713, 51.02816085332566], [-114.09214778427031, 51.02816067576639], [-114.09215337375598, 51.02816084451157], [-114.09215495543496, 51.02816099119195], [-114.09215891009862, 51.02816135793608], [-114.09216433998036, 51.02816221109539], [-114.09216441018619, 51.02816222687406], [-114.09216921557272, 51.028163306877104], [-114.09216961110847, 51.02816339577313], [-114.09217321560818, 51.02816446736969], [-114.0921746727193, 51.02816490056019], [-114.09217634775875, 51.02816553189057], [-114.09217947317381, 51.02816670987432], [-114.09217947606693, 51.028166710964776], [-114.092183481577, 51.02816857943261], [-114.09218397489244, 51.028168809551595], [-114.09218422749294, 51.02816895356443], [-114.09218474121026, 51.02816924644541], [-114.09218704939731, 51.02817056239096], [-114.09218812586973, 51.02817117611028], [-114.09218815727256, 51.02817119790477], [-114.09219061793272, 51.028172905675646], [-114.09219106645426, 51.02817321696281], [-114.09219139050609, 51.02817344186435], [-114.0921918890226, 51.02817378784951], [-114.09219522810992, 51.02817661961693], [-114.09219811097435, 51.028179644141055], [-114.09220020384333, 51.028182425602594], [-114.09220050985228, 51.02818283229412], [-114.09220240164115, 51.028186153372516], [-114.09220376812185, 51.02818957539241], [-114.09220459613435, 51.02819306539795], [-114.09220487770432, 51.028196589778474], [-114.09220461011996, 51.02820011459228], [-114.09220379595813, 51.02820360589346], [-114.09220244305953, 51.02820703005888], [-114.09220070950532, 51.0282100974531]]}}, {"type": "Feature", "properties": {"name": "F17", "length_m": 25.1}, "geometry": {"type": "LineString", "coordinates": [[-114.09211675640138, 51.02903005116945], [-114.092120898057, 51.02902767807207], [-114.09212538862894, 51.02902557239703], [-114.09213018487038, 51.02902375442315], [-114.09213524059128, 51.02902224165836], [-114.09214050710214, 51.029021048671474], [-114.09214593368371, 51.02902018695155], [-114.09215146807519, 51.02901966479741], [-114.09215705697744, 51.02901948723767], [-114.09216264656642, 51.02901965598232], [-114.0921681830115, 51.02902016940627], [-114.09217361299372, 51.029021022564976], [-114.09217888421958, 51.02902220724207], [-114.09218394592439, 51.029023712028504], [-114.09218874936101, 51.02902552243231], [-114.09219324827015, 51.02902762101847], [-114.09219739932469, 51.029029987576415], [-114.09220116254774, 51.029032599314945], [-114.09220450169737, 51.029035431081645], [-114.09220738461573, 51.029038455605054], [-114.09220978353872, 51.02904164375745], [-114.09221167536327, 51.029044964835165], [-114.09221304187, 51.02904838685445], [-114.09221386989859, 51.02905187685941], [-114.09221415147455, 51.02905540123938], [-114.09221388388603, 51.02905892605267], [-114.09221306970993, 51.02906241735342], [-114.09221171678709, 51.02906584151845], [-114.0922098381468, 51.02906916557117], [-114.09220745188127, 51.02907235749915], [-114.09220458097147, 51.02907538656229], [-114.0922012530658, 51.029078223589046], [-114.09219750021373, 51.02908084125726], [-114.09219335855728, 51.02908321435733], [-114.09218886798287, 51.029085320034966], [-114.09218407173738, 51.02908713801124], [-114.09217901601102, 51.02908865077812], [-114.09217374949347, 51.029089843766734], [-114.09216832290431, 51.02909070548794], [-114.09216278850455, 51.02909122764289], [-114.0921571995937, 51.0290914052029], [-114.09215160999608, 51.02909123645798], [-114.09214607354274, 51.02909072303326], [-114.09214064355288, 51.0290898698733], [-114.09213537232031, 51.02908868519449], [-114.09213031060999, 51.02908718040598], [-114.09212550716926, 51.029085369999784], [-114.09212100825759, 51.02908327141105], [-114.09211685720219, 51.02908090485041], [-114.09211309397996, 51.02907829310918], [-114.0921097548328, 51.0290754613399], [-114.09210687191847, 51.02907243681408], [-114.09210447300096, 51.02906924865959], [-114.09210258118308, 51.02906592758014], [-114.09210121468396, 51.029062505559594], [-114.09210038666366, 51.02905901555384], [-114.09210010509629, 51.029055491173594], [-114.09210037269342, 51.02905196636054], [-114.09210118687781, 51.02904847506058], [-114.0921025398083, 51.029045050896805], [-114.09210441845529, 51.02904172684579], [-114.09210680472633, 51.0290385349199], [-114.09210967564023, 51.02903550585914], [-114.09211300354845, 51.02903266883499], [-114.09211675640138, 51.02903005116945]]}}, {"type": "Feature", "properties": {"name": "F18", "length_m": 42.4}, "geometry": {"type": "LineString", "coordinates": [[-114.09235604954995, 51.02824533797678], [-114.09235753192482, 51.02824510257462], [-114.09236306622158, 51.02824458041045], [-114.0923686550298, 51.02824440284062], [-114.09237424452633, 51.02824457157523], [-114.09237978088137, 51.028245084989265], [-114.09238521077688, 51.028245938138284], [-114.09239048192026, 51.02824712280605], [-114.09239158325944, 51.02824745022459], [-114.09239386432189, 51.02824812836453], [-114.0923955435474, 51.02824862758355], [-114.0923983684678, 51.02824969230035], [-114.09240034691207, 51.028250437978926], [-114.09240104207511, 51.02825076225207], [-114.09240157335064, 51.02825101007651], [-114.09240413873938, 51.028252206754956], [-114.09240484575578, 51.02825253655732], [-114.09240899675171, 51.028254903108035], [-114.09241275992382, 51.028257514840135], [-114.09241523517116, 51.028259613997086], [-114.09241531538517, 51.028259682023325], [-114.09241609903057, 51.02826034660116], [-114.09241664526486, 51.0282609196717], [-114.0924189819146, 51.02826337111984], [-114.092421380812, 51.02826655926829], [-114.09242327262004, 51.02826988034303], [-114.09242463911947, 51.02827330236029], [-114.09242546715006, 51.02827679236422], [-114.0924257487373, 51.028280316744144], [-114.09242548116922, 51.028283841558384], [-114.09242466702253, 51.028287332861055], [-114.09242339949901, 51.0282905409787], [-114.0924284694619, 51.02829101113918], [-114.09243389936368, 51.02829186428595], [-114.09243917051344, 51.028293048951475], [-114.09244423214722, 51.028294553726866], [-114.09244903551857, 51.028296364120244], [-114.09245353436881, 51.02829846269667], [-114.09245768537141, 51.02830082924569], [-114.09246144854998, 51.02830344097621], [-114.09246406734879, 51.028305661868046], [-114.09246412858032, 51.02830571379588], [-114.09246478766303, 51.02830627273584], [-114.09246767055302, 51.02830929725321], [-114.09247006945617, 51.02831248540068], [-114.09247196126955, 51.02831580647461], [-114.09247332777393, 51.02831922849126], [-114.092474155809, 51.02832271849481], [-114.09247443740021, 51.0283262428746], [-114.09247416983557, 51.028329767688916], [-114.09247335569172, 51.02833325899191], [-114.09247200280923, 51.02833668316034], [-114.09247012421696, 51.02834000721765], [-114.09246773800669, 51.02834319915131], [-114.09246486715884, 51.02834622822119], [-114.09246153932122, 51.028349065255675], [-114.09245778654265, 51.02835168293255], [-114.09245364496444, 51.0283540560421], [-114.09244915447225, 51.02835616172995], [-114.09244435831218, 51.02835797971709], [-114.09243930267358, 51.0283594924954], [-114.09243403624534, 51.02836068549584], [-114.09242860974615, 51.02836154722918], [-114.09242307543616, 51.02836206939647], [-114.092417486614, 51.02836224696891], [-114.09241189710316, 51.028362078236384], [-114.09240636073383, 51.028361564823875], [-114.09240093082443, 51.02836071167586], [-114.09239565966796, 51.02835952700862], [-114.09239059802869, 51.02835802223114], [-114.09238579465323, 51.02835621183539], [-114.09238129580044, 51.028354113256384], [-114.09237714479697, 51.028351746704665], [-114.09237338161923, 51.02834913497145], [-114.09237004250868, 51.02834630320925], [-114.09236715962271, 51.02834327868946], [-114.09236476072505, 51.0283400905399], [-114.09236286891831, 51.02833676946424], [-114.09236150242155, 51.0283333474463], [-114.09236059503709, 51.02832952296174], [-114.09235352669737, 51.02832886747903], [-114.09234606057865, 51.02832769439708], [-114.09233881274548, 51.02832606547609], [-114.09233185299925, 51.02832399640365], [-114.09232524836592, 51.02832150710606], [-114.09231906245185, 51.02831862155664], [-114.09231335483096, 51.02831536754496], [-114.09230818047064, 51.02831177640892], [-114.09230358920287, 51.028307882733245], [-114.09229962524401, 51.02830372401625], [-114.09229632676899, 51.028299340308656], [-114.09229372554383, 51.028294773828065], [-114.09229184661952, 51.02829006855222], [-114.09229070809096, 51.028285269795546], [-114.09229032092256, 51.028280423772685], [-114.09229068884272, 51.02827557715352], [-114.09229180830796, 51.02827077661362], [-114.09229366853698, 51.02826606838478], [-114.09229625161454, 51.02826149780982], [-114.09229953266403, 51.028257108905784], [-114.09230348008695, 51.02825294394022], [-114.0923080558674, 51.028249043023884], [-114.09231321593808, 51.02824544372468], [-114.09231891060452, 51.02824218070583], [-114.09232508502414, 51.028239285391805], [-114.0923316797339, 51.028236785666074], [-114.0923327723514, 51.02823645872695], [-114.09233324961508, 51.028236758942896], [-114.0923340615147, 51.02823717805412], [-114.09233486862561, 51.028237517219], [-114.09233540847933, 51.02823802534308], [-114.09233607511989, 51.02823853628647], [-114.09233681796688, 51.02823900356375], [-114.09233762986662, 51.028239422674986], [-114.09233850299965, 51.028239789583665], [-114.09233942895737, 51.02824010075636], [-114.09234039882278, 51.02824035319643], [-114.09234140325458, 51.02824054447247], [-114.09234243258027, 51.028240672742605], [-114.09234312532435, 51.02824071521633], [-114.09234320735875, 51.028240778091174], [-114.09234395020596, 51.028241245368484], [-114.09234476210575, 51.02824166447964], [-114.09234556921682, 51.02824200364444], [-114.09234610907072, 51.028242511768475], [-114.09234677571145, 51.028243022711806], [-114.09234751855863, 51.02824348998902], [-114.09234833045855, 51.02824390910018], [-114.09234920359175, 51.02824427600878], [-114.09235012954963, 51.0282445871814], [-114.0923510994152, 51.02824483962137], [-114.0923521038471, 51.02824503089731], [-114.09235313317294, 51.028245159167355], [-114.09235604954995, 51.02824533797678]]}}, {"type": "Feature", "properties": {"name": "F19", "length_m": 122.6}, "geometry": {"type": "LineString", "coordinates": [[-114.0926725788604, 51.028853592271915], [-114.09267589610833, 51.028858000817685], [-114.09267778795868, 51.02886132188795], [-114.0926791544943, 51.02886474390186], [-114.09267998255461, 51.02886823390361], [-114.09268026416478, 51.02887175828256], [-114.09267999661266, 51.028875283097015], [-114.09267918247478, 51.02887877440109], [-114.09267782959162, 51.028882198571594], [-114.09267595099209, 51.02888552263192], [-114.09267356476799, 51.028888714569476], [-114.09267069389992, 51.028891743644145], [-114.09266736603587, 51.02889458068424], [-114.09266361322489, 51.02889719836749], [-114.09265947160861, 51.02889957148414], [-114.09265498107307, 51.02890167717972], [-114.0926501848648, 51.028903495175165], [-114.0926451291736, 51.028905007962244], [-114.09263986268884, 51.02890620097188], [-114.0926344361298, 51.028907062714744], [-114.09262468606912, 51.028907982648576], [-114.09262860227076, 51.02891318719246], [-114.09262953215563, 51.02891481957085], [-114.09262899741147, 51.028915231519875], [-114.09262845957396, 51.028915740496686], [-114.09262765380369, 51.028916080937876], [-114.09262684356277, 51.02891650133274], [-114.09262610256702, 51.02891696978421], [-114.09262543795236, 51.028917481781036], [-114.09262490011476, 51.02891799075789], [-114.0926240943444, 51.028918331199044], [-114.09262328410344, 51.028918751593885], [-114.09262254310761, 51.02891922004533], [-114.09262187849289, 51.02891973204214], [-114.0926213406552, 51.028920241018966], [-114.0926205348848, 51.028920581460106], [-114.09261972464374, 51.02892100185492], [-114.09261898364785, 51.02892147030635], [-114.09261831903305, 51.028921982303125], [-114.09261778119532, 51.02892249127994], [-114.09261697542485, 51.028922831721054], [-114.09261616518371, 51.02892325211585], [-114.09261542418776, 51.028923720567256], [-114.09261475957288, 51.028924232564016], [-114.09261422173508, 51.02892474154081], [-114.09261341596455, 51.0289250819819], [-114.09261260572335, 51.028925502376666], [-114.0926118647273, 51.02892597082806], [-114.09261120011239, 51.028926482824765], [-114.09261061827918, 51.028927033436034], [-114.09261012483122, 51.028927617359024], [-114.09260972452059, 51.02892822897033], [-114.09260942120248, 51.028928862379786], [-114.09260921779807, 51.028929511487306], [-114.09260915044659, 51.028929948341556], [-114.0926090507413, 51.02893000007377], [-114.09260830974507, 51.028930468525196], [-114.09260764513006, 51.02893098052187], [-114.09260650042333, 51.02893206380189], [-114.09260664282365, 51.02893384598881], [-114.09260637526559, 51.02893737080307], [-114.0926055611211, 51.0289408621066], [-114.09260420823072, 51.02894428627623], [-114.0926023296234, 51.02894761033531], [-114.09259994339106, 51.02895080227135], [-114.09259707251438, 51.02895383134418], [-114.09259374464136, 51.02895666838215], [-114.09258999182123, 51.02895928606302], [-114.09258585019568, 51.02896165917703], [-114.09258135965085, 51.028963764869744], [-114.09257943252167, 51.02896449534253], [-114.09257861893542, 51.028965265269306], [-114.09257812548664, 51.02896584919218], [-114.09257772517523, 51.02896646080339], [-114.09257742185646, 51.028967094212746], [-114.09257721845142, 51.0289677433202], [-114.09257711691905, 51.02896840187451], [-114.09257710310247, 51.028968753750526], [-114.09257710648767, 51.028970453080674], [-114.09257705587113, 51.02897047934309], [-114.09257631487404, 51.02897094779426], [-114.09257565025808, 51.02897145979075], [-114.0925750684239, 51.028972010401844], [-114.09257457497503, 51.02897259432468], [-114.09257417466353, 51.028973205935856], [-114.09257387134464, 51.02897383934521], [-114.09257366793953, 51.028974488452654], [-114.0925735664071, 51.02897514700695], [-114.0925735525905, 51.02897549888298], [-114.09257356492934, 51.02898169308596], [-114.09257351431279, 51.028981719348366], [-114.09257277331547, 51.028982187799514], [-114.09257210869931, 51.02898269979598], [-114.09257152686494, 51.02898325040706], [-114.09257103341591, 51.02898383432988], [-114.09257063310426, 51.02898444594105], [-114.09257032978525, 51.028985079350406], [-114.09257012638005, 51.02898572845783], [-114.09257005340719, 51.02898620177017], [-114.09256641212146, 51.0289867800066], [-114.09255811054713, 51.028987563267194], [-114.09254972720191, 51.028987829635454], [-114.09253868695437, 51.02898749637654], [-114.09254808645247, 51.028994019726966], [-114.09255142562047, 51.02899685148376], [-114.092554308559, 51.02899987599863], [-114.0925567075038, 51.02900306414392], [-114.09255859935155, 51.02900638521603], [-114.09255983967688, 51.02900949119153], [-114.09255996588269, 51.029009807231255], [-114.09256079393663, 51.02901329723377], [-114.09256107553865, 51.02901682161291], [-114.09256080797667, 51.02902034642701], [-114.09255999382731, 51.02902383773021], [-114.09255956164692, 51.029024931575286], [-114.09255947487715, 51.02902515118884], [-114.09255944586086, 51.02902522462884], [-114.0925593960847, 51.0290253506119], [-114.09255864093114, 51.02902726189929], [-114.09255761760198, 51.0290290725991], [-114.09255676231723, 51.029030585957564], [-114.09255437607753, 51.02903377789262], [-114.09255150519274, 51.02903680696429], [-114.09254817731103, 51.02903964400092], [-114.09254442448163, 51.02904226168029], [-114.0925435095363, 51.02904278593411], [-114.09254326858242, 51.029042923998105], [-114.0925416132046, 51.02904387251176], [-114.09254028284636, 51.029044634792655], [-114.09253913142061, 51.0290451747141], [-114.09253805285067, 51.029045680472315], [-114.09253579229132, 51.02904674048365], [-114.09253430753188, 51.02904730327566], [-114.09253208897091, 51.02904834359315], [-114.09252729274274, 51.0290501615835], [-114.09252223703156, 51.02905167436525], [-114.09251697052704, 51.02905286736933], [-114.09251154394858, 51.02905372910647], [-114.09250600955711, 51.02905425127766], [-114.09250042065202, 51.02905442885409], [-114.09249483105765, 51.0290542601256], [-114.09248800028166, 51.029053626691386], [-114.09248606339659, 51.02905705384352], [-114.09248367715065, 51.02906024577715], [-114.09248080625963, 51.02906327484706], [-114.09247747837169, 51.02906611188166], [-114.09247372553617, 51.02906872955876], [-114.09246958389492, 51.029071102668624], [-114.0924650933342, 51.02907320835688], [-114.09246029710079, 51.02907502634447], [-114.09245524138471, 51.02907653912332], [-114.09244990476158, 51.029077748007026], [-114.0924509638699, 51.02908040019819], [-114.09245179191691, 51.02908389020143], [-114.09245207351113, 51.0290874145808], [-114.09245180594047, 51.029090939394614], [-114.09245099178167, 51.029094430697], [-114.0924504753532, 51.029095737763086], [-114.09244963887546, 51.02909785486473], [-114.09244776025089, 51.02910117892126], [-114.09244537400005, 51.02910437085408], [-114.09244250310381, 51.02910739992303], [-114.09243917521037, 51.029110236956534], [-114.09243542236914, 51.02911285463238], [-114.092431280722, 51.02911522774086], [-114.09242679015527, 51.02911733342762], [-114.09242199391582, 51.029119151413646], [-114.09241693819374, 51.02912066419081], [-114.09241167167868, 51.02912185719015], [-114.09240624509022, 51.0291227189224], [-114.09240071068933, 51.0291232410886], [-114.09239512177554, 51.02912341865998], [-114.09238953217324, 51.029123249926464], [-114.09238399571345, 51.02912273651302], [-114.0923785657155, 51.02912188336412], [-114.09237329447325, 51.02912069869605], [-114.09236823275175, 51.029119193917865], [-114.09236342929846, 51.02911738352146], [-114.09235893037295, 51.029115284941895], [-114.09235477930257, 51.02911291838973], [-114.0923510160644, 51.02911030665618], [-114.09234767690045, 51.029107474893735], [-114.09234479396866, 51.02910445037381], [-114.09234239503317, 51.02910126222423], [-114.092340503197, 51.029097941148656], [-114.09233913667941, 51.02909451913092], [-114.09233830864066, 51.029091029126874], [-114.09233802705506, 51.02908750474723], [-114.09233829463433, 51.029083979933674], [-114.0923391088014, 51.029080488632076], [-114.09234046171527, 51.02907706446558], [-114.09234234034653, 51.02907374041076], [-114.09234472660287, 51.029070548480036], [-114.09234759750322, 51.02906751941348], [-114.09235351011684, 51.02906247891073], [-114.09234462801199, 51.029061655241016], [-114.09233919802188, 51.02906080209027], [-114.09233392678756, 51.02905961742043], [-114.092328865074, 51.029058112640506], [-114.09232406162853, 51.029056302242466], [-114.09231956271071, 51.02905420366136], [-114.0923154116478, 51.029051837107765], [-114.09231164841678, 51.029049225372916], [-114.09230830925964, 51.029046393609306], [-114.0923054263342, 51.029043369088384], [-114.09230302740457, 51.029040180937955], [-114.09230113557369, 51.02903685986172], [-114.09229976906082, 51.02903343784347], [-114.09229894102612, 51.02902994783911], [-114.09229865944387, 51.02902642345932], [-114.09229892702578, 51.02902289864582], [-114.09229974119474, 51.02901940734446], [-114.09230109410976, 51.02901598317837], [-114.09230328024634, 51.029012115024244], [-114.09230090708307, 51.029007948974794], [-114.09229954057106, 51.02900452695649], [-114.09229871253689, 51.02900103695212], [-114.09229843095484, 51.02899751257232], [-114.09229869853661, 51.028993987758795], [-114.09229951270508, 51.02899049645742], [-114.09230086561925, 51.028987072291336], [-114.09230274424972, 51.02898374823709], [-114.09230513050419, 51.02898055630714], [-114.09230800140156, 51.02897752724149], [-114.09231132929351, 51.028974690211655], [-114.0923150821306, 51.02897207253973], [-114.09231922377093, 51.02896969943531], [-114.09232371432827, 51.02896759375263], [-114.09232851055596, 51.028965775770594], [-114.09233356626407, 51.02896426299723], [-114.09233883276328, 51.02896307000139], [-114.09234425933437, 51.02896220827227], [-114.0923497937167, 51.02896168610873], [-114.09235538261123, 51.0289615085395], [-114.09236097219394, 51.02896167727467], [-114.09236650863429, 51.02896219068924], [-114.09237193861335, 51.02896304383874], [-114.0923772098377, 51.02896422850691], [-114.0923822715426, 51.02896573328476], [-114.09238707498095, 51.02896754368044], [-114.0923915738934, 51.02896964225897], [-114.09239572495285, 51.0289720088099], [-114.09239948818232, 51.028974620542066], [-114.09240282733987, 51.02897745230311], [-114.09240571026754, 51.02898047682167], [-114.09240810920112, 51.02898366497001], [-114.09241000103748, 51.02898698604456], [-114.09241136755709, 51.02899040806153], [-114.09241219559955, 51.02899389806511], [-114.09241247719018, 51.02899742244464], [-114.09241220961704, 51.029000947258425], [-114.09241139545685, 51.02900443856057], [-114.09240891875142, 51.02901070703002], [-114.09241673208422, 51.02900893710775], [-114.09242215865925, 51.02900807537499], [-114.09242769304616, 51.02900755320778], [-114.0924332819459, 51.029007375634826], [-114.09243887153441, 51.029007544366266], [-114.09244570230295, 51.02900817780335], [-114.09244763918896, 51.02900475065186], [-114.09245002543453, 51.02900155871895], [-114.09245289632376, 51.02899852964975], [-114.09245622420836, 51.02899569261581], [-114.09245997703897, 51.02899307493924], [-114.09246411867377, 51.02899070182969], [-114.09246860922651, 51.028988596141495], [-114.09247009398497, 51.02898803335028], [-114.09247231254443, 51.02898699303396], [-114.0924771087683, 51.02898517504582], [-114.09248216447371, 51.02898366226602], [-114.09248743097127, 51.0289824692635], [-114.09249285754186, 51.02898160752747], [-114.09250566596943, 51.02898039904835], [-114.09249544022059, 51.028975629125576], [-114.0924892136235, 51.02897207930447], [-114.09248356877222, 51.02896816171052], [-114.09247856002966, 51.02896391407236], [-114.09247423563274, 51.02895937729718], [-114.09247063722756, 51.028954595076655], [-114.09246779946862, 51.02894961346632], [-114.09246574968485, 51.02894448044176], [-114.09246450761653, 51.028939245436916], [-114.09246408522519, 51.028933958867775], [-114.09246448657844, 51.02892867164686], [-114.09246570781069, 51.02892343469301], [-114.0924677371606, 51.02891829844094], [-114.09247055508415, 51.028913312355506], [-114.09247413444298, 51.028908524455375], [-114.09247844076572, 51.0289039808506], [-114.09248343258, 51.02889972529847], [-114.09248906181182, 51.028895798782244], [-114.0924952742486, 51.02889223911628], [-114.09250201006124, 51.02888908058203], [-114.09250920438016, 51.028886353597855], [-114.09251678792035, 51.028884084426004], [-114.09252468764831, 51.028882294919775], [-114.09253282748558, 51.02888100231301], [-114.09254112904131, 51.028880219054216], [-114.09254951236727, 51.028879952686566], [-114.09255789672771, 51.0288802057753], [-114.09256786581176, 51.02888113022958], [-114.09256649984027, 51.028875373050624], [-114.0925662182387, 51.02887184867141], [-114.09256648579944, 51.0288683238572], [-114.0925672999456, 51.02886483255389], [-114.09256865283639, 51.02886140838464], [-114.09257053144265, 51.028858084326046], [-114.09257291767224, 51.028854892390555], [-114.09257578854438, 51.02885186331832], [-114.09257962308817, 51.028848594333724], [-114.09257630585005, 51.02884418578522], [-114.09257441400764, 51.02884086471329], [-114.09257304748043, 51.02883744269814], [-114.09257221942872, 51.0288339526956], [-114.09257193782696, 51.02883042831637], [-114.09257220538703, 51.028826903502114], [-114.09257301953204, 51.02882341219875], [-114.09257437242121, 51.028819988029426], [-114.09257625102538, 51.028816663970716], [-114.09257863725247, 51.02881347203508], [-114.09258150812171, 51.02881044296264], [-114.092584835985, 51.028807605924946], [-114.09258858879319, 51.0288049882442], [-114.09259273040466, 51.028802615130026], [-114.09259722093347, 51.02880050943679], [-114.09260201713319, 51.0287986914435], [-114.09260707281423, 51.02879717865826], [-114.09261233928747, 51.02879598565008], [-114.09261776583396, 51.02879512390824], [-114.09262330019332, 51.02879460173175], [-114.09262888906669, 51.028794424149446], [-114.09263447863029, 51.028794592871556], [-114.09264001505373, 51.02879510627319], [-114.09264544501826, 51.02879595941001], [-114.0926507162306, 51.02879714406587], [-114.09265577792614, 51.02879864883193], [-114.09266058135783, 51.02880045921643], [-114.09266508026646, 51.0288025577845], [-114.09266923132488, 51.028804924325776], [-114.09267299455617, 51.02880753604921], [-114.09267633371836, 51.028810367802514], [-114.09267921665344, 51.028813392314404], [-114.09268161559714, 51.02881658045723], [-114.09268350744621, 51.028819901527434], [-114.09268487398104, 51.0288233235413], [-114.09268570204104, 51.02882681354303], [-114.09268598365139, 51.028830337921995], [-114.09268571609994, 51.028833862736484], [-114.0926849019632, 51.028837354040625], [-114.09268354908167, 51.02884077821123], [-114.0926816704842, 51.028844102271655], [-114.09267928426263, 51.028847294209356], [-114.09267641339753, 51.02885032328415], [-114.0926725788604, 51.028853592271915]]}}, {"type": "Feature", "properties": {"name": "F20", "length_m": 49.1}, "geometry": {"type": "LineString", "coordinates": [[-114.09259821628152, 51.0280090350184], [-114.0926039238847, 51.028012289016345], [-114.09260909823448, 51.02801588013947], [-114.09261368949895, 51.02801977380336], [-114.09261765346163, 51.028023932509896], [-114.09262095194738, 51.02802831620862], [-114.09262355318974, 51.02803288268211], [-114.09262543213718, 51.028037587952824], [-114.0926265706942, 51.02804238670643], [-114.09262695789565, 51.02804723272837], [-114.09262659001233, 51.028052079348775], [-114.09262547058691, 51.028056879892034], [-114.09262361039985, 51.0280615881263], [-114.0926210273656, 51.02806615870863], [-114.09261774635993, 51.028070547621816], [-114.09261379898065, 51.0280747125981], [-114.09260922324302, 51.028078613526496], [-114.09260406321381, 51.02808221283884], [-114.09259836858699, 51.028085475871656], [-114.09259219420481, 51.028088371200184], [-114.09258559953015, 51.02809087094066], [-114.09257864807347, 51.02809295101917], [-114.09257140678082, 51.02809459140345], [-114.0925639453907, 51.028095776295544], [-114.09255633576007, 51.0280964942843], [-114.09254794432346, 51.028096760914615], [-114.09255064727692, 51.028100353152034], [-114.0925525390874, 51.02810367422476], [-114.09255390559146, 51.0281070962406], [-114.09255473362877, 51.028110586243706], [-114.09255501522479, 51.02811411062343], [-114.09255474766745, 51.02811763543806], [-114.09255393353337, 51.02812112674172], [-114.09255258066295, 51.028124550911215], [-114.092550702085, 51.02812787496994], [-114.09254831589114, 51.028131066905345], [-114.09254544506165, 51.02813409597731], [-114.09254211724412, 51.02813693301418], [-114.09253836448721, 51.02813955069372], [-114.092534222932, 51.0281419238062], [-114.09252973246394, 51.02814402949722], [-114.09252493632891, 51.02814584748773], [-114.09251988071603, 51.028147360269536], [-114.09251461431388, 51.02814855327365], [-114.09250918784095, 51.02814941501076], [-114.09250365355713, 51.028149937181865], [-114.09249806476078, 51.02815011475815], [-114.09249247527518, 51.02814994602946], [-114.09248693893024, 51.02814943262074], [-114.09248150904415, 51.02814857947642], [-114.09247623790975, 51.02814739481275], [-114.09247521822304, 51.02814709166904], [-114.09247117629093, 51.028145890038694], [-114.0924663729343, 51.0281440796462], [-114.09246191514687, 51.02814200021811], [-114.0924618740984, 51.02814198107019], [-114.09246140664291, 51.028141714565905], [-114.09245819056531, 51.028139881025574], [-114.0924577231098, 51.02813961452126], [-114.09245729932826, 51.02813932040627], [-114.09245589655342, 51.02813834684548], [-114.09245566616273, 51.028138186948574], [-114.09245532751373, 51.02813795191769], [-114.09245438372619, 51.028137296905506], [-114.09245395994475, 51.02813700279056], [-114.0924535839185, 51.02813668389746], [-114.0924509968707, 51.0281344899236], [-114.09245062084452, 51.02813417103052], [-114.09245029619478, 51.028133830430306], [-114.09244925684567, 51.02813274001653], [-114.09244894260611, 51.02813241033793], [-114.09244858369298, 51.02813203379089], [-114.09244806261616, 51.02813148711279], [-114.09244773796648, 51.028131146512585], [-114.09244746781994, 51.02813078748557], [-114.09244560922083, 51.028128317391676], [-114.09244533907426, 51.02812795836457], [-114.09244512603243, 51.02812758436822], [-114.09244502070727, 51.02812739946917], [-114.09244482043073, 51.02812704788238], [-114.09244444803942, 51.0281263941469], [-114.09244366031223, 51.02812501128643], [-114.09244344727044, 51.02812463729012], [-114.0924432933851, 51.02812425192633], [-114.09244279321717, 51.0281229993924], [-114.09244272711902, 51.02812283386761], [-114.0924426170618, 51.02812255825939], [-114.09244223465933, 51.028121600636766], [-114.092442080774, 51.02812121527298], [-114.09244198752711, 51.02812082225298], [-114.09244134599182, 51.02811811828906], [-114.09244125274495, 51.02811772526909], [-114.09244122103453, 51.02811732837792], [-114.09244100286796, 51.02811459778027], [-114.09244097115754, 51.028114200889085], [-114.09244100128896, 51.028113803949], [-114.09244120859208, 51.0281110730148], [-114.0924412387235, 51.02811067607471], [-114.09244133040656, 51.02811028290844], [-114.09244196118281, 51.028107577938094], [-114.09244205286588, 51.02810718477183], [-114.0924422052176, 51.02810679916578], [-114.09244258380912, 51.0281058409412], [-114.09244269276952, 51.0281055651597], [-114.09244275820893, 51.0281053995309], [-114.0924432533922, 51.0281041462096], [-114.09244340574392, 51.02810376060356], [-114.09244361729706, 51.0281033862714], [-114.09244439951998, 51.028102002169014], [-114.09244476930915, 51.02810134784646], [-114.09244496818621, 51.028100995943916], [-114.09244507277542, 51.02810081087881], [-114.09244528432856, 51.02810043654659], [-114.09244555304578, 51.028100077093214], [-114.09244740181079, 51.02809760406656], [-114.09244767052796, 51.02809724461323], [-114.09244799382128, 51.028096903500504], [-114.09244851272113, 51.028096355999686], [-114.09244887013476, 51.02809597888599], [-114.09244918306146, 51.02809564871124], [-114.09245021806821, 51.028094556656455], [-114.09245054136149, 51.02809421554373], [-114.09245091611749, 51.028093896056646], [-114.09245349442571, 51.02809169799643], [-114.09245386918165, 51.02809137850935], [-114.09245429179111, 51.02809108372482], [-114.09245523296863, 51.028090427221365], [-114.09245557068105, 51.02809019165539], [-114.09245580043454, 51.0280900313945], [-114.0924571993299, 51.02808905561713], [-114.09245762193942, 51.028088760832524], [-114.09245808833253, 51.028088493589365], [-114.09246129710071, 51.02808665496589], [-114.09246176349367, 51.028086387722794], [-114.09246226917864, 51.02808615059485], [-114.09246574827444, 51.02808451916228], [-114.09246625395932, 51.028084282034335], [-114.09246679406623, 51.028084077305174], [-114.09246896871348, 51.02808325299852], [-114.09247136961966, 51.0280823429277], [-114.09247113541572, 51.028080374376614], [-114.09249328083291, 51.028078284912304], [-114.09249346224959, 51.028075894959294], [-114.09249346119611, 51.02807536563212], [-114.09249340839777, 51.02807470481088], [-114.09249332507567, 51.02807417809766], [-114.09249316981965, 51.028073523722014], [-114.09249300503134, 51.02807300469531], [-114.09249274881286, 51.02807236306718], [-114.09249250414535, 51.0280718567255], [-114.0924921494319, 51.028071234024175], [-114.0924918272415, 51.02807074524381], [-114.09249137744935, 51.0280701474664], [-114.0924909808388, 51.0280696809545], [-114.09249072160708, 51.02806939322208], [-114.09248907537092, 51.02806766610376], [-114.09248872860562, 51.02806725822212], [-114.09248619545421, 51.02806389164267], [-114.0924859137561, 51.028063464291144], [-114.09248391607277, 51.028059957345604], [-114.0924837021547, 51.028059514639835], [-114.09248278209427, 51.02805721060189], [-114.09248263934667, 51.02805688732745], [-114.09248239068673, 51.02805637399178], [-114.09248202961889, 51.028055742869824], [-114.09248170128568, 51.028055247660795], [-114.09248124253739, 51.028054642293945], [-114.09248083778235, 51.02805417011553], [-114.09248039610448, 51.028053711046155], [-114.09248051363765, 51.028053620501225], [-114.09248105146682, 51.028053111525], [-114.0924818572232, 51.028052771084795], [-114.09248266745038, 51.028052350690864], [-114.09248340843382, 51.02805188224023], [-114.09248407303764, 51.02805137024418], [-114.0924846548614, 51.028050819633464], [-114.09248514830162, 51.02805023571092], [-114.09248554860638, 51.02804962409994], [-114.09248585192043, 51.02804899069071], [-114.09248605532274, 51.02804834158331], [-114.09248612267412, 51.02804790472908], [-114.09248622237764, 51.02804785299696], [-114.09248696336105, 51.02804738454625], [-114.09248762796479, 51.028046872550156], [-114.09248816579384, 51.02804636357388], [-114.09248897155007, 51.028046023133605], [-114.09248978177706, 51.02804560273964], [-114.09249052276029, 51.02804513428897], [-114.09249170268546, 51.02804422530044], [-114.09249261246002, 51.028040323871906], [-114.09249396533241, 51.02803689970307], [-114.09249584391074, 51.028033575645196], [-114.09249823010323, 51.02803038371081], [-114.0925011009294, 51.02802735463995], [-114.0925044287416, 51.02802451760419], [-114.09250818149111, 51.028021899925704], [-114.09251086129532, 51.02802036439417], [-114.09251232303701, 51.02801952681407], [-114.09251681349382, 51.028017421123714], [-114.0925216096159, 51.02801560313352], [-114.09252666521442, 51.02801409035158], [-114.092531931601, 51.02801289734692], [-114.09253496289064, 51.028012415968725], [-114.09253604498717, 51.028011854511526], [-114.09253678596943, 51.02801138606055], [-114.09253745057212, 51.02801087406416], [-114.0925379884002, 51.02801036508765], [-114.09253879415544, 51.02801002464703], [-114.09253960438136, 51.028009604252716], [-114.09254034536352, 51.02800913580173], [-114.09254100996614, 51.02800862380531], [-114.09254154779416, 51.02800811482879], [-114.09254235354933, 51.02800777438814], [-114.09254316377518, 51.0280073539938], [-114.09254390475728, 51.02800688554277], [-114.09254456935979, 51.02800637354638], [-114.09254515118226, 51.02800582293536], [-114.09254564462127, 51.028005239012565], [-114.09254604492483, 51.02800462740137], [-114.09254634823776, 51.028003993991994], [-114.09254655163903, 51.028003344884475], [-114.09254661898977, 51.0280029080302], [-114.09254671869314, 51.02800285629802], [-114.09254745967523, 51.02800238784692], [-114.09254812427761, 51.02800187585052], [-114.0925487061, 51.02800132523949], [-114.09254919953891, 51.02800074131667], [-114.09254959984237, 51.02800012970547], [-114.09254990315524, 51.02799949629606], [-114.09255010655644, 51.02799884718855], [-114.09255017390716, 51.02799841033427], [-114.09255027361044, 51.02799835860214], [-114.09255095666062, 51.02799792677566], [-114.09255613976886, 51.027998083235055], [-114.09256375221942, 51.0279987891675], [-114.09257121829076, 51.027999962235654], [-114.09257846608119, 51.02800159114232], [-114.09258542579008, 51.0280036602002], [-114.09259203039213, 51.02800614948325], [-114.09259821628152, 51.0280090350184]]}}, {"type": "Feature", "properties": {"name": "F21", "length_m": 33.4}, "geometry": {"type": "LineString", "coordinates": [[-114.09254730746437, 51.02829851831648], [-114.09254720755465, 51.02829846674237], [-114.0925471384638, 51.02829802999618], [-114.09254693247668, 51.028297381212894], [-114.09254662664009, 51.02829674828594], [-114.09254622389943, 51.02829613731072], [-114.09254572813332, 51.028295554171315], [-114.09254514411616, 51.02829500448354], [-114.09254447747254, 51.028294493541374], [-114.09254373462254, 51.028294026265414], [-114.09254292272001, 51.028293607155625], [-114.09254211560662, 51.028293267992204], [-114.09254157575, 51.028292759869075], [-114.0925409091064, 51.02829224892686], [-114.0925401662565, 51.02829178165088], [-114.09253935435403, 51.02829136254107], [-114.09253854724071, 51.02829102337761], [-114.09253800738414, 51.028290515254476], [-114.09253734074062, 51.02829000431223], [-114.09253659789078, 51.02828953703623], [-114.09253578598839, 51.028289117926406], [-114.09253497887512, 51.028288778762914], [-114.09253443901864, 51.02828827063976], [-114.09253377237519, 51.02828775969751], [-114.09253302952543, 51.02828729242148], [-114.09253221762312, 51.02828687331163], [-114.09253026611772, 51.02828605325389], [-114.09252748684582, 51.028285969357626], [-114.09252195048443, 51.028285455950595], [-114.0925165205818, 51.02828460280793], [-114.09251124943103, 51.02828341814588], [-114.0925061877963, 51.028281913373405], [-114.09250395791793, 51.02828107293223], [-114.09250138442425, 51.02828010298238], [-114.09250088902368, 51.028279871893375], [-114.09249864812138, 51.028278826581825], [-114.09249741718206, 51.02827825238669], [-114.09249688557352, 51.02827800440775], [-114.09249273457104, 51.02827563786012], [-114.092488971393, 51.02827302613064], [-114.09248786514065, 51.028272087965135], [-114.09248661584296, 51.028271028488895], [-114.09248563228084, 51.02827019437166], [-114.0924827493921, 51.02826716985471], [-114.09248138661096, 51.028265358714684], [-114.09248035049045, 51.028263981707475], [-114.09247845867857, 51.02826066063365], [-114.09247764354163, 51.028258619355995], [-114.09247709217556, 51.02825723861703], [-114.09247626414142, 51.02825374861345], [-114.09247598255052, 51.028250224233624], [-114.09247625011459, 51.02824669941925], [-114.09247715249627, 51.02824282971652], [-114.09247429882531, 51.02824163054947], [-114.09247375897003, 51.02824112242604], [-114.09247309232792, 51.028240611483426], [-114.09247234947952, 51.028240144207004], [-114.09247153757858, 51.02823972509671], [-114.09247073046663, 51.02823938593278], [-114.09247019061142, 51.028238877809336], [-114.0924695239694, 51.02823836686672], [-114.09246878112106, 51.02823789959026], [-114.09246796922018, 51.02823748047995], [-114.0924671621083, 51.028237141316], [-114.09246662225317, 51.02823663319253], [-114.09246595561119, 51.02823612224988], [-114.09246521276295, 51.02823565497341], [-114.09246440086214, 51.02823523586307], [-114.09246359375032, 51.0282348966991], [-114.09246305389524, 51.02823438857561], [-114.09246238725335, 51.02823387763295], [-114.09246164440516, 51.02823341035646], [-114.09246083250446, 51.02823299124611], [-114.0924600253927, 51.02823265208211], [-114.0924598614853, 51.02823249780883], [-114.09246052984653, 51.02823131518121], [-114.09246381087836, 51.02822692627256], [-114.09246775828399, 51.028222761301436], [-114.09247233404768, 51.028218860378665], [-114.09247749410227, 51.028215261072205], [-114.09248318875346, 51.028211998045336], [-114.09248936315885, 51.02820910272263], [-114.09249595785548, 51.02820660298761], [-114.09250290933286, 51.028204522914045], [-114.09251015064504, 51.02820288253403], [-114.09251761205375, 51.02820169764539], [-114.0925252217022, 51.02820097965916], [-114.09253290630545, 51.028200735489904], [-114.09254059185676, 51.02820096748913], [-114.09254820434032, 51.02820167342254], [-114.09255567044389, 51.02820284649162], [-114.09256291826541, 51.02820447539919], [-114.092569878004, 51.0282065444579], [-114.09257648263407, 51.02820903374173], [-114.09258266854951, 51.028211919277574], [-114.09258837617652, 51.028215173276166], [-114.09259355054773, 51.02821876439985], [-114.09259814183095, 51.02822265806418], [-114.09260210580959, 51.0282268167711], [-114.09260540430827, 51.028231200470096], [-114.09260800556049, 51.02823576694379], [-114.0926098845146, 51.028240472214584], [-114.09261102307501, 51.02824527096817], [-114.09261141027656, 51.02825011698998], [-114.09261104239003, 51.028254963610166], [-114.09260992295815, 51.02825976415312], [-114.09260806276144, 51.02826447238697], [-114.09260547971438, 51.0282690429688], [-114.09260219869296, 51.0282734318814], [-114.09259825129509, 51.02827759685703], [-114.0925936755362, 51.028281497784704], [-114.09258851548327, 51.02828509709626], [-114.09258282083051, 51.02828836012822], [-114.09257664642044, 51.02829125545583], [-114.09257005171617, 51.02829375519535], [-114.09256310022843, 51.02829583527288], [-114.09255585890365, 51.02829747565617], [-114.09254839748066, 51.02829866054721], [-114.09254764625578, 51.028298731426865], [-114.09254730746437, 51.02829851831648]]}}, {"type": "Feature", "properties": {"name": "F22", "length_m": 25.1}, "geometry": {"type": "LineString", "coordinates": [[-114.09251399660828, 51.02835074977223], [-114.09251813818311, 51.02834837666053], [-114.09252262867136, 51.02834627097007], [-114.09252742482728, 51.028344452979674], [-114.0925299990624, 51.02834368269911], [-114.0925324804613, 51.02834294019758], [-114.09253774688501, 51.028341747192684], [-114.09254317337987, 51.02834088545426], [-114.09254870768598, 51.02834036328129], [-114.092554296505, 51.028340185702575], [-114.0925598860137, 51.0283403544283], [-114.0925654223822, 51.028340867833535], [-114.09256872556486, 51.028341386825296], [-114.09256927963484, 51.028341473880054], [-114.09256998260057, 51.02834158432911], [-114.09257072422541, 51.028341700852216], [-114.09257085229233, 51.02834172097391], [-114.09257585627098, 51.02834284558622], [-114.09257612345114, 51.02834290563325], [-114.09257960733898, 51.028343941353754], [-114.09258118509473, 51.02834441040266], [-114.09258298854296, 51.02834509011976], [-114.09258446174596, 51.02834564536785], [-114.09258598847678, 51.028346220790475], [-114.09259048733792, 51.02834831936155], [-114.09259463835194, 51.028350685905686], [-114.09259840154222, 51.028353297631746], [-114.09260036660807, 51.02835496411222], [-114.09260062398451, 51.02835518238114], [-114.09260067400764, 51.028355224803406], [-114.09260082849987, 51.028355355821056], [-114.09260174066719, 51.02835612938742], [-114.09260295893063, 51.02835740749363], [-114.0926043995008, 51.0283589188265], [-114.0926046235692, 51.02835915390141], [-114.09260499935377, 51.02835965331702], [-114.0926070224843, 51.02836234204603], [-114.09260891430952, 51.02836566311771], [-114.09261028082545, 51.028369085132724], [-114.0926111088717, 51.02837257513528], [-114.09261117682351, 51.0283734255839], [-114.0926113904736, 51.02837609951468], [-114.09261112291905, 51.02837962432929], [-114.09261030878464, 51.02838311563319], [-114.09260895591078, 51.028386539803186], [-114.0926070773263, 51.02838986386266], [-114.09260469112289, 51.028393055799086], [-114.0926018202809, 51.0283960848723], [-114.09259849244809, 51.02839892191066], [-114.09259473967322, 51.028401539591904], [-114.09259059809756, 51.02840391270628], [-114.09258610760675, 51.028406018399394], [-114.09258131144692, 51.02840783639213], [-114.09257625580737, 51.028409349176336], [-114.092570989377, 51.02841054218295], [-114.09256556287454, 51.028411403922654], [-114.09256002856016, 51.02841192609642], [-114.09255443973252, 51.02841210367541], [-114.09254885021521, 51.02841193494944], [-114.09254331383843, 51.028411421543424], [-114.0925378839207, 51.02841056840179], [-114.0925326127551, 51.02840938374073], [-114.09252755110595, 51.02840787896921], [-114.09252274772001, 51.02840606857911], [-114.09251824885622, 51.02840397000539], [-114.09251409784132, 51.028401603458555], [-114.09251033465185, 51.0283989917298], [-114.09250699552936, 51.02839615997153], [-114.0925041126314, 51.028393135455154], [-114.09250171372177, 51.02838994730844], [-114.09249982190323, 51.02838662623504], [-114.0924984553949, 51.02838320421873], [-114.09249762735693, 51.02837971421539], [-114.09249734576362, 51.0283761898357], [-114.09249761332678, 51.028372665021344], [-114.09249842746948, 51.028369173718225], [-114.09249978035099, 51.028365749549494], [-114.09250165894215, 51.02836242549172], [-114.0925040451511, 51.02835923355738], [-114.09250691599718, 51.02835620448655], [-114.09251024383254, 51.02835336745078], [-114.09251399660828, 51.02835074977223]]}}, {"type": "Feature", "properties": {"name": "F23", "length_m": 85.6}, "geometry": {"type": "LineString", "coordinates": [[-114.09293253391131, 51.02911200229568], [-114.09293471844039, 51.02911265171252], [-114.0929363896113, 51.0291131485182], [-114.09294119308663, 51.0291149588911], [-114.0929456920383, 51.029117057448204], [-114.09294984313911, 51.029119423979374], [-114.09295360641165, 51.02912203569361], [-114.09295694561355, 51.02912486743872], [-114.09295982858643, 51.0291278919435], [-114.09296222756564, 51.02913108008038], [-114.09296411944759, 51.02913440114583], [-114.09296548601233, 51.029137823156226], [-114.09296631409903, 51.02914131315577], [-114.0929665957326, 51.02914483753384], [-114.09296632820066, 51.02914836234878], [-114.09296551407954, 51.02915185365468], [-114.09296416120957, 51.02915527782834], [-114.0929622826195, 51.029158601893094], [-114.09295989640107, 51.02916179383635], [-114.09295702553483, 51.0291648229179], [-114.09295369766873, 51.029167659966014], [-114.09294994485185, 51.029170277658345], [-114.0929458032259, 51.029172650785036], [-114.09294131267697, 51.02917475649153], [-114.09293651645174, 51.02917657449865], [-114.09293146074019, 51.02917808729804], [-114.09292619423188, 51.02917928032055], [-114.09292076764628, 51.029180142076676], [-114.09291523324437, 51.02918066426724], [-114.09290964432567, 51.029180841863244], [-114.09290405471464, 51.02918067315433], [-114.09289851824235, 51.02918015976527], [-114.09289308822828, 51.029179306640295], [-114.09288781696642, 51.029178121995464], [-114.09288275522204, 51.029176617239585], [-114.09287795174279, 51.02917480686437], [-114.09287345278851, 51.02917270830465], [-114.09286930168682, 51.029170341770794], [-114.0928655384151, 51.02916773005386], [-114.09286219921567, 51.029164898306156], [-114.09285931624686, 51.02916187379897], [-114.09285691727312, 51.029158685660015], [-114.09285502539782, 51.029155364592825], [-114.0928536588407, 51.029151942581144], [-114.09285283076227, 51.02914845258081], [-114.09285254913729, 51.02914492820247], [-114.09285281667785, 51.029141403387776], [-114.0928542717864, 51.02913516331323], [-114.09284873792365, 51.02913533915699], [-114.0928368600124, 51.02913498064404], [-114.09282509502212, 51.02913388968519], [-114.09281355625676, 51.02913207678703], [-114.09280235484135, 51.02912955940884], [-114.0927915986522, 51.029126361794475], [-114.09278139127753, 51.029122514738795], [-114.09277183102029, 51.02911805529126], [-114.0927630099511, 51.02911302639895], [-114.09275501302174, 51.029107476492996], [-114.092747917247, 51.02910145902221], [-114.09274179096286, 51.02909503193827], [-114.09273669316855, 51.02908825713772], [-114.09273267295825, 51.0290811998657], [-114.09272976904833, 51.029073928087676], [-114.09272587466349, 51.02905751468147], [-114.09272566082038, 51.02905750822678], [-114.09272020440179, 51.02907131849657], [-114.09271832579763, 51.02907464255747], [-114.09271593956677, 51.029077834495794], [-114.09271306868979, 51.029080863571416], [-114.0927097408148, 51.029083700612624], [-114.09270598799095, 51.02908631829715], [-114.09270184636, 51.02908869141524], [-114.09269735580811, 51.029090797112396], [-114.09269255958199, 51.029092615109526], [-114.0926875038716, 51.0290941278984], [-114.09268223736652, 51.029095320909924], [-114.09267681078619, 51.02909618265473], [-114.09267127639153, 51.02909670483375], [-114.09266568748198, 51.02909688241808], [-114.0926600978819, 51.0290967136975], [-114.09265456142232, 51.029096200296856], [-114.0926491314225, 51.02909534716053], [-114.0926438601764, 51.02909416250467], [-114.09263879844903, 51.02909265773818], [-114.09263399498795, 51.02909084735291], [-114.09262949605282, 51.02908874878376], [-114.09262534497104, 51.02908638224119], [-114.09262158171983, 51.02908377051635], [-114.0926182425413, 51.02908093876163], [-114.09261535959358, 51.029077914248376], [-114.0926129606409, 51.02907472610435], [-114.09261106878648, 51.02907140503314], [-114.09260970224976, 51.02906798301856], [-114.09260887419116, 51.029064493016435], [-114.09260859258521, 51.02906096863743], [-114.0926088601438, 51.02905744382325], [-114.09260967429007, 51.02905395251976], [-114.09261102718324, 51.02905052835014], [-114.09261290579408, 51.029047204290954], [-114.09261529203046, 51.02904401235472], [-114.09261816291153, 51.029040983281476], [-114.09262149078909, 51.029038146242854], [-114.0926252436138, 51.02903552856102], [-114.09262938524385, 51.029033155445674], [-114.09263275123037, 51.029031577077696], [-114.09263231274838, 51.029029729018966], [-114.09263203114088, 51.02902620464001], [-114.0926322986975, 51.02902267982574], [-114.0926331128414, 51.02901918852207], [-114.09263446573182, 51.02901576435217], [-114.0926363443396, 51.02901244029259], [-114.09263873057259, 51.02900924835585], [-114.09264160144998, 51.029006219282024], [-114.0926449293236, 51.02900338224271], [-114.0926486821442, 51.02900076456012], [-114.09265282377004, 51.02899839144388], [-114.09265731431502, 51.02899628574842], [-114.09266211053259, 51.028994467752696], [-114.09266716623296, 51.0289929549649], [-114.09267243272683, 51.02899176195403], [-114.09267785929507, 51.02899090020942], [-114.09268339367705, 51.02899037803009], [-114.09268898257372, 51.02899020044492], [-114.09269457216108, 51.02899036916413], [-114.0927001086085, 51.02899088256288], [-114.09270553859703, 51.02899173569688], [-114.09271080983311, 51.02899292034997], [-114.09271587155192, 51.02899442511335], [-114.09272067500622, 51.02899623549532], [-114.0927251739365, 51.02899833406099], [-114.09272932501548, 51.02900070060005], [-114.09273308826603, 51.02900331232144], [-114.09273642744594, 51.02900614407293], [-114.09273931039709, 51.02900916858324], [-114.09274170935505, 51.02901235672473], [-114.09274529251347, 51.02901864678182], [-114.09275481951569, 51.0290105249121], [-114.09276279424701, 51.02900496232894], [-114.09277159518975, 51.02899991944822], [-114.09278113758613, 51.02899544483547], [-114.09279132953782, 51.02899158158345], [-114.09280207289093, 51.028988366897316], [-114.09281326418157, 51.028985831736044], [-114.09282479563183, 51.02898400051452], [-114.09282535977725, 51.02898394728564], [-114.09282581793065, 51.028984298424604], [-114.09282656079455, 51.02898476569874], [-114.0928266607061, 51.02898481727261], [-114.09282672980059, 51.02898525401859], [-114.09282693579468, 51.0289859028013], [-114.09282724163964, 51.02898653572745], [-114.09282764439, 51.028987146701624], [-114.09282814016701, 51.028987729839756], [-114.09282872419625, 51.02898827952604], [-114.09282939085294, 51.02898879046651], [-114.09283013371702, 51.02898925774063], [-114.09283023362853, 51.0289893093145], [-114.09283030272307, 51.02898974606047], [-114.09283050871723, 51.02899039484317], [-114.09283081456225, 51.028991027769315], [-114.09283121731269, 51.02899163874348], [-114.09283171308982, 51.028992221881595], [-114.09283229711914, 51.02899277156784], [-114.09283296377595, 51.028993282508296], [-114.09283370664012, 51.028993749782416], [-114.09283380655165, 51.02899380135626], [-114.09283387564622, 51.02899423810223], [-114.09283408164046, 51.02899488688493], [-114.09283438748557, 51.028995519811055], [-114.0928347902361, 51.02899613078521], [-114.09283528601331, 51.02899671392331], [-114.09283587004273, 51.028997263609554], [-114.09283653669965, 51.02899777454998], [-114.09283727956385, 51.02899824182404], [-114.09283809148134, 51.02899866093171], [-114.09283889860916, 51.02899900009305], [-114.09283943847724, 51.02899950821473], [-114.09284010513426, 51.02900001915516], [-114.09284084799862, 51.02900048642923], [-114.09284094791016, 51.029000538003054], [-114.09284101700482, 51.02900097474904], [-114.09284122299916, 51.02900162353171], [-114.09284152884442, 51.02900225645782], [-114.0928419315951, 51.02900286743195], [-114.09284242737247, 51.029003450570016], [-114.09284301140207, 51.02900400025623], [-114.09284367805914, 51.029004511196604], [-114.09284442092361, 51.02900497847066], [-114.09284452083519, 51.02900503004448], [-114.09284458992987, 51.02900546679045], [-114.09284479592431, 51.02900611557313], [-114.09284510176964, 51.02900674849924], [-114.0928455045204, 51.02900735947334], [-114.09284600029787, 51.02900794261139], [-114.09284658432756, 51.02900849229759], [-114.09284725098473, 51.029009003237945], [-114.09284799384932, 51.02900947051198], [-114.09284809376089, 51.02900952208581], [-114.09284816285563, 51.02900995883177], [-114.09284836885013, 51.02901060761444], [-114.09284867469553, 51.029011240540534], [-114.09284907744639, 51.02901185151464], [-114.09284957322394, 51.02901243465267], [-114.09285015725374, 51.02901298433884], [-114.09285082391102, 51.02901349527918], [-114.0928515667757, 51.029013962553186], [-114.09285166668731, 51.029014014127014], [-114.09285173578208, 51.02901445087298], [-114.09285194177664, 51.02901509965563], [-114.09285224762213, 51.02901573258171], [-114.09285265037308, 51.0290163435558], [-114.09285314615072, 51.029016926693835], [-114.09285373018061, 51.029017476379984], [-114.092854396838, 51.02901798732028], [-114.09285513970279, 51.02901845459428], [-114.0928552396144, 51.0290185061681], [-114.0928553087092, 51.029018942914064], [-114.09285551470386, 51.029019591696716], [-114.09285582054942, 51.0290202246228], [-114.09285622330044, 51.02902083559686], [-114.0928567190782, 51.02902141873488], [-114.09285730310818, 51.029021968421006], [-114.09285796976566, 51.0290224793613], [-114.09285871263053, 51.029022946635244], [-114.09286026434084, 51.029023747619334], [-114.09286506945381, 51.02902450256831], [-114.09287034069767, 51.029025687214215], [-114.09287302618138, 51.029026485558106], [-114.09287329916003, 51.02902656670952], [-114.09287451800422, 51.029026929048975], [-114.09287540242521, 51.02902719197069], [-114.09287655522421, 51.02902762644864], [-114.09288020588919, 51.0290290023461], [-114.09288056910437, 51.02902917177015], [-114.0928837263518, 51.02903064448833], [-114.09288470482974, 51.02903110090556], [-114.0928852566265, 51.029031415484525], [-114.09288729416757, 51.0290325770852], [-114.09288885591982, 51.029033467438964], [-114.09288913315815, 51.02903365984331], [-114.09289086268417, 51.02903486014005], [-114.09289236782426, 51.02903590471215], [-114.09289261918197, 51.02903607915521], [-114.09289443214742, 51.02903761661084], [-114.09289506113247, 51.02903815001125], [-114.09289595837393, 51.02903891090211], [-114.092898002976, 51.029041055886566], [-114.09289884133752, 51.02904193540844], [-114.09289937262129, 51.0290426414639], [-114.09290124030808, 51.0290451235466], [-114.09290157624017, 51.029045713254405], [-114.09290313218217, 51.029048444613096], [-114.09290350592164, 51.029049380497966], [-114.0929044987399, 51.029051866624265], [-114.09290515805077, 51.02905464533333], [-114.09290532682049, 51.02905535662429], [-114.0929056084489, 51.029058881002584], [-114.09290534091281, 51.02906240581743], [-114.09290523412606, 51.02906286376373], [-114.0929045267886, 51.029065897122976], [-114.09290317391662, 51.02906932129596], [-114.09290162424743, 51.02907206335077], [-114.09290174783936, 51.02907284456521], [-114.09290195383488, 51.02907349334777], [-114.09290225968144, 51.029074126273706], [-114.09290266243354, 51.02907473724762], [-114.09290315821245, 51.02907532038544], [-114.09290374224366, 51.02907587007133], [-114.09290440890244, 51.02907638101135], [-114.09290515176866, 51.02907684828501], [-114.09290525168046, 51.02907689985879], [-114.09290532077583, 51.02907733660473], [-114.09290552677142, 51.029077985387275], [-114.09290583261804, 51.02907861831321], [-114.09290623537025, 51.02907922928709], [-114.09290673114924, 51.02907981242489], [-114.09290731518055, 51.029080362110776], [-114.09290798183943, 51.02908087305077], [-114.09290872470577, 51.0290813403244], [-114.09290882461758, 51.02908139189818], [-114.09290889371299, 51.02908182864411], [-114.09290909970865, 51.02908247742666], [-114.09290940555536, 51.02908311035259], [-114.09290980830764, 51.029083721326465], [-114.09291030408673, 51.02908430446425], [-114.09291088811814, 51.0290848541501], [-114.09291155477712, 51.02908536509008], [-114.09291229764357, 51.0290858323637], [-114.09291239755538, 51.02908588393747], [-114.09291246665083, 51.0290863206834], [-114.09291267264656, 51.02908696946594], [-114.09291297849336, 51.02908760239185], [-114.09291338124572, 51.029088213365725], [-114.09291387702491, 51.02908879650349], [-114.09291446105641, 51.029089346189316], [-114.0929151277155, 51.029089857129286], [-114.09291587058205, 51.02909032440287], [-114.09291597049389, 51.02909037597664], [-114.09291603958937, 51.029090812722565], [-114.09291624558517, 51.0290914615051], [-114.09291655143204, 51.029092094431], [-114.0929169541845, 51.02909270540486], [-114.09291744996376, 51.02909328854261], [-114.09291803399537, 51.02909383822842], [-114.09291870065456, 51.02909434916836], [-114.09291944352123, 51.029094816441926], [-114.09291954343308, 51.0290948680157], [-114.0929196125286, 51.02909530476162], [-114.09291981852448, 51.02909595354415], [-114.09292012437143, 51.02909658647005], [-114.09292052712397, 51.02909719744388], [-114.09292102290333, 51.02909778058162], [-114.09292160693504, 51.029098330267416], [-114.09292227359434, 51.02909884120734], [-114.0929230164611, 51.02909930848088], [-114.09292311637296, 51.02909936005465], [-114.09292318546854, 51.02909979680056], [-114.09292339146447, 51.02910044558309], [-114.09292369731149, 51.029101078508965], [-114.09292410006412, 51.0291016894828], [-114.09292459584358, 51.02910227262053], [-114.09292517987538, 51.0291028223063], [-114.09292584653478, 51.0291033332462], [-114.09292658940166, 51.02910380051973], [-114.09292668931353, 51.029103852093485], [-114.09292675840915, 51.02910428883939], [-114.09292696440515, 51.029104937621916], [-114.09292727025226, 51.029105570547785], [-114.09292767300497, 51.0291061815216], [-114.09292816878452, 51.02910676465932], [-114.09292875281642, 51.029107314345055], [-114.09292941947592, 51.02910782528494], [-114.09293016234291, 51.02910829255843], [-114.0929302622548, 51.0291083441322], [-114.09293033135044, 51.029108780878126], [-114.09293053734653, 51.02910942966062], [-114.09293084319371, 51.02911006258648], [-114.0929312459465, 51.0291106735603], [-114.09293174172612, 51.02911125669794], [-114.09293253391131, 51.02911200229568]]}}, {"type": "Feature", "properties": {"name": "F24", "length_m": 38.2}, "geometry": {"type": "LineString", "coordinates": [[-114.09280036490752, 51.02872864612744], [-114.0928003334285, 51.028728701828], [-114.09279848632293, 51.028731970189824], [-114.09279610011514, 51.02873516212995], [-114.09279322926453, 51.0287381912077], [-114.09278990141891, 51.028741028251346], [-114.09278595429447, 51.028743781491634], [-114.0927856481883, 51.02874781436127], [-114.09278483406058, 51.028751305666155], [-114.0927834811889, 51.02875472983796], [-114.09278160260206, 51.02875805390003], [-114.09277921639176, 51.02876124583981], [-114.09277634553845, 51.02876427491713], [-114.09277301768995, 51.028767111960285], [-114.09276926489521, 51.02876972964698], [-114.09276512329569, 51.02877210276741], [-114.09276063277726, 51.0287742084671], [-114.09275583658626, 51.02877602646691], [-114.09275078091238, 51.02877753925858], [-114.09274551444479, 51.028778732273004], [-114.09274008790258, 51.02877959402078], [-114.09273756160667, 51.028779832383904], [-114.09273404537379, 51.02878283002339], [-114.09273029257562, 51.028785447708806], [-114.09272615097271, 51.028787820827866], [-114.09272166045098, 51.02878992652603], [-114.09271686425684, 51.028791744524234], [-114.09271180857998, 51.02879325731424], [-114.0927065421096, 51.0287944503269], [-114.09270111556484, 51.028795312072866], [-114.09269558120627, 51.02879583425304], [-114.092689992333, 51.02879601183851], [-114.09268440276904, 51.02879584311908], [-114.09267886634503, 51.02879532971954], [-114.09267343637994, 51.028794476584274], [-114.09266816516732, 51.02879329192944], [-114.09266310347198, 51.028791787163904], [-114.09265830004107, 51.02878997677952], [-114.09265380113398, 51.028787878211176], [-114.09264965007786, 51.02878551166934], [-114.09264588684967, 51.02878289994515], [-114.09264254769131, 51.028780068190954], [-114.09263966476068, 51.02877704367815], [-114.0926372658219, 51.028773855534425], [-114.092635373978, 51.028770534463455], [-114.09263400744838, 51.02876711244896], [-114.09263317939336, 51.02876362244684], [-114.09263289778741, 51.02876009806771], [-114.09263316534245, 51.02875657325328], [-114.09263397948166, 51.02875308194944], [-114.0926353323643, 51.02874965777937], [-114.09263721096127, 51.02874633371963], [-114.09263959718056, 51.02874314178274], [-114.09264246804149, 51.02874011270876], [-114.09264579589603, 51.0287372756693], [-114.09264954869512, 51.02873465798657], [-114.0926536902972, 51.0287322848702], [-114.09265818081644, 51.02873017917462], [-114.09266297700654, 51.02872836117881], [-114.09266803267793, 51.028726848390924], [-114.09267329914165, 51.02872565537997], [-114.09267872567881, 51.028724793635305], [-114.09268125197202, 51.02872455527344], [-114.09268476820391, 51.028721557635514], [-114.09268871533243, 51.02871880439864], [-114.09268902144683, 51.02871477152925], [-114.09268983558113, 51.028711280225004], [-114.09269118845843, 51.02870785605427], [-114.09269306704972, 51.02870453199361], [-114.09269545326303, 51.02870134005556], [-114.09269832411775, 51.028698310980175], [-114.09270165196588, 51.02869547393913], [-114.09270540475843, 51.028692856254565], [-114.09270954635396, 51.02869048313622], [-114.09271403686662, 51.02868837743847], [-114.09271883305021, 51.02868655944035], [-114.09272388871526, 51.02868504665005], [-114.09272915517278, 51.02868385363658], [-114.09273458170401, 51.028682991889305], [-114.09274011604869, 51.028682469707284], [-114.09274570490813, 51.028682292119406], [-114.09275129445864, 51.02868246083594], [-114.09275683087002, 51.02868297423205], [-114.09276226082358, 51.02868382736346], [-114.09276753202617, 51.02868501201408], [-114.09277259371326, 51.02868651677512], [-114.09277739713792, 51.02868832715484], [-114.09278189604093, 51.02869042571847], [-114.09278604709529, 51.02869279225564], [-114.09278981032405, 51.02869540397536], [-114.09279314948529, 51.028698235725386], [-114.09279603242099, 51.02870126023447], [-114.09279843136692, 51.028704448374945], [-114.09280032321975, 51.02870776944332], [-114.09280168975987, 51.02871119145589], [-114.09280251782661, 51.028714681456854], [-114.09280279944514, 51.028718205835595], [-114.09280253190317, 51.02872173065042], [-114.09280171777718, 51.028725221955455], [-114.09280036490752, 51.02872864612744]]}}, {"type": "Feature", "properties": {"name": "F25", "length_m": 38.8}, "geometry": {"type": "LineString", "coordinates": [[-114.09279647463163, 51.02842736748398], [-114.09280201101309, 51.028427880878], [-114.09280744093768, 51.02842873400736], [-114.09281271211246, 51.02842991865601], [-114.09281777377323, 51.028431423415164], [-114.09282257717328, 51.02843323379313], [-114.09282707605362, 51.02843533235511], [-114.09283122708747, 51.028437698890805], [-114.09283499029809, 51.028440310609206], [-114.09283832944372, 51.02844314235808], [-114.09284082825232, 51.02844576388747], [-114.09284377071039, 51.028446226194255], [-114.09284904188809, 51.02844741084126], [-114.09285410355194, 51.02844891559883], [-114.0928589069552, 51.02845072597529], [-114.09286340583888, 51.02845282453586], [-114.09286755687613, 51.028455191070265], [-114.09287132009023, 51.02845780278747], [-114.09287465923933, 51.028460634535286], [-114.09287754216557, 51.02846365904248], [-114.0928799411048, 51.02846684718141], [-114.09288183295376, 51.02847016824861], [-114.09288319949287, 51.02847359026036], [-114.09288402756148, 51.028477080260906], [-114.09288430918473, 51.02848060463959], [-114.0928840416503, 51.02848412945474], [-114.09288322753457, 51.02848762076047], [-114.09288187467779, 51.02849104493355], [-114.09287999610862, 51.02849436899735], [-114.0928776099186, 51.02849756093928], [-114.09287473908796, 51.028500590019135], [-114.09287141126437, 51.02850342706518], [-114.09286952226942, 51.02850474470684], [-114.09286908116658, 51.02850663635696], [-114.09286772830822, 51.02851006052988], [-114.09286584973728, 51.028513384593424], [-114.0928634635453, 51.02851657653508], [-114.09286059271257, 51.02851960561457], [-114.09285726488673, 51.02852244266024], [-114.09285351211649, 51.02852506034974], [-114.09284937054305, 51.02852743347323], [-114.09284488005207, 51.02852953917623], [-114.09284008388961, 51.02853135717956], [-114.09283502824508, 51.028532869974924], [-114.09282976180737, 51.028534062993174], [-114.09282433529529, 51.02853492474489], [-114.09281880096914, 51.0285354469309], [-114.09281321212767, 51.02853562452227], [-114.09280762259456, 51.028535455808694], [-114.09280208620022, 51.028534942414964], [-114.09279665626332, 51.02853408928537], [-114.09279138507712, 51.028532904636016], [-114.09278632340616, 51.02853139987576], [-114.09278151999737, 51.02852958949634], [-114.09277702110994, 51.02852749093263], [-114.09277287007085, 51.02852512439506], [-114.09276910685682, 51.028522512674705], [-114.09276576770971, 51.02851968092391], [-114.09276288478723, 51.028516656413984], [-114.09276048585346, 51.02851346827266], [-114.0927585940114, 51.02851014720354], [-114.09275722748038, 51.02850672519033], [-114.09275601266759, 51.02850160515016], [-114.09274884472966, 51.028500940458464], [-114.0927434147977, 51.02850008732639], [-114.09273814361671, 51.028498902674635], [-114.09273308195117, 51.02849739791205], [-114.09272827854798, 51.028495587530436], [-114.09272377966624, 51.02849348896467], [-114.09271962863288, 51.02849112242519], [-114.09271586542462, 51.0284885107031], [-114.09271252628318, 51.02848567895075], [-114.09270964336629, 51.0284826544395], [-114.09270724443793, 51.028479466297064], [-114.09270535260104, 51.02847614522705], [-114.09270398607497, 51.028472723213206], [-114.09270315801994, 51.028469233211396], [-114.09270287641051, 51.02846570883225], [-114.09270314395859, 51.0284621840175], [-114.09270395808741, 51.028458692712995], [-114.09270531095635, 51.028455268541954], [-114.09270718953644, 51.028451944480935], [-114.09270957573584, 51.02844875254244], [-114.09271244657404, 51.02844572346662], [-114.09271577440325, 51.028442886425026], [-114.09271952717462, 51.02844026873993], [-114.09272366874693, 51.02843789562099], [-114.09272815923457, 51.02843578992262], [-114.09273295539154, 51.02843397192386], [-114.09273801102866, 51.028432459132894], [-114.09274327745722, 51.02843126611875], [-114.09274870395869, 51.0284304043708], [-114.09275423827314, 51.0284298821881], [-114.09275982710213, 51.02842970459956], [-114.09276541662234, 51.02842987331544], [-114.09276825873837, 51.02843013686839], [-114.09277433546865, 51.02842876029318], [-114.09277976196925, 51.02842789854379], [-114.09278529628305, 51.028427376359616], [-114.09279088511161, 51.02842719876959], [-114.09279647463163, 51.02842736748398]]}}, {"type": "Feature", "properties": {"name": "F26", "length_m": 39.8}, "geometry": {"type": "LineString", "coordinates": [[-114.0928657512412, 51.02892754893121], [-114.09286565132979, 51.028927497357394], [-114.092865582235, 51.028927060611416], [-114.09286537624064, 51.02892641182878], [-114.09286507039556, 51.02892577890272], [-114.09286466764524, 51.028925167928676], [-114.09286417186843, 51.02892458479069], [-114.09286358783959, 51.028924035104566], [-114.09286292118345, 51.028923524164306], [-114.0928621783201, 51.028923056890356], [-114.09286207840869, 51.028923005316535], [-114.09286200931396, 51.02892256857057], [-114.09286180331966, 51.02892191978793], [-114.09286149747466, 51.02892128686185], [-114.09286109472443, 51.02892067588779], [-114.09286059894771, 51.02892009274977], [-114.09286001491897, 51.02891954306366], [-114.0928593482629, 51.02891903212336], [-114.09285860539975, 51.02891856484945], [-114.09285779348347, 51.0289181457419], [-114.09285698635694, 51.02891780658069], [-114.0928564464896, 51.028917298459085], [-114.09285577983361, 51.028916787518746], [-114.09285503697045, 51.02891632024476], [-114.09285493705906, 51.02891626867093], [-114.09285486796439, 51.028915831924955], [-114.09285466197024, 51.02891518314229], [-114.09285435612537, 51.02891455021621], [-114.0928539533753, 51.02891393924212], [-114.09285345759872, 51.02891335610407], [-114.09285287357017, 51.02891280641792], [-114.09285220691429, 51.02891229547758], [-114.09285146405132, 51.02891182820362], [-114.09285065213521, 51.028911409096025], [-114.09284984500883, 51.028911069934765], [-114.09284930514166, 51.02891056181313], [-114.09284863848583, 51.028910050872746], [-114.09284789562287, 51.02890958359871], [-114.09284779571149, 51.028909532024876], [-114.09284772661691, 51.0289090952789], [-114.09284752062287, 51.02890844649623], [-114.09284721477816, 51.02890781357012], [-114.09284681202823, 51.02890720259601], [-114.09284631625184, 51.028906619457935], [-114.09284573222342, 51.028906069771736], [-114.09284506556773, 51.02890555883134], [-114.09284432270493, 51.02890509155735], [-114.09284351078901, 51.028904672449706], [-114.09284270366281, 51.028904333288395], [-114.0928421637958, 51.028903825166715], [-114.09284149714016, 51.02890331422629], [-114.09284075427735, 51.028902846952214], [-114.092840654366, 51.02890279537838], [-114.0928405852715, 51.0289023586324], [-114.09284037927759, 51.028901709849706], [-114.09284007343301, 51.028901076923574], [-114.09283967068325, 51.02890046594944], [-114.092839174907, 51.02889988281134], [-114.09283859087877, 51.02889933312511], [-114.09283792422323, 51.02889882218468], [-114.09283718136064, 51.028898354910645], [-114.0928363694449, 51.02889793580294], [-114.09283556231885, 51.02889759664158], [-114.092835022452, 51.02889708851987], [-114.0928343557965, 51.02889657757939], [-114.09283361293397, 51.02889611030533], [-114.09283280101832, 51.028895691197604], [-114.09283199389233, 51.02889535203622], [-114.09283145402554, 51.02889484391449], [-114.09283078737013, 51.02889433297402], [-114.09283004450758, 51.028893865699864], [-114.09282994459628, 51.02889381412601], [-114.09282987550189, 51.02889337738002], [-114.09282966950818, 51.02889272859732], [-114.0928293636638, 51.028892095671154], [-114.09282896091425, 51.028891484696985], [-114.09282846513824, 51.028890901558825], [-114.09282788111024, 51.02889035187255], [-114.09282721445497, 51.02888984093205], [-114.0928264715926, 51.02888937365795], [-114.09282565967712, 51.028888954550176], [-114.09282485255132, 51.028888615388745], [-114.09282431268468, 51.02888810726698], [-114.09282364602944, 51.028887596326435], [-114.09282290316716, 51.0288871290523], [-114.09282209125175, 51.02888670994451], [-114.092821284126, 51.02888637078305], [-114.09282074425943, 51.02888586266128], [-114.09282007760429, 51.02888535172073], [-114.09281933474198, 51.028884884446505], [-114.0928192348307, 51.028884832872656], [-114.09281916573642, 51.02888439612665], [-114.0928189597429, 51.028883747343926], [-114.09281865389873, 51.028883114417745], [-114.0928182511494, 51.02888250344353], [-114.09281775537362, 51.02888192030533], [-114.09281717134587, 51.02888137061899], [-114.09281650469083, 51.028880859678445], [-114.09281576182872, 51.028880392404254], [-114.09281494991349, 51.02887997329641], [-114.09281414278792, 51.028879634134896], [-114.0928136029215, 51.028879126013095], [-114.0928129362665, 51.02887861507248], [-114.09281219340448, 51.02887814779829], [-114.09281138148931, 51.02887772869041], [-114.09281057436382, 51.02887738952887], [-114.09281003449746, 51.02887688140705], [-114.09280936784253, 51.02887637046643], [-114.09280862498058, 51.028875903192194], [-114.09280781306549, 51.02887548408431], [-114.09280700594006, 51.02887514492274], [-114.09280646607378, 51.02887463680089], [-114.09280579941894, 51.02887412586027], [-114.09280505655695, 51.02887365858596], [-114.09280495664572, 51.028873607012095], [-114.0928048875516, 51.02887317026609], [-114.0928046815583, 51.02887252148333], [-114.09280437571442, 51.02887188855711], [-114.09280397296537, 51.028871277582844], [-114.09280347718989, 51.028870694444585], [-114.09280289316244, 51.02887014475817], [-114.09280222650773, 51.028869633817536], [-114.09280148364594, 51.02886916654327], [-114.09280067173103, 51.028868747435325], [-114.09279986460577, 51.02886840827371], [-114.09279932473963, 51.028867900151845], [-114.09279865808496, 51.02886738921115], [-114.09279791522326, 51.02886692193686], [-114.09279710330841, 51.028866502828876], [-114.09279629618321, 51.02886616366725], [-114.09279575631714, 51.02886565554535], [-114.09279508966254, 51.02886514460465], [-114.09279434680091, 51.028864677330326], [-114.09279353488614, 51.028864258222335], [-114.09279272776101, 51.02886391906067], [-114.092792187895, 51.02886341093876], [-114.09279152124047, 51.02886289999804], [-114.09279077837893, 51.0288624327237], [-114.09278996646422, 51.02886201361568], [-114.09278915933915, 51.028861674453985], [-114.09278861947321, 51.028861166332064], [-114.09278795281877, 51.028860655391334], [-114.09278720995718, 51.02886018811691], [-114.09278711004599, 51.02886013654303], [-114.09278704095205, 51.02885969979701], [-114.09278683495909, 51.028859051014216], [-114.09278652911553, 51.02885841808795], [-114.0927861263668, 51.0288578071136], [-114.09278563059172, 51.02885722397531], [-114.09278553883928, 51.02885713761787], [-114.0927869023604, 51.02885368649915], [-114.09278995506955, 51.0288482848982], [-114.09279383266714, 51.028843097995775], [-114.09279849780964, 51.02883817574445], [-114.09280390556897, 51.028833565548155], [-114.09281000386538, 51.02882931180546], [-114.09281673396895, 51.02882545548213], [-114.09282403106504, 51.028822033716594], [-114.09283182487877, 51.02881907946223], [-114.09284004035163, 51.02881662117], [-114.09284859836431, 51.02881468251453], [-114.09285741649872, 51.028813282166084], [-114.09286640983167, 51.02881243361071], [-114.09287549175282, 51.02881214502045], [-114.0928845747986, 51.028812419174564], [-114.09289357149463, 51.02881325343282], [-114.09290239519814, 51.028814639760874], [-114.09291096093234, 51.02881656480769], [-114.09291918620478, 51.02881901003406], [-114.09292699180176, 51.028821951891196], [-114.09293430255131, 51.02882536204752], [-114.09294104804702, 51.02882920766146], [-114.09294716332609, 51.02883345169772], [-114.092952589495, 51.02883805328402], [-114.09295727429671, 51.0288429681047], [-114.09296117261384, 51.02884814882742], [-114.09296424690328, 51.028853545559066], [-114.09296646755767, 51.02885910632624], [-114.09296781319061, 51.02886477757574], [-114.0929682708426, 51.02887050469039], [-114.0929678361059, 51.028876232514946], [-114.0929665131669, 51.02888190588731], [-114.09296431476592, 51.02888747016977], [-114.0929612620745, 51.02889287177523], [-114.09295738449143, 51.02889805868315], [-114.09295271935977, 51.028902980940764], [-114.09294731160713, 51.02890759114389], [-114.09294121331304, 51.02891184489369], [-114.09293448320732, 51.028915701224136], [-114.09292718610467, 51.028919122996506], [-114.09291939228024, 51.028922077257185], [-114.09291117679295, 51.028924535554964], [-114.09290261876266, 51.02892647421499], [-114.09289380060815, 51.02892787456683], [-114.09288480725336, 51.0289287231243], [-114.09287572530948, 51.02892901171529], [-114.09286740890833, 51.02892876070089], [-114.09286716076097, 51.02892852714542], [-114.09286649410464, 51.02892801620509], [-114.0928657512412, 51.02892754893121]]}}, {"type": "Feature", "properties": {"name": "F27", "length_m": 46.6}, "geometry": {"type": "LineString", "coordinates": [[-114.0929894304763, 51.02858659974425], [-114.09299931397123, 51.02858882094475], [-114.09300880462919, 51.02859164235272], [-114.09301781104982, 51.02859503679648], [-114.09302624649662, 51.02859897158582], [-114.09303402973183, 51.028603408826676], [-114.09304108579863, 51.02860830578614], [-114.09304734674322, 51.02861361530398], [-114.09305275226916, 51.028619286246744], [-114.09305725031805, 51.02862526400028], [-114.09306079757097, 51.02863149099566], [-114.0930633598656, 51.02863790726359], [-114.09306491252522, 51.02864445101197], [-114.0930654405965, 51.028651059220984], [-114.09306493899335, 51.02865766824996], [-114.09306341254606, 51.02866421445036], [-114.09306087595475, 51.02867063477861], [-114.09305735364777, 51.02867686740339], [-114.09305287954652, 51.02868285230104], [-114.09304749673878, 51.02868853183363], [-114.09304125706372, 51.028693851304], [-114.0930342206127, 51.02869875948263], [-114.0930264551505, 51.02870320910094], [-114.09301803546286, 51.02870715730655], [-114.0930090426361, 51.02871056607593], [-114.09299956327611, 51.02871340258069], [-114.09298968867505, 51.02871563950351], [-114.09297951393043, 51.028717255301665], [-114.09296913703137, 51.028718234414], [-114.09295865791344, 51.0287185674111], [-114.09294817749668, 51.02871825108597], [-114.0929377967137, 51.02871728848506], [-114.09292761553739, 51.02871568887875], [-114.09291773201888, 51.02871346767225], [-114.09290824134155, 51.02871064625694], [-114.09289923490651, 51.02870725180482], [-114.09289079945077, 51.028703317006396], [-114.09288301621248, 51.02869887975607], [-114.09287596014856, 51.028693982787125], [-114.09286969921271, 51.028688673260184], [-114.09286429370101, 51.028683002309], [-114.09285979567133, 51.0286770245481], [-114.09285806603998, 51.028673988258475], [-114.092858062812, 51.02867237273118], [-114.09285811342805, 51.02867234646865], [-114.09285885441756, 51.028671878015665], [-114.0928595190261, 51.02867136601754], [-114.09286010085316, 51.02867081540501], [-114.09286059429526, 51.02867023148095], [-114.09286099460037, 51.02866961986875], [-114.09286129791336, 51.02866898645861], [-114.09286150131312, 51.02866833735062], [-114.09286156866186, 51.02866790049622], [-114.09286166836631, 51.02866784876379], [-114.09286240935579, 51.02866738031074], [-114.09286307396424, 51.02866686831256], [-114.09286361179635, 51.02866635933462], [-114.09286441756056, 51.02866601889179], [-114.09286522779496, 51.02866559849526], [-114.0928659687843, 51.02866513004225], [-114.09286663339269, 51.02866461804405], [-114.09286717122473, 51.02866410906607], [-114.09286797698888, 51.028663768623225], [-114.09286878722321, 51.028663348226665], [-114.09286952821246, 51.028662879773634], [-114.09287019282078, 51.028662367775404], [-114.09287073065276, 51.02866185879741], [-114.09287153641685, 51.02866151835454], [-114.0928723466511, 51.02866109795796], [-114.09287308764029, 51.028660629504905], [-114.09287375224855, 51.02866011750665], [-114.09287429008045, 51.02865960852865], [-114.09287509584448, 51.028659268085754], [-114.09287590607865, 51.02865884768915], [-114.09287664706777, 51.02865837923606], [-114.09287731167595, 51.028657867237804], [-114.09287784950779, 51.028657358259785], [-114.09287865527175, 51.028657017816855], [-114.09287946550586, 51.02865659742022], [-114.0928802064949, 51.028656128967114], [-114.09288087110302, 51.02865561696883], [-114.09288140893479, 51.0286551079908], [-114.09288221469869, 51.02865476754784], [-114.09288302493273, 51.02865434715118], [-114.0928837659217, 51.02865387869805], [-114.09288443052971, 51.02865336669977], [-114.09288501235625, 51.028652816087124], [-114.09288550579784, 51.02865223216296], [-114.09288590610248, 51.028651620550676], [-114.092886209415, 51.028650987140466], [-114.09288641281434, 51.02865033803244], [-114.09288648016282, 51.028649901178014], [-114.0928865798672, 51.028649849445564], [-114.09288732085615, 51.02864938099235], [-114.09288798546405, 51.02864886899407], [-114.09288856729049, 51.0286483183814], [-114.09288906073198, 51.028647734457216], [-114.09288946103653, 51.02864712284491], [-114.09288976434898, 51.02864648943472], [-114.09288996774825, 51.02864584032669], [-114.09289006927548, 51.02864518177207], [-114.09289008308959, 51.02864482989601], [-114.0928900662166, 51.02863638825619], [-114.09289011683258, 51.02863636199364], [-114.09289085782119, 51.028635893540454], [-114.09289152242886, 51.028635381542145], [-114.0928921042551, 51.02863483092945], [-114.0928925976964, 51.02863424700524], [-114.09289299800079, 51.02863363539293], [-114.09289330131311, 51.028633001982726], [-114.09289350471226, 51.028632352874695], [-114.09289360623943, 51.02863169432007], [-114.0928936200535, 51.028631342444015], [-114.09289360317986, 51.028622900804166], [-114.09289365379583, 51.02862287454162], [-114.0928943947842, 51.02862240608841], [-114.09289505939162, 51.02862189409007], [-114.09289564121767, 51.02862134347736], [-114.09289613465877, 51.02862075955315], [-114.092896534963, 51.02862014794083], [-114.0928968382752, 51.02861951453059], [-114.09289704167423, 51.02861886542254], [-114.09289710902256, 51.02861842856811], [-114.09289720872685, 51.028618376835645], [-114.09289794971522, 51.02861790838236], [-114.09289861432254, 51.028617396384014], [-114.09289919614847, 51.028616845771296], [-114.09289968958949, 51.02861626184706], [-114.09290008989363, 51.02861565023472], [-114.09290039320574, 51.028615016824496], [-114.09290059660471, 51.02861436771642], [-114.092900663953, 51.02861393086199], [-114.0929007636573, 51.028613879129516], [-114.09290150464554, 51.02861341067621], [-114.09290216925275, 51.02861289867785], [-114.09290275107857, 51.02861234806512], [-114.0929032445195, 51.02861176414086], [-114.09290364482358, 51.028611152528505], [-114.0929039481356, 51.02861051911826], [-114.0929041515345, 51.02860987001019], [-114.09290421888277, 51.028609433155765], [-114.09290431858703, 51.02860938142329], [-114.09290505957517, 51.02860891296996], [-114.09290572418227, 51.02860840097158], [-114.092906306008, 51.02860785035881], [-114.09290679944885, 51.02860726643455], [-114.09290719975283, 51.028606654822184], [-114.09290750306477, 51.02860602141193], [-114.0929077064636, 51.02860537230388], [-114.09290780799051, 51.02860471374924], [-114.09290782180446, 51.02860436187316], [-114.09290781840724, 51.028602662542916], [-114.09290786902316, 51.028602636280375], [-114.09290861001108, 51.02860216782707], [-114.09290927461807, 51.02860165582865], [-114.09290985644367, 51.02860110521587], [-114.09291034988439, 51.02860052129159], [-114.09291075018827, 51.02859990967921], [-114.0929110535001, 51.028599276268956], [-114.09291125689887, 51.02859862716088], [-114.09291135842571, 51.02859796860625], [-114.09291137223964, 51.02859761673016], [-114.09291136434912, 51.028593669963385], [-114.09291141496503, 51.02859364370082], [-114.09291215595276, 51.028593175247494], [-114.09291282055959, 51.02859266324906], [-114.09291340238504, 51.02859211263626], [-114.09291389582562, 51.028591528711964], [-114.09291429612936, 51.02859091709957], [-114.09291459944112, 51.0285902836893], [-114.09291478436944, 51.02858969352578], [-114.09291748293337, 51.02858888603603], [-114.092927357511, 51.028586649119255], [-114.09293753222885, 51.02858503332562], [-114.09294790909883, 51.02858405421608], [-114.09295838818652, 51.02858372121997], [-114.092968868573, 51.02858403754419], [-114.09297924932686, 51.02858500014238], [-114.0929894304763, 51.02858659974425]]}}, {"type": "Feature", "properties": {"name": "F28", "length_m": 25.1}, "geometry": {"type": "LineString", "coordinates": [[-114.09307527161117, 51.02904288422456], [-114.09307941321894, 51.02904051109324], [-114.09308390374865, 51.0290384053814], [-114.09308869995385, 51.0290365873682], [-114.09309375564489, 51.029035074561975], [-114.09309902213255, 51.029033881531895], [-114.09310444869779, 51.029033019767475], [-114.09310998307996, 51.02903249756794], [-114.09311557198004, 51.029032319962376], [-114.09312116157399, 51.02903248866119], [-114.09312669803111, 51.02903300203972], [-114.09313212803237, 51.02903385515386], [-114.09313739928406, 51.02903503978771], [-114.09314246102126, 51.02903654453261], [-114.0931472644965, 51.02903835489701], [-114.09315176345011, 51.02904045344622], [-114.09315591455456, 51.029042819970094], [-114.09315967783247, 51.02904543167773], [-114.0931630170414, 51.02904826341698], [-114.09316590002291, 51.02905128791673], [-114.0931682990123, 51.02905447604941], [-114.09317019090585, 51.02905779711158], [-114.09317155748353, 51.029061219119576], [-114.09317238558432, 51.0290647091177], [-114.09317266723305, 51.02906823349532], [-114.09317239971715, 51.02907175831078], [-114.09317158561286, 51.029075249618145], [-114.09317023276029, 51.029078673794224], [-114.09316835418804, 51.02908199786233], [-114.09316596798772, 51.02908518980983], [-114.09316309713964, 51.02908821889647], [-114.0931597692916, 51.02909105595048], [-114.09315601649253, 51.02909367364945], [-114.09315187488393, 51.02909604678346], [-114.09314738435174, 51.0290981524979], [-114.0931425881425, 51.029099970513485], [-114.093137532446, 51.02910148332181], [-114.09313226595165, 51.02910267635362], [-114.09312683937883, 51.02910353811932], [-114.09312130498837, 51.029104060319646], [-114.0931157160797, 51.02910423792549], [-114.09311012647711, 51.029104069226435], [-114.09310459001173, 51.02910355584712], [-114.0930991600028, 51.02910270273169], [-114.09309448235685, 51.02910165150158], [-114.09309388874439, 51.029101518096155], [-114.09309331872625, 51.02910134864206], [-114.09308991177623, 51.02910033582928], [-114.09308984362129, 51.029100315568286], [-114.09308960386815, 51.029100244294845], [-114.09308945105819, 51.02910019886774], [-114.09308939702021, 51.029100182803404], [-114.09308882700176, 51.02910001334917], [-114.09308828606719, 51.02909980947824], [-114.09308809725647, 51.02909973831801], [-114.09308402352231, 51.02909820298238], [-114.0930795245662, 51.02909610443059], [-114.09307537346089, 51.02909373790402], [-114.0930716101838, 51.02909112619371], [-114.09306994375022, 51.02908971301077], [-114.09306827097734, 51.02908829445183], [-114.09306538799989, 51.02908526994972], [-114.09306298901596, 51.029082081814934], [-114.0930610971291, 51.02907876075107], [-114.09305973055903, 51.02907533874175], [-114.09305890246651, 51.02907184874284], [-114.09305862082638, 51.02906832436494], [-114.09305888835088, 51.029064799549744], [-114.09305970246348, 51.02906130824314], [-114.09306105532369, 51.029057884068344], [-114.09306293390262, 51.02905456000194], [-114.09306532010847, 51.02905136805653], [-114.09306819096064, 51.02904833897226], [-114.09307151881123, 51.029045501920834], [-114.09307527161117, 51.02904288422456]]}}], "crs": {"type": "name", "properties": {"name": "urn:ogc:def:crs:EPSG::4617"}}}