{"type": "FeatureCollection", "features": [{"type": "Feature", "properties": {"tag": "T1779"}, "geometry": {"type": "Polygon", "coordinates": [[[-114.09169398133153, 51.02880781901311], [-114.0916940987816, 51.0288054670872], [-114.09169445990946, 51.028803125041016], [-114.09169506316864, 51.02880080290353], [-114.09169590597588, 51.028798510618536], [-114.0916969847221, 51.02879625800188], [-114.09169829478795, 51.02879405469966], [-114.09169983056344, 51.02879191014674], [-114.09170158547215, 51.02878983352639], [-114.09170355199927, 51.02878783373102], [-114.09170572172384, 51.02878591932406], [-114.0917080853547, 51.028784098503266], [-114.09171063277044, 51.028782379065696], [-114.09171335306264, 51.02878076837419], [-114.09171623458258, 51.028779273325995], [-114.09171926499117, 51.028777900323114], [-114.09172243131172, 51.02877665524493], [-114.0917257199856, 51.02877554342308], [-114.09172911693022, 51.02877456961852], [-114.09173260759937, 51.02877373800125], [-114.09173617704549, 51.02877305213234], [-114.0917398099837, 51.0287725149488], [-114.0917434908572, 51.02877212875093], [-114.09174720390402, 51.028771895192484], [-114.0917509332243, 51.02877181527359], [-114.09175466284859, 51.02877188933646], [-114.09175837680611, 51.028772117063944], [-114.09176205919313, 51.028772497480915], [-114.09176569424116, 51.028773028958334], [-114.0917692663844, 51.02877370922037], [-114.09177276032642, 51.02877453535402], [-114.09177616110561, 51.02877550382167], [-114.0917794541594, 51.02877661047619], [-114.09178262538639, 51.028777850578756], [-114.09178566120696, 51.02877921881903], [-114.09178854862122, 51.02878070933803], [-114.0917912752649, 51.028782315753126], [-114.09179382946203, 51.02878403118542], [-114.09179620027518, 51.02878584828918], [-114.09179837755215, 51.028787759283304], [-114.09180035196948, 51.02878975598463], [-114.09180211507241, 51.02879182984298], [-114.09180365931104, 51.028793971977784], [-114.09180497807267, 51.028796173216094], [-114.09180606571014, 51.0287984241319], [-114.09180691756599, 51.028800715086426], [-114.09180752999241, 51.02880303626945], [-114.09180790036685, 51.02880537774134], [-114.09180802710328, 51.02880772947554], [-114.09180790965898, 51.028810081401566], [-114.09180754853679, 51.028812423448116], [-114.09180694528307, 51.02881474558616], [-114.09180610248102, 51.02881703787195], [-114.0918050237396, 51.0288192904896], [-114.09180371367812, 51.02882149379301], [-114.09180217790644, 51.02882363834728], [-114.09180042300095, 51.02882571496913], [-114.09179845647638, 51.028827714766095], [-114.09179628675372, 51.02882962917478], [-114.09179392312399, 51.02883144999733], [-114.09179137570864, 51.028833169436716], [-114.09178865541608, 51.02883478013002], [-114.09178577389504, 51.02883627517999], [-114.09178274348461, 51.02883764818458], [-114.09177957716153, 51.028838893264385], [-114.09177628848445, 51.02884000508775], [-114.09177289153604, 51.02884097889366], [-114.09176940086257, 51.028841810512134], [-114.09176583141168, 51.02884249638205], [-114.0917621984683, 51.028843033566396], [-114.09175851758933, 51.02884341976485], [-114.09175480453686, 51.028843653323655], [-114.09175107521081, 51.02884373324269], [-114.09174734558076, 51.0288436591797], [-114.09174363161758, 51.02884343145186], [-114.09173994922507, 51.02884305103433], [-114.09173631417187, 51.0288425195561], [-114.09173274202382, 51.02884183929308], [-114.09172924807746, 51.02884101315824], [-114.09172584729443, 51.02884004468923], [-114.09172255423744, 51.02883893803322], [-114.09171938300787, 51.02883769792904], [-114.09171634718544, 51.028836329687074], [-114.09171345977, 51.028834839166294], [-114.09171073312594, 51.02883323274939], [-114.09170817892917, 51.0288315173153], [-114.09170580811713, 51.02882970020977], [-114.09170363084199, 51.02882778921393], [-114.0917016564272, 51.028825792510986], [-114.09169989332746, 51.02882371865115], [-114.09169834909262, 51.02882157651498], [-114.09169703033533, 51.028819375275454], [-114.09169594270263, 51.02881712435864], [-114.09169509085196, 51.02881483340331], [-114.09169447843101, 51.02881251221969], [-114.0916941080622, 51.02881017074744], [-114.09169398133153, 51.02880781901311]]]}}, {"type": "Feature", "properties": {"tag": "T1785"}, "geometry": {"type": "Polygon", "coordinates": [[[-114.09244702925619, 51.02901691188563], [-114.09244714666866, 51.029014559959066], [-114.09244750776018, 51.02901221791065], [-114.09244811098444, 51.0290098957694], [-114.0924489537583, 51.02900760347905], [-114.09245003247285, 51.02900535085555], [-114.09245134250885, 51.02900314754498], [-114.0924528782565, 51.029001002982255], [-114.09245463313943, 51.02899892635068], [-114.09245659964297, 51.028996926542746], [-114.09245876934624, 51.028995012121875], [-114.09246113295819, 51.028993191285934], [-114.09246368035751, 51.028991471832], [-114.0924664006358, 51.02898986112304], [-114.09246928214445, 51.02898836605634], [-114.09247231254439, 51.02898699303397], [-114.09247547885899, 51.02898574793544], [-114.09247876752961, 51.02898463609243], [-114.09248216447371, 51.02898366226602], [-114.09248565514505, 51.02898283062629], [-114.09248922459608, 51.02898214473441], [-114.09249285754188, 51.02898160752747], [-114.09249653842566, 51.0289812213059], [-114.09250025148536, 51.028980987723514], [-114.0925039808211, 51.02898090778057], [-114.09250771046335, 51.0289809818194], [-114.09251142444124, 51.028981209522954], [-114.09251510685097, 51.02898158991615], [-114.09251874192394, 51.02898212137014], [-114.09252231409424, 51.0289828016091], [-114.09252580806533, 51.0289836277202], [-114.09252920887552, 51.02898459616588], [-114.09253250196201, 51.028985702799126], [-114.09253567322335, 51.02898694288118], [-114.09253870907973, 51.028988311101834], [-114.09254159653113, 51.02898980160215], [-114.09254432321308, 51.028991407999605], [-114.0925468774495, 51.02899312341536], [-114.09254924830276, 51.028994940503765], [-114.09255142562047, 51.028996851483775], [-114.09255340007903, 51.02899884817226], [-114.0925551632235, 51.02900092201916], [-114.09255670750379, 51.02900306414391], [-114.09255802630702, 51.029005265373634], [-114.09255911398587, 51.02900751628232], [-114.09255996588269, 51.029009807231255], [-114.09256057834946, 51.029012128410244], [-114.09256094876353, 51.02901446987964], [-114.09256107553865, 51.02901682161291], [-114.09256095813194, 51.029019173539595], [-114.0925605970461, 51.029021515588354], [-114.09255999382732, 51.029023837730186], [-114.09255915105864, 51.02902613002132], [-114.09255807234888, 51.02902838264581], [-114.09255676231723, 51.029030585957564], [-114.09255522657344, 51.029032730521656], [-114.0925534716937, 51.02903480715472], [-114.09255150519274, 51.02903680696428], [-114.09254933549136, 51.02903872138686], [-114.09254697188054, 51.029040542224564], [-114.09254442448162, 51.029042261680296], [-114.09254170420296, 51.02904387239106], [-114.0925388226932, 51.02904536745954], [-114.09253579229143, 51.02904674048361], [-114.0925326259743, 51.02904798558376], [-114.09252933730048, 51.02904909742827], [-114.09252594035259, 51.02905007125603], [-114.09252244967693, 51.02905090289698], [-114.0925188802211, 51.02905158878987], [-114.09251524727013, 51.0290521259976], [-114.09251156638089, 51.02905251221977], [-114.09250785331555, 51.02905274580251], [-114.09250412397404, 51.02905282574557], [-114.09250039432604, 51.02905275170663], [-114.09249668034249, 51.02905252400274], [-114.09249299792728, 51.02905214360896], [-114.09248936284912, 51.0290516121542], [-114.09248579067402, 51.02905093191422], [-114.09248229669858, 51.02905010580195], [-114.09247889588458, 51.02904913735491], [-114.09247560279485, 51.02904803072017], [-114.09247243153094, 51.029046790636485], [-114.0924693956727, 51.029045422414136], [-114.09246650822014, 51.02904393191205], [-114.0924637815378, 51.0290423255128], [-114.09246122730174, 51.02904061009524], [-114.09245885644958, 51.02903879300507], [-114.0924566791337, 51.029036882023355], [-114.09245470467768, 51.02903488533324], [-114.09245294153641, 51.02903281148483], [-114.09245139725992, 51.029030669358725], [-114.092450078461, 51.0290284681278], [-114.09244899078695, 51.02902621721809], [-114.0924481388953, 51.02902392626836], [-114.09244752643397, 51.029021605088786], [-114.09244715602557, 51.02901926361903], [-114.09244702925619, 51.02901691188563]]]}}, {"type": "Feature", "properties": {"tag": "T1786"}, "geometry": {"type": "Polygon", "coordinates": [[[-114.09244332593506, 51.02901851499234], [-114.09244344334773, 51.02901616306579], [-114.09244380443944, 51.02901382101738], [-114.0924444076639, 51.02901149887613], [-114.09244525043799, 51.02900920658583], [-114.09244632915276, 51.02900695396236], [-114.09244763918898, 51.029004750651836], [-114.09244917493683, 51.02900260608916], [-114.09245092981999, 51.02900052945763], [-114.09245289632376, 51.028998529649755], [-114.09245506602726, 51.028996615228955], [-114.09245742963944, 51.02899479439309], [-114.09245997703897, 51.02899307493924], [-114.09246269731752, 51.028991464230366], [-114.09246557882638, 51.02898996916375], [-114.09246860922653, 51.028988596141495], [-114.09247177554133, 51.02898735104306], [-114.09247506421217, 51.02898623920015], [-114.09247846115643, 51.02898526537387], [-114.09248195182798, 51.02898443373423], [-114.09248552127917, 51.02898374784247], [-114.09248915422515, 51.02898321063565], [-114.0924928351091, 51.028982824414186], [-114.09249654816892, 51.028982590831916], [-114.09250027750481, 51.028982510889094], [-114.09250400714718, 51.028982584928045], [-114.09250772112517, 51.028982812631725], [-114.09251140353501, 51.02898319302504], [-114.09251503860807, 51.02898372447913], [-114.09251861077844, 51.028984404718216], [-114.09252210474958, 51.02898523082941], [-114.09252550555979, 51.0289861992752], [-114.09252879864633, 51.02898730590856], [-114.09253196990767, 51.028988545990714], [-114.09253500576405, 51.02898991421146], [-114.09253789321544, 51.02899140471187], [-114.09254061989735, 51.028993011109414], [-114.09254317413372, 51.02899472652525], [-114.0925455449869, 51.02899654361371], [-114.09254772230454, 51.0289984545938], [-114.09254969676303, 51.02900045128235], [-114.09255145990738, 51.0290025251293], [-114.09255300418755, 51.0290046672541], [-114.09255432299065, 51.02900686848387], [-114.09255541066936, 51.0290091193926], [-114.09255626256602, 51.02901141034155], [-114.09255687503264, 51.02901373152055], [-114.09255724544653, 51.02901607298997], [-114.09255737222148, 51.02901842472324], [-114.09255725481457, 51.02902077664991], [-114.09255689372851, 51.02902311869865], [-114.09255629050953, 51.02902544084048], [-114.09255544774064, 51.029027733131585], [-114.09255436903068, 51.02902998575604], [-114.09255305899882, 51.02903218906774], [-114.09255152325478, 51.029034333631785], [-114.09254976837484, 51.0290364102648], [-114.09254780187364, 51.02903841007429], [-114.09254563217202, 51.0290403244968], [-114.09254326856099, 51.02904214533444], [-114.09254072116184, 51.02904386479008], [-114.09253800088295, 51.02904547550077], [-114.09253511937297, 51.029046970569155], [-114.092532088971, 51.029048343593125], [-114.09252892265364, 51.02904958869318], [-114.09252563397963, 51.02905070053759], [-114.09252223703155, 51.02905167436525], [-114.09251874635571, 51.02905250600607], [-114.0925151768997, 51.02905319189885], [-114.09251154394856, 51.02905372910647], [-114.09250786305917, 51.02905411532851], [-114.09250414999367, 51.02905434891114], [-114.09250042065202, 51.02905442885409], [-114.0924966910039, 51.029054354815024], [-114.09249297702024, 51.02905412711101], [-114.09248929460495, 51.029053746717125], [-114.0924856595267, 51.029053215262245], [-114.09248208735151, 51.02905253502216], [-114.09247859337601, 51.029051708909776], [-114.09247519256198, 51.02905074046263], [-114.09247189947224, 51.029049633827775], [-114.09246872820832, 51.029048393744006], [-114.09246569235007, 51.02904702552155], [-114.09246280489754, 51.02904553501937], [-114.09246007821521, 51.02904392862004], [-114.0924575239792, 51.0290422132024], [-114.09245515312713, 51.02904039611215], [-114.09245297581133, 51.029038485130364], [-114.09245100135539, 51.02903648844018], [-114.09244923821421, 51.02903441459173], [-114.09244769393784, 51.029032272465564], [-114.09244637513906, 51.0290300712346], [-114.09244528746515, 51.02902782032487], [-114.09244443557365, 51.029025529375104], [-114.09244382311248, 51.02902320819551], [-114.09244345270426, 51.02902086672575], [-114.09244332593506, 51.02901851499234]]]}}, {"type": "Feature", "properties": {"tag": "T1789"}, "geometry": {"type": "Polygon", "coordinates": [[[-114.09305862082638, 51.02906832436494], [-114.09305873820803, 51.02906597243779], [-114.09305909926911, 51.029063630387526], [-114.09305970246348, 51.02906130824314], [-114.09306054520809, 51.02905901594843], [-114.09306162389419, 51.029056763319325], [-114.09306293390263, 51.02905456000194], [-114.09306446962373, 51.029052415431195], [-114.09306622448126, 51.029050338790476], [-114.09306819096064, 51.029048338972274], [-114.0930703606411, 51.02904642454008], [-114.09307272423169, 51.02904460369178], [-114.09307527161117, 51.02904288422456], [-114.09307799187127, 51.029041273501385], [-114.0930808733634, 51.029039778419616], [-114.0930839037486, 51.02903840538143], [-114.09308707005029, 51.02903716026634], [-114.0930903587099, 51.02903604840614], [-114.0930937556449, 51.029035074561975], [-114.09309724630914, 51.02903424290397], [-114.09310081575507, 51.02903355699341], [-114.09310444869779, 51.029033019767475], [-114.09310812958054, 51.02903263352663], [-114.09311184264125, 51.02903239992484], [-114.09311557198004, 51.029032319962376], [-114.09311930162735, 51.02903239398169], [-114.09312301561232, 51.02903262166579], [-114.0931266980311, 51.02903300203972], [-114.09313033311507, 51.02903353347465], [-114.09313390529825, 51.02903421369492], [-114.09313739928405, 51.02903503978771], [-114.09314080011072, 51.029036008215584], [-114.09314409321541, 51.02903711483158], [-114.09314726449657, 51.02903835489703], [-114.09315030037428, 51.02903972310176], [-114.09315318784847, 51.029041213586936], [-114.09315591455456, 51.029042819970094], [-114.09315846881637, 51.02904453537245], [-114.09316083969614, 51.02904635244842], [-114.0931630170414, 51.029048263417], [-114.09316499152843, 51.029050260095126], [-114.09316675470212, 51.02905233393275], [-114.0931682990123, 51.0290544760494], [-114.09316961784596, 51.02905667727218], [-114.09317070555562, 51.02905892817515], [-114.09317155748353, 51.029061219119576], [-114.09317216998154, 51.029063540295326], [-114.09317254042682, 51.02906588176275], [-114.09317266723305, 51.02906823349532], [-114.09317254985716, 51.02907058542257], [-114.09317218880173, 51.029072927473194], [-114.09317158561286, 51.029075249618145], [-114.09317074287343, 51.02907754191365], [-114.09316966419213, 51.029079794543755], [-114.09316835418804, 51.02908199786233], [-114.09316681847076, 51.02908414243442], [-114.09316506361647, 51.02908621907663], [-114.09316309713965, 51.02908821889646], [-114.09316092746107, 51.029090133330364], [-114.09315856387161, 51.02909195418041], [-114.09315601649253, 51.02909367364945], [-114.09315329623207, 51.02909528437443], [-114.09315041473884, 51.029096779457966], [-114.09314738435181, 51.02909815249787], [-114.09314421804757, 51.02909939761458], [-114.09314092938477, 51.02910050947629], [-114.09313753244598, 51.02910148332181], [-114.09313404177742, 51.02910231498101], [-114.0931304723267, 51.02910300089257], [-114.09312683937881, 51.02910353811932], [-114.0931231584906, 51.02910392436074], [-114.09311944542424, 51.02910415796292], [-114.0931157160797, 51.02910423792549], [-114.0931119864266, 51.02910416390608], [-114.09310827243598, 51.02910393622162], [-114.09310459001172, 51.02910355584712], [-114.09310095492258, 51.02910302441139], [-114.09309738273457, 51.02910234419013], [-114.09309388874442, 51.029101518096155], [-114.09309048791394, 51.02910054966693], [-114.09308719480603, 51.02909944304943], [-114.09308402352231, 51.02909820298238], [-114.09308098764272, 51.02909683477595], [-114.09307810016738, 51.02909534428898], [-114.09307537346089, 51.02909373790402], [-114.09307281919943, 51.02909202249987], [-114.09307044832077, 51.02909020542213], [-114.09306827097735, 51.029088294451846], [-114.09306629649288, 51.02908629777208], [-114.09306453332236, 51.029084223932955], [-114.09306298901598, 51.02908208181495], [-114.09306167018664, 51.02907988059097], [-114.09306058248177, 51.029077629686995], [-114.09305973055903, 51.02907533874175], [-114.09305911806648, 51.02907301756542], [-114.09305874762684, 51.029070676097646], [-114.09305862082638, 51.02906832436494]]]}}, {"type": "Feature", "properties": {"tag": "T1791"}, "geometry": {"type": "Polygon", "coordinates": [[[-114.09202910647251, 51.02871479924337], [-114.0920292239054, 51.02871244731709], [-114.09202958501564, 51.02871010526984], [-114.09203018825689, 51.0287077831306], [-114.09203103104589, 51.028705490843144], [-114.09203210977373, 51.02870323822339], [-114.09203341982105, 51.02870103491738], [-114.092034955578, 51.028698890360026], [-114.09203671046824, 51.028696813734626], [-114.092038676977, 51.0286948139336], [-114.0920408466834, 51.02869289952039], [-114.09204321029641, 51.02869107869281], [-114.09204575769465, 51.0286893592479], [-114.09204847796977, 51.028687748548585], [-114.09205135947316, 51.0286862534921], [-114.09205438986577, 51.02868488048052], [-114.09205755617101, 51.02868363539325], [-114.09206084483027, 51.02868252356195], [-114.09206424176107, 51.028681549747645], [-114.0920677324172, 51.028680718120356], [-114.09207130185122, 51.02868003224122], [-114.09207493477828, 51.02867949504725], [-114.09207861564163, 51.02867910883883], [-114.0920823286793, 51.028678875269726], [-114.09208605799154, 51.028678795340134], [-114.09208978760888, 51.028678869392316], [-114.0920935015606, 51.028679097109176], [-114.09209718394298, 51.02867947751558], [-114.09210081898755, 51.028680008982604], [-114.09210439112853, 51.0286806892344], [-114.0921078850695, 51.02868151535804], [-114.09211128584886, 51.02868248381594], [-114.092114578904, 51.02868359046105], [-114.09211775013358, 51.02868483055453], [-114.09212078595792, 51.02868619878612], [-114.09212367337715, 51.028687689296866], [-114.09212640002693, 51.02868929570417], [-114.09212895423131, 51.028691011129155], [-114.0921313250528, 51.028692828226156], [-114.09213350233918, 51.02869473921405], [-114.09213547676696, 51.02869673590973], [-114.0921372398813, 51.02869880976305], [-114.09213878413226, 51.028700951893455], [-114.09214010290712, 51.02870315312803], [-114.09214119055864, 51.02870540404074], [-114.09214204242929, 51.028707694992846], [-114.09214265487121, 51.02871001617416], [-114.09214302526179, 51.02871235764502], [-114.09214315201491, 51.02871470937888], [-114.09214303458779, 51.02871706130526], [-114.09214267348321, 51.028719403352866], [-114.09214207024745, 51.02872172549267], [-114.09214122746361, 51.028724017780924], [-114.09214014874058, 51.02872627040169], [-114.09213883869762, 51.028728473708874], [-114.0921373029445, 51.02873061826758], [-114.09213554805748, 51.02873269489447], [-114.09213358155128, 51.028734694697114], [-114.09213141184675, 51.02873660911203], [-114.09212904823491, 51.02873842994138], [-114.09212650083705, 51.02874014938809], [-114.09212378056156, 51.02874176008921], [-114.09212089905708, 51.02874325514746], [-114.09211786866263, 51.02874462816075], [-114.09211470235486, 51.028745873249655], [-114.0921114136924, 51.028746985082456], [-114.09210801675782, 51.028747958898116], [-114.09210452609733, 51.028748790526606], [-114.09210095665853, 51.02874947640675], [-114.09209732372634, 51.028750013601524], [-114.0920936428575, 51.028750399810534], [-114.0920899298142, 51.02875063338], [-114.09208620049618, 51.02875071330972], [-114.09208247087307, 51.028750639257424], [-114.09207875691571, 51.02875041154022], [-114.09207507452786, 51.02875003113324], [-114.09207143947809, 51.02874949966543], [-114.0920678673323, 51.028748819412634], [-114.092064373387, 51.028747993287816], [-114.0920609726038, 51.02874702482855], [-114.09205767954543, 51.02874591818194], [-114.0920545083133, 51.028744678086845], [-114.09205147248709, 51.02874330985356], [-114.09204858506669, 51.02874181934104], [-114.09204585841653, 51.028740212931936], [-114.0920433042125, 51.028738497505145], [-114.09204093339211, 51.02873668040639], [-114.09203875610758, 51.028734769416765], [-114.09203678168235, 51.02873277271946], [-114.0920350185712, 51.02873069886464], [-114.09203347432403, 51.02872855673288], [-114.09203215555348, 51.02872635549711], [-114.09203106790676, 51.02872410458339], [-114.09203021604127, 51.02872181363046], [-114.09202960360481, 51.028719492448566], [-114.09202923321988, 51.02871715097734], [-114.09202910647251, 51.02871479924337]]]}}, {"type": "Feature", "properties": {"tag": "T1793"}, "geometry": {"type": "Polygon", "coordinates": [[[-114.09182815128366, 51.028761946795726], [-114.09182826872684, 51.02875959486967], [-114.09182862984757, 51.02875725282304], [-114.09182923309946, 51.028754930684855], [-114.09183007589925, 51.02875263839886], [-114.09183115463792, 51.02875038578098], [-114.09183246469608, 51.02874818247724], [-114.09183400046388, 51.028746037922524], [-114.09183575536487, 51.028743961300165], [-114.09183772188427, 51.028741961502526], [-114.09183989160117, 51.02874004709305], [-114.09184225522444, 51.028738226269546], [-114.09184480263269, 51.028736506829034], [-114.09184752291756, 51.028734896134395], [-114.09185040443035, 51.02873340108288], [-114.09185343483196, 51.02873202807652], [-114.0918566011458, 51.02873078299469], [-114.09185988981322, 51.02872967116905], [-114.09186328675167, 51.028728697360606], [-114.09186677741496, 51.02872786573932], [-114.09187034685557, 51.0287271798663], [-114.09187397978864, 51.0287266426786], [-114.09187766065739, 51.02872625647651], [-114.09188137369985, 51.0287260229138], [-114.09188510301624, 51.028725942990604], [-114.09188883263705, 51.0287260170492], [-114.09189254659155, 51.02872624477244], [-114.09189622897604, 51.02872662518518], [-114.09189986402201, 51.02872715665844], [-114.09190343616368, 51.02872783691637], [-114.09190693010461, 51.02872866304602], [-114.09191033088325, 51.02872963150977], [-114.09191362393696, 51.02873073816052], [-114.09191679516442, 51.028731978259444], [-114.09191983098592, 51.02873334649625], [-114.09192271840165, 51.028734837011946], [-114.09192544504725, 51.028736443423924], [-114.0919279992468, 51.028738158853294], [-114.09193037006287, 51.028739975954345], [-114.09193254734319, 51.028741886945994], [-114.09193452176434, 51.02874388364506], [-114.09193628487151, 51.028745957501386], [-114.09193782911478, 51.028748099634434], [-114.09193914788146, 51.02875030087126], [-114.09194023552436, 51.02875255178583], [-114.09194108738598, 51.02875484273939], [-114.09194169981848, 51.02875716392173], [-114.09194207019932, 51.02875950539322], [-114.09194219694243, 51.02876185712728], [-114.091942079505, 51.02876420905345], [-114.09194171838993, 51.028766551100425], [-114.09194111514351, 51.02876887323917], [-114.09194027234892, 51.02877116552596], [-114.09193919361506, 51.02877341814485], [-114.09193788356123, 51.02877562144978], [-114.09193634779727, 51.028777766005845], [-114.0919345928995, 51.0287798426297], [-114.09193262638266, 51.02878184242894], [-114.09193045666765, 51.02878375684013], [-114.09192809304551, 51.02878557766541], [-114.09192554563765, 51.028787297107726], [-114.09192282535243, 51.02878890780416], [-114.09191994383855, 51.02879040285745], [-114.09191691343509, 51.02879177586552], [-114.09191374711871, 51.02879302094897], [-114.0919104584481, 51.02879413277612], [-114.09190706150586, 51.028795106585925], [-114.09190357083824, 51.02879593820841], [-114.09190000139284, 51.028796624082425], [-114.09189636845461, 51.02879716127095], [-114.0918926875804, 51.02879754747363], [-114.09188897453227, 51.0287977810367], [-114.09188524521015, 51.02879786096001], [-114.09188151558357, 51.02879778690131], [-114.0918778016234, 51.028797559177725], [-114.09187411923344, 51.028797178764414], [-114.09187048418228, 51.028796647290356], [-114.0918669120358, 51.02879596703142], [-114.09186341809051, 51.0287951409006], [-114.09186001730806, 51.02879417243549], [-114.09185672425113, 51.02879306578324], [-114.09185355302111, 51.02879182568269], [-114.09185051719773, 51.028790457444195], [-114.09184762978086, 51.028788966926726], [-114.09184490313486, 51.02878736051295], [-114.09184234893564, 51.02878564508177], [-114.09183997812072, 51.02878382797894], [-114.09183780084221, 51.02878191698559], [-114.0918358264236, 51.028779920284904], [-114.09183406331962, 51.02877784642707], [-114.09183251908014, 51.02877570429266], [-114.09183120031778, 51.028773503054644], [-114.09183011267969, 51.028771252139066], [-114.09182926082323, 51.028768961184696], [-114.09182864839617, 51.028766640001756], [-114.091828278021, 51.028764298529914], [-114.09182815128366, 51.028761946795726]]]}}, {"type": "Feature", "properties": {"tag": "T1796"}, "geometry": {"type": "Polygon", "coordinates": [[[-114.09249734576362, 51.0283761898357], [-114.09249746317198, 51.02837383790883], [-114.09249782425601, 51.02837149586001], [-114.09249842746948, 51.028369173718225], [-114.09249927022928, 51.02836688142729], [-114.09250034892658, 51.02836462880308], [-114.09250165894217, 51.02836242549171], [-114.09250319466635, 51.02836028092809], [-114.09250494952288, 51.02835820429555], [-114.09250691599718, 51.028356204486556], [-114.09250908566848, 51.02835429006455], [-114.09251144924593, 51.028352469227414], [-114.09251399660828, 51.02835074977223], [-114.09251671684736, 51.02834913906193], [-114.0925195983147, 51.02834764399384], [-114.09252262867138, 51.028346270970054], [-114.09252579494101, 51.02834502587004], [-114.09252908356511, 51.02834391402551], [-114.09253248046132, 51.028342940197575], [-114.09253597108365, 51.028342108556245], [-114.09253954048472, 51.0283414226628], [-114.09254317337988, 51.02834088545426], [-114.0925468542125, 51.028340499231085], [-114.09255056722075, 51.02834026564711], [-114.092554296505, 51.028340185702575], [-114.0925580260959, 51.028340259739835], [-114.09256174002282, 51.028340487441845], [-114.09256542238218, 51.028340867833535], [-114.09256905740561, 51.028341399286035], [-114.09257262952738, 51.028342079523554], [-114.09257612345118, 51.02834290563326], [-114.0925795242155, 51.0283438740776], [-114.09258281725776, 51.02834498070959], [-114.09258598847671, 51.02834622079044], [-114.09258902429268, 51.028347589009954], [-114.09259191170588, 51.02834907950921], [-114.09259463835194, 51.028350685905686], [-114.09259719255498, 51.02835240132054], [-114.09259956337746, 51.02835421840815], [-114.0926017406672, 51.02835612938743], [-114.09260371510067, 51.02835812607532], [-114.09260547822302, 51.02836019992168], [-114.0926070224843, 51.028362342046016], [-114.0926083412717, 51.02836454327543], [-114.09260942893793, 51.02836679418391], [-114.09261028082545, 51.028369085132724], [-114.09261089328626, 51.028371406311706], [-114.0926112636977, 51.02837374778121], [-114.0926113904736, 51.02837609951468], [-114.09261127307101, 51.02837845144167], [-114.09261091199264, 51.02838079349085], [-114.09261030878464, 51.02838311563319], [-114.09260946603001, 51.02838540792494], [-114.09260838733753, 51.028387660550116], [-114.0926070773263, 51.02838986386268], [-114.09260554160595, 51.028392008427645], [-114.09260378675265, 51.028394085061684], [-114.0926018202809, 51.02839608487229], [-114.09259965061148, 51.028397999296], [-114.09259728703518, 51.0283998201349], [-114.09259473967322, 51.028401539591904], [-114.09259201943377, 51.028403150303994], [-114.09258913796533, 51.02840464537386], [-114.09258610760682, 51.02840601839937], [-114.09258294133465, 51.028407263500995], [-114.09257965270736, 51.02840837534703], [-114.09257625580736, 51.028409349176336], [-114.0925727651807, 51.02841018081884], [-114.09256919577483, 51.028410866713315], [-114.09256556287453, 51.028411403922654], [-114.09256188203643, 51.02841179014641], [-114.09255816902252, 51.028412023730745], [-114.09255443973252, 51.02841210367541], [-114.09255071013587, 51.02841202963803], [-114.09254699620328, 51.02841180193569], [-114.09254331383845, 51.028411421543424], [-114.09253967880984, 51.028410890090136], [-114.09253610668326, 51.02841020985162], [-114.09253261275511, 51.02840938374073], [-114.09252921198696, 51.02840841529503], [-114.09252591894146, 51.02840730866155], [-114.09252274771995, 51.02840606857909], [-114.0925197119021, 51.02840470035787], [-114.09251682448777, 51.028403209856826], [-114.09251409784132, 51.028401603458555], [-114.09251154363865, 51.0283998880419], [-114.09250917281726, 51.02839807095252], [-114.09250699552936, 51.02839615997153], [-114.09250502109842, 51.028394163282016], [-114.09250325797926, 51.02839208943415], [-114.09250171372177, 51.028389947308455], [-114.0925003949387, 51.02838774607783], [-114.09249930727724, 51.02838549516835], [-114.0924984553949, 51.02838320421873], [-114.09249784293955, 51.02838088303915], [-114.09249747253375, 51.0283785415693], [-114.09249734576362, 51.0283761898357]]]}}, {"type": "Feature", "properties": {"tag": "T1798"}, "geometry": {"type": "Polygon", "coordinates": [[[-114.09182819491569, 51.02839443636525], [-114.09182831235795, 51.028392084439034], [-114.09182867347587, 51.02838974239226], [-114.091829276723, 51.02838742025393], [-114.09183011951615, 51.0283851279678], [-114.09183119824631, 51.02838287534977], [-114.09183250829413, 51.028380672045905], [-114.0918340440498, 51.02837852749107], [-114.09183579893693, 51.028376450868556], [-114.09183776544081, 51.02837445107082], [-114.09183993514056, 51.02837253666124], [-114.09184229874516, 51.02837071583762], [-114.0918448461333, 51.028368996397], [-114.09184756639665, 51.028367385702275], [-114.09185044788667, 51.02836589065067], [-114.09185347826434, 51.028364517644235], [-114.09185664455315, 51.02836327256235], [-114.09185993319457, 51.02836216073665], [-114.09186333010618, 51.02836118692814], [-114.09186682074187, 51.02836035530681], [-114.09187039015426, 51.028359669433776], [-114.09187402305858, 51.028359132246045], [-114.09187770389825, 51.02835874604394], [-114.09188141691133, 51.028358512481226], [-114.09188514619822, 51.02835843255804], [-114.09188887578956, 51.02835850661666], [-114.09189258971469, 51.02835873433994], [-114.09189627207004, 51.0283591147527], [-114.09189990708727, 51.02835964622601], [-114.09190347920068, 51.028360326484], [-114.09190697311398, 51.02836115261371], [-114.09191037386572, 51.02836212107754], [-114.09191366689339, 51.02836322772838], [-114.09191683809573, 51.0283644678274], [-114.09191987389322, 51.02836583606429], [-114.0919227612861, 51.028367326580096], [-114.09192548791013, 51.02836893299219], [-114.09192804208948, 51.028370648421685], [-114.09193041288675, 51.02837246552285], [-114.09193259014985, 51.028374376514634], [-114.09193456455537, 51.028376373213824], [-114.09193632764857, 51.0283784470703], [-114.09193787187962, 51.028380589203486], [-114.09193919063586, 51.028382790440446], [-114.09194027827013, 51.028385041355165], [-114.09194113012498, 51.028387332308874], [-114.09194174255263, 51.02838965349137], [-114.09194211293051, 51.028391994963], [-114.09194223967259, 51.02839434669721], [-114.09194212223608, 51.02839669862354], [-114.09194176112383, 51.02839904067066], [-114.09194115788218, 51.02840136280955], [-114.0919403150942, 51.02840365509647], [-114.09193923636887, 51.02840590771551], [-114.09193792632539, 51.02840811102057], [-114.09193639057354, 51.02841025557675], [-114.09193463568963, 51.028412332200745], [-114.09193266918832, 51.02841433200012], [-114.09193049949045, 51.028416246411396], [-114.091928135887, 51.028418067236785], [-114.09192558849927, 51.0284197866792], [-114.09192286823553, 51.02842139737572], [-114.09191998674443, 51.0284228924291], [-114.09191695636491, 51.02842426543725], [-114.09191379007358, 51.02842551052076], [-114.09191050142894, 51.028426622347965], [-114.09190710451357, 51.028427596157826], [-114.09190361387354, 51.02842842778035], [-114.09190004445637, 51.028429113654404], [-114.09189641154686, 51.02842965084293], [-114.09189273070174, 51.02843003704563], [-114.09188901768299, 51.0284302706087], [-114.09188528839034, 51.028430350532], [-114.09188155879325, 51.02843027647327], [-114.09187784486247, 51.02843004874967], [-114.09187416250164, 51.02842966833632], [-114.09187052747923, 51.028429136862215], [-114.091866955361, 51.02842845660324], [-114.09186346144335, 51.02842763047234], [-114.0918600606878, 51.02842666200716], [-114.0918567676569, 51.028425555354836], [-114.091853596452, 51.0284243152542], [-114.09185056065263, 51.028422947015585], [-114.0918476732586, 51.028421456498016], [-114.09184494663418, 51.028419850084134], [-114.09184239245519, 51.028418134652846], [-114.09184002165901, 51.02841631754989], [-114.09183784439776, 51.0284144065564], [-114.09183586999478, 51.02841240985559], [-114.09183410690477, 51.02841033599761], [-114.09183256267751, 51.028408193863065], [-114.0918312439256, 51.0284059926249], [-114.09183015629613, 51.02840374170917], [-114.09182930444642, 51.02840145075466], [-114.09182869202424, 51.028399129571575], [-114.091828321652, 51.028396788099585], [-114.09182819491569, 51.02839443636525]]]}}, {"type": "Feature", "properties": {"tag": "T1799"}, "geometry": {"type": "Polygon", "coordinates": [[[-114.09281858556974, 51.02887062367182], [-114.09281870296307, 51.02886827174483], [-114.09281906403473, 51.028865929695215], [-114.09281966723852, 51.02886360755199], [-114.0928205099914, 51.02886131525891], [-114.09282158868457, 51.02885906263195], [-114.09282289869883, 51.028856859317166], [-114.09282443442449, 51.02885471474952], [-114.09282618928529, 51.028852638112326], [-114.09282815576665, 51.02885063829808], [-114.09283032544778, 51.02884872387028], [-114.09283268903775, 51.02884690302678], [-114.09283523641528, 51.028845183564734], [-114.09283795667214, 51.02884357284709], [-114.09284083815977, 51.028842077771195], [-114.09284386853918, 51.02884070473919], [-114.09284703483384, 51.028839459630575], [-114.09285032348522, 51.02883834777708], [-114.09285372041083, 51.02883737393986], [-114.09285721106451, 51.02883654228901], [-114.09286078049881, 51.028835856385776], [-114.09286441342887, 51.02883531916728], [-114.09286809429797, 51.028834932934004], [-114.0928718073441, 51.02883469933982], [-114.09287553666745, 51.02883461938502], [-114.09287926629852, 51.028834693412016], [-114.09288298026652, 51.028834921103766], [-114.0928866626677, 51.02883530148527], [-114.09289029773345, 51.02883583292771], [-114.09289386989794, 51.02883651315534], [-114.09289736386461, 51.02883733925534], [-114.0929007646718, 51.028838307690236], [-114.09290405775677, 51.028839414313055], [-114.09290722901802, 51.028840654385064], [-114.09291026487575, 51.02884202259609], [-114.09291315232997, 51.02884351308726], [-114.09291587901618, 51.02884511947608], [-114.09291843325823, 51.02884683488376], [-114.09292080411855, 51.02884865196466], [-114.09292298144466, 51.02885056293779], [-114.09292495591296, 51.028852559620056], [-114.09292671906844, 51.02885463346139], [-114.09292826336097, 51.028856775581275], [-114.09292958217766, 51.02885897680686], [-114.09293066987105, 51.028861227712135], [-114.09293152178348, 51.02886351865842], [-114.09293213426689, 51.02886583983551], [-114.0929325046985, 51.02886818130377], [-114.09293263149202, 51.028870533036695], [-114.09293251410448, 51.028872884963796], [-114.09293215303848, 51.02887522701375], [-114.09293154984015, 51.02887754915754], [-114.09293070709244, 51.0288798414514], [-114.0929296284041, 51.028882094079364], [-114.09292831839419, 51.02888429739534], [-114.09292678267235, 51.028886441964346], [-114.09292502781477, 51.028888518603026], [-114.09292306133598, 51.02889051841888], [-114.09292089165672, 51.0288924328484], [-114.0929185280679, 51.02889425369364], [-114.09291598069076, 51.02889597315751], [-114.09291326043353, 51.02889758387696], [-114.09291037894482, 51.02889907895464], [-114.09290734856356, 51.02890045198836], [-114.09290418226637, 51.0289016970986], [-114.0929008936118, 51.02890280895358], [-114.0928974966824, 51.028903782792156], [-114.09289400602438, 51.028904614444215], [-114.09289043658531, 51.02890530034845], [-114.09288680365006, 51.02890583756774], [-114.0928831227755, 51.02890622380161], [-114.09287940972374, 51.02890645739616], [-114.09287568039463, 51.028906537351084], [-114.09287195075778, 51.02890646332399], [-114.09286823678413, 51.02890623563189], [-114.09286455437748, 51.0289058552498], [-114.09286091930653, 51.02890532380658], [-114.09285734713725, 51.02890464357796], [-114.09285385316622, 51.02890381747676], [-114.09285045235521, 51.02890284904052], [-114.09284715926701, 51.0289017424162], [-114.0928439880032, 51.02890050234259], [-114.09284095214358, 51.02889913412986], [-114.09283806468821, 51.0288976436369], [-114.09283533800162, 51.028896037246284], [-114.0928327837599, 51.0288943218368], [-114.09283041290072, 51.02889250475414], [-114.09282823557643, 51.028890593779295], [-114.09282626111067, 51.0288885970954], [-114.09282449795838, 51.02888652325257], [-114.09282295366963, 51.02888438113131], [-114.09282163485729, 51.028882179904535], [-114.09282054716869, 51.028879928998236], [-114.09281969526141, 51.02887763805116], [-114.09281908278345, 51.02887531687349], [-114.09281871235751, 51.02887297540486], [-114.09281858556974, 51.02887062367182]]]}}, {"type": "Feature", "properties": {"tag": "T1805"}, "geometry": {"type": "Polygon", "coordinates": [[[-114.09247598255052, 51.028250224233624], [-114.09247609995965, 51.02824787230672], [-114.09247646104379, 51.02824553025792], [-114.0924770642567, 51.0282432081162], [-114.09247790701528, 51.028240915825364], [-114.0924789857107, 51.0282386632013], [-114.09248029572375, 51.02823645989014], [-114.09248183144476, 51.02823431532674], [-114.09248358629749, 51.02823223869449], [-114.09248555276739, 51.02823023888581], [-114.0924877224337, 51.028228324464166], [-114.09249008600558, 51.02822650362743], [-114.09249263336183, 51.028224784172664], [-114.09249535359429, 51.02822317346284], [-114.09249823505449, 51.02822167839525], [-114.09250126540361, 51.028220305371974], [-114.09250443166523, 51.02821906027252], [-114.09250772028093, 51.02821794842858], [-114.0925111171684, 51.02821697460125], [-114.09251460778164, 51.02821614296056], [-114.09251817717337, 51.02821545706773], [-114.09252181005891, 51.028214919859856], [-114.09252549088174, 51.028214533637346], [-114.09252920388005, 51.028214300054046], [-114.09253293315422, 51.02821422011021], [-114.09253666273499, 51.02821429414816], [-114.09254037665173, 51.028214521850856], [-114.09254405900094, 51.02821490224323], [-114.09254769401426, 51.02821543369641], [-114.09255126612604, 51.02821611393459], [-114.09255476003999, 51.02821694004498], [-114.09255816079464, 51.028217908489964], [-114.09256145382749, 51.02821901512257], [-114.09256462503726, 51.02822025520405], [-114.09256766084435, 51.02822162342414], [-114.09257054824903, 51.028223113923964], [-114.09257327488697, 51.02822472032097], [-114.09257582908226, 51.02822643573635], [-114.0925781998975, 51.02822825282441], [-114.09258037718045, 51.02823016380415], [-114.09258235160765, 51.02823216049244], [-114.09258411472426, 51.02823423433918], [-114.09258565898037, 51.028236376463845], [-114.09258697776316, 51.02823857769354], [-114.09258806542542, 51.028240828602286], [-114.09258891730956, 51.02824311955131], [-114.09258952976764, 51.02824544073046], [-114.09258990017699, 51.02824778220007], [-114.09259002695146, 51.028250133933625], [-114.09258990954808, 51.028252485860634], [-114.0925895484696, 51.02825482790979], [-114.09258894526216, 51.02825715005208], [-114.09258810250877, 51.02825944234372], [-114.09258702381817, 51.02826169496875], [-114.09258571380947, 51.02826389828112], [-114.09258417809228, 51.02826604284585], [-114.09258242324277, 51.0282681194796], [-114.09258045677544, 51.02827011928989], [-114.092578287111, 51.02827203371326], [-114.09257592354027, 51.02827385455176], [-114.0925733761844, 51.02827557400831], [-114.09257065595159, 51.02827718471996], [-114.09256777449028, 51.02827867978932], [-114.09256474413932, 51.02828005281429], [-114.09256157787517, 51.02828129791536], [-114.09255828925629, 51.02828240976081], [-114.09255489236502, 51.02828338358953], [-114.09255140174746, 51.02828421523141], [-114.09254783235093, 51.02828490112525], [-114.09254419946022, 51.02828543833392], [-114.09254051863192, 51.02828582455702], [-114.09253680562797, 51.028286058140665], [-114.09253307634805, 51.02828613808464], [-114.09252934676152, 51.028286064046576], [-114.09252563283911, 51.02828583634355], [-114.09252195048444, 51.028285455950595], [-114.09251831546592, 51.028284924496624], [-114.09251474334934, 51.02828424425743], [-114.09251124943104, 51.02828341814588], [-114.09250784867257, 51.02828244969953], [-114.09250455563651, 51.02828134306542], [-114.09250138442415, 51.028280102982336], [-114.09249834861518, 51.02827873476054], [-114.09249546120937, 51.028277244258945], [-114.09249273457104, 51.02827563786012], [-114.09249018037609, 51.02827392244295], [-114.09248780956196, 51.02827210535311], [-114.09248563228086, 51.028270194371665], [-114.09248365785619, 51.028268197681754], [-114.09248189474276, 51.02826612383351], [-114.09248035049046, 51.028263981707475], [-114.09247903171197, 51.02826178047659], [-114.09247794405451, 51.02825952956686], [-114.09247709217554, 51.028257238617016], [-114.09247647972292, 51.02825491743729], [-114.09247610931921, 51.028252575967315], [-114.09247598255052, 51.028250224233624]]]}}, {"type": "Feature", "properties": {"tag": "T1808"}, "geometry": {"type": "Polygon", "coordinates": [[[-114.09244097115754, 51.028114200889085], [-114.09244108856811, 51.02811184896217], [-114.09244144965297, 51.0281095069134], [-114.09244205286586, 51.02810718477183], [-114.09244289562372, 51.02810489248118], [-114.09244397431766, 51.0281026398574], [-114.09244528432856, 51.02810043654657], [-114.0924468200467, 51.028098291983596], [-114.09244857489587, 51.0280962153518], [-114.09245054136153, 51.02809421554368], [-114.09245271102296, 51.028092301122655], [-114.0924550745893, 51.02809048028657], [-114.09245762193939, 51.02808876083254], [-114.0924603421651, 51.02808715012348], [-114.09246322361801, 51.028085655056735], [-114.0924662539593, 51.028084282034335], [-114.0924694202126, 51.02808303693581], [-114.0924727088195, 51.02808192509284], [-114.09247610569777, 51.02808095126649], [-114.09247959630143, 51.028080119626836], [-114.09248316568323, 51.02807943373507], [-114.09248679855855, 51.02807889652828], [-114.09249047937091, 51.02807851030688], [-114.09249419235852, 51.02807827672469], [-114.09249792162184, 51.028078196781955], [-114.09250165119163, 51.02807827082104], [-114.09250536509734, 51.02807849852486], [-114.09250904743548, 51.02807887891834], [-114.09251268243776, 51.028079410372634], [-114.09251625453857, 51.02808009061193], [-114.09251974844166, 51.02808091672336], [-114.09252314918564, 51.0280818851694], [-114.092526442208, 51.02808299180303], [-114.09252961340755, 51.02808423188548], [-114.09253264920473, 51.028085600106536], [-114.09253553659983, 51.028087090607265], [-114.09253826322858, 51.028088697005124], [-114.0925408174151, 51.02809041242131], [-114.09254318822201, 51.028092229510136], [-114.09254536549714, 51.02809414049057], [-114.09254733991705, 51.0280961371795], [-114.09254910302695, 51.02809821102683], [-114.09255064727691, 51.02810035315201], [-114.09255196605419, 51.02810255438216], [-114.09255305371155, 51.02810480529127], [-114.09255390559146, 51.0281070962406], [-114.09255451804599, 51.02810941742], [-114.0925548884525, 51.02811175888978], [-114.09255501522479, 51.02811411062343], [-114.09255489782, 51.02811646255046], [-114.09255453674079, 51.028118804599565], [-114.09255393353337, 51.02812112674172], [-114.0925530907807, 51.02812341903315], [-114.09255201209155, 51.02812567165793], [-114.092550702085, 51.02812787496995], [-114.09254916637069, 51.02813001953428], [-114.09254741152475, 51.028132096167546], [-114.09254544506165, 51.02813409597729], [-114.09254327540211, 51.02813601040003], [-114.09254091183692, 51.028137831237885], [-114.09253836448721, 51.02813955069372], [-114.09253564426113, 51.02814116140456], [-114.09253276280712, 51.0281426564731], [-114.092529732464, 51.02814402949719], [-114.09252656620818, 51.02814527459736], [-114.09252327759806, 51.02814638644184], [-114.09251988071601, 51.028147360269536], [-114.09251639010802, 51.02814819191039], [-114.09251282072142, 51.02814887780316], [-114.09250918784093, 51.02814941501076], [-114.09250550702313, 51.02814980123276], [-114.09250179402986, 51.0281500348153], [-114.09249806476078, 51.02815011475815], [-114.09249433518524, 51.02815004071896], [-114.09249062127387, 51.0281498130148], [-114.09248693893025, 51.02814943262074], [-114.09248330392279, 51.028148901165665], [-114.09247973181715, 51.02814822092537], [-114.09247623790972, 51.02814739481275], [-114.09247283716194, 51.028146426365346], [-114.09246954413634, 51.028145319730235], [-114.09246637293421, 51.02814407964616], [-114.09246333713516, 51.02814271142341], [-114.09246044973891, 51.02814122092091], [-114.09245772310979, 51.02813961452125], [-114.0924551689236, 51.028137899103264], [-114.0924527981178, 51.02813608201266], [-114.09245062084452, 51.028134171030516], [-114.09244864642714, 51.02813217433996], [-114.09244688332043, 51.02813010049114], [-114.09244533907427, 51.02812795836459], [-114.09244402030133, 51.02812575713324], [-114.09244293264875, 51.028123506223125], [-114.092442080774, 51.028121215272975], [-114.09244146832494, 51.028118894093005], [-114.09244109792408, 51.02811655262286], [-114.09244097115754, 51.028114200889085]]]}}, {"type": "Feature", "properties": {"tag": "T1809"}, "geometry": {"type": "Polygon", "coordinates": [[[-114.09149211841634, 51.02813358336407], [-114.09149223587495, 51.02813123143808], [-114.0914925970078, 51.02812888939224], [-114.09149320026836, 51.028126567255526], [-114.09149404307337, 51.02812427497172], [-114.09149512181378, 51.02812202235668], [-114.09149643187023, 51.02811981905647], [-114.09149796763279, 51.02811767450596], [-114.09149972252511, 51.02811559788841], [-114.09150168903244, 51.028113598096226], [-114.09150385873386, 51.0281116836928], [-114.0915062223384, 51.02810986287589], [-114.09150876972468, 51.02810814344252], [-114.09151148998444, 51.02810653275555], [-114.09151437146912, 51.028105037712166], [-114.09151740183972, 51.02810366471438], [-114.09152056811979, 51.028102419641556], [-114.09152385675081, 51.02810130782527], [-114.09152725365041, 51.02810033402649], [-114.09153074427255, 51.028099502415174], [-114.09153431366988, 51.02809881655238], [-114.09153794655772, 51.02809827937509], [-114.09154162737954, 51.028097893183556], [-114.0915453403735, 51.02809765963151], [-114.09154906964005, 51.02809757971907], [-114.09155279920992, 51.02809765378843], [-114.09155651311256, 51.028097881522406], [-114.09156019544452, 51.028098261945786], [-114.0915638304375, 51.028098793429585], [-114.09156740252595, 51.028099473697885], [-114.09157089641367, 51.028100299837696], [-114.09157429713933, 51.02810126831136], [-114.0915775901405, 51.02810237497174], [-114.0915807613161, 51.028103615079935], [-114.09158379708664, 51.02810498332564], [-114.09158668445255, 51.028106473849824], [-114.09158941104964, 51.028108080269845], [-114.09159196520226, 51.02810979570677], [-114.09159433597308, 51.02811161281487], [-114.09159651321013, 51.02811352381299], [-114.0915984875901, 51.02811552051797], [-114.09160025065843, 51.02811759437962], [-114.09160179486531, 51.02811973651736], [-114.0916031135982, 51.02812193775823], [-114.09160420121007, 51.02812418867618], [-114.09160505304358, 51.028126479632455], [-114.09160566545098, 51.02812880081682], [-114.09160603580985, 51.02813114228964], [-114.09160616253419, 51.02813349402433], [-114.0916060450813, 51.02813584595043], [-114.09160568395414, 51.02813818799661], [-114.09160508069904, 51.02814051013389], [-114.09160423789922, 51.0281428024185], [-114.09160315916363, 51.028145055034535], [-114.09160184911154, 51.028147258335935], [-114.09160031335279, 51.028149402887806], [-114.09159855846369, 51.02815147950685], [-114.09159659195892, 51.028153479300656], [-114.09159442225936, 51.02815539370579], [-114.09159205865599, 51.02815721452445], [-114.0915895112701, 51.028158933959624], [-114.09158679100997, 51.0281605446484], [-114.0915839095242, 51.02816203969355], [-114.09158087915175, 51.028163412693054], [-114.09157771286915, 51.028164657767505], [-114.09157442423493, 51.028165769585286], [-114.09157102733154, 51.02816674338543], [-114.09156753670509, 51.02816757499795], [-114.09156396730296, 51.02816826086174], [-114.09156033440996, 51.02816879803984], [-114.09155665358269, 51.02816918423196], [-114.09155294058306, 51.02816941778436], [-114.09154921131075, 51.02816949769692], [-114.09154548173512, 51.02816942362747], [-114.09154176782681, 51.02816919589315], [-114.09153808548939, 51.028168815469186], [-114.09153445049122, 51.02816828398459], [-114.09153087839796, 51.028167603715296], [-114.0915273845059, 51.0281667775743], [-114.09152398377643, 51.02816580909929], [-114.09152069077201, 51.028164702437415], [-114.09151751959385, 51.028163462327605], [-114.09151448382143, 51.02816209408019], [-114.0915115964544, 51.028160603554234], [-114.0915088698569, 51.02815899713241], [-114.09150631570465, 51.02815728169368], [-114.09150394493493, 51.028155464583826], [-114.09150176769971, 51.028153553583984], [-114.09149979332227, 51.02815155687739], [-114.09149803025714, 51.028149483014225], [-114.09149648605406, 51.02814734087514], [-114.09149516732548, 51.02814513963306], [-114.0914940797184, 51.02814288871409], [-114.09149322789007, 51.028140597757016], [-114.09149261548812, 51.02813827657206], [-114.09149224513492, 51.02813593509889], [-114.09149211841634, 51.02813358336407]]]}}, {"type": "Feature", "properties": {"tag": "T1812"}, "geometry": {"type": "Polygon", "coordinates": [[[-114.09162659766461, 51.028679309303755], [-114.09162671511778, 51.02867695737785], [-114.09162707624803, 51.0286746153318], [-114.09162767950893, 51.02867229319462], [-114.09162852231717, 51.028670000910054], [-114.09162960106369, 51.02866774829398], [-114.0916309111291, 51.028665544992464], [-114.09163244690347, 51.02866340044038], [-114.09163420181035, 51.028661323821], [-114.09163616833494, 51.02865932402672], [-114.09163833805628, 51.02865740962098], [-114.09164070168326, 51.028655588801506], [-114.09164324909446, 51.02865386936537], [-114.09164596938149, 51.0286522586754], [-114.09164885089564, 51.02865076362883], [-114.09165188129782, 51.02864939062767], [-114.09165504761145, 51.028648145551294], [-114.09165833627785, 51.02864703373132], [-114.0916617332145, 51.028646059928704], [-114.09166522387521, 51.02864522831342], [-114.09166879331245, 51.028644542446564], [-114.09167242624139, 51.028644005265114], [-114.0916761071053, 51.02864361906936], [-114.09167982014218, 51.02864338551306], [-114.09168354945227, 51.02864330559631], [-114.09168727906615, 51.02864337966133], [-114.09169099301306, 51.02864360739099], [-114.09169467538936, 51.02864398781009], [-114.09169831042657, 51.02864451928963], [-114.09170188255894, 51.028645199553736], [-114.09170537649008, 51.02864602568942], [-114.09170877725849, 51.02864699415906], [-114.09171207030154, 51.028648100815516], [-114.09171524151796, 51.02864934091994], [-114.09171827732816, 51.028650709162], [-114.09172116473229, 51.028652199682696], [-114.09172389136609, 51.02865380609941], [-114.09172644555366, 51.02865552153321], [-114.09172881635762, 51.028657338638396], [-114.09173099362577, 51.02865924963381], [-114.09173296803475, 51.02866124633633], [-114.09173473112979, 51.02866332019573], [-114.09173627536103, 51.02866546233148], [-114.09173759411583, 51.02866766357062], [-114.09173868174702, 51.0286699144871], [-114.09173953359719, 51.02867220544217], [-114.09174014601854, 51.02867452662561], [-114.09174051638854, 51.02867686809777], [-114.09174064312123, 51.02867921983209], [-114.09174052567381, 51.028681571758106], [-114.09174016454921, 51.02868391380449], [-114.09173956129379, 51.02868623594225], [-114.09173871849075, 51.0286885282276], [-114.09173763974903, 51.02869078084467], [-114.09173632968796, 51.028692984147376], [-114.09173479391741, 51.02869512870082], [-114.09173303901375, 51.028697205321684], [-114.09173107249173, 51.028699205117576], [-114.09172890277227, 51.02870111952503], [-114.09172653914644, 51.02870294034627], [-114.09172399173562, 51.02870465978422], [-114.09172127144825, 51.028706270475986], [-114.09171838993299, 51.028707765524324], [-114.09171535952896, 51.02870913852719], [-114.09171219321281, 51.028710383605194], [-114.09170890454321, 51.028711495426684], [-114.09170550760278, 51.02871246923066], [-114.09170201693775, 51.02871330084714], [-114.09169844749572, 51.028713986715], [-114.0916948145616, 51.02871452389725], [-114.09169113369225, 51.02871491009359], [-114.0916874206497, 51.02871514365026], [-114.09168369133386, 51.02871522356714], [-114.09167996171422, 51.02871514950199], [-114.09167624776164, 51.028714921772], [-114.09167256537987, 51.02871454135232], [-114.09166893033746, 51.02871400987199], [-114.09166535820029, 51.02871332960689], [-114.0916618642648, 51.02871250347002], [-114.09165846349256, 51.028711534999026], [-114.09165517044629, 51.02871042834107], [-114.0916519992273, 51.02870918823505], [-114.09164896341525, 51.028707819991276], [-114.09164607600997, 51.0287063294688], [-114.09164334937577, 51.02870472305028], [-114.09164079518855, 51.02870300761468], [-114.0916384243857, 51.02870119050773], [-114.09163624711937, 51.0286992795106], [-114.09163427271294, 51.02869728280646], [-114.09163250962108, 51.02869520894555], [-114.09163096539363, 51.02869306680844], [-114.09162964664317, 51.028690865568116], [-114.09162855901675, 51.02868861465061], [-114.09162770717177, 51.02868632369474], [-114.09162709475588, 51.028684002510715], [-114.09162672439152, 51.02868166103819], [-114.09162659766461, 51.028679309303755]]]}}, {"type": "Feature", "properties": {"tag": "T1818"}, "geometry": {"type": "Polygon", "coordinates": [[[-114.09165042515708, 51.028017419482396], [-114.09165054260743, 51.0280150675562], [-114.09165090373138, 51.02801272550983], [-114.09165150698253, 51.02801040337226], [-114.09165234977765, 51.02800811108727], [-114.09165342850768, 51.02800585847073], [-114.09165473855334, 51.0280036551687], [-114.09165627430478, 51.028001510616065], [-114.09165802918564, 51.0279994339961], [-114.09165999568124, 51.027997434201225], [-114.09166216537074, 51.02799551979482], [-114.09166452896314, 51.02799369897469], [-114.09166707633722, 51.027991979537845], [-114.09166979658468, 51.02799036884716], [-114.09167267805707, 51.027988873799856], [-114.09167570841542, 51.02798750079794], [-114.09167887468334, 51.027986255720805], [-114.09168216330235, 51.027985143900054], [-114.09168556019014, 51.02798417009666], [-114.09168905080071, 51.027983338480595], [-114.09169262018678, 51.02798265261298], [-114.09169625306372, 51.027982115430746], [-114.091699933875, 51.02798172923423], [-114.09170364685887, 51.02798149567716], [-114.09170737611583, 51.02798141575967], [-114.09171110567662, 51.02798148982398], [-114.09171481957075, 51.02798171755291], [-114.09171850189479, 51.02798209797133], [-114.09172213688049, 51.02798262945022], [-114.09172570896231, 51.02798330971371], [-114.09172920284412, 51.027984135848804], [-114.09173260356455, 51.027985104317885], [-114.09173589656127, 51.027986210973815], [-114.09173906773314, 51.02798745107775], [-114.09174210350076, 51.02798881931937], [-114.09174499086451, 51.02799030983967], [-114.09174771746027, 51.027991916256035], [-114.09175027161231, 51.02799363168953], [-114.0917526423834, 51.02799544879445], [-114.0917548196215, 51.02799735978967], [-114.09175679400335, 51.02799935649202], [-114.0917585570743, 51.02800143035131], [-114.0917601012846, 51.028003572486995], [-114.0917614200217, 51.02800577372612], [-114.0917625076385, 51.02800802464265], [-114.09176335947768, 51.028010315597804], [-114.09176397189145, 51.02801263678139], [-114.09176434225736, 51.02801497825374], [-114.09176446898937, 51.028017329988316], [-114.09176435154481, 51.0280196819146], [-114.09176399042651, 51.02802202396133], [-114.09176338718083, 51.028024346099464], [-114.09176254439092, 51.02802663838526], [-114.09176146566568, 51.028028891002805], [-114.09176015562437, 51.028031094306], [-114.09175861987674, 51.02803323886], [-114.09175686499911, 51.02803531548144], [-114.09175489850607, 51.02803731527795], [-114.09175272881845, 51.02803922968605], [-114.09175036522718, 51.02804105050795], [-114.09174781785352, 51.0280427699466], [-114.09174509760568, 51.02804438063909], [-114.09174221613219, 51.028045875688164], [-114.091739185772, 51.02804724869179], [-114.09173601950157, 51.02804849377055], [-114.09173273087934, 51.02804960559281], [-114.09172933398777, 51.028050579397565], [-114.09172584337287, 51.028051411014815], [-114.09172227398201, 51.02805209688346], [-114.09171864109992, 51.02805263406649], [-114.09171496028317, 51.02805302026359], [-114.09171124729363, 51.02805325382103], [-114.09170751803093, 51.02805333373864], [-114.09170378846437, 51.02805325967422], [-114.09170007456457, 51.02805303194493], [-114.09169639223508, 51.02805265152594], [-114.09169275724418, 51.028052120046254], [-114.09168918515755, 51.028051439781784], [-114.0916856912714, 51.028050613645505], [-114.09168229054714, 51.02804964517507], [-114.0916789975472, 51.02804853851764], [-114.09167582637276, 51.02804729841208], [-114.09167279060327, 51.02804593016876], [-114.09166990323838, 51.02804443964669], [-114.09166717664223, 51.028042833228525], [-114.09166462249053, 51.028041117793215], [-114.09166225172056, 51.02803930068654], [-114.0916600744843, 51.02803738968961], [-114.091658100105, 51.028035392985636], [-114.09165633703722, 51.028033319124845], [-114.09165479283071, 51.028031176987795], [-114.09165347409794, 51.028028975747475], [-114.0916523864859, 51.028026724829935], [-114.09165153465192, 51.02802443387396], [-114.0916509222436, 51.02802211268978], [-114.09165055188336, 51.02801977121708], [-114.09165042515708, 51.028017419482396]]]}}, {"type": "Feature", "properties": {"tag": "T1824"}, "geometry": {"type": "Polygon", "coordinates": [[[-114.09138117055187, 51.02881659531251], [-114.0913812880178, 51.02881424338691], [-114.09138164916148, 51.028811901341676], [-114.0913822524364, 51.02880957920581], [-114.09138309525925, 51.02880728692305], [-114.09138417402083, 51.0288050343093], [-114.09138548410175, 51.02880283101057], [-114.09138701989198, 51.02880068646174], [-114.09138877481502, 51.02879860984609], [-114.09139074135598, 51.028796610056], [-114.09139291109383, 51.028794695654845], [-114.09139527473741, 51.02879287484037], [-114.0913978221652, 51.02879115540961], [-114.09140054246878, 51.02878954472539], [-114.09140342399932, 51.02878804968489], [-114.09140645441774, 51.028786676690125], [-114.09140962074729, 51.028785431620406], [-114.09141290942928, 51.02878431980736], [-114.09141630638112, 51.0287833460119], [-114.09141979705652, 51.028782514403964], [-114.09142336650794, 51.02878182854461], [-114.09142699945046, 51.02878129137079], [-114.09143068032728, 51.02878090518278], [-114.09143439337637, 51.028780671634266], [-114.09143812269792, 51.02878059172534], [-114.09144185232243, 51.028780665798195], [-114.09144556627912, 51.02878089353563], [-114.0914492486643, 51.02878127396245], [-114.09145288370945, 51.02878180544962], [-114.0914564558488, 51.0287824857212], [-114.09145994978593, 51.0287833118642], [-114.09146335055927, 51.02878428034096], [-114.09146664360621, 51.0287853870043], [-114.09146981482549, 51.02878662711536], [-114.09147285063742, 51.02878799536376], [-114.09147573804222, 51.028789485890485], [-114.0914784646756, 51.028791092312886], [-114.09148101886169, 51.02879280775202], [-114.09148338966305, 51.02879462486214], [-114.09148556692757, 51.028796535862085], [-114.09148754133184, 51.02879853256869], [-114.09148930442116, 51.02880060643175], [-114.09149084864566, 51.0288027485707], [-114.09149216739273, 51.02880494981257], [-114.09149325501527, 51.02880720073128], [-114.09149410685586, 51.02880949168809], [-114.09149471926678, 51.02881181287277], [-114.09149508962552, 51.02881415434565], [-114.09149521634616, 51.0288165060802], [-114.09149509888599, 51.028818858005906], [-114.09149473774798, 51.02882120005148], [-114.09149413447851, 51.02882352218793], [-114.09149329166087, 51.02882581447147], [-114.09149221290407, 51.028828067086216], [-114.09149090282752, 51.02883027038614], [-114.0914893670411, 51.02883241493631], [-114.0914876121213, 51.028834491553454], [-114.0914856455829, 51.02883649134518], [-114.09148347584693, 51.02883840574804], [-114.09148111220449, 51.02884022656428], [-114.09147856477708, 51.02884194599684], [-114.09147584447317, 51.02884355668285], [-114.0914729629415, 51.02884505172513], [-114.09146993252125, 51.028846424721614], [-114.09146676618917, 51.02884766979294], [-114.09146347750398, 51.0288487816075], [-114.09146008054836, 51.02884975540434], [-114.09145658986861, 51.028850587013466], [-114.09145302041242, 51.028851272873816], [-114.09144938746473, 51.028851810048444], [-114.09144570658245, 51.02885219623703], [-114.09144199352771, 51.02885242978592], [-114.09143826420039, 51.028852509694964], [-114.09143453457013, 51.028852435622], [-114.09143082060775, 51.02885220788421], [-114.09142713821711, 51.028851827456826], [-114.09142350316677, 51.02885129596886], [-114.09141993102261, 51.028850615696285], [-114.09141643708115, 51.0288497895521], [-114.09141303630399, 51.02884882107399], [-114.0914097432538, 51.028847714409146], [-114.09140657203199, 51.02884647429648], [-114.09140353621818, 51.028845106046376], [-114.09140064881221, 51.02884361551787], [-114.09139792217844, 51.02884200909368], [-114.09139536799272, 51.02884029365274], [-114.09139299719246, 51.028838476540855], [-114.09139081992977, 51.028836565539194], [-114.09138884552804, 51.02883456883095], [-114.09138708244191, 51.02883249496639], [-114.0913855382212, 51.02883035282608], [-114.09138421947846, 51.02882815158303], [-114.09138313186072, 51.02882590066331], [-114.09138228002529, 51.02882360970569], [-114.09138166761984, 51.02882128852042], [-114.09138129726675, 51.02881894704717], [-114.09138117055187, 51.02881659531251]]]}}, {"type": "Feature", "properties": {"tag": "T1826"}, "geometry": {"type": "Polygon", "coordinates": [[[-114.09190233699674, 51.02851628822731], [-114.09190245443556, 51.028513936301074], [-114.09190281555065, 51.02851159425413], [-114.09190341879568, 51.02850927211547], [-114.09190426158736, 51.02850697982885], [-114.09190534031674, 51.02850472721017], [-114.09190665036448, 51.02850252390552], [-114.09190818612076, 51.02850037934975], [-114.09190994100916, 51.028498302726184], [-114.091911907515, 51.02849630292723], [-114.09191407721737, 51.02849438851631], [-114.09191644082526, 51.02849256769124], [-114.09191898821732, 51.028490848249035], [-114.09192170848523, 51.02848923755261], [-114.09192458998041, 51.02848774249921], [-114.09192762036382, 51.02848636949088], [-114.09193078665895, 51.028485124407005], [-114.09193407530722, 51.02848401257924], [-114.09193747222615, 51.02848303876859], [-114.09194096286967, 51.02848220714506], [-114.09194453229033, 51.02848152126978], [-114.09194816520332, 51.02848098407975], [-114.091951846052, 51.02848059787532], [-114.09195555907446, 51.02848036431025], [-114.091959288371, 51.0284802843847], [-114.09196301797222, 51.02848035844093], [-114.09196673190745, 51.02848058616184], [-114.09197041427306, 51.02848096657226], [-114.09197404930067, 51.02848149804325], [-114.09197762142453, 51.028482178298944], [-114.0919811153483, 51.02848300442642], [-114.09198451611051, 51.02848397288807], [-114.09198780914856, 51.02848507953678], [-114.09199098036122, 51.02848631963376], [-114.09199401616884, 51.02848768786869], [-114.09199690357168, 51.028489178382614], [-114.09199963020542, 51.02849078479295], [-114.09200218439422, 51.02849250022078], [-114.09200455520062, 51.02849431732041], [-114.09200673247247, 51.02849622831075], [-114.09200870688635, 51.02849822500864], [-114.0920104699875, 51.02850029886396], [-114.09201201422601, 51.02850244099612], [-114.09201333298923, 51.02850464223219], [-114.09201442062995, 51.028506893146165], [-114.0920152724907, 51.0285091840993], [-114.09201588492365, 51.02851150528135], [-114.09201625530626, 51.028513846752695], [-114.09201638205242, 51.02851619848678], [-114.09201626461937, 51.02851855041312], [-114.09201590350993, 51.028520892460406], [-114.0920153002704, 51.028523214599645], [-114.09201445748388, 51.02852550688706], [-114.09201337875932, 51.02852775950672], [-114.09201206871593, 51.02852996281256], [-114.09201053296347, 51.028532107369685], [-114.0920087780783, 51.02853418399474], [-114.09200681157502, 51.02853618379532], [-114.09200464187454, 51.02853809820794], [-114.09200227826778, 51.0285399190348], [-114.09199973087611, 51.0285416384788], [-114.09199701060784, 51.02854324917701], [-114.09199412911157, 51.02854474423218], [-114.09199109872631, 51.028546117242236], [-114.09198793242867, 51.02854736232773], [-114.09198464377721, 51.028548474157], [-114.09198124685446, 51.028549447969006], [-114.09197775620662, 51.02855027959373], [-114.09197418678119, 51.02855096547003], [-114.09197055386302, 51.028551502660875], [-114.09196687300887, 51.02855188886589], [-114.09196315998076, 51.028552122431314], [-114.09195943067847, 51.02855220235698], [-114.09195570107148, 51.02855212830064], [-114.0919519871306, 51.02855190057939], [-114.0919483047595, 51.02855152016839], [-114.09194466972671, 51.028550988696615], [-114.09194109759804, 51.02855030843992], [-114.09193760366992, 51.02854948231127], [-114.0919342029039, 51.02854851384827], [-114.09193090986261, 51.02854740719805], [-114.09192773864739, 51.02854616709947], [-114.09192470283789, 51.02854479886281], [-114.0919218154339, 51.02854330834711], [-114.09191908879977, 51.028541701934984], [-114.09191653461134, 51.02853998650536], [-114.09191416380605, 51.02853816940396], [-114.09191198653603, 51.028536258411904], [-114.09191001212469, 51.02853426171238], [-114.09190824902673, 51.02853218785557], [-114.09190670479201, 51.02853004572204], [-114.09190538603312, 51.02852784448477], [-114.09190429839718, 51.02852559356978], [-114.09190344654161, 51.02852330261587], [-114.0919028341141, 51.02852098143322], [-114.09190246373716, 51.02851863996152], [-114.09190233699674, 51.02851628822731]]]}}, {"type": "Feature", "properties": {"tag": "T1827"}, "geometry": {"type": "Polygon", "coordinates": [[[-114.09237633029376, 51.02904337970531], [-114.09237644770987, 51.029041027778824], [-114.09237680880516, 51.02903868573063], [-114.09237741203327, 51.02903636358975], [-114.09237825481111, 51.029034071299925], [-114.09237933352972, 51.02903181867709], [-114.09238064356981, 51.029029615367314], [-114.09238217932158, 51.029027470805524], [-114.09238393420867, 51.02902539417502], [-114.09238590071638, 51.029023394368274], [-114.09238807042378, 51.02902147994872], [-114.09239043403987, 51.029019659114226], [-114.09239298144324, 51.029017939661834], [-114.09239570172555, 51.029016328954526], [-114.09239858323811, 51.02901483388956], [-114.09240161364187, 51.029013460869045], [-114.09240477996015, 51.02901221577243], [-114.09240806863436, 51.029011103931424], [-114.09241146558186, 51.029010130107075], [-114.09241495625645, 51.02900929846944], [-114.09241852571056, 51.02900861257973], [-114.09242215865926, 51.02900807537499], [-114.09242583954573, 51.02900768915565], [-114.0924295526079, 51.02900745557552], [-114.0924332819459, 51.029007375634826], [-114.09243701159015, 51.02900744967591], [-114.0924407255698, 51.02900767738171], [-114.09244440798106, 51.02900805777713], [-114.0924480430553, 51.02900858923331], [-114.0924516152266, 51.02900926947443], [-114.09245510919843, 51.02901009558764], [-114.09245851000907, 51.02901106403537], [-114.09246180309577, 51.029012170670605], [-114.09246497435704, 51.02901341075458], [-114.09246801021305, 51.02901477897705], [-114.09247089766384, 51.029016269479115], [-114.09247362434492, 51.02901787587821], [-114.09247617858017, 51.0290195912955], [-114.092478549432, 51.02902140838533], [-114.09248072674806, 51.029023319366644], [-114.09248270120472, 51.02902531605633], [-114.09248446434704, 51.02902738990428], [-114.09248600862495, 51.02902953202995], [-114.09248732742559, 51.02903173326047], [-114.09248841510164, 51.029033984169814], [-114.09248926699546, 51.02903627511925], [-114.09248987945907, 51.02903859629859], [-114.09249024986977, 51.02904093776821], [-114.09249037664141, 51.02904328950156], [-114.09249025923103, 51.029045641428155], [-114.09248989814142, 51.02904798347668], [-114.09248929491876, 51.02905030561815], [-114.09248845214611, 51.02905259790877], [-114.09248737343232, 51.02905485053259], [-114.09248606339658, 51.02905705384354], [-114.09248452764864, 51.029059198406685], [-114.09248277276475, 51.02906127503869], [-114.09248080625963, 51.029063274847054], [-114.09247863655409, 51.02906518926831], [-114.09247627293915, 51.02906701010457], [-114.09247372553617, 51.02906872955876], [-114.09247100525351, 51.02907034026788], [-114.09246812373983, 51.029071835334605], [-114.09246509333425, 51.02907320835684], [-114.09246192701343, 51.029074453455074], [-114.09245863833604, 51.029075565297596], [-114.09245524138474, 51.02907653912331], [-114.0924517507058, 51.02907737076214], [-114.09244818124692, 51.02907805665286], [-114.09244454829306, 51.02907859385841], [-114.09244086740112, 51.02907898007833], [-114.09243715433331, 51.02907921365882], [-114.09243342498955, 51.02907929359964], [-114.09242969533953, 51.02907921955843], [-114.09242598135421, 51.0290789918523], [-114.09242229893748, 51.029078611456306], [-114.09241866385807, 51.02907807999934], [-114.09241509168194, 51.02907739975721], [-114.09241159770578, 51.02907657364283], [-114.0924081968913, 51.029075605193746], [-114.09240490380138, 51.029074498557], [-114.09240173253755, 51.02907325847141], [-114.09239869667965, 51.029071890247224], [-114.09239580922772, 51.029070399743404], [-114.09239308254625, 51.0290687933425], [-114.09239052831136, 51.029067077923415], [-114.09238815746063, 51.02906526083182], [-114.0923859801464, 51.02906334984878], [-114.09238400569228, 51.02906135315747], [-114.09238224255317, 51.02905927930802], [-114.09238069827903, 51.02905713718099], [-114.09237937948272, 51.02905493594927], [-114.09237829181147, 51.02905268503893], [-114.09237743992283, 51.02905039408868], [-114.09237682746468, 51.02904807290875], [-114.09237645705961, 51.02904573143878], [-114.09237633029376, 51.02904337970531]]]}}, {"type": "Feature", "properties": {"tag": "T1830"}, "geometry": {"type": "Polygon", "coordinates": [[[-114.09210010509629, 51.029055491173594], [-114.09210022252643, 51.02905313924738], [-114.09210058363571, 51.029050797200036], [-114.09210118687781, 51.02904847506058], [-114.09210202966948, 51.02904618277274], [-114.09210310840176, 51.02904393015245], [-114.09210441845529, 51.02904172684578], [-114.09210595422022, 51.029039582287616], [-114.09210770912011, 51.029037505661265], [-114.09210967564022, 51.029035505859156], [-114.09211184535958, 51.02903359144474], [-114.0921142089871, 51.029031770615816], [-114.09211675640138, 51.02903005116945], [-114.09211947669398, 51.029028440468565], [-114.09212235821619, 51.02902694541041], [-114.09212538862889, 51.02902557239706], [-114.09212855495542, 51.02902432730793], [-114.09213184363709, 51.02902321547468], [-114.09213524059129, 51.02902224165836], [-114.09213873127175, 51.02902141002898], [-114.09214230073087, 51.0290207241477], [-114.09214593368372, 51.02902018695155], [-114.09214961457346, 51.0290198007409], [-114.09215332763799, 51.02901956716954], [-114.09215705697744, 51.02901948723767], [-114.09216078662224, 51.029019561287576], [-114.09216450060151, 51.029019789002156], [-114.09216818301148, 51.02902016940627], [-114.09217181808353, 51.029020700871044], [-114.09217539025174, 51.029021381120614], [-114.09217888421956, 51.02902220724207], [-114.09218228502534, 51.029023175697844], [-114.09218557810634, 51.02902428234088], [-114.09218874936107, 51.02902552243234], [-114.09219178520976, 51.02902689066199], [-114.09219467265245, 51.02902838117088], [-114.09219739932469, 51.029029987576415], [-114.09219995355043, 51.029031702999745], [-114.09220232439209, 51.02903352009518], [-114.09220450169737, 51.02903543108165], [-114.09220647614268, 51.029037427776004], [-114.09220823927313, 51.02903950162812], [-114.0922097835387, 51.02904164375744], [-114.09221110232663, 51.02904384499107], [-114.09221218998958, 51.02904609590299], [-114.09221304187, 51.02904838685445], [-114.09221365431998, 51.02905070803524], [-114.09221402471687, 51.029053049505734], [-114.09221415147455, 51.02905540123938], [-114.09221403405019, 51.0290577531657], [-114.09221367294656, 51.02906009521339], [-114.09221306970993, 51.02906241735342], [-114.09221222692344, 51.02906470964205], [-114.09221114819597, 51.02906696226333], [-114.09220983814679, 51.029069165571194], [-114.0922083023857, 51.02907131013072], [-114.09220654748901, 51.02907338675856], [-114.09220458097148, 51.02907538656228], [-114.09220241125398, 51.029077300978415], [-114.09220004762761, 51.029079121809104], [-114.09219750021373, 51.02908084125726], [-114.09219477992077, 51.02908245195994], [-114.09219189839746, 51.02908394701988], [-114.09218886798291, 51.029085320034945], [-114.09218570165385, 51.0290865651257], [-114.09218241296898, 51.02908767696043], [-114.092179016011, 51.02908865077812], [-114.09217552532621, 51.02908948240869], [-114.09217195586231, 51.02909016829099], [-114.0921683229043, 51.02909070548794], [-114.0921646420091, 51.02909109169918], [-114.0921609289389, 51.0290913252709], [-114.0921571995937, 51.0290914052029], [-114.09215346994313, 51.029091331152884], [-114.09214975595818, 51.02909110343797], [-114.09214607354275, 51.02909072303326], [-114.09214243846553, 51.029090191567704], [-114.09213886629252, 51.02908951131713], [-114.09213537232031, 51.02908868519449], [-114.09213197151071, 51.029087716737365], [-114.0921286784265, 51.029086610092854], [-114.09212550716921, 51.02908536999976], [-114.09212247131865, 51.029084001768396], [-114.0921195838748, 51.02908251125774], [-114.09211685720219, 51.02908090485041], [-114.0921143029768, 51.029079189425275], [-114.09211193213623, 51.029077372328075], [-114.09210975483279, 51.029075461339886], [-114.09210778039004, 51.02907346464392], [-114.09210601726276, 51.0290713907903], [-114.09210447300096, 51.029069248659596], [-114.09210315421738, 51.029067047424775], [-114.09210206655922, 51.029064796511854], [-114.09210121468396, 51.029062505559594], [-114.09210060223946, 51.029060184378196], [-114.0921002318482, 51.029057842907356], [-114.09210010509629, 51.029055491173594]]]}}, {"type": "Feature", "properties": {"tag": "T1834"}, "geometry": {"type": "Polygon", "coordinates": [[[-114.09233802705506, 51.02908750474723], [-114.09233814447323, 51.02908515282079], [-114.09233850557078, 51.02908281077275], [-114.0923391088014, 51.029080488632076], [-114.09233995158192, 51.02907819634254], [-114.09234103030339, 51.02907594372007], [-114.09234234034653, 51.02907374041076], [-114.09234387610154, 51.02907159584947], [-114.092345630992, 51.02906951921957], [-114.09234759750322, 51.02906751941347], [-114.09234976721427, 51.02906560499464], [-114.09235213083409, 51.029063784160925], [-114.0923546782413, 51.02906206470939], [-114.09235739852753, 51.02906045400298], [-114.09236028004406, 51.02905895893897], [-114.09236331045182, 51.02905758591945], [-114.09236647677415, 51.02905634082389], [-114.09236976545237, 51.029055228983964], [-114.09237316240392, 51.02905425516073], [-114.09237665308251, 51.029053423524246], [-114.09238022254057, 51.0290527376357], [-114.09238385549315, 51.02905220043216], [-114.09238753638346, 51.029051814214014], [-114.09239124944934, 51.02905158063511], [-114.09239497879094, 51.029051500695644], [-114.09239870843868, 51.02905157473795], [-114.09240242242167, 51.02905180244495], [-114.0924061048361, 51.029052182841575], [-114.09240973991336, 51.02905271429894], [-114.0924133120875, 51.029053394541236], [-114.09241680606196, 51.029054220655574], [-114.09242020687505, 51.02905518910442], [-114.09242349996396, 51.02905629574073], [-114.09242667122722, 51.02905753582572], [-114.092429707085, 51.02905890404918], [-114.09243259453731, 51.029060394552175], [-114.09243532121964, 51.02906200095216], [-114.09243787545591, 51.02906371637028], [-114.09244024630851, 51.02906553346086], [-114.09244242362506, 51.02906744444287], [-114.09244439808195, 51.02906944113318], [-114.09244616122423, 51.0290715149817], [-114.09244770550184, 51.02907365710787], [-114.09244902430193, 51.029075858338814], [-114.09245011197714, 51.02907810924848], [-114.0924509638699, 51.02908040019818], [-114.09245157633217, 51.029082721377726], [-114.0924519467413, 51.02908506284742], [-114.09245207351113, 51.0290874145808], [-114.0924519560987, 51.02908976650734], [-114.09245159500684, 51.02909210855574], [-114.09245099178169, 51.029094430696986], [-114.09245014900635, 51.02909672298731], [-114.09244907028969, 51.02909897561077], [-114.09244776025088, 51.02910117892128], [-114.09244622449971, 51.02910332348391], [-114.09244446961246, 51.02910540011531], [-114.09244250310381, 51.029107399923014], [-114.09244033339463, 51.02910931434356], [-114.09243796977596, 51.02911113517904], [-114.09243542236914, 51.02911285463238], [-114.09243270208258, 51.029114465340584], [-114.09242982056493, 51.029115960406365], [-114.09242679015534, 51.0291173334276], [-114.09242362383047, 51.02911857852479], [-114.09242033514904, 51.02911969036621], [-114.09241693819372, 51.02912066419081], [-114.09241344751081, 51.02912149582849], [-114.09240987804795, 51.02912218171805], [-114.0924062450902, 51.0291227189224], [-114.09240256419444, 51.029123105141124], [-114.09239885112291, 51.02912333872039], [-114.09239512177554, 51.02912341865998], [-114.09239139212204, 51.029123344617574], [-114.09238767813338, 51.02912311691022], [-114.09238399571346, 51.02912273651302], [-114.09238036063104, 51.02912220505486], [-114.09237678845209, 51.029121524811586], [-114.09237329447326, 51.02912069869605], [-114.09236989365637, 51.02911973024585], [-114.09236660056423, 51.029118623608056], [-114.0923634292984, 51.02911738352144], [-114.09236039343875, 51.02911601529627], [-114.09235750598529, 51.029114524791495], [-114.09235477930257, 51.02911291838973], [-114.09235222506665, 51.02911120296981], [-114.09234985421516, 51.02910938587745], [-114.09234767690045, 51.02910747489372], [-114.0923457024461, 51.029105478201785], [-114.092343939307, 51.029103404351766], [-114.09234239503319, 51.02910126222424], [-114.09234107623742, 51.02909906099211], [-114.09233998856699, 51.02909681008143], [-114.09233913667941, 51.02909451913092], [-114.0923385242226, 51.0290921979508], [-114.09233815381911, 51.029089856480724], [-114.09233802705506, 51.02908750474723]]]}}, {"type": "Feature", "properties": {"tag": "T1836"}, "geometry": {"type": "Polygon", "coordinates": [[[-114.09157267437364, 51.02895006021369], [-114.0915727918302, 51.02894770828795], [-114.09157315296527, 51.0289453662422], [-114.09157375623235, 51.02894304410539], [-114.09157459904814, 51.0289407518213], [-114.09157567780355, 51.028938499205836], [-114.09157698787912, 51.02893629590503], [-114.09157852366492, 51.02893415135374], [-114.09158027858442, 51.02893207473526], [-114.0915822451228, 51.028930074941975], [-114.09158441485896, 51.028928160537305], [-114.0915867785018, 51.028926339719014], [-114.09158932592985, 51.028924620284116], [-114.09159204623457, 51.02892300959547], [-114.09159492776723, 51.028921514550284], [-114.09159795818867, 51.02892014155058], [-114.09160112452217, 51.028918896475716], [-114.09160441320903, 51.02891778465729], [-114.09160781016658, 51.02891681085627], [-114.09161130084858, 51.02891597924263], [-114.09161487030741, 51.028915293377445], [-114.09161850325813, 51.028914756197686], [-114.09162218414393, 51.02891437000365], [-114.09162589720272, 51.02891413644905], [-114.09162962653464, 51.028914056534006], [-114.09163335617016, 51.028914130600754], [-114.09163707013846, 51.028914358332095], [-114.09164075253577, 51.02891473875286], [-114.09164438759353, 51.02891527023404], [-114.09164795974594, 51.02891595049976], [-114.0916514536965, 51.028916776637004], [-114.0916548544836, 51.02891774510816], [-114.09165814754456, 51.02891885176608], [-114.09166131877805, 51.02892009187189], [-114.09166435460433, 51.028921460115285], [-114.09166724202358, 51.02892295063724], [-114.0916699686714, 51.028924557055134], [-114.09167252287189, 51.02892627249003], [-114.09167489368755, 51.02892808959621], [-114.09167707096621, 51.02893000059255], [-114.09167904538438, 51.028931997295864], [-114.09168080848731, 51.02893407115598], [-114.09168235272507, 51.02893621329235], [-114.09168367148501, 51.028938414531986], [-114.09168475911996, 51.02894066544885], [-114.09168561097245, 51.02894295640421], [-114.09168622339469, 51.02894527758783], [-114.09168659376415, 51.02894761906005], [-114.09168672049485, 51.02894997079432], [-114.09168660304405, 51.02895232272016], [-114.09168624191464, 51.028954664766275], [-114.09168563865302, 51.02895698690365], [-114.09168479584243, 51.02895927918852], [-114.09168371709183, 51.02896153180499], [-114.0916824070206, 51.028963735106984], [-114.09168087123862, 51.02896587965963], [-114.09167911632235, 51.028967956279615], [-114.09167714978655, 51.02896995607449], [-114.09167498005225, 51.02897187048088], [-114.09167261641053, 51.02897369130093], [-114.0916700689829, 51.028975410737644], [-114.09166734867783, 51.02897702142809], [-114.09166446714406, 51.02897851647505], [-114.09166143672078, 51.02897988947646], [-114.09165827038476, 51.02898113455295], [-114.0916549816947, 51.028982246372884], [-114.09165158473336, 51.02898322017524], [-114.09164809404702, 51.028984051790076], [-114.0916445245834, 51.02898473765628], [-114.0916408916275, 51.02898527483684], [-114.09163721073627, 51.02898566103148], [-114.09163349767182, 51.028985894586434], [-114.09162976833414, 51.0289859745016], [-114.09162603869285, 51.02898590043475], [-114.0916223247189, 51.02898567270306], [-114.09161864231612, 51.02898529228172], [-114.09161500725315, 51.02898476079974], [-114.09161143509594, 51.028984080533036], [-114.09160794114104, 51.028983254394596], [-114.09160454035013, 51.0289822859221], [-114.09160124728594, 51.028981179262686], [-114.09159807604989, 51.02897993915525], [-114.09159504022172, 51.028978570910155], [-114.09159215280134, 51.02897708038643], [-114.0915894261531, 51.02897547396674], [-114.09158687195298, 51.02897375853003], [-114.09158450113841, 51.02897194142209], [-114.0915823238616, 51.02897003042404], [-114.09158034944596, 51.028968033719096], [-114.09157858634623, 51.02896595985748], [-114.09157704211225, 51.028963817719756], [-114.09157572335664, 51.02896161647892], [-114.0915746357265, 51.02895936556102], [-114.09157378387917, 51.02895707460486], [-114.0915731714624, 51.02895475342066], [-114.09157280109858, 51.02895241194808], [-114.09157267437364, 51.02895006021369]]]}}, {"type": "Feature", "properties": {"tag": "T1842"}, "geometry": {"type": "Polygon", "coordinates": [[[-114.09249153076088, 51.028047339989726], [-114.09249164816872, 51.02804498806273], [-114.09249200925052, 51.02804264601377], [-114.09249261246002, 51.028040323871906], [-114.09249345521418, 51.028038031580884], [-114.09249453390413, 51.02803577895661], [-114.09249584391075, 51.028033575645196], [-114.09249737962435, 51.02803143108153], [-114.09249913446874, 51.02802935444897], [-114.09250110092938, 51.02802735463996], [-114.0925032705856, 51.02802544021797], [-114.09250563414658, 51.02802361938085], [-114.09250818149114, 51.028021899925704], [-114.09251090171118, 51.02802028921547], [-114.09251378315832, 51.028018794147435], [-114.09251681349376, 51.02801742112373], [-114.09251997974113, 51.02801617602382], [-114.09252326834212, 51.02801506417942], [-114.09252666521442, 51.02801409035158], [-114.09253015581217, 51.02801325871042], [-114.09253372518809, 51.028012572817104], [-114.09253735805761, 51.02801203560873], [-114.09254103886424, 51.02801164938573], [-114.09254475184625, 51.02801141580195], [-114.09254848110412, 51.028011335857606], [-114.09255221066861, 51.02801140989508], [-114.09255592456923, 51.02801163759728], [-114.09255960690248, 51.028012017989184], [-114.09256324190011, 51.028012549441904], [-114.09256681399651, 51.02801322967967], [-114.09257030789547, 51.028014055789605], [-114.09257370863561, 51.02801502423419], [-114.09257700165443, 51.02801613086641], [-114.09258017285077, 51.02801737094751], [-114.09258320864507, 51.02801873916726], [-114.09258609603764, 51.02802022966676], [-114.09258882266418, 51.02802183606347], [-114.0925913768489, 51.028023551478555], [-114.09259374765439, 51.02802536856639], [-114.09259592492845, 51.0280272795459], [-114.0925978993477, 51.028029276234], [-114.09259966245729, 51.02803135008058], [-114.09260120670736, 51.02803349220512], [-114.09260252548512, 51.02803569343472], [-114.09260361314337, 51.0280379443434], [-114.09260446502454, 51.02804023529238], [-114.09260507748071, 51.028042556471526], [-114.09260544788923, 51.028044897941186], [-114.09260557466389, 51.0280472496748], [-114.09260545726181, 51.028049601601914], [-114.09260509618568, 51.0280519436512], [-114.09260449298165, 51.02805426579364], [-114.09260365023268, 51.02805655808547], [-114.09260257154753, 51.02805881071074], [-114.09260126154527, 51.028061014023336], [-114.09259972583548, 51.028063158588346], [-114.09259797099432, 51.02806523522241], [-114.09259600453623, 51.028067235033035], [-114.0925938348819, 51.02806914945673], [-114.09259147132208, 51.02807097029561], [-114.09258892397791, 51.02807268975256], [-114.0925862037575, 51.02807430046461], [-114.09258332230925, 51.02807579553442], [-114.09258029197198, 51.02807716855982], [-114.09257712572207, 51.028078413661355], [-114.0925738371179, 51.028079525507266], [-114.09257044024179, 51.028080499336454], [-114.09256694963973, 51.02808133097882], [-114.09256338025902, 51.02808201687315], [-114.09255974738434, 51.02808255408232], [-114.09255606657224, 51.02808294030591], [-114.09255235358458, 51.02808317389007], [-114.09254862432097, 51.02808325383452], [-114.0925448947507, 51.02808317979695], [-114.09254118084444, 51.02808295209438], [-114.09253749850569, 51.02808257170191], [-114.09253386350288, 51.02808204024839], [-114.09253029140166, 51.02808136000964], [-114.09252679749835, 51.02808053389851], [-114.0925233967544, 51.02807956545258], [-114.09252010373235, 51.02807845881886], [-114.09251693253346, 51.02807721873615], [-114.09251389673727, 51.0280758505147], [-114.09251100934357, 51.028074360013434], [-114.09250828271661, 51.028072753614914], [-114.09250572853226, 51.02807103819802], [-114.09250335772789, 51.028069221108424], [-114.09250118045564, 51.02806731012719], [-114.09249920603895, 51.02806531343747], [-114.09249744293254, 51.028063239589386], [-114.09249589868627, 51.028061097463485], [-114.09249457991282, 51.02805889623269], [-114.09249349225936, 51.02805664532301], [-114.09249264038337, 51.028054354373204], [-114.09249202793265, 51.028052033193475], [-114.09249165752979, 51.028049691723474], [-114.09249153076088, 51.028047339989726]]]}}, {"type": "Feature", "properties": {"tag": "T1844"}, "geometry": {"type": "Polygon", "coordinates": [[[-114.09229843095484, 51.02899751257232], [-114.0922985483748, 51.0289951606459], [-114.09229890947366, 51.02899281859793], [-114.09229951270508, 51.02899049645742], [-114.09230035548593, 51.02898820416814], [-114.09230143420724, 51.028985951546], [-114.09230274424974, 51.02898374823708], [-114.09230428000359, 51.028981603676286], [-114.09230603489245, 51.02897952704695], [-114.09230800140156, 51.028977527241494], [-114.09231017111004, 51.02897561282337], [-114.09231253472684, 51.02897379199043], [-114.0923150821306, 51.02897207253973], [-114.09231780241292, 51.02897046183421], [-114.09232068392515, 51.02896896677116], [-114.09232371432822, 51.02896759375266], [-114.09232688064547, 51.02896634865815], [-114.0923301693183, 51.028965236819325], [-114.09233356626409, 51.02896426299723], [-114.09233705693664, 51.02896343136192], [-114.09234062638836, 51.02896274547458], [-114.09234425933438, 51.02896220827227], [-114.09234794021788, 51.028961822055365], [-114.09235165327676, 51.028961588477706], [-114.09235538261123, 51.0289615085395], [-114.09235911225169, 51.02896158258309], [-114.0923628262273, 51.02896181029135], [-114.09236650863427, 51.02896219068924], [-114.09237014370403, 51.02896272214784], [-114.09237371587068, 51.02896340239137], [-114.09237720983768, 51.02896422850691], [-114.09238061064335, 51.02896519695692], [-114.09238390372492, 51.02896630359436], [-114.09238707498099, 51.02896754368046], [-114.09239011083173, 51.02896891190497], [-114.09239299827716, 51.02897040240897], [-114.09239572495285, 51.0289720088099], [-114.09239827918272, 51.02897372422891], [-114.09240065002918, 51.028975541320335], [-114.09240282733987, 51.028977452303124], [-114.09240480179123, 51.028979448994136], [-114.09240656492832, 51.028981522843274], [-114.09240810920112, 51.028983664970006], [-114.09240942799677, 51.02898586620142], [-114.09241051566796, 51.02898811711152], [-114.09241136755709, 51.02899040806153], [-114.09241198001622, 51.02899272924132], [-114.09241235042263, 51.0289950707112], [-114.09241247719018, 51.02899742244464], [-114.09241235977599, 51.02899977437118], [-114.0924119986828, 51.0290021164195], [-114.09241139545685, 51.02900443856057], [-114.09241055268119, 51.02900673085065], [-114.09240947396468, 51.02900898347378], [-114.09240816392654, 51.02901118678387], [-114.0924066281765, 51.029013331346015], [-114.09240487329089, 51.02901540797686], [-114.09240290678433, 51.029017407783925], [-114.09240073707772, 51.029019322203766], [-114.09239837346206, 51.02902114303847], [-114.0923958260587, 51.02902286249096], [-114.09239310577603, 51.02902447319827], [-114.09239022426269, 51.029025968263106], [-114.09238719385779, 51.029027341283324], [-114.09238402753799, 51.029028586379454], [-114.09238073886198, 51.029029698219794], [-114.09237734191238, 51.02903067204325], [-114.09237385123552, 51.02903150367975], [-114.092370281779, 51.029032189568106], [-114.09236664882782, 51.02903272677123], [-114.09236296793885, 51.02903311298871], [-114.09235925487431, 51.02903334656672], [-114.09235552553409, 51.029033426505045], [-114.09235179588788, 51.02903335246137], [-114.09234808190661, 51.02903312475275], [-114.09234439949415, 51.02903274435428], [-114.0923407644192, 51.02903221289489], [-114.09233719224775, 51.02903153265038], [-114.0923336982764, 51.02903070653365], [-114.09233029746692, 51.029029738082286], [-114.09232700438211, 51.02902863144335], [-114.09232383312347, 51.02902739135563], [-114.09232079727087, 51.02902602312942], [-114.09231790982429, 51.02902453262364], [-114.0923151831482, 51.029022926220904], [-114.09231262891869, 51.0290212108001], [-114.09231025807335, 51.02901939370691], [-114.0923080807645, 51.029017482722416], [-114.09230610631566, 51.02901548602975], [-114.09230434318175, 51.02901341217912], [-114.09230279891275, 51.02901127005102], [-114.09230148012142, 51.02900906881842], [-114.09230039245503, 51.02900681790733], [-114.09229954057106, 51.02900452695649], [-114.09229892811742, 51.02900220577614], [-114.09229855771665, 51.0289998643059], [-114.09229843095484, 51.02899751257232]]]}}, {"type": "Feature", "properties": {"tag": "T1845"}, "geometry": {"type": "Polygon", "coordinates": [[[-114.09160847589013, 51.028294606707306], [-114.09160859334327, 51.028292254781256], [-114.09160895447147, 51.028289912735126], [-114.09160955772829, 51.028287590597884], [-114.09161040053047, 51.02828529831329], [-114.09161147926898, 51.02828304569724], [-114.09161278932443, 51.02828084239578], [-114.09161432508695, 51.028278697843795], [-114.09161607998013, 51.02827662122457], [-114.09161804648926, 51.02827462143048], [-114.09162021619339, 51.02827270702493], [-114.09162257980154, 51.02827088620573], [-114.09162512719234, 51.02826916676988], [-114.09162784745749, 51.02826755608024], [-114.09163072894837, 51.028266061034024], [-114.09163375932604, 51.02826468803325], [-114.09163692561395, 51.02826344295731], [-114.09164021425359, 51.028262331137775], [-114.0916436111625, 51.02826135733563], [-114.09164710179465, 51.02826052572086], [-114.0916506712026, 51.02825983985451], [-114.0916543041017, 51.02825930267362], [-114.09165798493528, 51.028258916478435], [-114.09166169794152, 51.02825868292269], [-114.09166542722078, 51.028258603006535], [-114.09166915680376, 51.02825867707216], [-114.09167287071985, 51.02825890480242], [-114.0916765530655, 51.02825928522213], [-114.09168018807242, 51.02825981670228], [-114.09168376017493, 51.028260496967], [-114.09168725407683, 51.02826132310331], [-114.09169065481669, 51.028262291573554], [-114.09169394783206, 51.028263398230614], [-114.09169711902173, 51.028264638335614], [-114.09170015480623, 51.02826600657825], [-114.09170304218587, 51.02826749709951], [-114.09170576879646, 51.02826910351677], [-114.0917083229622, 51.02827081895109], [-114.0917106937458, 51.02827263605676], [-114.09171287099518, 51.02827454705267], [-114.091714845387, 51.028276543755624], [-114.09171660846663, 51.02827861761545], [-114.09171815268424, 51.02828075975158], [-114.09171947142721, 51.02828296099107], [-114.09172055904851, 51.02828521190788], [-114.09172141089071, 51.02828750286324], [-114.09172202330605, 51.02828982404694], [-114.09172239367207, 51.028292165519304], [-114.09172252040274, 51.02829451725381], [-114.09172240295537, 51.028296869179954], [-114.09172204183282, 51.02829921122643], [-114.09172143858146, 51.02830153336424], [-114.09172059578447, 51.02830382564963], [-114.09171951705078, 51.02830607826667], [-114.09171820699969, 51.0283082815693], [-114.09171667124099, 51.02831042612265], [-114.09171491635102, 51.028312502743375], [-114.09171294984446, 51.02831450253909], [-114.0917107801422, 51.02831641694634], [-114.0917084165352, 51.0283182377673], [-114.0917058691448, 51.028319957204964], [-114.09170314887929, 51.028321567896405], [-114.09170026738728, 51.02832306294439], [-114.09169723700778, 51.028324435946864], [-114.09169407071734, 51.02832568102445], [-114.09169078207452, 51.028326792845476], [-114.0916873851618, 51.02832776664897], [-114.09168389452535, 51.02832859826495], [-114.09168032511259, 51.02832928413228], [-114.09167669220834, 51.02832982131401], [-114.0916730113693, 51.02833020750978], [-114.09166929835739, 51.028330441065876], [-114.09166556907238, 51.02833052098216], [-114.09166183948363, 51.028330446916414], [-114.09165812556189, 51.02833021918582], [-114.09165444321076, 51.028329838765536], [-114.09165080819866, 51.02832930728458], [-114.09164723609133, 51.028328627018865], [-114.09164374218508, 51.02832780088138], [-114.0916403414414, 51.02832683240979], [-114.09163704842283, 51.02832572575124], [-114.09163387723058, 51.02832448564461], [-114.0916308414442, 51.02832311740028], [-114.09162795406341, 51.02832162687725], [-114.09162522745245, 51.028320020458196], [-114.09162267328705, 51.028318305022054], [-114.09162030250455, 51.028316487914616], [-114.09161812525701, 51.028314576917005], [-114.09161615086772, 51.02831258021243], [-114.0916143877913, 51.0283105063511], [-114.09161284357748, 51.0283083642136], [-114.09161152483883, 51.02830616297291], [-114.09161043722233, 51.028303912055094], [-114.09160958538529, 51.02830162109893], [-114.09160897297541, 51.02829929991465], [-114.09160860261504, 51.02829695844193], [-114.09160847589013, 51.028294606707306]]]}}, {"type": "Feature", "properties": {"tag": "T1848"}, "geometry": {"type": "Polygon", "coordinates": [[[-114.09151591747128, 51.028831889330114], [-114.09151603493044, 51.028829537404384], [-114.09151639606745, 51.02882719535874], [-114.09151699933585, 51.028824873222185], [-114.0915178421523, 51.028822580938474], [-114.09151892090772, 51.02882032832347], [-114.09152023098267, 51.02881812502326], [-114.09152176676719, 51.02881598047267], [-114.09152352168476, 51.028813903854996], [-114.09152548822058, 51.02881190406264], [-114.09152765795358, 51.02880998965898], [-114.09153002159266, 51.0288081688418], [-114.09153256901631, 51.0288064494081], [-114.0915352893161, 51.02880483872076], [-114.09153817084325, 51.02880334367695], [-114.09154120125868, 51.02880197067869], [-114.09154436758566, 51.028800725605336], [-114.0915476562655, 51.028799613788486], [-114.09155105321562, 51.02879863998912], [-114.09155454388976, 51.02879780837715], [-114.09155811334037, 51.02879712251369], [-114.09156174628252, 51.02879658533569], [-114.09156542715942, 51.028796199143436], [-114.09156914020905, 51.02879596559063], [-114.09157286953159, 51.02879588567741], [-114.09157659915755, 51.02879595974598], [-114.09158031311611, 51.028796187479124], [-114.09158399550361, 51.02879656790169], [-114.09158763055149, 51.028797099384654], [-114.09159120269398, 51.02879777965212], [-114.09159469663463, 51.028798605791096], [-114.09159809741189, 51.02879957426392], [-114.09160139046314, 51.02880068092347], [-114.09160456168703, 51.02880192103085], [-114.09160759750394, 51.02880328927575], [-114.09161048491401, 51.02880477979914], [-114.09161321155294, 51.028806386218385], [-114.09161576574483, 51.02880810165457], [-114.09161813655226, 51.028809918761944], [-114.09162031382303, 51.028811829759384], [-114.09162228823374, 51.028813826463704], [-114.09162405132963, 51.02881590032473], [-114.09162559556087, 51.028818042461886], [-114.09162691431474, 51.028820243702214], [-114.09162800194416, 51.02882249461967], [-114.09162885379168, 51.02882478557547], [-114.09162946620951, 51.02882710675944], [-114.09162983657518, 51.02882944823189], [-114.09162996330268, 51.02883179996628], [-114.0916298458493, 51.02883415189211], [-114.09162948471796, 51.02883649393809], [-114.09162888145502, 51.02883881607521], [-114.09162803864375, 51.028841108359735], [-114.09162695989313, 51.028843360975735], [-114.09162564982255, 51.02884556427713], [-114.09162411404185, 51.028847708829076], [-114.09162235912748, 51.02884978544824], [-114.09162039259424, 51.02885178524221], [-114.0916182228631, 51.02885369964757], [-114.09161585922519, 51.02885552046652], [-114.09161331180192, 51.028857239902024], [-114.09161059150178, 51.02885885059118], [-114.09160770997352, 51.028860345636765], [-114.09160467955626, 51.02886171863674], [-114.09160151322675, 51.0288629637117], [-114.0915982245437, 51.02886407553005], [-114.09159482758979, 51.02886504933079], [-114.09159133691132, 51.02886588094394], [-114.09158776745593, 51.02886656680842], [-114.09158413450862, 51.02886710398723], [-114.09158045362625, 51.028867490180076], [-114.09157674057096, 51.02886772373323], [-114.09157301124266, 51.02886780364657], [-114.09156928161096, 51.02886772957791], [-114.09156556764671, 51.0288675018444], [-114.09156188525377, 51.028867121421264], [-114.09155825020069, 51.02886658993751], [-114.0915546780534, 51.028865909669044], [-114.09155118410838, 51.02886508352889], [-114.0915477833273, 51.02886411505471], [-114.09154449027284, 51.028863008393664], [-114.09154131904637, 51.02886176828467], [-114.09153828322759, 51.02886040003807], [-114.09153539581638, 51.0288589095129], [-114.09153266917706, 51.028857303091854], [-114.09153011498552, 51.028855587653865], [-114.0915277441792, 51.02885377054472], [-114.09152556691026, 51.02885185954557], [-114.09152359250209, 51.028849862839635], [-114.09152182940937, 51.0288477889771], [-114.09152028518194, 51.02884564683858], [-114.09151896643239, 51.02884344559706], [-114.09151787880776, 51.02884119467859], [-114.0915170269654, 51.02883890372197], [-114.09151641455303, 51.02883658253742], [-114.09151604419303, 51.028834241064615], [-114.09151591747128, 51.028831889330114]]]}}, {"type": "Feature", "properties": {"tag": "T1853"}, "geometry": {"type": "Polygon", "coordinates": [[[-114.09249259674495, 51.02893393630589], [-114.09249271415493, 51.02893158437925], [-114.0924930752435, 51.028929242330655], [-114.0924936784644, 51.028926920189136], [-114.09249452123453, 51.02892462789842], [-114.09249559994494, 51.02892237527448], [-114.09249690997645, 51.02892017196337], [-114.09249844571924, 51.02891802740001], [-114.09250020059702, 51.02891595076774], [-114.09250216709508, 51.028913950958994], [-114.0925043367926, 51.02891203653726], [-114.09250670039856, 51.02891021570037], [-114.09250924779164, 51.02890849624544], [-114.09251196806352, 51.02890688553539], [-114.09251484956555, 51.02890539046754], [-114.09251787995872, 51.02890401744398], [-114.09252104626646, 51.028902772344196], [-114.09252433493012, 51.0289016604999], [-114.0925277318672, 51.02890068667215], [-114.09253122253149, 51.028899855031035], [-114.09253479197547, 51.028899169137766], [-114.09253842491425, 51.028898631929415], [-114.0925421057911, 51.02889824570641], [-114.09254581884393, 51.028898012122575], [-114.09254954817294, 51.02889793217819], [-114.09255327780859, 51.02889800621557], [-114.09255699178007, 51.02889823391769], [-114.0925606741836, 51.028898614309455], [-114.09256430925059, 51.02889914576202], [-114.09256788141519, 51.02889982599961], [-114.09257137538083, 51.028900652109336], [-114.09257477618588, 51.028901620553725], [-114.09257806926759, 51.028902727185724], [-114.09258124052448, 51.02890396726655], [-114.09258427637677, 51.02890533548604], [-114.09258716382449, 51.02890682598525], [-114.09258989050313, 51.02890843238168], [-114.09259244473667, 51.02891014779645], [-114.09259481558746, 51.02891196488395], [-114.09259699290315, 51.02891387586314], [-114.09259896736016, 51.028915872550904], [-114.09260073050349, 51.02891794639713], [-114.09260227478312, 51.02892008852132], [-114.09260359358616, 51.02892228975056], [-114.09260468126526, 51.028924540658856], [-114.0926055331628, 51.028926831607485], [-114.09260614563075, 51.02892915278626], [-114.09260651604644, 51.028931494255545], [-114.09260664282365, 51.02893384598881], [-114.09260652541944, 51.02893619791556], [-114.09260616433654, 51.0289385399645], [-114.0926055611211, 51.0289408621066], [-114.09260471835617, 51.028943154398085], [-114.09260363965055, 51.02894540702303], [-114.0926023296234, 51.02894761033532], [-114.09260079388443, 51.02894975490004], [-114.09259903900987, 51.028951831533824], [-114.09259707251438, 51.028953831344175], [-114.09259490281873, 51.028955745767625], [-114.09259253921391, 51.02895756660626], [-114.09258999182123, 51.02895928606302], [-114.09258727154901, 51.028960896774855], [-114.09258439004586, 51.02896239184449], [-114.09258135965084, 51.02896376486975], [-114.09257819334059, 51.02896500997115], [-114.09257490467373, 51.028966121816964], [-114.09257150773286, 51.02896709564606], [-114.09256801706424, 51.02896792728838], [-114.09256444761547, 51.02896861318265], [-114.09256081467151, 51.02896915039181], [-114.09255713378921, 51.02896953661541], [-114.09255342073072, 51.0289697701996], [-114.09254969139597, 51.02896985014412], [-114.09254596175455, 51.02896977610662], [-114.09254224777742, 51.02896954840417], [-114.09253856536841, 51.02896916801183], [-114.09253493029622, 51.02896863655846], [-114.09253135812683, 51.028967956319875], [-114.09252786415682, 51.02896713020895], [-114.09252446334794, 51.02896616176323], [-114.09252117026303, 51.02896505512974], [-114.09251799900356, 51.02896381504728], [-114.0925149631494, 51.0289624468261], [-114.09251207570054, 51.02896095632511], [-114.0925093490215, 51.028959349926886], [-114.09250679478832, 51.028957634510306], [-114.09250442393864, 51.028955817421036], [-114.09250224662478, 51.02895390644014], [-114.09250027217033, 51.02895190975075], [-114.09249850903016, 51.02894983590302], [-114.09249696475433, 51.028947693777475], [-114.09249564595562, 51.02894549254703], [-114.0924945582813, 51.02894324163773], [-114.09249370638895, 51.02894095068828], [-114.09249309392644, 51.028938629508914], [-114.0924927235164, 51.02893628803928], [-114.09249259674495, 51.02893393630589]]]}}, {"type": "Feature", "properties": {"tag": "T1856"}, "geometry": {"type": "Polygon", "coordinates": [[[-114.0917693387936, 51.028454884799416], [-114.09176945623899, 51.02845253287329], [-114.09176981736033, 51.02845019082672], [-114.09177042061118, 51.02844786868872], [-114.09177126340833, 51.02844557640302], [-114.09177234214273, 51.02844332378557], [-114.09177365219507, 51.02844112048238], [-114.09177518795543, 51.02843897592833], [-114.09177694284749, 51.02843689930673], [-114.09177890935646, 51.028434899509996], [-114.09178107906143, 51.028432985101524], [-114.09178344267141, 51.0284311642791], [-114.09178599006505, 51.028429444839794], [-114.09178871033399, 51.02842783414645], [-114.09179159182962, 51.02842633909632], [-114.09179462221297, 51.02842496609141], [-114.09179778850749, 51.02842372101113], [-114.0918010771546, 51.02842260918709], [-114.09180447407185, 51.02842163538031], [-114.09180796471314, 51.02842080376074], [-114.09181153413104, 51.02842011788951], [-114.09181516704078, 51.028419580703606], [-114.09181884788572, 51.02841919450337], [-114.09182256090395, 51.028418960942524], [-114.09182629019578, 51.02841888102122], [-114.09183001979189, 51.02841895508171], [-114.09183373372154, 51.02841918280684], [-114.09183741608122, 51.02841956322147], [-114.09184105110249, 51.02842009469659], [-114.0918446232197, 51.02842077495637], [-114.09184811713651, 51.02842160108783], [-114.09185151789144, 51.02842256955335], [-114.09185481092199, 51.02842367620584], [-114.0918579821269, 51.028424916306435], [-114.0918610179266, 51.02842628454486], [-114.09186390532136, 51.02842777506209], [-114.0918666319469, 51.02842938147555], [-114.09186918612741, 51.0284310969063], [-114.09187155692548, 51.02843291400866], [-114.09187373418898, 51.028434825001504], [-114.09187570859454, 51.02843682170167], [-114.09187747168743, 51.028438895559006], [-114.09187901591777, 51.02844103769296], [-114.09188033467294, 51.02844323893056], [-114.09188142230578, 51.0284454898458], [-114.09188227415883, 51.02844778079992], [-114.09188288658436, 51.02845010198269], [-114.09188325695975, 51.02845244345449], [-114.09188338369901, 51.02845479518874], [-114.09188326625939, 51.028457147114985], [-114.09188290514372, 51.02845948916189], [-114.09188230189832, 51.02846181130047], [-114.09188145910638, 51.02846410358694], [-114.09188038037678, 51.02846635620541], [-114.0918790703288, 51.0284685595098], [-114.09187753457225, 51.028470704065185], [-114.09187577968342, 51.02847278068828], [-114.09187381317703, 51.02847478048663], [-114.09187164347391, 51.02847669489682], [-114.09186927986508, 51.028478515720984], [-114.09186673247184, 51.028480235162114], [-114.09186401220255, 51.02848184585726], [-114.0918611307058, 51.02848334090916], [-114.09185810032061, 51.02848471391578], [-114.09185493402356, 51.028485958997685], [-114.09185164537327, 51.02848707082322], [-114.09184824845222, 51.02848804463137], [-114.0918447578066, 51.02848887625213], [-114.09184118838391, 51.02848956212437], [-114.091837555469, 51.02849009931107], [-114.0918338746186, 51.02849048551191], [-114.09183016159471, 51.02849071907312], [-114.09182643229713, 51.02849079899454], [-114.09182270269528, 51.02849072493394], [-114.09181898875994, 51.02849049720847], [-114.09181530639479, 51.028490116793265], [-114.09181167136833, 51.02848958531735], [-114.09180809924632, 51.02848890505657], [-114.09180460532518, 51.02848807892393], [-114.09180120456642, 51.028487110457064], [-114.09179791153264, 51.028486003803074], [-114.09179474032517, 51.02848476370086], [-114.09179170452359, 51.02848339546074], [-114.09178881712769, 51.028481904941735], [-114.09178609050174, 51.02848029852648], [-114.0917835363216, 51.028478583093914], [-114.09178116552464, 51.02847676598979], [-114.09177898826296, 51.02847485499524], [-114.09177701385995, 51.02847285829344], [-114.09177525077025, 51.028470784434596], [-114.0917737065437, 51.02846864229929], [-114.09177238779286, 51.02846644106049], [-114.09177130016481, 51.028464190144234], [-114.0917704483169, 51.02846189918932], [-114.09176983589686, 51.02845957800594], [-114.09176946552711, 51.0284572365338], [-114.0917693387936, 51.028454884799416]]]}}, {"type": "Feature", "properties": {"tag": "T1866"}, "geometry": {"type": "Polygon", "coordinates": [[[-114.09199072625977, 51.0281151045455], [-114.09199084369311, 51.028112752619016], [-114.09199120480068, 51.02811041057162], [-114.09199180803608, 51.02810808843236], [-114.09199265081617, 51.02810579614494], [-114.09199372953198, 51.02810354352531], [-114.09199503956424, 51.028101340219514], [-114.09199657530318, 51.02809919566244], [-114.09199833017253, 51.02809711903742], [-114.09200029665762, 51.02809511923686], [-114.09200246633763, 51.02809320482417], [-114.09200482992166, 51.02809138399719], [-114.09200737728848, 51.02808966455296], [-114.09201009752987, 51.0280880538544], [-114.09201297899733, 51.02808655879871], [-114.09201600935198, 51.028085185788], [-114.09201917561741, 51.02808394070166], [-114.0920224642352, 51.028082828871355], [-114.09202586112298, 51.0280818550581], [-114.09202935173478, 51.02808102343188], [-114.09203292112332, 51.02808033755386], [-114.09203655400394, 51.02807980036106], [-114.09204023482012, 51.028079414153844], [-114.09204394781008, 51.028079180585955], [-114.09204767707426, 51.0280791006576], [-114.09205140664342, 51.02807917471104], [-114.09205512054702, 51.02807940242917], [-114.09205880288157, 51.02807978283684], [-114.09206243787878, 51.028080314305136], [-114.09206600997311, 51.0280809945582], [-114.09206950386827, 51.0280818206831], [-114.09207290460294, 51.028082789142246], [-114.09207619761466, 51.02808389578857], [-114.09207936880227, 51.02808513588325], [-114.0920824045863, 51.028086504116], [-114.09208529196701, 51.02808799462786], [-114.09208801858026, 51.02808960103624], [-114.09209057275024, 51.02809131646227], [-114.0920929435396, 51.02809313356025], [-114.09209512079627, 51.028095044549076], [-114.09209709519688, 51.02809704124562], [-114.09209885828673, 51.028099115099735], [-114.09210040251597, 51.028101257230894], [-114.09210172127194, 51.02810345846612], [-114.09210280890754, 51.02810570937943], [-114.09210366076528, 51.02810800033208], [-114.09210427319734, 51.02811032151383], [-114.09210464358115, 51.02811266298505], [-114.09210477033068, 51.028115014719205], [-114.09210465290309, 51.028117366645795], [-114.09210429180119, 51.02811970869352], [-114.09210368857124, 51.02812203083336], [-114.09210284579635, 51.02812432312156], [-114.09210176708535, 51.028126575742185], [-114.09210045705744, 51.028128779049176], [-114.0920989213223, 51.02813092360759], [-114.09209716645618, 51.028133000234114], [-114.09209519997368, 51.0281350000363], [-114.09209303029554, 51.028136914450684], [-114.09209066671265, 51.02813873527944], [-114.09208811934622, 51.028140454725474], [-114.09208539910448, 51.02814206542583], [-114.09208251763592, 51.02814356048329], [-114.09207948727942, 51.0281449334957], [-114.09207632101145, 51.02814617858367], [-114.09207303239049, 51.02814729041548], [-114.09206963549892, 51.028148264230104], [-114.09206614488278, 51.02814909585752], [-114.09206257548945, 51.02814978173654], [-114.09205894260367, 51.02815031893015], [-114.09205526178202, 51.02815070513797], [-114.09205154878642, 51.0281509387062], [-114.09204781951647, 51.02815101863468], [-114.09204408994155, 51.02815094458113], [-114.09204037603229, 51.02815071686266], [-114.09203669369226, 51.0281503364544], [-114.09203305868986, 51.028149804985325], [-114.09202948659075, 51.02814912473127], [-114.09202599269122, 51.02814829860519], [-114.09202259195273, 51.028147330144684], [-114.09201929893779, 51.02814622349686], [-114.0920161277476, 51.028144983400566], [-114.09201309196172, 51.02814361516612], [-114.09201020457984, 51.02814212465249], [-114.0920074779662, 51.02814051824231], [-114.09200492379658, 51.028138802814475], [-114.09200255300833, 51.02813698571473], [-114.0920003757535, 51.02813507472418], [-114.09199840135543, 51.02813307802601], [-114.09199663826877, 51.02813100417039], [-114.09199509404331, 51.02812886203789], [-114.09199377529166, 51.02812666080143], [-114.09199268766086, 51.02812440988712], [-114.0919918358083, 51.02812211893369], [-114.0919912233817, 51.028119797751344], [-114.09199085300352, 51.028117456279766], [-114.09199072625977, 51.0281151045455]]]}}, {"type": "Feature", "properties": {"tag": "T1874"}, "geometry": {"type": "Polygon", "coordinates": [[[-114.09156067881038, 51.02894678835015], [-114.09156079626756, 51.02894443642443], [-114.09156115740319, 51.02894209437869], [-114.09156176067084, 51.028939772241955], [-114.09156260348716, 51.02893747995797], [-114.09156368224306, 51.02893522734259], [-114.09156499231912, 51.028933024041926], [-114.09156652810536, 51.02893087949079], [-114.09156828302528, 51.02892880287248], [-114.09157024956401, 51.028926803079415], [-114.09157241930055, 51.02892488867496], [-114.0915747829437, 51.02892306785691], [-114.09157733037199, 51.028921348422266], [-114.09158005067694, 51.028919737733894], [-114.09158293220979, 51.02891824268902], [-114.09158596263136, 51.02891686968962], [-114.09158912896497, 51.02891562461507], [-114.09159241765187, 51.028914512797], [-114.09159581460943, 51.028913538996335], [-114.09159930529141, 51.02891270738305], [-114.09160287475017, 51.02891202151823], [-114.09160650770077, 51.028911484338835], [-114.09161018858642, 51.02891109814517], [-114.09161390164499, 51.02891086459095], [-114.09161763097667, 51.0289107846763], [-114.09162136061191, 51.028910858743416], [-114.0916250745799, 51.02891108647515], [-114.09162875697685, 51.02891146689629], [-114.09163239203423, 51.02891199837785], [-114.0916359641862, 51.02891267864393], [-114.0916394581363, 51.02891350478154], [-114.09164285892291, 51.028914473253046], [-114.09164615198337, 51.02891557991129], [-114.0916493232163, 51.028916820017436], [-114.09165235904202, 51.02891818826114], [-114.09165524646066, 51.028919678783396], [-114.0916579731079, 51.02892128520156], [-114.09166052730777, 51.02892300063673], [-114.09166289812279, 51.028924817743146], [-114.0916650754008, 51.02892672873971], [-114.09166704981831, 51.02892872544323], [-114.09166881292059, 51.028930799303545], [-114.0916703571577, 51.028932941440054], [-114.09167167591696, 51.028935142679835], [-114.09167276355124, 51.02893739359683], [-114.09167361540308, 51.02893968455227], [-114.09167422782468, 51.028942005735956], [-114.09167459819352, 51.0289443472082], [-114.0916747249236, 51.02894669894249], [-114.0916746074722, 51.028949050868334], [-114.09167424634222, 51.0289513929144], [-114.09167364308006, 51.02895371505171], [-114.09167280026891, 51.02895600733652], [-114.09167172151781, 51.02895825995286], [-114.0916704114461, 51.02896046325472], [-114.09166887566369, 51.02896260780721], [-114.09166712074699, 51.02896468442701], [-114.09166515421082, 51.0289666842217], [-114.09166298447617, 51.02896859862786], [-114.09166062083416, 51.02897041944768], [-114.09165807340626, 51.02897213888413], [-114.09165535310096, 51.02897374957429], [-114.091652471567, 51.02897524462095], [-114.09164944114359, 51.028976617622064], [-114.09164627480746, 51.02897786269823], [-114.09164298611736, 51.02897897451781], [-114.09163958915599, 51.02897994831984], [-114.09163609846969, 51.02898077993432], [-114.09163252900615, 51.02898146580014], [-114.09162889605037, 51.02898200298035], [-114.09162521515927, 51.028982389174594], [-114.09162150209504, 51.02898262272917], [-114.0916177727576, 51.028982702643944], [-114.0916140431166, 51.02898262857671], [-114.09161032914297, 51.028982400844654], [-114.09160664674053, 51.02898202042294], [-114.09160301167798, 51.02898148894057], [-114.09159943952119, 51.0289808086735], [-114.09159594556674, 51.028979982534715], [-114.0915925447763, 51.02897901406187], [-114.09158925171263, 51.0289779074021], [-114.09158608047713, 51.02897666729435], [-114.09158304464954, 51.028975299048945], [-114.09158015722973, 51.02897380852491], [-114.09157743058212, 51.02897220210495], [-114.09157487638261, 51.028970486667966], [-114.09157250556868, 51.028968669559774], [-114.09157032829252, 51.028966758561495], [-114.09156835387753, 51.02896476185636], [-114.09156659077846, 51.02896268799455], [-114.09156504654514, 51.02896054585666], [-114.0915637277902, 51.0289583446157], [-114.0915626401607, 51.0289560936977], [-114.09156178831402, 51.028953802741455], [-114.0915611758979, 51.02895148155718], [-114.09156080553471, 51.02894914008456], [-114.09156067881038, 51.02894678835015]]]}}, {"type": "Feature", "properties": {"tag": "T1876"}, "geometry": {"type": "Polygon", "coordinates": [[[-114.09180449857088, 51.02889059985525], [-114.09180461601557, 51.028888247929274], [-114.09180497713848, 51.02888590588277], [-114.09180558039321, 51.02888358374476], [-114.0918064231965, 51.028881291458994], [-114.09180750193929, 51.02887903884137], [-114.0918088120022, 51.028876835537936], [-114.09181034777534, 51.02887469098359], [-114.09181210268223, 51.02887261436162], [-114.0918140692081, 51.028870614564426], [-114.09181623893195, 51.02886870015542], [-114.0918186025627, 51.02886687933243], [-114.09182114997887, 51.02886515989247], [-114.09182387027207, 51.02886354919842], [-114.09182675179359, 51.02886205414752], [-114.09182978220429, 51.02886068114178], [-114.09183294852753, 51.02885943606062], [-114.09183623720462, 51.02885832423568], [-114.09183963415298, 51.02885735042791], [-114.09184312482635, 51.028856518807345], [-114.09184669427718, 51.028855832935086], [-114.09185032722057, 51.0288552957481], [-114.09185400809972, 51.028854909546766], [-114.09185772115258, 51.0288546759848], [-114.09186145047931, 51.028854596062374], [-114.09186518011043, 51.02885467012171], [-114.0918688940751, 51.02885489784569], [-114.09187257646958, 51.02885527825916], [-114.09187621152535, 51.028855809733145], [-114.09187978367656, 51.02885648999177], [-114.09188327762675, 51.028857316122114], [-114.09188667841433, 51.028858284586526], [-114.09188997147659, 51.02885939123791], [-114.09189314271218, 51.028860631337444], [-114.0918961785414, 51.028861999574836], [-114.09189906596438, 51.02886349009108], [-114.09190179261672, 51.02886509650356], [-114.09190434682249, 51.02886681193342], [-114.09190671764418, 51.0288686290349], [-114.09190889492957, 51.02887054002693], [-114.09191086935517, 51.02887253672636], [-114.09191263246618, 51.028874610583], [-114.09191417671265, 51.028876752716315], [-114.09191549548187, 51.02887895395335], [-114.09191658312665, 51.0288812048681], [-114.09191743498947, 51.028883495821766], [-114.0919180474225, 51.028885817004195], [-114.09191841780316, 51.02888815847569], [-114.09191854454544, 51.02889051020973], [-114.0919184271065, 51.028892862135834], [-114.09191806598925, 51.028895204182675], [-114.09191746273999, 51.02889752632126], [-114.09191661994188, 51.02889981860782], [-114.09191554120392, 51.02890207122645], [-114.09191423114535, 51.028904274531065], [-114.09191269537604, 51.02890641908676], [-114.09191094047236, 51.02890849571023], [-114.09190897394906, 51.028910495509045], [-114.0919068042271, 51.02891240991974], [-114.09190444059749, 51.028914230744505], [-114.0919018931817, 51.02891595018627], [-114.09189917288813, 51.02891756088212], [-114.09189629136552, 51.02891905593481], [-114.09189326095297, 51.02892042894225], [-114.0918900946272, 51.028921674025014], [-114.09188680594693, 51.028922785851485], [-114.09188340899479, 51.0289237596606], [-114.09187991831708, 51.02892459128236], [-114.09187634886146, 51.028925277155636], [-114.0918727159129, 51.0289258143434], [-114.0918690350283, 51.02892620054534], [-114.09186532196978, 51.02892643410767], [-114.09186159263727, 51.02892651403024], [-114.0918578630004, 51.02892643997077], [-114.09185414903007, 51.028926212246446], [-114.09185046663012, 51.0289258318324], [-114.09184683156916, 51.028925300357635], [-114.09184325941314, 51.028924620097996], [-114.0918397654586, 51.0289237939665], [-114.0918363646672, 51.02892282550073], [-114.09183307160171, 51.02892171884783], [-114.09182990036355, 51.02892047874668], [-114.09182686453245, 51.0289191105076], [-114.09182397710833, 51.02891761998959], [-114.09182125045561, 51.02891601357529], [-114.09181869625019, 51.02891429814363], [-114.0918163254296, 51.02891248104037], [-114.09181414814606, 51.02891057004663], [-114.091812173723, 51.02890857334558], [-114.09181041061518, 51.02890649948743], [-114.0918088663725, 51.028904357352765], [-114.0918075476076, 51.02890215611453], [-114.09180645996763, 51.02889990519878], [-114.09180560810996, 51.02889761424429], [-114.0918049956824, 51.02889529306129], [-114.09180462530738, 51.02889295158942], [-114.09180449857088, 51.02889059985525]]]}}, {"type": "Feature", "properties": {"tag": "T1878"}, "geometry": {"type": "Polygon", "coordinates": [[[-114.09229865944387, 51.02902642345932], [-114.09229877686388, 51.029024071532916], [-114.09229913796294, 51.02902172948495], [-114.09229974119474, 51.02901940734446], [-114.0923005839761, 51.02901711505519], [-114.09230166269806, 51.029014862433066], [-114.09230297274138, 51.02901265912415], [-114.09230450849617, 51.02901051456337], [-114.09230626338609, 51.02900843793403], [-114.09230822989643, 51.029006438128576], [-114.09231039960623, 51.02900452371046], [-114.09231276322451, 51.02900270287753], [-114.09231531062983, 51.029000983426826], [-114.09231803091384, 51.02899937272133], [-114.09232091242787, 51.02899787765827], [-114.0923239428328, 51.028996504639764], [-114.09232710915202, 51.02899525954524], [-114.09233039782688, 51.02899414770643], [-114.09233379477477, 51.02899317388434], [-114.0923372854495, 51.02899234224901], [-114.09234085490345, 51.028991656361676], [-114.09234448785172, 51.02899111915934], [-114.0923481687375, 51.02899073294244], [-114.0923518817987, 51.02899049936477], [-114.09235561113547, 51.02899041942657], [-114.09235934077826, 51.02899049347013], [-114.09236305475618, 51.0289907211784], [-114.09236673716546, 51.028991101576274], [-114.09237037223748, 51.02899163303488], [-114.09237394440635, 51.028992313278366], [-114.09237743837552, 51.02899313939391], [-114.0923808391833, 51.0289941078439], [-114.09238413226696, 51.02899521448133], [-114.09238730352499, 51.02899645456741], [-114.09239033937763, 51.02899782279191], [-114.09239322682487, 51.02899931329591], [-114.09239595350226, 51.029000919696806], [-114.09239850773373, 51.02900263511582], [-114.09240087858167, 51.02900445220722], [-114.09240305589373, 51.02900636318999], [-114.09240503034633, 51.02900835988099], [-114.09240679348454, 51.02901043373013], [-114.0924083377583, 51.02901257585683], [-114.09240965655479, 51.02901477708825], [-114.09241074422667, 51.02901702799832], [-114.09241159611635, 51.02901931894833], [-114.09241220857585, 51.02902164012809], [-114.0924125789825, 51.02902398159795], [-114.09241270575016, 51.029026333331394], [-114.09241258833592, 51.02902868525791], [-114.09241222724252, 51.02903102730622], [-114.0924116240162, 51.029033349447296], [-114.09241078124002, 51.02903564173736], [-114.09240970252286, 51.029037894360464], [-114.09240839248392, 51.02904009767056], [-114.09240685673294, 51.0290422422327], [-114.09240510184623, 51.02904431886354], [-114.09240313533847, 51.0290463186706], [-114.09240096563052, 51.02904823309042], [-114.0923986020134, 51.02905005392514], [-114.09239605460847, 51.02905177337763], [-114.0923933343241, 51.029053384084946], [-114.09239045280898, 51.02905487914977], [-114.0923874224022, 51.02905625216999], [-114.09238425608044, 51.02905749726612], [-114.09238096740239, 51.02905860910646], [-114.0923775704507, 51.02905958292992], [-114.09237407977166, 51.02906041456643], [-114.09237051031292, 51.02906110045478], [-114.09236687735948, 51.02906163765791], [-114.09236319646824, 51.02906202387539], [-114.09235948340138, 51.02906225745341], [-114.09235575405886, 51.029062337391764], [-114.09235202441032, 51.02906226334808], [-114.09234831042673, 51.02906203563947], [-114.09234462801199, 51.029061655241016], [-114.09234099293477, 51.02906112378163], [-114.0923374207611, 51.02906044353714], [-114.09233392678757, 51.02905961742043], [-114.09233052597595, 51.02905864896907], [-114.09232723288909, 51.02905754233014], [-114.09232406162849, 51.02905630224244], [-114.09232102577397, 51.02905493401623], [-114.09231813832558, 51.02905344351047], [-114.0923154116478, 51.029051837107765], [-114.09231285741669, 51.02905012168696], [-114.09231048656986, 51.029048304593786], [-114.09230830925964, 51.029046393609285], [-114.09230633480958, 51.029044396916674], [-114.09230457167456, 51.02904232306603], [-114.09230302740457, 51.02904018093796], [-114.09230170861242, 51.02903797970537], [-114.09230062094532, 51.029035728794284], [-114.09229976906082, 51.02903343784347], [-114.09229915660677, 51.02903111666311], [-114.09229878620576, 51.02902877519289], [-114.09229865944387, 51.02902642345932]]]}}, {"type": "Feature", "properties": {"tag": "T1879"}, "geometry": {"type": "Polygon", "coordinates": [[[-114.09162619259179, 51.02832201158864], [-114.0916263100441, 51.02831965966259], [-114.09162667117162, 51.028317317616406], [-114.09162727442792, 51.02831499547911], [-114.09162811722975, 51.0283127031944], [-114.091629195968, 51.02831045057818], [-114.09163050602338, 51.02830824727655], [-114.09163204178599, 51.028306102724336], [-114.09163379667942, 51.02830402610484], [-114.09163576318893, 51.02830202631047], [-114.09163793289362, 51.0283001119046], [-114.09164029650246, 51.028298291085044], [-114.0916428438941, 51.028296571648816], [-114.09164556416025, 51.02829496095878], [-114.09164844565227, 51.028293465912135], [-114.09165147603119, 51.02829209291092], [-114.09165464232049, 51.02829084783448], [-114.09165793096163, 51.02828973601446], [-114.09166132787217, 51.02828876221181], [-114.09166481850606, 51.028287930596505], [-114.09166838791587, 51.02828724472963], [-114.09167202081689, 51.02828670754818], [-114.0916757016525, 51.028286321352425], [-114.09167941466085, 51.02828608779614], [-114.09168314394228, 51.028286007879416], [-114.09168687352748, 51.02828608194447], [-114.09169058744584, 51.02828630967416], [-114.0916942697938, 51.02828669009332], [-114.09169790480306, 51.02828722157292], [-114.09170147690797, 51.02828790183709], [-114.09170497081223, 51.02828872797285], [-114.09170837155446, 51.02828969644258], [-114.09171166457217, 51.02829080309912], [-114.09171483576421, 51.02829204320365], [-114.09171787155103, 51.028293411445816], [-114.09172075893294, 51.02829490196663], [-114.09172348554573, 51.02829650838346], [-114.09172603971365, 51.02829822381739], [-114.09172841049934, 51.02830004092269], [-114.09173058775073, 51.028301951918245], [-114.09173256214449, 51.028303948620895], [-114.09173432522593, 51.02830602248045], [-114.09173586944526, 51.028308164616334], [-114.09173718818987, 51.028310365855624], [-114.09173827581266, 51.02831261677226], [-114.09173912765623, 51.02831490772746], [-114.09173974007284, 51.02831722891105], [-114.09174011043996, 51.02831957038335], [-114.0917402371716, 51.02832192211783], [-114.09174011972506, 51.02832427404398], [-114.09173975860318, 51.0283266160905], [-114.09173915535237, 51.0283289382284], [-114.09173831255575, 51.028331230513906], [-114.09173723382229, 51.0283334831311], [-114.09173592377127, 51.02833568643391], [-114.09173438801248, 51.02833783098748], [-114.09173263312226, 51.02833990760848], [-114.09173066661532, 51.02834190740447], [-114.0917284969125, 51.02834382181204], [-114.09172613330482, 51.02834564263336], [-114.09172358591356, 51.028347362071386], [-114.09172086564706, 51.02834897276324], [-114.09171798415393, 51.028350467811656], [-114.09171495377318, 51.02835184081459], [-114.09171178748134, 51.02835308589264], [-114.091708498837, 51.028354197714165], [-114.09170510192267, 51.02835517151818], [-114.09170161128445, 51.02835600313468], [-114.09169804186985, 51.02835668900256], [-114.09169440896366, 51.02835722618482], [-114.0916907281226, 51.02835761238115], [-114.0916870151086, 51.0283578459378], [-114.09168328582142, 51.028357925854664], [-114.09167955623046, 51.02835785178948], [-114.09167584230643, 51.02835762405945], [-114.09167215995299, 51.02835724363974], [-114.09166852493854, 51.02835671215933], [-114.09166495282885, 51.02835603189416], [-114.09166145892021, 51.028355205757215], [-114.09165805817418, 51.02835423728614], [-114.09165476515322, 51.02835313062809], [-114.09165159395863, 51.028351890521954], [-114.09164855816995, 51.02835052227808], [-114.09164567078689, 51.0283490317555], [-114.0916429441737, 51.02834742533687], [-114.09164039000613, 51.02834570990113], [-114.09163801922156, 51.028343892794055], [-114.09163584197199, 51.02834198179678], [-114.09163386758077, 51.02833998509252], [-114.09163210450252, 51.02833791123145], [-114.09163056028699, 51.028335769094205], [-114.0916292415467, 51.02833356785373], [-114.0916281539287, 51.028331316936104], [-114.09162730209029, 51.02832902598007], [-114.09162668967916, 51.028326704795894], [-114.09162631931768, 51.02832436332323], [-114.09162619259179, 51.02832201158864]]]}}, {"type": "Feature", "properties": {"tag": "T1880"}, "geometry": {"type": "Polygon", "coordinates": [[[-114.09190261919537, 51.02885362875953], [-114.09190273663499, 51.028851276833436], [-114.09190309775268, 51.02884893478662], [-114.09190370100204, 51.02884661264809], [-114.0919045437998, 51.02884432036161], [-114.09190562253698, 51.02884206774306], [-114.0919069325942, 51.02883986443851], [-114.09190846836158, 51.02883771988286], [-114.0919102232627, 51.0288356432594], [-114.09191218978278, 51.02883364346055], [-114.09191435950086, 51.02883172904973], [-114.09191672312588, 51.02882990822474], [-114.0919192705364, 51.02882818878263], [-114.09192199082405, 51.02882657808628], [-114.0919248723401, 51.02882508303296], [-114.0919279027455, 51.028823710024675], [-114.09193106906359, 51.02882246494085], [-114.09193435773571, 51.028821353113145], [-114.0919377546793, 51.02882037930254], [-114.09194124534814, 51.028819547679035], [-114.09194481479469, 51.028818861803764], [-114.09194844773404, 51.028818324613745], [-114.09195212860944, 51.028817938409304], [-114.09195584165884, 51.02881770484422], [-114.09195957098245, 51.028817624918666], [-114.09196330061076, 51.02881769897487], [-114.09196701457294, 51.02881792669574], [-114.09197069696529, 51.02881830710612], [-114.09197433201929, 51.02881883857705], [-114.0919779041691, 51.0288195188327], [-114.09198139811825, 51.028820344960096], [-114.09198479890514, 51.02882131342165], [-114.09198809196712, 51.0288224200703], [-114.09199126320281, 51.02882366016718], [-114.0919942990325, 51.02882502840201], [-114.09199718645631, 51.028826518915835], [-114.09199991310987, 51.02882812532605], [-114.09200246731724, 51.028829840753765], [-114.09200483814088, 51.02883165785328], [-114.09200701542856, 51.0288335688435], [-114.0920089898568, 51.028835565541264], [-114.09201075297078, 51.02883763939644], [-114.09201229722053, 51.02883978152846], [-114.09201361599335, 51.02884198276442], [-114.09201470364201, 51.02884423367826], [-114.09201555550898, 51.028846524631234], [-114.09201616794643, 51.02884884581316], [-114.09201653833175, 51.02885118728436], [-114.09201666507886, 51.0288535390183], [-114.092016547645, 51.02885589094451], [-114.09201618653297, 51.02885823299167], [-114.0920155832891, 51.02886055513077], [-114.0920147404965, 51.028862847418054], [-114.09201366176414, 51.02886510003759], [-114.09201235171128, 51.02886730334331], [-114.09201081594772, 51.02886944790032], [-114.09200906104981, 51.02887152452528], [-114.0920070945323, 51.02887352432574], [-114.0920049248161, 51.028875438738275], [-114.09200256119223, 51.02887725956502], [-114.0920000137821, 51.02887897900894], [-114.09199729349409, 51.02888058970708], [-114.09199441197693, 51.028882084762195], [-114.0919913815697, 51.02888345777219], [-114.09198821524907, 51.028884702857624], [-114.09198492657377, 51.02888581468685], [-114.09198152962638, 51.02888678849882], [-114.09197803895321, 51.02888762012352], [-114.09197446950188, 51.0288883059998], [-114.09197083655735, 51.02888884319062], [-114.09196715567649, 51.028889229395645], [-114.09196344262142, 51.02888946296109], [-114.09195971329207, 51.028889542886766], [-114.09195598365801, 51.028889468830464], [-114.09195226969015, 51.02888924110924], [-114.09194858729234, 51.028888860698295], [-114.09194495223315, 51.028888329226575], [-114.09194138007854, 51.028887648969935], [-114.09193788612502, 51.02888682284134], [-114.09193448533432, 51.02888585437844], [-114.09193119226912, 51.028884747728284], [-114.09192802103085, 51.0288835076298], [-114.0919249851993, 51.02888213939324], [-114.09192209777433, 51.028880648877646], [-114.09191937112037, 51.02887904246563], [-114.09191681691338, 51.02887732703611], [-114.09191444609085, 51.028875509934835], [-114.09191226880499, 51.0288735989429], [-114.09191029437929, 51.02887160224352], [-114.0919085312685, 51.02886952838683], [-114.09190698702254, 51.02886738625344], [-114.09190566825404, 51.02886518501631], [-114.09190458061018, 51.02886293410146], [-114.09190372874838, 51.028860643147674], [-114.09190311631639, 51.028858321965174], [-114.09190274593672, 51.02885598049361], [-114.09190261919537, 51.02885362875953]]]}}, {"type": "Feature", "properties": {"tag": "T1881"}, "geometry": {"type": "Polygon", "coordinates": [[[-114.09170891998575, 51.02820030624308], [-114.09170903743357, 51.0281979543169], [-114.09170939855599, 51.028195612270416], [-114.09171000180658, 51.028193290132634], [-114.0917108446021, 51.02819099784729], [-114.09171192333355, 51.02818874523028], [-114.09171323338158, 51.02818654192767], [-114.09171476913635, 51.02818439737433], [-114.09171652402149, 51.028182320753544], [-114.09171849052231, 51.028180320957745], [-114.0917206602179, 51.02817840655031], [-114.09172302381732, 51.02817658572904], [-114.09172557119925, 51.028174866290975], [-114.09172829145538, 51.02817325559898], [-114.0917311729372, 51.028171760550286], [-114.09173420330575, 51.028170387546886], [-114.09173736958454, 51.028169142468194], [-114.09174065821509, 51.02816803064582], [-114.09174405511502, 51.02816705684075], [-114.09174754573827, 51.028166225222975], [-114.09175111513753, 51.028165539353566], [-114.09175474802807, 51.02816500216953], [-114.09175842885334, 51.02816461597118], [-114.09176214185155, 51.02816438241225], [-114.09176587112306, 51.02816430249289], [-114.09176960069863, 51.028164376555324], [-114.09177331460766, 51.028164604282395], [-114.09177699694666, 51.02816498469894], [-114.09178063194734, 51.02816551617599], [-114.09178420404409, 51.02816619643765], [-114.09178769794067, 51.02816702257097], [-114.09179109867571, 51.0281679910383], [-114.09179439168678, 51.02816909769254], [-114.0917975628727, 51.02817033779485], [-114.091800598654, 51.028171706034904], [-114.09180348603098, 51.02817319655371], [-114.09180621263948, 51.02817480296864], [-114.09180876680377, 51.02817651840081], [-114.09181113758648, 51.02817833550447], [-114.09181331483556, 51.028180246498536], [-114.09181528922768, 51.02818224319982], [-114.0918170523082, 51.02818431705817], [-114.09181859652729, 51.028186459193], [-114.09181991527237, 51.028188660431404], [-114.0918210028963, 51.028190911347316], [-114.09182185474171, 51.02819320230196], [-114.09182246716084, 51.028195523485174], [-114.09182283753114, 51.028197864957264], [-114.09182296426663, 51.028200216691694], [-114.09182284682457, 51.028202568617964], [-114.09182248570782, 51.0282049106648], [-114.0918218824627, 51.02820723280316], [-114.09182103967235, 51.02820952508931], [-114.09181996094573, 51.02821177770731], [-114.09181865090204, 51.0282139810111], [-114.09181711515109, 51.028216125565805], [-114.09181536026917, 51.028218202188064], [-114.09181339377093, 51.028220201985484], [-114.0918112240772, 51.02822211639462], [-114.09180886047893, 51.02822393721766], [-114.09180631309741, 51.02822565665752], [-114.0918035928409, 51.028227267351326], [-114.09180071135798, 51.02822876240181], [-114.0917976809876, 51.02823013540691], [-114.09179451470628, 51.02823138048722], [-114.09179122607253, 51.028232492311105], [-114.09178782916882, 51.02823346611753], [-114.09178433854123, 51.02823429773651], [-114.0917807691372, 51.028234983606914], [-114.09177713624149, 51.02823552079177], [-114.09177345541075, 51.028235906990695], [-114.0917697424069, 51.02823614054999], [-114.09176601312961, 51.02823622046948], [-114.09176228354829, 51.02823614640694], [-114.0917585696336, 51.02823591867951], [-114.09175488728911, 51.0282355382624], [-114.09175125228326, 51.02823500678456], [-114.0917476801817, 51.0282343265219], [-114.09174418628076, 51.0282335003874], [-114.09174078554189, 51.02823253191872], [-114.09173749252761, 51.02823142526297], [-114.09173432133913, 51.028230185159046], [-114.09173128555597, 51.0282288169173], [-114.09172839817782, 51.02822732639672], [-114.09172567156892, 51.028225719979986], [-114.09172311740501, 51.02822400454601], [-114.09172074662341, 51.02822218744058], [-114.09171856937616, 51.028220276444806], [-114.09171659498656, 51.02821827974191], [-114.09171483190924, 51.02821620588205], [-114.09171328769393, 51.02821406374584], [-114.09171196895319, 51.028211862506254], [-114.09171088133405, 51.02820961158934], [-114.0917100294938, 51.02820732063386], [-114.09170941708015, 51.02820499945007], [-114.09170904671548, 51.02820265797763], [-114.09170891998575, 51.02820030624308]]]}}, {"type": "Feature", "properties": {"tag": "T1885"}, "geometry": {"type": "Polygon", "coordinates": [[[-114.09135390852487, 51.02879952709268], [-114.09135402599213, 51.02879717516709], [-114.09135438713706, 51.028794833121935], [-114.09135499041314, 51.0287925109862], [-114.091355833237, 51.028790218703634], [-114.09135691199953, 51.02878796609012], [-114.09135822208124, 51.0287857627917], [-114.09135975787217, 51.028783618243224], [-114.09136151279579, 51.02878154162798], [-114.09136347933719, 51.02877954183834], [-114.09136564907539, 51.02877762743768], [-114.09136801271916, 51.028775806623756], [-114.09137056014704, 51.02877408719358], [-114.09137328045055, 51.02877247650998], [-114.09137616198093, 51.02877098147016], [-114.09137919239903, 51.02876960847608], [-114.09138235872814, 51.02876836340712], [-114.09138564740958, 51.02876725159482], [-114.09138904436074, 51.028766277800145], [-114.09139253503537, 51.02876544619303], [-114.09139610448587, 51.02876476033451], [-114.09139973742737, 51.02876422316153], [-114.09140341830307, 51.028763836974385], [-114.09140713135093, 51.02876360342673], [-114.09141086067116, 51.02876352351869], [-114.09141459029426, 51.02876359759241], [-114.09141830424946, 51.028763825330714], [-114.09142198663307, 51.02876420575839], [-114.09142562167656, 51.028764737246405], [-114.09142919381421, 51.02876541751883], [-114.09143268774955, 51.02876624366266], [-114.09143608852108, 51.0287672121402], [-114.09143938156618, 51.028768318804325], [-114.09144255278355, 51.0287695589161], [-114.09144558859357, 51.028770927165226], [-114.09144847599643, 51.028772417692636], [-114.09145120262788, 51.028774024115684], [-114.091453756812, 51.02877573955542], [-114.09145612761145, 51.02877755666609], [-114.09145830487404, 51.02877946766657], [-114.09146027927642, 51.02878146437364], [-114.09146204236386, 51.028783538237114], [-114.09146358658654, 51.02878568037643], [-114.09146490533183, 51.02878788161859], [-114.09146599295265, 51.02879013253758], [-114.0914668447916, 51.0287924234946], [-114.0914674572009, 51.02879474467943], [-114.09146782755815, 51.0287970861524], [-114.09146795427736, 51.02879943788699], [-114.09146783681585, 51.02880178981267], [-114.09146747567658, 51.02880413185818], [-114.09146687240599, 51.02880645399449], [-114.0914660295873, 51.02880874627784], [-114.09146495082959, 51.028810998892354], [-114.09146364075221, 51.02881320219196], [-114.09146210496512, 51.02881534674179], [-114.09146035004473, 51.02881742335853], [-114.09145838350588, 51.0288194231498], [-114.09145621376958, 51.028821337552166], [-114.09145385012695, 51.02882315836785], [-114.09145130269945, 51.028824877799835], [-114.0914485823956, 51.028826488485215], [-114.09144570086411, 51.028827983526824], [-114.09144267044417, 51.02882935652259], [-114.09143950411251, 51.02883060159319], [-114.09143621542788, 51.028831713406994], [-114.09143281847292, 51.02883268720302], [-114.09142932779399, 51.028833518811346], [-114.09142575833869, 51.028834204670865], [-114.09142212539201, 51.02883474184464], [-114.09141844451086, 51.02883512803239], [-114.09141473145735, 51.0288353615804], [-114.09141100213137, 51.02883544148857], [-114.0914072725025, 51.028835367414736], [-114.09140355854164, 51.02883513967608], [-114.09139987615256, 51.028834759247836], [-114.09139624110387, 51.02883422775903], [-114.09139266896142, 51.028833547485604], [-114.09138917502172, 51.028832721340606], [-114.09138577424638, 51.0288317528617], [-114.09138248119805, 51.028830646196084], [-114.09137930997811, 51.02882940608268], [-114.09137627416622, 51.02882803783186], [-114.0913733867622, 51.02882654730268], [-114.09137066013038, 51.02882494087783], [-114.0913681059466, 51.028823225436284], [-114.09136573514827, 51.02882140832386], [-114.0913635578875, 51.02881949732167], [-114.09136158348767, 51.02881750061297], [-114.09135982040341, 51.02881542674798], [-114.09135827618452, 51.02881328460732], [-114.09135695744355, 51.02881108336395], [-114.09135586982754, 51.02880883244395], [-114.09135501799376, 51.02880654148614], [-114.09135440558991, 51.02880422030072], [-114.09135403523831, 51.02880187882738], [-114.09135390852487, 51.02879952709268]]]}}, {"type": "Feature", "properties": {"tag": "T1890"}, "geometry": {"type": "Polygon", "coordinates": [[[-114.09161256419696, 51.02892221463318], [-114.09161268165144, 51.02891986270738], [-114.09161304278427, 51.02891752066149], [-114.09161364604901, 51.02891519852448], [-114.09161448886233, 51.02891290624011], [-114.09161556761516, 51.02891065362425], [-114.09161687768807, 51.02890845032298], [-114.0916184134711, 51.02890630577116], [-114.09162016838778, 51.02890422915207], [-114.09162213492323, 51.02890222935812], [-114.09162430465648, 51.02890031495269], [-114.09162666829636, 51.028898494133585], [-114.09162921572137, 51.02889677469781], [-114.09163193602308, 51.028895164008226], [-114.09163481755273, 51.028893668962056], [-114.09163784797119, 51.02889229596131], [-114.09164101430171, 51.028891050885356], [-114.09164430298563, 51.02888993906582], [-114.09164769994032, 51.02888896526364], [-114.09165119061953, 51.028888133648806], [-114.09165476007563, 51.0288874477824], [-114.0916583930237, 51.0288869106014], [-114.09166207390696, 51.02888652440609], [-114.09166578696332, 51.02888629085024], [-114.09166951629294, 51.02888621093392], [-114.09167324592629, 51.02888628499938], [-114.09167695989255, 51.028886512729464], [-114.09168064228798, 51.02888689314898], [-114.09168427734403, 51.02888742462892], [-114.09168784949487, 51.028888104893426], [-114.09169134344404, 51.028888931029485], [-114.09169474422993, 51.028889899499475], [-114.09169803728987, 51.02889100615627], [-114.09170120852252, 51.028892246261016], [-114.09170424434816, 51.028893614503374], [-114.09170713176694, 51.028895105024354], [-114.09170985841452, 51.02889671144132], [-114.09171241261494, 51.02889842687536], [-114.09171478343076, 51.028900243980736], [-114.09171696070973, 51.02890215497634], [-114.09171893512843, 51.028904151678994], [-114.09172069823208, 51.02890622553853], [-114.09172224247077, 51.02890836767437], [-114.09172356123179, 51.02891056891357], [-114.09172464886801, 51.02891281983009], [-114.09172550072195, 51.02891511078516], [-114.09172611314581, 51.02891743196857], [-114.09172648351708, 51.02891977344067], [-114.09172661024971, 51.028922125174915], [-114.091726492801, 51.02892447710081], [-114.09172613167382, 51.02892681914707], [-114.09172552841456, 51.02892914128464], [-114.09172468560642, 51.02893143356982], [-114.09172360685841, 51.02893368618666], [-114.09172229678985, 51.028935889489105], [-114.09172076101063, 51.02893803404229], [-114.0917190060972, 51.02894011066287], [-114.09171703956429, 51.02894211045844], [-114.09171486983293, 51.02894402486558], [-114.0917125061942, 51.02894584568645], [-114.09170995876957, 51.02894756512403], [-114.0917072384675, 51.02894917581541], [-114.09170435693676, 51.02895067086335], [-114.09170132651647, 51.02895204386581], [-114.0916981601834, 51.02895328894339], [-114.09169487149627, 51.028954400764434], [-114.0916914745378, 51.02895537456797], [-114.09168798385429, 51.028956206184], [-114.09168441439338, 51.028956892051426], [-114.09168078144015, 51.02895742923322], [-114.09167710055142, 51.02895781542911], [-114.09167338748941, 51.02895804898534], [-114.09166965815403, 51.02895812890177], [-114.09166592851493, 51.028958054836195], [-114.091662214543, 51.02895782710578], [-114.09165853214209, 51.028957446685695], [-114.09165489708086, 51.028956915204944], [-114.09165132492521, 51.028956234939464], [-114.0916478309717, 51.02895540880221], [-114.09164443018199, 51.028954440330864], [-114.09164113711881, 51.02895333367257], [-114.0916379658836, 51.028952093566204], [-114.09163493005609, 51.02895072532215], [-114.09163204263615, 51.028949234799406], [-114.09162931598819, 51.02894762838062], [-114.09162676178812, 51.028945912944785], [-114.09162439097342, 51.028944095837645], [-114.09162221369627, 51.02894218484032], [-114.0916202392801, 51.02894018813605], [-114.09161847617965, 51.028938114275014], [-114.09161693194476, 51.02893597213781], [-114.09161561318805, 51.02893377089741], [-114.09161452555662, 51.02893151997989], [-114.09161367370785, 51.028929229024016], [-114.09161306128945, 51.02892690784001], [-114.09161269092384, 51.02892456636755], [-114.09161256419696, 51.02892221463318]]]}}, {"type": "Feature", "properties": {"tag": "T1891"}, "geometry": {"type": "Polygon", "coordinates": [[[-114.09185385755127, 51.02888617406757], [-114.09185397499344, 51.02888382214152], [-114.09185433611385, 51.02888148009488], [-114.09185493936606, 51.02887915795662], [-114.09185578216683, 51.028876865670476], [-114.09185686090711, 51.0288746130524], [-114.09185817096755, 51.02887240974842], [-114.09185970673828, 51.02887026519341], [-114.0918614616428, 51.0288681885707], [-114.09186342816635, 51.028866188772675], [-114.09186559788796, 51.028864274362775], [-114.09186796151653, 51.02886245353878], [-114.09187050893065, 51.028860734097734], [-114.09187322922189, 51.02885912340254], [-114.09187611074154, 51.028857628350416], [-114.0918791411505, 51.028856255343406], [-114.09188230747209, 51.028855010260905], [-114.0918855961477, 51.02885389843456], [-114.09188899309468, 51.028852924625376], [-114.09189248376684, 51.02885209300333], [-114.09189605321662, 51.02885140712955], [-114.09189968615908, 51.02885086994105], [-114.09190336703747, 51.02885048373816], [-114.09190708008973, 51.02885025017463], [-114.09191080941602, 51.028850170250614], [-114.09191453904685, 51.02885024430838], [-114.09191825301141, 51.0288504720308], [-114.09192193540595, 51.0288508524427], [-114.09192557046192, 51.02885138391515], [-114.09192914261352, 51.02885206417228], [-114.09193263656427, 51.02885289030113], [-114.09193603735253, 51.02885385876411], [-114.09193933041566, 51.02885496541412], [-114.09194250165227, 51.02885620551232], [-114.09194553748264, 51.02885757374841], [-114.09194842490692, 51.02885906426343], [-114.09195115156072, 51.028860670674774], [-114.09195370576806, 51.02886238610355], [-114.09195607659146, 51.02886420320404], [-114.09195825387866, 51.02886611419516], [-114.09196022830619, 51.02886811089375], [-114.09196199141923, 51.028870184749636], [-114.09196353566784, 51.0288723268823], [-114.09196485443927, 51.02887452811878], [-114.09196594208633, 51.028876779033055], [-114.09196679395149, 51.02887906998639], [-114.09196740638693, 51.02888139116854], [-114.09196777677006, 51.02888373263988], [-114.0919679035148, 51.02888608437388], [-114.09196778607838, 51.02888843630002], [-114.09196742496366, 51.02889077834703], [-114.09196682171691, 51.02889310048586], [-114.09196597892134, 51.02889539277278], [-114.09196490018584, 51.02889764539186], [-114.09196359012975, 51.02889984869703], [-114.09196205436287, 51.02890199325338], [-114.09196029946156, 51.0289040698776], [-114.09195833294058, 51.02890606967723], [-114.09195616322084, 51.028907984088846], [-114.09195379959341, 51.028909804914605], [-114.09195125217968, 51.028911524357454], [-114.0919485318881, 51.02891313505445], [-114.09194565036734, 51.02891463010836], [-114.09194261995654, 51.028916003117075], [-114.09193945363239, 51.02891724820119], [-114.09193616495361, 51.02891836002903], [-114.09193276800283, 51.02891933383957], [-114.09192927732634, 51.02892016546282], [-114.09192570787178, 51.0289208513376], [-114.09192207492416, 51.02892138852691], [-114.0919183940403, 51.02892177473041], [-114.0919146809824, 51.02892200829429], [-114.09191095165035, 51.02892208821844], [-114.09190722201375, 51.02892201416056], [-114.09190350804353, 51.02892178643779], [-114.09189982564351, 51.028921406025304], [-114.09189619058235, 51.028920874552064], [-114.09189261842594, 51.028920194293946], [-114.09188912447085, 51.028919368163905], [-114.09188572367877, 51.028918399699585], [-114.09188243061243, 51.028917293048075], [-114.09187925937324, 51.02891605294827], [-114.091876223541, 51.028914684710465], [-114.09187333611557, 51.02891319419367], [-114.09187060946138, 51.02891158778053], [-114.0918680552544, 51.02890987234995], [-114.09186568443211, 51.02890805524768], [-114.09186350714674, 51.02890614425486], [-114.09186153272174, 51.028904147554655], [-114.0918597696119, 51.028902073697246], [-114.09185822536708, 51.02889993156324], [-114.09185690659997, 51.02889773032555], [-114.09185581895771, 51.02889547941026], [-114.0918549670977, 51.02889318845613], [-114.09185435466773, 51.028890867273375], [-114.09185398429025, 51.028888525801676], [-114.09185385755127, 51.02888617406757]]]}}, {"type": "Feature", "properties": {"tag": "T1893"}, "geometry": {"type": "Polygon", "coordinates": [[[-114.09231170426177, 51.028280406883866], [-114.0923118216793, 51.02827805495714], [-114.09231218277195, 51.028275712908844], [-114.09231278599346, 51.028273390767986], [-114.09231362876069, 51.02827109847834], [-114.09231470746477, 51.02826884585582], [-114.09231601748645, 51.0282666425465], [-114.09231755321605, 51.028264497985276], [-114.09231930807726, 51.02826242135549], [-114.09232127455552, 51.02826042154957], [-114.09232344422999, 51.02825850713099], [-114.09232580780986, 51.02825668629757], [-114.09232835517383, 51.0282549668464], [-114.09233107541375, 51.02825335614039], [-114.09233395688112, 51.02825186107686], [-114.09233698723708, 51.028250488057864], [-114.09234015350513, 51.028249242962865], [-114.09234344212693, 51.02824813112355], [-114.09234683902004, 51.028247157300974], [-114.0923503296385, 51.028246325665194], [-114.09235389903498, 51.028245639777396], [-114.09235753192479, 51.02824510257462], [-114.09236121275138, 51.0282447163573], [-114.09236492575293, 51.028244482779215], [-114.0923686550298, 51.02824440284062], [-114.09237238461274, 51.02824447688381], [-114.0923760985311, 51.028244704591714], [-114.09237978088136, 51.028245084989265], [-114.09238341589517, 51.02824561644755], [-114.09238698800688, 51.02824629669076], [-114.09239048192018, 51.028247122806036], [-114.09239388267363, 51.02824809125581], [-114.09239717570469, 51.02824919789305], [-114.09240034691214, 51.02825043797896], [-114.0924033827164, 51.02825180620332], [-114.09240627011769, 51.028253296707206], [-114.09240899675173, 51.02825490310804], [-114.09241155094263, 51.02825661852699], [-114.09241392175298, 51.02825843561838], [-114.09241609903059, 51.028260346601186], [-114.09241807345202, 51.02826234329224], [-114.09241983656246, 51.02826441714146], [-114.092421380812, 51.02826655926828], [-114.09242269958787, 51.02826876049983], [-114.09242378724288, 51.02827101141008], [-114.09242463911949, 51.02827330236029], [-114.09242525156975, 51.02827562354029], [-114.09242562197107, 51.02827796501042], [-114.0924257487373, 51.028280316744144], [-114.09242563132555, 51.028282668670975], [-114.09242527023856, 51.02828501071963], [-114.09242466702253, 51.028287332861055], [-114.09242382426046, 51.028289625151494], [-114.09242274556121, 51.02829187777502], [-114.09242143554387, 51.028294081085534], [-114.0924198998181, 51.0282962256481], [-114.09241814496009, 51.02829830227938], [-114.09241617848444, 51.02830030208691], [-114.09241400881182, 51.0283022165072], [-114.0924116452331, 51.02830403734238], [-114.0924090978695, 51.02830575679536], [-114.09240637762923, 51.02830736750317], [-114.09240349616076, 51.02830886256848], [-114.09240046580297, 51.02831023558918], [-114.09239729953237, 51.02831148068581], [-114.0923940109074, 51.028312592526625], [-114.0923906140105, 51.02831356635056], [-114.0923871233877, 51.02831439798754], [-114.09238355398644, 51.02831508387635], [-114.09237992109145, 51.02831562107992], [-114.09237624025941, 51.02831600729784], [-114.09237252725221, 51.02831624087627], [-114.09236879796957, 51.02831632081501], [-114.09236506838089, 51.02831624677171], [-114.09236135445686, 51.028316019063446], [-114.09235767210112, 51.028315638665326], [-114.09235403708212, 51.02831510720625], [-114.09235046496562, 51.02831442696203], [-114.09234697104796, 51.02831360084558], [-114.0923435702907, 51.02831263239446], [-114.0923402772564, 51.02831152575572], [-114.09233710604637, 51.02831028566819], [-114.09233407024026, 51.028308917442125], [-114.09233118283782, 51.02830742693647], [-114.09232845620339, 51.02830582053383], [-114.09232590201283, 51.02830410511307], [-114.0923235312036, 51.0283022880199], [-114.09232135392782, 51.0283003770354], [-114.09231937950894, 51.028298380342726], [-114.09231761640167, 51.02829630649202], [-114.09231607215594, 51.028294164363814], [-114.09231475338437, 51.028291963131075], [-114.09231366573417, 51.02828971221981], [-114.09231281386273, 51.02828742126879], [-114.09231220141791, 51.02828510008821], [-114.09231183102224, 51.02828275861773], [-114.09231170426177, 51.028280406883866]]]}}, {"type": "Feature", "properties": {"tag": "T1900"}, "geometry": {"type": "Polygon", "coordinates": [[[-114.09153476158515, 51.028939446039395], [-114.0915348790436, 51.028937094113694], [-114.0915352401805, 51.02893475206803], [-114.09153584344935, 51.02893242993143], [-114.09153668626682, 51.02893013764762], [-114.09153776502382, 51.02892788503249], [-114.0915390751009, 51.028925681732105], [-114.09154061088809, 51.028923537181306], [-114.09154236580888, 51.02892146056339], [-114.09154433234843, 51.02891946077075], [-114.09154650208568, 51.02891754636678], [-114.09154886572948, 51.02891572554924], [-114.09155141315833, 51.02891400611517], [-114.09155413346375, 51.028912395427405], [-114.09155701499697, 51.02891090038315], [-114.09156004541884, 51.02890952738442], [-114.09156321175263, 51.02890828231059], [-114.09156650043964, 51.028907170493234], [-114.09156989739724, 51.028906196693306], [-114.09157338807911, 51.02890536508081], [-114.0915769575377, 51.02890467921677], [-114.09158059048802, 51.02890414203821], [-114.09158427137329, 51.02890375584535], [-114.09158798443143, 51.02890352229195], [-114.09159171376255, 51.02890344237812], [-114.09159544339717, 51.02890351644607], [-114.09159915736441, 51.02890374417861], [-114.09160283976058, 51.02890412460058], [-114.0916064748171, 51.02890465608294], [-114.09161004696814, 51.028905336349816], [-114.09161354091722, 51.028906162488205], [-114.09161694170274, 51.02890713096046], [-114.09162023476206, 51.028908237619454], [-114.0916234059938, 51.028909477726295], [-114.09162644181829, 51.02891084597067], [-114.09162932923566, 51.02891233649357], [-114.09163205588155, 51.02891394291236], [-114.09163461008005, 51.02891565834809], [-114.09163698089371, 51.02891747545503], [-114.0916391581703, 51.02891938645209], [-114.09164113258639, 51.028921383156046], [-114.09164289568722, 51.02892345701675], [-114.09164443992289, 51.02892559915362], [-114.09164575868073, 51.02892780039368], [-114.09164684631358, 51.02893005131092], [-114.09164769816401, 51.02893234226655], [-114.0916483105842, 51.02893466345038], [-114.09164868095169, 51.02893700492272], [-114.09164880768044, 51.02893935665704], [-114.09164869022774, 51.028941708582856], [-114.09164832909651, 51.02894405062886], [-114.09164772583314, 51.028946372766036], [-114.09164688302086, 51.02894866505064], [-114.09164580426868, 51.02895091766676], [-114.09164449419593, 51.02895312096833], [-114.09164295841256, 51.02895526552048], [-114.091641203495, 51.0289573421399], [-114.09163923695802, 51.028959341934154], [-114.09163706722263, 51.02896125633984], [-114.09163470358, 51.02896307715913], [-114.09163215615153, 51.028964796595005], [-114.09162943584576, 51.02896640728458], [-114.09162655431143, 51.028967902330606], [-114.09162352388772, 51.02896927533104], [-114.09162035755139, 51.0289705204065], [-114.0916170688612, 51.02897163222536], [-114.09161367189982, 51.02897260602664], [-114.09161018121361, 51.02897343764036], [-114.09160661175025, 51.028974123505385], [-114.09160297879474, 51.02897466068477], [-114.09159929790401, 51.02897504687821], [-114.09159558484023, 51.02897528043196], [-114.09159185550332, 51.02897536034591], [-114.09158812586296, 51.028975286277856], [-114.09158441189004, 51.028975058544965], [-114.0915807294884, 51.028974678122424], [-114.0915770944267, 51.02897414663927], [-114.09157352227086, 51.028973466371404], [-114.09157002831743, 51.028972640231835], [-114.09156662752808, 51.028971671758214], [-114.09156333446553, 51.02897056509774], [-114.09156016323124, 51.02896932498927], [-114.09155712740487, 51.028967956743195], [-114.09155423998637, 51.02896646621852], [-114.09155151334006, 51.02896485979794], [-114.09154895914193, 51.028963144360404], [-114.09154658832938, 51.028961327251686], [-114.09154441105463, 51.02895941625292], [-114.09154243664106, 51.02895741954734], [-114.09154067354343, 51.028955345685134], [-114.09153912931156, 51.02895320354691], [-114.09153781055804, 51.02895100230563], [-114.09153672292997, 51.0289487513874], [-114.09153587108472, 51.02894646043096], [-114.09153525866998, 51.028944139246555], [-114.09153488830815, 51.02894179777384], [-114.09153476158515, 51.028939446039395]]]}}, {"type": "Feature", "properties": {"tag": "T1905"}, "geometry": {"type": "Polygon", "coordinates": [[[-114.09236039281215, 51.0283263330619], [-114.09236051022731, 51.02832398113513], [-114.09236087131787, 51.0283216390867], [-114.09236147453753, 51.02831931694561], [-114.0923623173032, 51.028317024655635], [-114.09236339600596, 51.02831477203269], [-114.09236470602666, 51.02831256872283], [-114.0923662417555, 51.028310424160985], [-114.09236799661628, 51.02830834753049], [-114.09236996309436, 51.02830634772378], [-114.09237213276899, 51.02830443330429], [-114.09237449634927, 51.028302612469915], [-114.09237704371397, 51.02830089301769], [-114.09237976395488, 51.02829928231057], [-114.09238264542353, 51.02829778724583], [-114.09238567578102, 51.02829641422559], [-114.09238884205091, 51.02829516912928], [-114.09239213067478, 51.028294057288605], [-114.09239552757023, 51.02829308346462], [-114.09239901819127, 51.028292251827395], [-114.09240258759056, 51.02829156593811], [-114.0924062204834, 51.02829102873383], [-114.0924099013132, 51.02829064251496], [-114.09241361431818, 51.02829040893535], [-114.09241734359865, 51.028290328995176], [-114.09242107318535, 51.02829040303683], [-114.09242478710762, 51.028290630743186], [-114.09242846946192, 51.02829101113918], [-114.09243210447987, 51.028291542595944], [-114.09243567659583, 51.02829222283767], [-114.09243917051343, 51.028293048951475], [-114.09244257127126, 51.02829401739983], [-114.09244586430674, 51.02829512403568], [-114.09244903551863, 51.028296364120266], [-114.09245207132732, 51.02829773234334], [-114.09245495873301, 51.02829922284601], [-114.09245768537143, 51.0283008292457], [-114.09246023956665, 51.028302544663575], [-114.09246261038126, 51.02830436175397], [-114.09246478766302, 51.028306272735826], [-114.09246676208849, 51.028308269426034], [-114.09246852520285, 51.028310343274505], [-114.09247006945616, 51.028312485400676], [-114.09247138823564, 51.028314686631646], [-114.09247247589408, 51.02831693754142], [-114.09247332777393, 51.02831922849126], [-114.09247394022725, 51.028321549670984], [-114.09247431063139, 51.02832389114094], [-114.09247443740021, 51.0283262428746], [-114.09247431999081, 51.028328594801465], [-114.09247395890591, 51.028330936850246], [-114.09247335569172, 51.02833325899191], [-114.09247251293124, 51.028335551282666], [-114.09247143423329, 51.02833780390663], [-114.09247012421696, 51.02834000721766], [-114.09246858849191, 51.02834215178086], [-114.09246683363438, 51.028344228412855], [-114.09246486715884, 51.02834622822119], [-114.0924626974861, 51.028348142642365], [-114.09246033390697, 51.028349963478526], [-114.09245778654265, 51.02835168293255], [-114.09245506630138, 51.028353293641466], [-114.09245218483163, 51.02835478870797], [-114.09244915447229, 51.028356161729924], [-114.09244598819987, 51.028357406827865], [-114.09244269957281, 51.028358518670046], [-114.09243930267357, 51.0283594924954], [-114.09243581204822, 51.028360324133814], [-114.09243224264414, 51.028361010024106], [-114.09242860974614, 51.02836154722918], [-114.09242492891086, 51.028361933448636], [-114.09242121590023, 51.02836216702862], [-114.092417486614, 51.02836224696891], [-114.09241375702155, 51.02836217292717], [-114.09241004309362, 51.02836194522046], [-114.09240636073385, 51.028361564823875], [-114.0924027257107, 51.02836103336633], [-114.09239915358994, 51.02836035312361], [-114.09239565966797, 51.02835952700862], [-114.09239225890633, 51.02835855855891], [-114.09238896586763, 51.028357451921565], [-114.09238579465317, 51.02835621183536], [-114.0923827588426, 51.028354843610586], [-114.09237987143577, 51.02835335310615], [-114.09237714479697, 51.028351746704665], [-114.09237459060209, 51.02835003128498], [-114.0923722197886, 51.02834821419282], [-114.09237004250866, 51.02834630320923], [-114.09236806808573, 51.0283443065174], [-114.09236630497456, 51.028342232667434], [-114.09236476072505, 51.028340090539906], [-114.09236344194987, 51.02833788930773], [-114.09236235429623, 51.02833563839694], [-114.09236150242155, 51.0283333474463], [-114.09236088997369, 51.02833102626599], [-114.09236051957521, 51.02832868479568], [-114.09236039281215, 51.0283263330619]]]}}, {"type": "Feature", "properties": {"tag": "T1906"}, "geometry": {"type": "Polygon", "coordinates": [[[-114.0915478009499, 51.02894430827541], [-114.09154791840771, 51.028941956349705], [-114.09154827954399, 51.028939614304015], [-114.09154888281223, 51.02893729216734], [-114.09154972562915, 51.02893499988343], [-114.09155080438562, 51.028932747268186], [-114.09155211446223, 51.028930543967654], [-114.09155365024897, 51.028928399416685], [-114.09155540516937, 51.028926322798576], [-114.09155737170856, 51.028924323005725], [-114.0915595414455, 51.02892240860151], [-114.09156190508904, 51.028920587783716], [-114.09156445251767, 51.02891886834935], [-114.09156717282292, 51.028917257661284], [-114.09157005435603, 51.02891576261671], [-114.09157308477782, 51.028914389617654], [-114.0915762511116, 51.028913144543466], [-114.09157953979864, 51.028912032725735], [-114.0915829367563, 51.02891105892545], [-114.09158642743832, 51.02891022731255], [-114.09158999689708, 51.02890954144813], [-114.09159362984764, 51.028909004269146], [-114.09159731073319, 51.028908618075874], [-114.09160102379164, 51.02890838452206], [-114.09160475312315, 51.02890830460782], [-114.09160848275816, 51.028908378675354], [-114.09161219672588, 51.0289086064075], [-114.09161587912253, 51.02890898682904], [-114.09161951417957, 51.028909518311], [-114.09162308633117, 51.02891019857748], [-114.09162658028085, 51.02891102471548], [-114.091629981067, 51.02891199318735], [-114.09163327412698, 51.02891309984595], [-114.0916364453594, 51.02891433995245], [-114.09163948118459, 51.02891570819649], [-114.09164236860266, 51.028917198719064], [-114.0916450952493, 51.028918805137536], [-114.09164764944856, 51.02892052057299], [-114.09165002026296, 51.02892233767967], [-114.09165219754031, 51.028924248676475], [-114.09165417195717, 51.02892624538022], [-114.09165593505877, 51.02892831924072], [-114.09165747929521, 51.028930461377406], [-114.0916587980538, 51.02893266261732], [-114.09165988568739, 51.02893491353444], [-114.09166073753855, 51.02893720448997], [-114.09166134995948, 51.02893952567372], [-114.09166172032765, 51.02894186714603], [-114.09166184705707, 51.028944218880326], [-114.09166172960502, 51.02894657080615], [-114.09166136847442, 51.02894891285219], [-114.09166076521164, 51.02895123498944], [-114.0916599223999, 51.02895352727414], [-114.09165884364823, 51.028955779890374], [-114.09165753357598, 51.02895798319209], [-114.09165599779307, 51.02896012774442], [-114.09165424287589, 51.02896220436402], [-114.09165227633926, 51.0289642041585], [-114.09165010660419, 51.02896611856442], [-114.09164774296181, 51.02896793938398], [-114.09164519553357, 51.028969658820145], [-114.09164247522797, 51.02897126951], [-114.09163959369374, 51.02897276455635], [-114.09163656327011, 51.028974137557135], [-114.09163339693379, 51.02897538263294], [-114.09163010824358, 51.028976494452166], [-114.09162671128212, 51.02897746825382], [-114.09162322059578, 51.028978299867916], [-114.09161965113223, 51.02897898573335], [-114.0916160181765, 51.02897952291315], [-114.09161233728548, 51.02897990910699], [-114.09160862422138, 51.02898014266117], [-114.09160489488411, 51.02898022257552], [-114.09160116524333, 51.028980148507884], [-114.09159745126996, 51.02897992077541], [-114.09159376886784, 51.02897954035328], [-114.09159013380561, 51.02897900887053], [-114.09158656164921, 51.02897832860307], [-114.09158306769517, 51.02897750246389], [-114.09157966690519, 51.02897653399065], [-114.091576373842, 51.028975427330536], [-114.09157320260701, 51.02897418722244], [-114.09157016677996, 51.02897281897669], [-114.09156727936073, 51.028971328452336], [-114.09156455271369, 51.02896972203207], [-114.0915619985148, 51.02896800659482], [-114.09155962770151, 51.02896618948637], [-114.09155745042598, 51.02896427848785], [-114.09155547601165, 51.02896228178249], [-114.09155371291325, 51.02896020792048], [-114.09155216868061, 51.028958065782426], [-114.09155084992635, 51.02895586454131], [-114.09154976229753, 51.02895361362318], [-114.09154891045154, 51.02895132266685], [-114.09154829803609, 51.02894900148251], [-114.09154792767357, 51.028946660009844], [-114.0915478009499, 51.02894430827541]]]}}, {"type": "Feature", "properties": {"tag": "T1915"}, "geometry": {"type": "Polygon", "coordinates": [[[-114.09195946091536, 51.028120810681095], [-114.09195957835031, 51.028118458754655], [-114.09195993945949, 51.02811611670737], [-114.09196054269654, 51.028113794568256], [-114.09196138547826, 51.028111502281085], [-114.0919624641957, 51.02810924966175], [-114.09196377422963, 51.0281070463563], [-114.0919653099702, 51.02810490179965], [-114.09196706484114, 51.02810282517508], [-114.09196903132782, 51.02810082537504], [-114.09197120100939, 51.028098910962946], [-114.09197356459494, 51.02809709013659], [-114.09197611196323, 51.028095370693045], [-114.09197883220604, 51.02809375999521], [-114.09198171367487, 51.0280922649403], [-114.09198474403082, 51.028090891930404], [-114.09198791029748, 51.02808964684491], [-114.0919911989164, 51.02808853501548], [-114.09199459580526, 51.02808756120312], [-114.09199808641806, 51.02808672957785], [-114.0920016558075, 51.02808604370078], [-114.09200528868891, 51.02808550650896], [-114.0920089695058, 51.02808512030272], [-114.09201268249637, 51.02808488673583], [-114.09201641176108, 51.02808480680847], [-114.09202014133065, 51.02808488086292], [-114.09202385523454, 51.02808510858203], [-114.09202753756931, 51.0280854889907], [-114.0920311725666, 51.02808602045996], [-114.09203474466091, 51.02808670071398], [-114.09203823855594, 51.02808752683981], [-114.09204163929039, 51.02808849529986], [-114.09204493230177, 51.02808960194707], [-114.09204810348895, 51.02809084204259], [-114.0920511392724, 51.02809221027614], [-114.09205402665248, 51.02809370078879], [-114.09205675326498, 51.0280953071979], [-114.09205930743413, 51.0280970226246], [-114.09206167822256, 51.028098839723214], [-114.09206385547822, 51.028100750712625], [-114.09206582987773, 51.028102747409704], [-114.09206759296639, 51.0281048212643], [-114.09206913719437, 51.02810696339584], [-114.09207045594904, 51.028109164631445], [-114.09207154358324, 51.02811141554504], [-114.09207239543954, 51.028113706497905], [-114.09207300787013, 51.02811602767983], [-114.09207337825242, 51.02811836915113], [-114.09207350500037, 51.02812072088532], [-114.09207338757118, 51.02812307281188], [-114.09207302646766, 51.02812541485951], [-114.09207242323609, 51.02812773699919], [-114.09207158045955, 51.028130029287155], [-114.0920705017469, 51.02813228190749], [-114.09206919171734, 51.028134485214125], [-114.09206765598059, 51.028136629772135], [-114.09206590111286, 51.028138706398195], [-114.09206393462875, 51.02814070619984], [-114.09206176494907, 51.02814262061365], [-114.09205940136465, 51.02814444144177], [-114.09205685399675, 51.02814616088712], [-114.09205413375359, 51.028147771586774], [-114.09205125228367, 51.02814926664343], [-114.09204822192586, 51.02815063965504], [-114.09204505565667, 51.028151884742165], [-114.09204176703456, 51.0281529965731], [-114.09203837014192, 51.0281539703868], [-114.09203487952479, 51.02815480201329], [-114.09203131013058, 51.028155487891354], [-114.09202767724399, 51.02815602508399], [-114.09202399642163, 51.028156411290816], [-114.0920202834254, 51.028156644858065], [-114.09201655415494, 51.02815672478555], [-114.09201282457961, 51.028156650731006], [-114.09200911067003, 51.02815642301153], [-114.09200542832983, 51.0281560426023], [-114.09200179332733, 51.02815551113224], [-114.09199822122822, 51.028154830877234], [-114.09199472732882, 51.0281540047502], [-114.09199132659057, 51.028153036288806], [-114.09198803357596, 51.0281519296401], [-114.09198486238621, 51.02815068954296], [-114.09198182660089, 51.028149321307694], [-114.09197893921967, 51.028147830793294], [-114.09197621260678, 51.02814622438238], [-114.091973658438, 51.02814450895387], [-114.09197128765067, 51.02814269185349], [-114.09196911039685, 51.02814078086236], [-114.09196713599988, 51.02813878416367], [-114.0919653729144, 51.02813671030757], [-114.0919638286902, 51.02813456817465], [-114.09196250993986, 51.02813236693786], [-114.09196142231043, 51.028130116023256], [-114.0919605704593, 51.02812782506958], [-114.0919599580342, 51.02812550388709], [-114.09195958765756, 51.02812316241541], [-114.09195946091536, 51.028120810681095]]]}}, {"type": "Feature", "properties": {"tag": "T1920"}, "geometry": {"type": "Polygon", "coordinates": [[[-114.09178911320691, 51.028629045879065], [-114.09178923065173, 51.028626693953], [-114.0917895917734, 51.028624351906444], [-114.09179019502552, 51.028622029768414], [-114.09179103782485, 51.02861973748264], [-114.09179211656232, 51.02861748486505], [-114.09179342661861, 51.028615281561706], [-114.09179496238382, 51.02861313700746], [-114.09179671728154, 51.028611060385636], [-114.09179868379702, 51.02860906058861], [-114.09180085350931, 51.02860714617983], [-114.09180321712736, 51.02860532535708], [-114.09180576452981, 51.02860360591737], [-114.09180848480824, 51.02860199522361], [-114.09181136631403, 51.02860050017302], [-114.09181439670816, 51.028599127167645], [-114.09181756301399, 51.02859788208686], [-114.09182085167295, 51.0285967702623], [-114.0918242486025, 51.02859579645496], [-114.09182773925653, 51.02859496483482], [-114.0918313086875, 51.028594278963006], [-114.09183494161061, 51.028593741776504], [-114.09183862246918, 51.02859335557563], [-114.09184233550123, 51.02859312201415], [-114.091846064807, 51.028593042092204], [-114.0918497944171, 51.02859311615207], [-114.09185350836078, 51.028593343876565], [-114.09185719073443, 51.02859372429054], [-114.09186082576957, 51.028594255765036], [-114.09186439790044, 51.02859493602418], [-114.09186789183069, 51.02859576215501], [-114.09187129259878, 51.028596730619924], [-114.09187458564215, 51.02859783727182], [-114.09187775685947, 51.02859907737183], [-114.09188079267115, 51.02860044560967], [-114.09188368007736, 51.02860193612638], [-114.09188640671381, 51.028603542539315], [-114.09188896090464, 51.02860525796959], [-114.09189133171238, 51.02860707507148], [-114.09189350898485, 51.028608986063894], [-114.09189548339867, 51.02861098276366], [-114.09189724649906, 51.02861305662065], [-114.09189879073611, 51.02861519875425], [-114.09190010949717, 51.028617399991575], [-114.09190119713506, 51.02861965090656], [-114.0919020489923, 51.028621941860465], [-114.09190266142109, 51.02862426304307], [-114.0919030317989, 51.02862660451473], [-114.09190315853965, 51.028628956248895], [-114.09190304110058, 51.02863130817507], [-114.09190267998457, 51.02863365022197], [-114.09190207673792, 51.02863597236059], [-114.09190123394379, 51.02863826464714], [-114.09190015521112, 51.028640517265714], [-114.09189884515919, 51.028642720570254], [-114.0918973093978, 51.02864486512585], [-114.0918955545033, 51.02864694174919], [-114.09189358799038, 51.028648941547814], [-114.09189141827997, 51.028650855958304], [-114.09188905466307, 51.028652676782826], [-114.09188650726102, 51.02865439622434], [-114.09188378698224, 51.028656006919896], [-114.09188090547532, 51.028657501972255], [-114.09187787507936, 51.02865887497935], [-114.091874708771, 51.02866012006175], [-114.09187142010884, 51.028661231887824], [-114.0918680231755, 51.02866220569653], [-114.09186453251715, 51.02866303731786], [-114.09186096308139, 51.02866372319069], [-114.09185733015309, 51.028664260378], [-114.09185364928906, 51.02866464657945], [-114.09184993625136, 51.02866488014128], [-114.09184620693983, 51.028664960063345], [-114.09184247732398, 51.02866488600338], [-114.09183876337462, 51.028664658278544], [-114.09183508099551, 51.02866427786399], [-114.09183144595521, 51.02866374638871], [-114.09182787381951, 51.02866306612857], [-114.09182437988491, 51.02866223999656], [-114.091820979113, 51.02866127153029], [-114.09181768606642, 51.02866016487689], [-114.09181451484652, 51.028658924775264], [-114.09181147903297, 51.028657556535705], [-114.09180859162561, 51.02865606601724], [-114.09180586498876, 51.02865445960251], [-114.0918033107983, 51.02865274417043], [-114.09180093999167, 51.02865092706677], [-114.09179876272101, 51.02864901607263], [-114.09179678830975, 51.02864701937124], [-114.09179502521255, 51.02864494551277], [-114.09179348097929, 51.02864280337779], [-114.09179216222256, 51.028640602139276], [-114.09179107458947, 51.02863835122328], [-114.09179022273739, 51.028636060268575], [-114.09178961031405, 51.02863373908538], [-114.0917892399419, 51.02863139761337], [-114.09178911320691, 51.028629045879065]]]}}, {"type": "Feature", "properties": {"tag": "T1922"}, "geometry": {"type": "Polygon", "coordinates": [[[-114.09210516853565, 51.02823681667807], [-114.09210528596351, 51.028234464751534], [-114.09210564706625, 51.02823212270385], [-114.09210625029752, 51.02822980056404], [-114.09210709307413, 51.02822750827587], [-114.09210817178722, 51.028225255655215], [-114.09210948181747, 51.02822305234819], [-114.09211101755517, 51.02822090778966], [-114.09211277242397, 51.028218831162945], [-114.09211473890926, 51.028216831360496], [-114.09211690859024, 51.028214916945736], [-114.09211927217598, 51.028213096116474], [-114.09212181954523, 51.02821137666979], [-114.09212453978976, 51.02820976596859], [-114.09212742126107, 51.02820827091012], [-114.09213045162029, 51.02820689789647], [-114.09213361789094, 51.02820565280705], [-114.09213690651457, 51.02820454097354], [-114.09214030340884, 51.02820356715697], [-114.09214379402775, 51.02820273552735], [-114.09214736342392, 51.02820204964586], [-114.09215099631272, 51.0282015124495], [-114.0921546771376, 51.02820112623867], [-114.09215839013669, 51.02820089266716], [-114.09216211941045, 51.02820081273515], [-114.09216584898955, 51.02820088678493], [-114.09216956290342, 51.02820111449941], [-114.09217324524856, 51.02820149490347], [-114.0921768802566, 51.02820202636818], [-114.09218045236194, 51.028202706617726], [-114.0921839462683, 51.028203532739184], [-114.09218734701426, 51.02820450119497], [-114.09219064003733, 51.02820560783804], [-114.09219381123631, 51.02820684792958], [-114.09219684703164, 51.028208216159314], [-114.09219973442359, 51.028209706668314], [-114.09220246104793, 51.02821131307398], [-114.09220501522883, 51.028213028497476], [-114.09220738602889, 51.028214845593084], [-114.09220956329597, 51.02821675657974], [-114.09221153770666, 51.028218753274295], [-114.09221330080624, 51.02822082712665], [-114.09221484504481, 51.02822296925624], [-114.09221616380967, 51.02822517049013], [-114.09221725145365, 51.028227421402335], [-114.09221810331925, 51.028229712354076], [-114.09221871575865, 51.02823203353517], [-114.09221908614923, 51.02823437500598], [-114.09221921290487, 51.02823672673995], [-114.09221909548278, 51.028239078666616], [-114.09221873438571, 51.02824142071464], [-114.09221813115991, 51.02824374285502], [-114.09221728838847, 51.028246035144], [-114.0922162096802, 51.028248287765635], [-114.09221489965428, 51.02825049107385], [-114.09221336392042, 51.02825263563372], [-114.09221160905484, 51.028254712261926], [-114.09220964257212, 51.028256712065996], [-114.09220747289301, 51.028258626482476], [-114.09220510930842, 51.0282604473135], [-114.09220256193957, 51.02826216676199], [-114.09219984169466, 51.02826377746501], [-114.09219696022225, 51.028265272525225], [-114.0921939298612, 51.02826664554059], [-114.09219076358802, 51.02826789063163], [-114.09218747496118, 51.02826900246665], [-114.09218407806313, 51.02826997628459], [-114.09218058743991, 51.028270807915405], [-114.09217701803894, 51.02827149379792], [-114.09217338514496, 51.02827203099506], [-114.09216970431464, 51.02827241720647], [-114.09216599130988, 51.02827265077835], [-114.09216226203037, 51.02827273071048], [-114.0921585324455, 51.02827265666059], [-114.09215481852597, 51.028272428945776], [-114.09215113617537, 51.02827204854115], [-114.09214750116213, 51.02827151707564], [-114.09214392905199, 51.0282708368251], [-114.09214043514129, 51.028270010702464], [-114.0921370343915, 51.028269042245306], [-114.0921337413652, 51.02826793560074], [-114.09213057016366, 51.02826669550759], [-114.09212753436645, 51.028265327276145], [-114.09212464697335, 51.028263836765376], [-114.09212192034862, 51.0282622303579], [-114.09211936616809, 51.02826051493261], [-114.09211699536914, 51.028258697835234], [-114.0921148181039, 51.02825678684687], [-114.09211284369572, 51.028254790150676], [-114.09211108059934, 51.02825271629682], [-114.09210953636456, 51.028250574165874], [-114.09210821760402, 51.02824837293079], [-114.09210712996483, 51.02824612201759], [-114.0921062781044, 51.02824383106503], [-114.09210566567046, 51.028241509883344], [-114.09210529528555, 51.02823916841217], [-114.09210516853565, 51.02823681667807]]]}}, {"type": "Feature", "properties": {"tag": "T1923"}, "geometry": {"type": "Polygon", "coordinates": [[[-114.09209083343355, 51.02819667970256], [-114.09209095086204, 51.02819432777601], [-114.09209131196519, 51.02819198572836], [-114.09209191519665, 51.028189663588606], [-114.09209275797326, 51.028187371300504], [-114.0920938366861, 51.02818511867999], [-114.09209514671592, 51.0281829153731], [-114.09209668245293, 51.02818077081475], [-114.09209843732087, 51.028178694188256], [-114.09210040380509, 51.02817669438602], [-114.0921025734848, 51.0281747799715], [-114.09210493706904, 51.02817295914253], [-114.09210748443662, 51.028171239696135], [-114.0921102046793, 51.02816962899526], [-114.0921130861486, 51.02816813393714], [-114.09211611650562, 51.02816676092386], [-114.09211928277392, 51.028165515834814], [-114.09212257139507, 51.028164404001714], [-114.0921259682867, 51.02816343018554], [-114.09212945890285, 51.02816259855636], [-114.09213302829615, 51.02816191267529], [-114.092136661182, 51.02816137547938], [-114.09214034200379, 51.028160989269004], [-114.09214405499976, 51.02816075569794], [-114.09214778427031, 51.02816067576639], [-114.09215151384619, 51.02816074981663], [-114.09215522775679, 51.02816097753156], [-114.0921589100986, 51.02816135793608], [-114.09216254510335, 51.02816188940125], [-114.0921661172054, 51.028162569651236], [-114.09216961110849, 51.02816339577313], [-114.09217301185122, 51.02816436422936], [-114.09217630487109, 51.02816547087282], [-114.09217947606695, 51.028166710964776], [-114.09218251185922, 51.02816807919489], [-114.09218539924822, 51.028169569704254], [-114.09218812586971, 51.02817117611027], [-114.09219068004788, 51.02817289153408], [-114.09219305084532, 51.02817470862999], [-114.09219522810993, 51.028176619616936], [-114.0921972025183, 51.028178616311756], [-114.09219896561572, 51.02818069016434], [-114.09220050985229, 51.028182832294135], [-114.09220182861533, 51.0281850335282], [-114.09220291625768, 51.02818728444054], [-114.09220376812185, 51.02818957539241], [-114.09220438055999, 51.0281918965736], [-114.0922047509495, 51.02819423804446], [-114.09220487770432, 51.028196589778474], [-114.0922047602816, 51.028198941705135], [-114.09220439918411, 51.02820128375314], [-114.09220379595813, 51.02820360589346], [-114.0922029531867, 51.02820589818235], [-114.09220187447866, 51.02820815080388], [-114.09220056445321, 51.02821035411195], [-114.09219902872, 51.02821249867164], [-114.09219727385529, 51.02821457529964], [-114.09219530737364, 51.02821657510348], [-114.09219313769582, 51.02821848951971], [-114.09219077411271, 51.02822031035045], [-114.09218822674552, 51.028222029798634], [-114.09218550650249, 51.028223640501324], [-114.09218262503208, 51.028225135561215], [-114.09217959467323, 51.02822650857621], [-114.09217642840238, 51.028227753666876], [-114.09217313977805, 51.02822886550149], [-114.09216974288263, 51.028229839319025], [-114.09216625226216, 51.028230670949405], [-114.09216268286406, 51.02823135683149], [-114.09215904997306, 51.0282318940282], [-114.0921553691458, 51.028232280239166], [-114.09215165614417, 51.02823251381058], [-114.09214792686785, 51.028232593742246], [-114.09214419728623, 51.02823251969191], [-114.09214048336996, 51.02823229197662], [-114.09213680102268, 51.02823191157153], [-114.09213316601274, 51.02823138010558], [-114.0921295939059, 51.02823069985459], [-114.09212609999844, 51.02822987373152], [-114.0921226992519, 51.02822890527394], [-114.0921194062288, 51.02822779862896], [-114.09211623503037, 51.02822655853541], [-114.09211319923621, 51.02822519030359], [-114.09211031184607, 51.028223699792456], [-114.09210758522418, 51.02822209338463], [-114.09210503104639, 51.02822037795902], [-114.09210266025005, 51.028218560861326], [-114.09210048298728, 51.02821664987268], [-114.09209850858143, 51.028214653176235], [-114.09209674548721, 51.02821257932216], [-114.09209520125444, 51.028210437191], [-114.09209388249572, 51.02820823595574], [-114.09209279485816, 51.02820598504237], [-114.09209194299916, 51.0282036940897], [-114.09209133056648, 51.028201372907915], [-114.09209096018262, 51.02819903143669], [-114.09209083343355, 51.02819667970256]]]}}, {"type": "Feature", "properties": {"tag": "T1924"}, "geometry": {"type": "Polygon", "coordinates": [[[-114.09143453331669, 51.02860100609346], [-114.09143465077939, 51.02859865416771], [-114.09143501191872, 51.02859631212223], [-114.0914356151882, 51.028593989986014], [-114.09143645800451, 51.02859169770278], [-114.09143753675852, 51.02858944508845], [-114.09143884683084, 51.028587241789054], [-114.0914403826115, 51.02858509723945], [-114.09144213752401, 51.02858302062293], [-114.09144410405356, 51.02858102083187], [-114.09144627377917, 51.02857910642965], [-114.0914486374097, 51.02857728561405], [-114.09145118482373, 51.02857556618206], [-114.09145390511281, 51.02857395549654], [-114.0914567866283, 51.02857246045468], [-114.09145981703108, 51.02857108745848], [-114.09146298334451, 51.0285698423873], [-114.09146627201, 51.02856873057271], [-114.09146966894494, 51.02856775677566], [-114.09147315960321, 51.0285669251661], [-114.0914767290373, 51.02856623930511], [-114.09148036196233, 51.028565702129626], [-114.09148404282163, 51.02856531593993], [-114.09148775585324, 51.02856508238972], [-114.09149148515739, 51.028565002479105], [-114.09149521476469, 51.02856507655027], [-114.09149892870441, 51.028565304286026], [-114.09150261107294, 51.02856568471119], [-114.09150624610183, 51.02856621619671], [-114.09150981822538, 51.02856689646671], [-114.09151331214723, 51.028567722608145], [-114.09151671290589, 51.02856869108339], [-114.09152000593885, 51.028569797745284], [-114.09152317714481, 51.02857103785494], [-114.09152621294422, 51.028572406102], [-114.09152910033733, 51.02857389662748], [-114.0915318269599, 51.02857550304871], [-114.09153438113609, 51.02857721848675], [-114.09153675192854, 51.02857903559585], [-114.09153892918513, 51.02858094659488], [-114.09154090358253, 51.02858294330067], [-114.09154266666603, 51.028585017163], [-114.09154421088581, 51.028587159301324], [-114.09154552962927, 51.02858936054266], [-114.09154661724934, 51.02859161146097], [-114.0915474690886, 51.02859390241746], [-114.09154808149931, 51.02859622360196], [-114.09154845185903, 51.028598565074766], [-114.09154857858175, 51.02860091680934], [-114.09154846112483, 51.02860326873519], [-114.09154809999114, 51.028605610781014], [-114.09154749672715, 51.028607932917815], [-114.09154665391603, 51.028610225201824], [-114.09154557516682, 51.028612477817155], [-114.09154426509885, 51.02861468111773], [-114.09154272932201, 51.028616825668685], [-114.09154097441272, 51.0286189022867], [-114.09153900788573, 51.02862090207939], [-114.09153683816201, 51.02862281648332], [-114.09153447453262, 51.02862463730069], [-114.091531927119, 51.02862635673447], [-114.09152920682955, 51.02862796742179], [-114.09152632531296, 51.028629462465425], [-114.09152329490834, 51.028630835463325], [-114.09152012859236, 51.02863208053615], [-114.0915168399237, 51.028633192352224], [-114.09151344298495, 51.02863416615063], [-114.09150995232235, 51.02863499776139], [-114.0915063828835, 51.028635683623385], [-114.09150274995328, 51.02863622079968], [-114.09149906908851, 51.02863660698998], [-114.09149535605127, 51.02863684054054], [-114.09149162674134, 51.028636920451284], [-114.0914878971283, 51.02863684638001], [-114.09148418318291, 51.0286366186439], [-114.09148050080893, 51.02863623821817], [-114.09147686577484, 51.02863570673185], [-114.09147329364647, 51.02863502646086], [-114.09146979972027, 51.02863420031823], [-114.09146639895779, 51.02863323184164], [-114.09146310592162, 51.02863212517826], [-114.09145993471309, 51.02863088506698], [-114.0914568989118, 51.02862951681821], [-114.09145401151754, 51.02862802629096], [-114.09145128489459, 51.02862641986794], [-114.09144873071875, 51.0286247044281], [-114.0914463599274, 51.02862288731723], [-114.09144418267263, 51.028620976316475], [-114.09144220827778, 51.02861897960907], [-114.09144044519748, 51.02861690574523], [-114.09143890098147, 51.02861476360554], [-114.09143758224234, 51.028612562363016], [-114.09143649462708, 51.02861031144369], [-114.09143564279297, 51.02860802048638], [-114.09143503038773, 51.028605699301316], [-114.09143466003367, 51.02860335782815], [-114.09143453331669, 51.02860100609346]]]}}, {"type": "Feature", "properties": {"tag": "T1927"}, "geometry": {"type": "Polygon", "coordinates": [[[-114.09169551661904, 51.02809033602331], [-114.09169563406728, 51.02808798409711], [-114.09169599518951, 51.02808564205063], [-114.09169659843936, 51.02808331991287], [-114.09169744123356, 51.028081027627564], [-114.0916985199631, 51.02807877501065], [-114.09169983000868, 51.028076571708134], [-114.09170136576044, 51.02807442715493], [-114.09170312064204, 51.02807235053433], [-114.09170508713878, 51.0280703507387], [-114.09170725682979, 51.02806843633149], [-114.09170962042415, 51.02806661551046], [-114.09171216780055, 51.02806489607266], [-114.09171488805073, 51.02806328538095], [-114.09171776952617, 51.02806179033254], [-114.09172079988795, 51.02806041732948], [-114.0917239661596, 51.028059172251126], [-114.09172725478271, 51.028058060429125], [-114.09173065167487, 51.02805708662443], [-114.09173414229012, 51.02805625500704], [-114.0917377116811, 51.02805556913803], [-114.09174134456322, 51.028055031954416], [-114.09174502537991, 51.02805464575648], [-114.09174873836938, 51.028054412197974], [-114.0917524676321, 51.02805433227905], [-114.09175619719882, 51.0280544063419], [-114.09175991109899, 51.02805463406942], [-114.09176359342918, 51.0280550144864], [-114.09176722842109, 51.02805554596387], [-114.0917708005092, 51.02805622622598], [-114.09177429439727, 51.028057052359706], [-114.09177769512398, 51.02805802082745], [-114.09178098812693, 51.0280591274821], [-114.09178415930498, 51.0280603675848], [-114.09178719507871, 51.02806173582522], [-114.09179008244843, 51.02806322634439], [-114.09179280905, 51.02806483275967], [-114.09179536320774, 51.028066548192164], [-114.09179773398431, 51.028068365296136], [-114.09179991122768, 51.028070276290485], [-114.09180188561457, 51.02807227299204], [-114.0918036486903, 51.02807434685062], [-114.09180519290513, 51.02807648898569], [-114.09180651164642, 51.02807869022429], [-114.09180759926713, 51.02808094114037], [-114.09180845110986, 51.02808323209516], [-114.09180906352685, 51.02808555327848], [-114.0918094338956, 51.02808789475066], [-114.09180956063013, 51.028090246485135], [-114.09180944318764, 51.028092598411455], [-114.09180908207107, 51.02809494045829], [-114.09180847882669, 51.028097262596624], [-114.09180763603769, 51.028099554882715], [-114.09180655731294, 51.02810180750063], [-114.09180524727172, 51.02810401080433], [-114.09180371152378, 51.02810615535888], [-114.0918019566454, 51.02810823198098], [-114.09179999015123, 51.02811023177821], [-114.09179782046208, 51.028112146187134], [-114.09179545686887, 51.02811396700992], [-114.09179290949287, 51.02811568644954], [-114.09179018924233, 51.02811729714305], [-114.0917873077658, 51.028118792193226], [-114.09178427740217, 51.028120165198004], [-114.09178111112799, 51.02812141027797], [-114.09177782250168, 51.02812252210149], [-114.09177442560573, 51.028123495907536], [-114.09177093498616, 51.02812432752614], [-114.09176736559037, 51.02812501339614], [-114.09176373270311, 51.02812555058058], [-114.09176005188095, 51.028125936779105], [-114.09175633888583, 51.02812617033797], [-114.09175260961736, 51.028126250257024], [-114.09174888004488, 51.02812617619406], [-114.09174516613903, 51.0281259484662], [-114.09174148380337, 51.028125568048644], [-114.09173784880628, 51.028125036570366], [-114.09173427671337, 51.02812435630727], [-114.09173078282095, 51.02812353017236], [-114.0917273820904, 51.028122561703256], [-114.09172408908424, 51.028121455047106], [-114.09172091790361, 51.028120214942795], [-114.09171788212802, 51.028118846700664], [-114.09171499475715, 51.028117356179735], [-114.09171226815516, 51.02811574976265], [-114.0917097139978, 51.02811403432835], [-114.09170734322232, 51.0281122172226], [-114.0917051659808, 51.02811030622654], [-114.09170319159645, 51.02810830952336], [-114.0917014285239, 51.028106235663266], [-114.09169988431289, 51.028104093526856], [-114.09169856557591, 51.02810189228706], [-114.09169747795998, 51.02809964136998], [-114.09169662612243, 51.02809735041437], [-114.09169601371089, 51.028095029230464], [-114.09169564334779, 51.028092687757926], [-114.09169551661904, 51.02809033602331]]]}}, {"type": "Feature", "properties": {"tag": "T1931"}, "geometry": {"type": "Polygon", "coordinates": [[[-114.09152053864095, 51.02893440493362], [-114.0915206561001, 51.02893205300793], [-114.09152101723768, 51.02892971096232], [-114.09152162050717, 51.02892738882578], [-114.09152246332526, 51.028925096542075], [-114.09152354208283, 51.028922843927084], [-114.09152485216045, 51.028920640626836], [-114.09152638794811, 51.02891849607622], [-114.09152814286936, 51.02891641945854], [-114.0915301094093, 51.02891441966612], [-114.0915322791469, 51.028912505262404], [-114.091534642791, 51.028910684445165], [-114.09153719022011, 51.02890896501139], [-114.09153991052573, 51.02890735432397], [-114.09154279205909, 51.02890585928005], [-114.09154582248105, 51.0289044862817], [-114.09154898881489, 51.02890324120823], [-114.09155227750188, 51.028902129391284], [-114.09155567445939, 51.02890115559179], [-114.09155916514115, 51.0289003239797], [-114.09156273459955, 51.02889963811611], [-114.09156636754966, 51.02889910093796], [-114.09157004843465, 51.028898714745566], [-114.09157376149246, 51.02889848119262], [-114.0915774908232, 51.02889840127925], [-114.09158122045739, 51.02889847534766], [-114.09158493442418, 51.02889870308065], [-114.0915886168198, 51.028899083503056], [-114.09159225187578, 51.02889961498587], [-114.09159582402621, 51.02890029525318], [-114.09159931797466, 51.028901121392], [-114.09160271875953, 51.02890208986466], [-114.09160601181816, 51.028903196524055], [-114.09160918304917, 51.028904436631294], [-114.0916122188729, 51.02890580487604], [-114.09161510628951, 51.02890729539929], [-114.09161783293462, 51.0289089018184], [-114.09162038713231, 51.028910617254446], [-114.09162275794516, 51.028912434361686], [-114.09162493522092, 51.02891434535901], [-114.09162690963619, 51.028916342063205], [-114.09162867273619, 51.02891841592413], [-114.09163021697104, 51.02892055806118], [-114.09163153572807, 51.028922759301416], [-114.09163262336011, 51.028925010218785], [-114.09163347520973, 51.02892730117452], [-114.09163408762917, 51.028929622358426], [-114.0916344579959, 51.028931963830814], [-114.09163458472389, 51.028934315565145], [-114.09163446727051, 51.028936667490946], [-114.0916341061386, 51.028939009536906], [-114.09163350287457, 51.02894133167402], [-114.09163266006168, 51.028943623958526], [-114.09163158130893, 51.028945876574525], [-114.09163027123566, 51.028948079875946], [-114.09162873545179, 51.0289502244279], [-114.09162698053377, 51.02895230104711], [-114.0916250139964, 51.02895430084112], [-114.09162284426067, 51.028956215246545], [-114.09162048061772, 51.02895803606555], [-114.09161793318901, 51.02895975550113], [-114.09161521288304, 51.02896136619036], [-114.09161233134856, 51.02896286123603], [-114.09160930092476, 51.02896423423611], [-114.09160613458839, 51.02896547931119], [-114.09160284589821, 51.02896659112966], [-114.0915994489369, 51.02896756493051], [-114.09159595825082, 51.028968396543796], [-114.09159238878763, 51.028969082408395], [-114.09158875583236, 51.02896961958734], [-114.0915850749419, 51.02897000578032], [-114.09158136187845, 51.02897023933364], [-114.09157763254194, 51.02897031924713], [-114.091573902902, 51.02897024517861], [-114.09157018892954, 51.028970017445275], [-114.09156650652844, 51.028969637022286], [-114.09156287146729, 51.02896910553868], [-114.09155929931204, 51.02896842527037], [-114.09155580535923, 51.02896759913038], [-114.09155240457056, 51.02896663065637], [-114.0915491115087, 51.028965523995474], [-114.09154594027513, 51.02896428388662], [-114.09154290444951, 51.028962915640165], [-114.09154001703176, 51.028961425115156], [-114.09153729038627, 51.02895981869423], [-114.09153473618892, 51.028958103256386], [-114.09153236537719, 51.02895628614738], [-114.09153018810325, 51.02895437514835], [-114.09152821369052, 51.02895237844251], [-114.0915264505937, 51.02895030458009], [-114.09152490636265, 51.02894816244169], [-114.09152358760996, 51.02894596120025], [-114.0915224999827, 51.02894371028187], [-114.09152164813824, 51.02894141932532], [-114.09152103572427, 51.02893909814083], [-114.0915206653632, 51.02893675666808], [-114.09152053864095, 51.02893440493362]]]}}, {"type": "Feature", "properties": {"tag": "T1936"}, "geometry": {"type": "Polygon", "coordinates": [[[-114.09257193782696, 51.02883042831637], [-114.09257205523265, 51.02882807638961], [-114.09257241631643, 51.02882573434073], [-114.09257301953204, 51.02882341219875], [-114.09257386229638, 51.028821119907434], [-114.09257494100055, 51.02881886728273], [-114.09257625102539, 51.028816663970694], [-114.0925777867611, 51.028814519406254], [-114.09257954163142, 51.02881244277275], [-114.09258150812171, 51.028810442962644], [-114.09258367781112, 51.02880852853941], [-114.09258604140871, 51.028806707700895], [-114.09258858879319, 51.0288049882442], [-114.09259130905625, 51.02880337753226], [-114.09259419054932, 51.028801882462446], [-114.0925972209334, 51.02880050943682], [-114.09260038723195, 51.02879926433487], [-114.0926036758864, 51.02879815248831], [-114.09260707281425, 51.02879717865826], [-114.09261056346934, 51.02879634701477], [-114.0926141329042, 51.02879566111906], [-114.09261776583398, 51.02879512390824], [-114.09262144670195, 51.028794737682716], [-114.09262515974612, 51.02879450409637], [-114.09262888906669, 51.028794424149446], [-114.09263261869415, 51.02879449818431], [-114.09263633265775, 51.028794725883905], [-114.09264001505372, 51.02879510627319], [-114.09264365011352, 51.02879563772331], [-114.09264722227131, 51.02879631795848], [-114.09265071623058, 51.02879714406587], [-114.09265411702971, 51.02879811250795], [-114.09265741010596, 51.02879921913774], [-114.0926605813579, 51.02880045921645], [-114.09266361720576, 51.02880182743389], [-114.09266650464957, 51.02880331793117], [-114.09266923132488, 51.028804924325776], [-114.09267178555565, 51.02880663973886], [-114.09267415640426, 51.028808456824784], [-114.09267633371836, 51.02881036780252], [-114.09267830817436, 51.02881236448898], [-114.09268007131732, 51.02881443833404], [-114.09268161559714, 51.028816580457224], [-114.09268293440098, 51.02881878168561], [-114.0926840220815, 51.02882103259321], [-114.09268487398104, 51.0288233235413], [-114.0926854864516, 51.02882564471971], [-114.09268585687046, 51.02882798618879], [-114.09268598365139, 51.028830337921995], [-114.09268586625146, 51.028832689848855], [-114.09268550517334, 51.02883503189808], [-114.0926849019632, 51.028837354040625], [-114.09268405920406, 51.028839646332735], [-114.09268298050468, 51.02884189895844], [-114.0926816704842, 51.02884410227166], [-114.0926801347523, 51.02884624683745], [-114.0926783798852, 51.02884832347245], [-114.09267641339748, 51.028850323284175], [-114.09267424370995, 51.02885223770913], [-114.0926718801135, 51.02885405854941], [-114.09266933272943, 51.02885577800791], [-114.092666612466, 51.02885738872162], [-114.09266373097184, 51.02885888379322], [-114.09266070058591, 51.028860256820565], [-114.09265753428481, 51.028861501924126], [-114.09265424562719, 51.02886261377219], [-114.09265084869556, 51.02886358760362], [-114.09264735803613, 51.02886441924831], [-114.09264378859648, 51.028865105145016], [-114.09264015566153, 51.02886564235665], [-114.0926364747881, 51.02886602858276], [-114.09263276173829, 51.02886626216945], [-114.09262903241195, 51.0288663421165], [-114.09262530277873, 51.028866268081536], [-114.09262158880948, 51.0288660403816], [-114.09261790640804, 51.028865659991745], [-114.09261427134305, 51.02886512854083], [-114.09261069918045, 51.02886444830465], [-114.09260720521681, 51.028863622196084], [-114.09260380441387, 51.02886265375265], [-114.0926005113344, 51.02886154712137], [-114.09259734007989, 51.02886030704104], [-114.09259430423016, 51.02885893882188], [-114.0925914167852, 51.02885744832284], [-114.09258869010948, 51.02885584192644], [-114.09258613587909, 51.02885412651156], [-114.09258376503158, 51.02885230942386], [-114.09258158771931, 51.028850398444405], [-114.09257961326585, 51.02884840175633], [-114.09257785012609, 51.02884632790975], [-114.09257630585005, 51.028844185785225], [-114.09257498705053, 51.02884198455563], [-114.0925738993748, 51.02883973364703], [-114.09257304748043, 51.02883744269814], [-114.09257243501533, 51.02883512151914], [-114.09257206460212, 51.028832780049704], [-114.09257193782696, 51.02883042831637]]]}}, {"type": "Feature", "properties": {"tag": "T1938"}, "geometry": {"type": "Polygon", "coordinates": [[[-114.09267187011875, 51.02874438003827], [-114.09267198751918, 51.02874202811139], [-114.09267234859725, 51.02873968606217], [-114.09267295180675, 51.028737363919646], [-114.0926737945646, 51.028735071627594], [-114.09267487326196, 51.02873281900192], [-114.09267618327962, 51.02873061568873], [-114.09267771900787, 51.028728471122946], [-114.09267947387049, 51.02872639448792], [-114.09268144035283, 51.028724394676104], [-114.09268361003411, 51.02872248025099], [-114.09268597362342, 51.02872065941043], [-114.09268852099949, 51.02871893995153], [-114.09269124125404, 51.028717329237274], [-114.09269412273856, 51.028715834164956], [-114.0926971531141, 51.02871446113672], [-114.09270031940409, 51.02871321603206], [-114.09270360805006, 51.02871210418268], [-114.09270700496953, 51.028711130349706], [-114.09271049561636, 51.028710298703224], [-114.09271406504314, 51.028709612804455], [-114.09271769796504, 51.02870907559052], [-114.09272137882536, 51.028708689361856], [-114.09272509186215, 51.02870845577233], [-114.09272882117563, 51.02870837582223], [-114.09273255079634, 51.028708449853895], [-114.09273626475354, 51.02870867755031], [-114.0927399471435, 51.02870905793647], [-114.09274358219771, 51.02870958938348], [-114.09274715435035, 51.02871026961563], [-114.09275064830493, 51.02871109572005], [-114.09275404909982, 51.02871206415923], [-114.09275734217236, 51.02871317078621], [-114.09276051342108, 51.028714410862236], [-114.09276354926625, 51.0287157790771], [-114.09276643670793, 51.02871726957195], [-114.09276916338163, 51.02871887596424], [-114.09277171761136, 51.02872059137516], [-114.09277408845948, 51.02872240845909], [-114.09277626577365, 51.028724319434986], [-114.09277824023027, 51.02872631611979], [-114.0927800033744, 51.028728389963376], [-114.09278154765599, 51.02873053208526], [-114.09278286646213, 51.02873273331255], [-114.09278395414545, 51.02873498421926], [-114.09278480604833, 51.028737275166655], [-114.09278541852275, 51.02873959634457], [-114.09278578894595, 51.02874193781336], [-114.09278591573168, 51.028744289546495], [-114.09278579833702, 51.02874664147349], [-114.0927854372646, 51.028748983523066], [-114.09278483406058, 51.028751305666155], [-114.09278399130793, 51.028753597959], [-114.09278291261536, 51.02875585058566], [-114.09278160260206, 51.02875805390004], [-114.09278006687761, 51.02876019846717], [-114.09277831201823, 51.02876227510369], [-114.09277634553845, 51.02876427491712], [-114.09277417585905, 51.02876618934395], [-114.09277181227088, 51.02876801018628], [-114.09276926489521, 51.02876972964698], [-114.0927665446403, 51.028771340363036], [-114.09276366315467, 51.028772835437124], [-114.09276063277731, 51.02877420846708], [-114.09275746648477, 51.02877545357336], [-114.09275417783562, 51.028776565424245], [-114.09275078091237, 51.02877753925858], [-114.0927472902612, 51.02877837090627], [-114.09274372082963, 51.02877905680603], [-114.09274008790257, 51.02877959402078], [-114.09273640703678, 51.02877998025003], [-114.09273269399435, 51.0287802138399], [-114.0927289646751, 51.02878029379014], [-114.09272523504863, 51.02878021975837], [-114.09272152108576, 51.02877999206159], [-114.09271783869033, 51.02877961167488], [-114.09271420363093, 51.02877908022707], [-114.0927106314735, 51.028778399993925], [-114.09270713751455, 51.02877757388833], [-114.09270373671585, 51.02877660544779], [-114.09270044364008, 51.028775498819314], [-114.09269727238879, 51.02877425874167], [-114.09269423654175, 51.02877289052509], [-114.09269134909893, 51.028771400028475], [-114.09268862242483, 51.028769793634396], [-114.09268606819546, 51.028768078221674], [-114.09268369734845, 51.028766261135964], [-114.09268152003611, 51.02876435015835], [-114.09267954558202, 51.02876235347192], [-114.09267778244107, 51.02876027962683], [-114.09267623816329, 51.028758137503594], [-114.09267491936149, 51.028755936275104], [-114.09267383168294, 51.02875368536739], [-114.09267297978522, 51.02875139441919], [-114.09267236731628, 51.02874907324069], [-114.09267199689873, 51.02874673177154], [-114.09267187011875, 51.02874438003827]]]}}, {"type": "Feature", "properties": {"tag": "T1939"}, "geometry": {"type": "Polygon", "coordinates": [[[-114.09263203114088, 51.02902620464001], [-114.09263214854401, 51.02902385271327], [-114.09263250962627, 51.029021510664286], [-114.0926331128414, 51.02901918852207], [-114.0926339556063, 51.02901689623041], [-114.09263503431211, 51.029014643605215], [-114.0926363443396, 51.02901244029259], [-114.092637880079, 51.02901029572742], [-114.09263963495401, 51.02900821909309], [-114.09264160144998, 51.02900621928204], [-114.09264377114604, 51.029004304857736], [-114.09264613475123, 51.02900248401806], [-114.0926486821442, 51.02900076456012], [-114.09265140241664, 51.02899915384685], [-114.0926542839199, 51.02899765877558], [-114.09265731431496, 51.028996285748434], [-114.09266048062523, 51.02899504064489], [-114.09266376929209, 51.02899392879668], [-114.09266716623297, 51.0289929549649], [-114.09267065690169, 51.02899212331963], [-114.0926742263507, 51.02899143742211], [-114.09267785929508, 51.02899090020942], [-114.09268154017806, 51.02899051398201], [-114.09268525323755, 51.02899028039377], [-114.09268898257372, 51.02899020044492], [-114.092692712217, 51.02899027447785], [-114.09269642619651, 51.02899050217551], [-114.0927001086085, 51.02899088256288], [-114.09270374368431, 51.02899141401111], [-114.09270731585804, 51.028992094244416], [-114.0927108098331, 51.02899292034997], [-114.0927142106478, 51.02899388879027], [-114.09271750373935, 51.028994995418316], [-114.09272067500626, 51.02899623549534], [-114.09272371086868, 51.028997603711176], [-114.0927265983266, 51.028999094206924], [-114.09272932501548, 51.02900070060005], [-114.09273187925923, 51.02900241601175], [-114.09273425012019, 51.02900423309639], [-114.09273642744594, 51.029006144072945], [-114.09273840191285, 51.02900814075831], [-114.09274016506592, 51.029010214602394], [-114.09274170935504, 51.0290123567247], [-114.0927430281673, 51.02901455795232], [-114.09274411585531, 51.029016808859296], [-114.09274496776142, 51.02901909980686], [-114.09274558023758, 51.02902142098488], [-114.09274595066103, 51.029023762453676], [-114.09274607744555, 51.02902611418675], [-114.09274596004818, 51.02902846611359], [-114.09274559897158, 51.029030808162915], [-114.09274499576192, 51.029033130305706], [-114.0927441530022, 51.029035422598156], [-114.0927430743012, 51.029037675224345], [-114.09274176427807, 51.02903987853817], [-114.0927402285425, 51.02904202310469], [-114.09273847367069, 51.02904409974052], [-114.09273650717729, 51.02904609955318], [-114.09273433748311, 51.029048013979185], [-114.09273197387907, 51.02904983482063], [-114.09272942648649, 51.02905155428038], [-114.0927267062137, 51.029053164995446], [-114.09272382470932, 51.02905466006849], [-114.09272079431241, 51.02905603309734], [-114.09271762799963, 51.02905727820251], [-114.09271433932959, 51.02905839005222], [-114.0927109423849, 51.029059363885374], [-114.09270745171186, 51.029060195531834], [-114.09270388225806, 51.02906088143036], [-114.0927002493085, 51.02906141864385], [-114.09269656842007, 51.02906180487184], [-114.09269285535491, 51.02906203846045], [-114.09268912601298, 51.02906211840943], [-114.09268539636395, 51.029062044376396], [-114.09268168237877, 51.02906181667838], [-114.09267799996132, 51.029061436290434], [-114.09267436488034, 51.02906090484142], [-114.09267079270181, 51.029060224607115], [-114.09266729872238, 51.029059398500365], [-114.09266389790385, 51.029058430058726], [-114.09266060480907, 51.02905732342919], [-114.0926574335396, 51.02905608335055], [-114.0926543976753, 51.02905471513301], [-114.09265151021624, 51.02905322463549], [-114.09264878352697, 51.02905161824056], [-114.09264622928357, 51.029049902827055], [-114.09264385842373, 51.02904808574064], [-114.0926416810998, 51.02904617476238], [-114.09263970663542, 51.02904417807539], [-114.09263794348556, 51.0290421042298], [-114.09263639920023, 51.02903996210614], [-114.09263508039228, 51.02903776087731], [-114.09263399270905, 51.02903550996934], [-114.09263314080812, 51.02903321902096], [-114.09263252833743, 51.02903089784235], [-114.09263215791964, 51.0290285563732], [-114.09263203114088, 51.02902620464001]]]}}, {"type": "Feature", "properties": {"tag": "T1943"}, "geometry": {"type": "Polygon", "coordinates": [[[-114.09260859258521, 51.02906096863743], [-114.09260870998962, 51.02905861671073], [-114.09260907107333, 51.02905627466183], [-114.09260967429007, 51.02905395251976], [-114.09261051705676, 51.029051660228276], [-114.09261159576451, 51.0290494076033], [-114.09261290579408, 51.02904720429094], [-114.09261444153572, 51.02904505972611], [-114.09261619641309, 51.02904298309213], [-114.09261816291153, 51.02904098328148], [-114.0926203326102, 51.02903906885763], [-114.09262269621806, 51.02903724801844], [-114.0926252436138, 51.02903552856102], [-114.09262796388907, 51.02903391784829], [-114.09263084539526, 51.02903242277762], [-114.09263387579328, 51.02903104975108], [-114.09263704210655, 51.02902980464818], [-114.0926403307764, 51.02902869280064], [-114.09264372772033, 51.02902771896954], [-114.09264721839209, 51.029026887324974], [-114.09265078784411, 51.02902620142818], [-114.09265442079148, 51.02902566421623], [-114.0926581016774, 51.02902527798956], [-114.0926618147398, 51.02902504440205], [-114.0926655440788, 51.02902496445395], [-114.09266927372482, 51.029025038487624], [-114.09267298770702, 51.02902526618603], [-114.09267667012156, 51.02902564657415], [-114.09268030519982, 51.02902617802309], [-114.09268387737588, 51.029026858257104], [-114.09268737135314, 51.029027684363356], [-114.09269077216989, 51.02902865280432], [-114.09269406526336, 51.029029759433016], [-114.09269723653202, 51.029030999510674], [-114.09270027239602, 51.02903236772711], [-114.09270315985535, 51.02903385822342], [-114.09270588654546, 51.02903546461709], [-114.09270844079026, 51.0290371800293], [-114.09271081165208, 51.0290389971144], [-114.0927129889785, 51.029040908091375], [-114.09271496344587, 51.02904290477712], [-114.09271672659922, 51.029044978621556], [-114.09271827088841, 51.02904712074415], [-114.09271958970056, 51.02904932197204], [-114.09272067738826, 51.02905157287921], [-114.09272152929385, 51.02905386382693], [-114.0927221417693, 51.029056185005054], [-114.09272251219184, 51.02905852647392], [-114.09272263897527, 51.02906087820699], [-114.09272252157662, 51.02906323013381], [-114.09272216049858, 51.02906557218306], [-114.0927215572873, 51.02906789432569], [-114.0927207145258, 51.029070186617986], [-114.09271963582286, 51.02907243924393], [-114.09271832579763, 51.029074642557475], [-114.09271679005984, 51.029076787123664], [-114.09271503518568, 51.02907886375914], [-114.0927130686898, 51.0290808635714], [-114.09271089899302, 51.02908277799696], [-114.0927085353863, 51.02908459883792], [-114.09270598799095, 51.02908631829715], [-114.09270326771532, 51.02908792901167], [-114.09270038620802, 51.029089424084134], [-114.09269735580817, 51.029090797112374], [-114.09269418949236, 51.02909204221689], [-114.0926909008193, 51.02909315406594], [-114.09268750387159, 51.0290941278984], [-114.09268401319551, 51.02909495954415], [-114.09268044373871, 51.02909564544197], [-114.09267681078617, 51.02909618265473], [-114.09267312989478, 51.02909656888198], [-114.09266941682674, 51.02909680246985], [-114.09266568748198, 51.02909688241808], [-114.09266195783019, 51.02909680838429], [-114.09265824384234, 51.02909658068554], [-114.09265456142232, 51.029096200296856], [-114.09265092633888, 51.02909566884712], [-114.09264735415802, 51.0290949886121], [-114.09264386017641, 51.02909416250467], [-114.09264045935582, 51.029093194062355], [-114.09263716625912, 51.02909208743216], [-114.0926339949879, 51.029090847352876], [-114.09263095912202, 51.02908947913474], [-114.09262807166155, 51.029087988636654], [-114.09262534497104, 51.02908638224119], [-114.09262279072661, 51.02908466682718], [-114.0926204198659, 51.02908284974031], [-114.0926182425413, 51.029080938761616], [-114.09261626807647, 51.02907894207425], [-114.0926145049263, 51.0290768682283], [-114.0926129606409, 51.02907472610435], [-114.09261164183309, 51.02907252487527], [-114.09261055415018, 51.02907027396709], [-114.09260970224976, 51.02906798301856], [-114.09260908977978, 51.029065661839844], [-114.09260871936289, 51.02906332037063], [-114.09260859258521, 51.02906096863743]]]}}, {"type": "Feature", "properties": {"tag": "T1944"}, "geometry": {"type": "Polygon", "coordinates": [[[-114.09277026421918, 51.02848069522706], [-114.09277038161399, 51.02847834329997], [-114.09277074268508, 51.02847600125035], [-114.09277134588625, 51.02847367910721], [-114.09277218863448, 51.02847138681433], [-114.09277326732095, 51.02846913418767], [-114.09277457732654, 51.02846693087329], [-114.09277611304157, 51.02846478630612], [-114.09277786788982, 51.02846270966953], [-114.0927798343568, 51.02846070985597], [-114.09278200402173, 51.02845879542895], [-114.09278436759378, 51.028456974586334], [-114.09278691495176, 51.028455255125216], [-114.0927896351875, 51.0284536444086], [-114.09279251665251, 51.0284521493338], [-114.09279554700794, 51.028450776302975], [-114.09279871327733, 51.02844953119559], [-114.0928020019023, 51.028448419343405], [-114.09280539880042, 51.02844744550754], [-114.0928088894257, 51.028446613858094], [-114.09281245883078, 51.028445927956305], [-114.09281609173091, 51.028445390739286], [-114.09281977256954, 51.02844500450752], [-114.09282348558476, 51.028444770914874], [-114.0928272148769, 51.02844469096163], [-114.09283094447663, 51.02844476499018], [-114.09283465841321, 51.0284449926835], [-114.09283834078309, 51.028445373066575], [-114.09284197581779, 51.028445904510555], [-114.09284554795158, 51.02844658473973], [-114.09284904188807, 51.02844741084126], [-114.09285244266573, 51.02844837927764], [-114.09285573572191, 51.0284494859019], [-114.09285890695524, 51.02845072597531], [-114.09286194278607, 51.0284520941877], [-114.09286483021451, 51.02845358468019], [-114.09286755687613, 51.028455191070265], [-114.09287011109497, 51.02845690647911], [-114.09287248193347, 51.02845872356113], [-114.09287465923933, 51.02846063453529], [-114.09287663368896, 51.02846263121853], [-114.09287839682746, 51.02846470506073], [-114.0928799411048, 51.028466847181406], [-114.0928812599081, 51.02846904840769], [-114.09288234758999, 51.02847129931358], [-114.09288319949287, 51.02847359026036], [-114.0928838119687, 51.02847591143787], [-114.09288418239474, 51.02847825290645], [-114.09288430918473, 51.02848060463959], [-114.09288419179569, 51.02848295656678], [-114.09288383073026, 51.02848529861675], [-114.09288322753457, 51.02848762076047], [-114.09288238479152, 51.02848991305413], [-114.09288130610986, 51.02849216568179], [-114.09287999610862, 51.02849436899736], [-114.09287846039743, 51.02849651356588], [-114.09287670555237, 51.02849859020397], [-114.09287473908797, 51.02850059001913], [-114.09287256942491, 51.028502504447864], [-114.09287020585401, 51.02850432529225], [-114.09286765849643, 51.02850604475516], [-114.09286493826033, 51.02850765547359], [-114.09286205679422, 51.02850915055014], [-114.09285902643695, 51.0285105235827], [-114.09285586016502, 51.0285117686917], [-114.09285257153687, 51.02851288054539], [-114.09284917463495, 51.028513854382616], [-114.09284568400534, 51.02851468603327], [-114.09284211459548, 51.02851537193607], [-114.09283848169018, 51.02851590915388], [-114.09283480084609, 51.02851629538624], [-114.09283108782522, 51.02851652897924], [-114.09282735852732, 51.028516608932605], [-114.09282362892183, 51.02851653490396], [-114.09281991497957, 51.028516307210296], [-114.09281623260424, 51.02851592682665], [-114.09281259756435, 51.02851539538186], [-114.09280902542574, 51.028514715151694], [-114.09280553148488, 51.028513889048995], [-114.09280213070342, 51.028512920611256], [-114.09279883764404, 51.02851181398549], [-114.09279566640811, 51.02851057391046], [-114.0927926305754, 51.028509205696366], [-114.09278974314584, 51.02850771520211], [-114.09278701648381, 51.02850610881024], [-114.09278446226533, 51.02850439339959], [-114.09278209142795, 51.0285025763158], [-114.09277991412392, 51.02850066533992], [-114.09277793967684, 51.02849866865507], [-114.0927761765415, 51.02849659481135], [-114.09277463226796, 51.028494452689316], [-114.09277331346901, 51.028492251461834], [-114.09277222579189, 51.02849000055494], [-114.09277137389417, 51.02848770960734], [-114.0927707614238, 51.02848538842925], [-114.09277039100341, 51.02848304696032], [-114.09277026421918, 51.02848069522706]]]}}, {"type": "Feature", "properties": {"tag": "T1960"}, "geometry": {"type": "Polygon", "coordinates": [[[-114.09275611780708, 51.028499710809925], [-114.09275623520264, 51.02849735888286], [-114.09275659627458, 51.02849501683328], [-114.09275719947672, 51.02849269469023], [-114.092758042226, 51.02849040239748], [-114.09275912091358, 51.02848814977094], [-114.09276043092038, 51.02848594645672], [-114.09276196663669, 51.02848380188975], [-114.09276372148629, 51.02848172525337], [-114.09276568795468, 51.02847972544007], [-114.09276785762108, 51.02847781101332], [-114.09277022119466, 51.02847599017097], [-114.0927727685542, 51.02847427071018], [-114.09277548879153, 51.02847265999391], [-114.09277837025817, 51.028471164919466], [-114.09278140061525, 51.028469791888995], [-114.09278456688635, 51.02846854678199], [-114.09278785551298, 51.028467434930214], [-114.0927912524128, 51.028466461094766], [-114.09279474303976, 51.02846562944573], [-114.09279831244649, 51.02846494354437], [-114.0928019453483, 51.02846440632781], [-114.09280562618855, 51.028464020096486], [-114.09280933920535, 51.02846378650429], [-114.09281306849905, 51.0284637065515], [-114.09281679810027, 51.028463780580495], [-114.0928205120383, 51.028464008274256], [-114.09282419440957, 51.02846438865779], [-114.09282782944561, 51.02846492010221], [-114.09283140158067, 51.02846560033181], [-114.09283489551834, 51.02846642643376], [-114.09283829629707, 51.02846739487054], [-114.09284158935426, 51.0284685014952], [-114.09284476058853, 51.028469741569], [-114.09284779642019, 51.02847110978175], [-114.09285068384935, 51.028472600274576], [-114.0928534105116, 51.02847420666497], [-114.09285596473097, 51.02847592207412], [-114.09285833556989, 51.02847773915643], [-114.09286051287604, 51.02847965013084], [-114.09286248732589, 51.028481646814306], [-114.09286425046447, 51.028483720656716], [-114.09286579474178, 51.02848586277758], [-114.09286711354495, 51.02848806400402], [-114.09286820122662, 51.02849031491003], [-114.09286905312915, 51.028492605856904], [-114.09286966560454, 51.02849492703447], [-114.09287003603, 51.0284972685031], [-114.09287016281932, 51.028499620236225], [-114.09287004542954, 51.028501972163426], [-114.09286968436325, 51.02850431421334], [-114.09286908116658, 51.02850663635696], [-114.0928682384225, 51.028508928650524], [-114.09286715973971, 51.02851118127805], [-114.09286584973728, 51.02851338459344], [-114.0928643140248, 51.02851552916177], [-114.09286255917839, 51.02851760579964], [-114.09286059271258, 51.02851960561456], [-114.09285842304806, 51.02852152004302], [-114.09285605947564, 51.02852334088713], [-114.09285351211648, 51.02852506034974], [-114.09285079187879, 51.028526671067816], [-114.09284791041104, 51.02852816614403], [-114.09284488005211, 51.02852953917621], [-114.0928417137785, 51.028530784284825], [-114.09283842514867, 51.02853189613812], [-114.09283502824506, 51.028532869974924], [-114.09283153761378, 51.02853370162515], [-114.09282796820226, 51.02853438752752], [-114.09282433529528, 51.02853492474489], [-114.09282065444958, 51.0285353109768], [-114.09281694142712, 51.02853554456936], [-114.09281321212767, 51.02853562452227], [-114.09280948252068, 51.02853555049317], [-114.09280576857697, 51.02853532279905], [-114.09280208620024, 51.028534942414964], [-114.09279845115903, 51.02853441096975], [-114.09279487901915, 51.02853373073914], [-114.09279138507713, 51.028532904636016], [-114.09278798429457, 51.02853193619788], [-114.09278469123416, 51.02853082957173], [-114.09278151999733, 51.0285295894963], [-114.09277848416379, 51.02852822128185], [-114.09277559673349, 51.028526730787256], [-114.09277287007085, 51.02852512439506], [-114.09277031585182, 51.0285234089841], [-114.09276794501402, 51.028521591900024], [-114.09276576770971, 51.02851968092389], [-114.09276379326239, 51.028517684238814], [-114.09276203012699, 51.0285156103949], [-114.09276048585346, 51.02851346827267], [-114.09275916705464, 51.02851126704504], [-114.09275807937775, 51.02850901613802], [-114.09275722748038, 51.02850672519033], [-114.09275661501046, 51.028504404012175], [-114.09275624459065, 51.0285020625432], [-114.09275611780708, 51.028499710809925]]]}}, {"type": "Feature", "properties": {"tag": "T1967"}, "geometry": {"type": "Polygon", "coordinates": [[[-114.09270287641051, 51.02846570883225], [-114.09270299380869, 51.02846335690521], [-114.09270335488306, 51.02846101485579], [-114.09270395808741, 51.028458692712995], [-114.09270480083869, 51.02845640042061], [-114.09270587952808, 51.028454147794555], [-114.09270718953645, 51.02845194448092], [-114.09270872525408, 51.02844979991463], [-114.0927104801048, 51.02844772327905], [-114.09271244657404, 51.02844572346662], [-114.09271461624104, 51.028443809040844], [-114.09271697981498, 51.02844198819959], [-114.09271952717462, 51.02844026873993], [-114.09272224741181, 51.028438658024875], [-114.09272512887807, 51.02843716295174], [-114.09272815923453, 51.028435789922646], [-114.09273132550472, 51.02843454481708], [-114.09273461413022, 51.0284334329668], [-114.09273801102866, 51.028432459132894], [-114.09274150165403, 51.028431627485446], [-114.09274507105896, 51.02843094158571], [-114.0927487039587, 51.0284304043708], [-114.09275238479671, 51.02843001814115], [-114.09275609781108, 51.028429784550646], [-114.09275982710213, 51.02842970459956], [-114.09276355670053, 51.028429778630255], [-114.09276727063562, 51.02843000632572], [-114.09277095300375, 51.028430386710916], [-114.0927745880365, 51.028430918157014], [-114.09277816016818, 51.02843159838824], [-114.09278165410234, 51.028432424491776], [-114.0927850548775, 51.02843339293011], [-114.092788347931, 51.02843449955628], [-114.09279151916152, 51.02843573963153], [-114.0927945549894, 51.028437107845676], [-114.09279744241474, 51.02843859833983], [-114.09280016907316, 51.02844020473149], [-114.09280272328868, 51.028441920141816], [-114.09280509412378, 51.02844373722521], [-114.09280727142615, 51.02844564820064], [-114.09280924587226, 51.02844764488502], [-114.09281100900719, 51.02844971872824], [-114.09281255328092, 51.02845186084981], [-114.0928138720806, 51.028454062076875], [-114.09281495975888, 51.028456312983394], [-114.09281581165817, 51.02845860393067], [-114.09281642413045, 51.02846092510855], [-114.09281679455297, 51.02846326657734], [-114.09281692133949, 51.028465618310555], [-114.09281680394709, 51.028467970237706], [-114.09281644287837, 51.02847031228748], [-114.0928158396795, 51.028472634430834], [-114.0928149969334, 51.02847492672403], [-114.09281391824881, 51.02847717935107], [-114.09281260824481, 51.02847938266589], [-114.09281107253098, 51.028481527233524], [-114.0928093176835, 51.028483603870605], [-114.09280735121683, 51.02848560368464], [-114.0928051815517, 51.02848751811213], [-114.0928028179789, 51.02848933895517], [-114.09280027061965, 51.02849105841663], [-114.0927975503821, 51.02849266913347], [-114.09279466891473, 51.02849416420839], [-114.09279163855646, 51.028495537239195], [-114.09278847228373, 51.028496782346366], [-114.09278518365502, 51.028497894198175], [-114.0927817867528, 51.028498868033445], [-114.0927782961231, 51.02849969968207], [-114.09277472671339, 51.028500385582824], [-114.09277109380847, 51.02850092279854], [-114.09276741296502, 51.028501309028776], [-114.092763699945, 51.02850154261964], [-114.09275997064817, 51.02850162257086], [-114.092756241044, 51.02850154854004], [-114.09275252710327, 51.02850132084424], [-114.09274884472967, 51.028500940458464], [-114.09274520969173, 51.02850040901159], [-114.09274163755525, 51.02849972877935], [-114.09273814361673, 51.028498902674635], [-114.09273474283775, 51.02849793423495], [-114.09273144978103, 51.02849682760727], [-114.09272827854792, 51.0284955875304], [-114.09272524271817, 51.02849421931455], [-114.0927223552917, 51.028492728818634], [-114.09271962863288, 51.02849112242519], [-114.0927170744177, 51.02848940701304], [-114.09271470358371, 51.02848758992788], [-114.09271252628318, 51.02848567895074], [-114.09271055183962, 51.02848368226475], [-114.09270878870787, 51.028481608420016], [-114.09270724443793, 51.02847946629708], [-114.09270592564259, 51.02847726506882], [-114.09270483796908, 51.0284750141613], [-114.09270398607497, 51.028472723213206], [-114.09270337360816, 51.02847040203475], [-114.09270300319129, 51.02846806056559], [-114.09270287641051, 51.02846570883225]]]}}, {"type": "Feature", "properties": {"tag": "T1969"}, "geometry": {"type": "Polygon", "coordinates": [[[-114.09268875389627, 51.028718296343826], [-114.09268887129578, 51.02871594441691], [-114.0926892323728, 51.02871360236762], [-114.09268983558113, 51.028711280225004], [-114.09269067833766, 51.028708987932816], [-114.09269175703359, 51.02870673530699], [-114.09269306704972, 51.02870453199359], [-114.09269460277635, 51.02870238742759], [-114.09269635763722, 51.028700310792296], [-114.09269832411775, 51.0286983109802], [-114.09270049379711, 51.02869639655476], [-114.09270285738442, 51.02869457571384], [-114.09270540475843, 51.028692856254565], [-114.09270812501089, 51.0286912455399], [-114.09271100649323, 51.02868975046719], [-114.09271403686657, 51.02868837743849], [-114.09271720315435, 51.02868713233337], [-114.09272049179806, 51.02868602048351], [-114.09272388871527, 51.02868504665005], [-114.09272737935984, 51.02868421500304], [-114.09273094878435, 51.02868352910377], [-114.09273458170402, 51.028682991889305], [-114.09273826256215, 51.028682605660116], [-114.09274197559675, 51.02868237207005], [-114.09274570490813, 51.028682292119406], [-114.09274943452677, 51.02868236615054], [-114.09275314848195, 51.02868259384644], [-114.09275683087, 51.02868297423205], [-114.09276046592235, 51.02868350567855], [-114.09276403807323, 51.028684185910166], [-114.09276753202616, 51.02868501201408], [-114.09277093281949, 51.028685980452785], [-114.09277422589058, 51.0286870870793], [-114.09277739713797, 51.02868832715486], [-114.09278043298194, 51.028689695369316], [-114.09278332042253, 51.02869118586374], [-114.09278604709529, 51.02869279225564], [-114.09278860132419, 51.0286945076662], [-114.09279097217163, 51.0286963247498], [-114.09279314948529, 51.02869823572539], [-114.09279512394151, 51.02870023240992], [-114.09279688708543, 51.02870230625328], [-114.09279843136692, 51.02870444837493], [-114.0927997501731, 51.02870664960204], [-114.09280083785664, 51.028708900508605], [-114.09280168975987, 51.02871119145589], [-114.09280230223477, 51.028713512633715], [-114.09280267265862, 51.028715854102465], [-114.09280279944514, 51.028718205835595], [-114.09280268205138, 51.02872055776262], [-114.09280232098003, 51.02872289981225], [-114.09280171777718, 51.02872522195543], [-114.09280087502583, 51.02872751424843], [-114.09279979633472, 51.028729766875244], [-114.09279848632293, 51.028731970189824], [-114.09279695060013, 51.02873411475718], [-114.09279519574248, 51.02873619139397], [-114.09279322926453, 51.0287381912077], [-114.09279105958703, 51.02874010563484], [-114.09278869600087, 51.02874192647752], [-114.09278614862724, 51.02874364593859], [-114.09278342837443, 51.028745256655064], [-114.09278054689098, 51.02874675172956], [-114.09277751651581, 51.02874812475995], [-114.0927743502255, 51.0287493698667], [-114.0927710615786, 51.028750481718056], [-114.0927676646576, 51.02875145555289], [-114.09276417400869, 51.02875228720108], [-114.09276060457938, 51.02875297310137], [-114.09275697165455, 51.02875351031663], [-114.09275329079098, 51.02875389654642], [-114.09274957775071, 51.02875413013683], [-114.0927458484336, 51.02875421008762], [-114.09274211880918, 51.028754136056364], [-114.09273840484833, 51.02875390836013], [-114.09273472245481, 51.02875352797395], [-114.09273108739727, 51.02875299652665], [-114.09272751524159, 51.028752316294025], [-114.09272402128433, 51.02875149018893], [-114.09272062048716, 51.028750521748876], [-114.09271732741284, 51.02874941512087], [-114.09271415616287, 51.02874817504368], [-114.09271112031705, 51.02874680682754], [-114.09270823287531, 51.02874531633133], [-114.09270550620215, 51.028743709937636], [-114.0927029519736, 51.02874199452526], [-114.09270058112726, 51.0287401774399], [-114.09269840381546, 51.0287382664626], [-114.09269642936175, 51.02873626977646], [-114.09269466622104, 51.0287341959316], [-114.09269312194334, 51.02873205380857], [-114.09269180314149, 51.02872985258024], [-114.09269071546274, 51.0287276016727], [-114.09268986356466, 51.0287253107246], [-114.09268925109522, 51.02872298954618], [-114.09268888067703, 51.028720648077076], [-114.09268875389627, 51.028718296343826]]]}}, {"type": "Feature", "properties": {"tag": "T1970"}, "geometry": {"type": "Polygon", "coordinates": [[[-114.09263289778741, 51.02876009806771], [-114.09263301518985, 51.02875774614086], [-114.09263337627002, 51.02875540409176], [-114.09263397948166, 51.02875308194944], [-114.09263482224172, 51.02875078965767], [-114.09263590094133, 51.028748537032364], [-114.09263721096127, 51.028746333719624], [-114.09263874669186, 51.02874418915437], [-114.0926405015568, 51.02874211251992], [-114.09264246804149, 51.028740112708775], [-114.09264463772512, 51.02873819828438], [-114.09264700131675, 51.028736377444616], [-114.09264954869512, 51.02873465798657], [-114.09265226895195, 51.028733047273214], [-114.09265515043869, 51.02873155220187], [-114.0926581808164, 51.02873017917465], [-114.09266134710852, 51.02872893407103], [-114.09266463575652, 51.02872782222276], [-114.09266803267795, 51.028726848390924], [-114.09267152332667, 51.0287260167456], [-114.09267509275523, 51.028725330848026], [-114.09267872567881, 51.028724793635305], [-114.0926824065407, 51.028724407407864], [-114.09268611957894, 51.02872417381958], [-114.09268984889374, 51.02872409387072], [-114.09269357851568, 51.02872416790363], [-114.09269729247393, 51.02872439560128], [-114.09270097486483, 51.02872477598866], [-114.09270460991982, 51.02872530743689], [-114.0927081820731, 51.02872598767022], [-114.09271167602817, 51.0287268137758], [-114.09271507682341, 51.02872778221612], [-114.09271836989613, 51.02872888884419], [-114.09272154114488, 51.02873012892128], [-114.09272457698994, 51.02873149713715], [-114.09272746443133, 51.02873298763296], [-114.09273019110464, 51.02873459402614], [-114.09273274533378, 51.02873630943792], [-114.09273511618117, 51.02873812652262], [-114.09273729349448, 51.02874003749926], [-114.0927392679501, 51.0287420341847], [-114.0927410310931, 51.028744108028874], [-114.0927425753734, 51.02874625015127], [-114.09274389417814, 51.028748451379], [-114.09274498185995, 51.028750702286075], [-114.0927458337612, 51.02875299323373], [-114.09274644623387, 51.028755314411846], [-114.09274681665524, 51.02875765588076], [-114.09274694343905, 51.028760007613926], [-114.09274682604237, 51.028762359540885], [-114.09274646496786, 51.028764701590326], [-114.09274586176168, 51.02876702373321], [-114.09274501900683, 51.02876931602578], [-114.09274394031203, 51.028771568652076], [-114.09274263029643, 51.028773771966], [-114.09274109456966, 51.028775916532624], [-114.09273933970793, 51.028777993168546], [-114.09273737322583, 51.02877999298132], [-114.09273520354408, 51.02878190740743], [-114.0927328399536, 51.02878372824895], [-114.09273029257562, 51.028785447708806], [-114.09272757231842, 51.02878705842396], [-114.09272469083056, 51.02878855349707], [-114.09272166045103, 51.02878992652601], [-114.09271849415639, 51.02879117163125], [-114.09271520550519, 51.028792283481025], [-114.09271180857996, 51.02879325731424], [-114.0927083179269, 51.02879408896075], [-114.09270474849356, 51.02879477485933], [-114.09270111556482, 51.028795312072866], [-114.09269743469747, 51.02879569830089], [-114.09269372165357, 51.028795931889526], [-114.092689992333, 51.02879601183851], [-114.09268626270531, 51.0287959378055], [-114.09268254874141, 51.02879571010749], [-114.09267886634504, 51.02879532971954], [-114.09267523128486, 51.02879479827051], [-114.09267165912676, 51.0287941180362], [-114.09266816516734, 51.02879329192944], [-114.09266476436828, 51.028792323487764], [-114.09266147129235, 51.02879121685818], [-114.09265830004101, 51.02878997677949], [-114.0926552641941, 51.02878860856191], [-114.09265237675154, 51.028787118064336], [-114.09264965007786, 51.02878551166934], [-114.09264709584907, 51.02878379625576], [-114.09264472500278, 51.02878197916929], [-114.0926425476913, 51.02878006819094], [-114.09264057323823, 51.02877807150387], [-114.0926388100984, 51.028775997658194], [-114.0926372658219, 51.02877385553443], [-114.09263594702149, 51.02877165430552], [-114.09263485934447, 51.028769403397455], [-114.09263400744838, 51.02876711244896], [-114.09263339498118, 51.02876479127027], [-114.09263302456547, 51.028762449801], [-114.09263289778741, 51.02876009806771]]]}}, {"type": "Feature", "properties": {"tag": "T1971"}, "geometry": {"type": "Polygon", "coordinates": [[[-114.09279156206432, 51.02905897161156], [-114.09279167945948, 51.029056619684674], [-114.09279204053394, 51.029054277635225], [-114.09279264374152, 51.029051955492214], [-114.09279348649915, 51.02904966319941], [-114.09279456519798, 51.02904741057276], [-114.09279587521881, 51.02904520725835], [-114.09279741095193, 51.029043062691116], [-114.09279916582106, 51.029040986054405], [-114.09280113231154, 51.02903898624068], [-114.09280330200257, 51.02903707181342], [-114.09280566560315, 51.02903525097054], [-114.09280821299201, 51.02903353150912], [-114.09281093326084, 51.029031920792164], [-114.09281381476099, 51.02903042571697], [-114.09281684515346, 51.029029052685694], [-114.09282001146168, 51.02902780757783], [-114.09282330012704, 51.02902669572515], [-114.09282669706695, 51.029025721888736], [-114.09283018773529, 51.0290248902387], [-114.09283375718445, 51.02902420433631], [-114.09283739012953, 51.02902366711867], [-114.09284107101378, 51.02902328088624], [-114.09284478407508, 51.02902304729292], [-114.0928485134136, 51.02902296733899], [-114.09285224305975, 51.02902304136682], [-114.09285595704267, 51.02902326905941], [-114.09285963945854, 51.029023649441754], [-114.09286327453874, 51.029024180885], [-114.0928668467173, 51.029024861113434], [-114.09287034069766, 51.029025687214215], [-114.09287374151808, 51.02902665564987], [-114.09287703461577, 51.02902776227339], [-114.09288020588916, 51.02902900234609], [-114.0928832417584, 51.02903037055777], [-114.09288612922347, 51.02903186104956], [-114.0928888559198, 51.02903346743895], [-114.09289141017122, 51.02903518284715], [-114.09289378104009, 51.02903699992854], [-114.09289595837393, 51.02903891090211], [-114.09289793284908, 51.02904090758477], [-114.09289969601052, 51.029042981426436], [-114.09290124030808, 51.0290451235466], [-114.09290255912883, 51.029047324772414], [-114.09290364682533, 51.029049575677874], [-114.0929044987399, 51.029051866624265], [-114.09290511122447, 51.029054187801414], [-114.09290548165622, 51.029056529269695], [-114.0929056084489, 51.029058881002584], [-114.09290549105951, 51.029061232929564], [-114.09290512999071, 51.029063574979375], [-114.0929045267886, 51.029065897122955], [-114.09290368403616, 51.02906818941655], [-114.09290260534213, 51.02907044204421], [-114.09290129532566, 51.0290726453598], [-114.09289975959635, 51.02907478992839], [-114.09289800473046, 51.029076866566605], [-114.09289603824254, 51.02907886638194], [-114.09289386855339, 51.02908078081089], [-114.09289150495395, 51.029082601655546], [-114.09288895756549, 51.029084321118766], [-114.09288623729631, 51.029085931837535], [-114.09288335579505, 51.0290874269145], [-114.09288032540073, 51.02908879994748], [-114.09287715908998, 51.02909004505697], [-114.09287387042143, 51.02909115691116], [-114.09287047347772, 51.02909213074893], [-114.09286698280508, 51.02909296240015], [-114.09286341335113, 51.02909364830355], [-114.09285978040086, 51.029094185522005], [-114.09285609951115, 51.029094571755024], [-114.09285238644419, 51.0290948053487], [-114.09284865709992, 51.02909488530276], [-114.092844927448, 51.029094811274824], [-114.09284121345944, 51.02909458358189], [-114.09283753103809, 51.029094203198966], [-114.09283389595271, 51.029093671754914], [-114.09283032376933, 51.029092991525495], [-114.09282682978463, 51.02909216542353], [-114.09282342896037, 51.029091196986535], [-114.09282013585947, 51.0290900903615], [-114.09281696458352, 51.0290888502872], [-114.09281392871239, 51.02908748207381], [-114.09281104124618, 51.02908599158026], [-114.09280831454946, 51.02908438518906], [-114.09280576029838, 51.029082669779044], [-114.09280338943063, 51.029080852695884], [-114.09280121209862, 51.02907894172061], [-114.092799237626, 51.02907694503634], [-114.09279747446776, 51.029074871193174], [-114.09279593017399, 51.029072729071636], [-114.09279461135758, 51.029070527844624], [-114.09279352366585, 51.02906827693815], [-114.09279267175644, 51.029065985990954], [-114.09279205927734, 51.02906366481321], [-114.09279168885125, 51.029061323344564], [-114.09279156206432, 51.02905897161156]]]}}, {"type": "Feature", "properties": {"tag": "T1972"}, "geometry": {"type": "Polygon", "coordinates": [[[-114.09285254913729, 51.02914492820247], [-114.09285266652957, 51.029142576275554], [-114.09285302760162, 51.02914023422594], [-114.09285363080726, 51.029137912082646], [-114.09285447356343, 51.029135619789436], [-114.0928555522613, 51.02913336716227], [-114.09285686228166, 51.02913116384721], [-114.0928583980148, 51.02912901927919], [-114.09286015288443, 51.02912694264159], [-114.09286211937592, 51.02912494282687], [-114.09286428906844, 51.02912302839852], [-114.09286665267102, 51.029121207554425], [-114.09286920006232, 51.02911948809171], [-114.09287192033403, 51.02911787737334], [-114.09287480183755, 51.029116382296664], [-114.09287783223384, 51.02911500926382], [-114.09288099854628, 51.02911376415434], [-114.09288428721625, 51.02911265229994], [-114.09288768416118, 51.02911167846176], [-114.09289117483486, 51.02911084680993], [-114.09289474428971, 51.029110160905674], [-114.09289837724081, 51.029109623686146], [-114.09290205813136, 51.029109237451806], [-114.09290577119923, 51.029109003856554], [-114.09290950054454, 51.029108923900665], [-114.09291323019768, 51.02910899792655], [-114.09291694418776, 51.029109225617184], [-114.09292062661095, 51.0291096059976], [-114.09292426169854, 51.02911013743894], [-114.09292783388462, 51.0291108176655], [-114.09293132787252, 51.02911164376442], [-114.09293472870051, 51.02911261219828], [-114.09293802180572, 51.02911371882008], [-114.09294119308662, 51.029114958891086], [-114.09294422896329, 51.02911632710116], [-114.09294711643564, 51.02911781759142], [-114.09294984313911, 51.029119423979374], [-114.09295239739753, 51.02912113938621], [-114.09295476827316, 51.02912295646633], [-114.09295694561355, 51.02912486743874], [-114.09295892009497, 51.02912686412033], [-114.09296068326239, 51.029128937961026], [-114.09296222756564, 51.029131080080376], [-114.09296354639172, 51.029133281305455], [-114.09296463409319, 51.02913553221031], [-114.09296548601235, 51.029137823156226], [-114.09296609850108, 51.02914014433302], [-114.09296646893661, 51.02914248580107], [-114.0929665957326, 51.02914483753384], [-114.0929664783461, 51.029147189460865], [-114.09296611727972, 51.02914953151082], [-114.09296551407954, 51.02915185365468], [-114.09296467132855, 51.029154145948674], [-114.0929635926355, 51.02915639857685], [-114.0929622826195, 51.0291586018931], [-114.09296074689018, 51.02916074646246], [-114.09295899202377, 51.029162823101565], [-114.09295702553484, 51.0291648229179], [-114.0929548558442, 51.029166737347964], [-114.09295249224276, 51.02916855819382], [-114.09294994485185, 51.029170277658345], [-114.09294722457979, 51.02917188837852], [-114.09294434307515, 51.02917338345695], [-114.09294131267703, 51.02917475649151], [-114.09293814636206, 51.02917600160262], [-114.0929348576889, 51.029177113458516], [-114.09293146074017, 51.02917808729804], [-114.09292797006218, 51.02917891895109], [-114.09292440060253, 51.029179604856346], [-114.09292076764626, 51.029180142076676], [-114.09291708675026, 51.029180528311606], [-114.09291337367674, 51.029180761907234], [-114.09290964432567, 51.029180841863244], [-114.09290591466677, 51.029180767837246], [-114.09290220067102, 51.02918054014625], [-114.09289851824236, 51.02918015976527], [-114.09289488314957, 51.029179628323135], [-114.09289131095869, 51.0291789480956], [-114.09288781696642, 51.029178121995464], [-114.09288441613464, 51.02917715356027], [-114.09288112302619, 51.02917604693697], [-114.09287795174274, 51.02917480686434], [-114.0928749158642, 51.02917343865256], [-114.09287202839069, 51.029171948160545], [-114.09286930168682, 51.029170341770794], [-114.09286674742876, 51.02916862636215], [-114.09286437655423, 51.02916680928026], [-114.09286219921567, 51.029164898306156], [-114.09286022473678, 51.02916290162293], [-114.09285846157256, 51.02916082778072], [-114.09285691727312, 51.02915868566002], [-114.09285559845137, 51.029156484433734], [-114.09285451075466, 51.029154233527855], [-114.0928536588407, 51.029151942581144], [-114.0928530463574, 51.02914962140377], [-114.09285267592755, 51.02914727993535], [-114.09285254913729, 51.02914492820247]]]}}, {"type": "Feature", "properties": {"tag": "T1973"}, "geometry": {"type": "Polygon", "coordinates": [[[-114.0925662182387, 51.02887184867141], [-114.09256633564479, 51.02886949674467], [-114.09256669672918, 51.028867154695824], [-114.0925672999456, 51.02886483255389], [-114.09256814271096, 51.02886254026264], [-114.09256922141638, 51.028860287638004], [-114.09257053144265, 51.02885808432603], [-114.09257206717999, 51.02885593976169], [-114.09257382205213, 51.02885386312829], [-114.09257578854441, 51.0288518633183], [-114.09257795823599, 51.02884994889517], [-114.09258032183591, 51.02884812805678], [-114.09258286922287, 51.02884640860022], [-114.09258558948855, 51.02884479788844], [-114.09258847098438, 51.028843302818764], [-114.09259150137133, 51.02884192979329], [-114.09259466767286, 51.0288406846915], [-114.09259795633037, 51.02883957284513], [-114.09260135326136, 51.02883859901524], [-114.09260484391966, 51.02883776737191], [-114.09260841335778, 51.02883708147639], [-114.09261204629087, 51.02883654426574], [-114.09261572716217, 51.02883615804041], [-114.09261944020967, 51.028835924454256], [-114.09262316953357, 51.028835844507505], [-114.09262689916436, 51.02883591854254], [-114.09263061313123, 51.02883614624232], [-114.09263429553043, 51.02883652663178], [-114.09263793059341, 51.028837058082054], [-114.0926415027543, 51.02883773831741], [-114.0926449967166, 51.02883856442496], [-114.09264839751864, 51.0288395328672], [-114.09265169059768, 51.02884063949714], [-114.09265486185231, 51.02884187957599], [-114.0926578977027, 51.02884324779358], [-114.09266078514891, 51.028844738291], [-114.09266351182646, 51.02884634468572], [-114.0926660660593, 51.0288480600989], [-114.09266843690979, 51.02884987718493], [-114.0926706142256, 51.02885178816277], [-114.09267258868312, 51.0288537848493], [-114.09267435182738, 51.02885585869445], [-114.09267589610832, 51.02885800081768], [-114.09267721491308, 51.02886020204611], [-114.0926783025943, 51.028862452953746], [-114.0926791544943, 51.02886474390186], [-114.09267976696513, 51.02886706508028], [-114.09268013738404, 51.028869406549354], [-114.09268026416478, 51.02887175828256], [-114.09268014676447, 51.02887411020941], [-114.09267978568575, 51.0288764522586], [-114.0926791824748, 51.02887877440109], [-114.09267833971461, 51.02888106669314], [-114.09267726101399, 51.02888331931878], [-114.09267595099207, 51.028885522631924], [-114.09267441525856, 51.02888766719764], [-114.09267266038964, 51.02888974383253], [-114.09267069389993, 51.02889174364414], [-114.09266852421023, 51.02889365806897], [-114.09266616061144, 51.02889547890913], [-114.09266361322489, 51.02889719836749], [-114.09266089295885, 51.02889880908106], [-114.09265801146192, 51.028900304152515], [-114.09265498107312, 51.0289016771797], [-114.09265181476907, 51.0289029222831], [-114.09264852610836, 51.02890403413099], [-114.09264512917359, 51.028905007962244], [-114.09264163851094, 51.02890583960675], [-114.09263806906803, 51.02890652550329], [-114.09263443612979, 51.028907062714744], [-114.09263075525303, 51.028907448940664], [-114.09262704219987, 51.02890768252719], [-114.09262331287022, 51.028907762474056], [-114.09261958323366, 51.028907688438906], [-114.09261586926112, 51.02890746073879], [-114.09261218685646, 51.02890708034875], [-114.09260855178829, 51.02890654889768], [-114.09260497962259, 51.028905868661326], [-114.09260148565593, 51.02890504255259], [-114.09259808485008, 51.028904074109], [-114.09259479176781, 51.028902967477585], [-114.09259162051063, 51.02890172739711], [-114.09258858465836, 51.02890035917781], [-114.092585697211, 51.028898868678624], [-114.09258297053306, 51.02889726228211], [-114.09258041630059, 51.028895546867126], [-114.09257804545119, 51.02889372977932], [-114.09257586813722, 51.02889181879977], [-114.09257389368224, 51.02888982211162], [-114.09257213054117, 51.028887748264964], [-114.092570586264, 51.02888560614036], [-114.09256926746357, 51.028883404910744], [-114.09256817978715, 51.028881154002086], [-114.0925673278923, 51.028878863053166], [-114.09256671542694, 51.028876541874155], [-114.0925663450137, 51.02887420040472], [-114.0925662182387, 51.02887184867141]]]}}, {"type": "Feature", "properties": {"tag": "T1976"}, "geometry": {"type": "Polygon", "coordinates": [[[-114.09290150035788, 51.02865118965988], [-114.09290161774646, 51.02864883773274], [-114.09290197881225, 51.02864649568277], [-114.09290258200906, 51.028644173539035], [-114.09290342475391, 51.028641881245285], [-114.09290450343796, 51.028639628617476], [-114.09290581344213, 51.02863742530169], [-114.0929073491567, 51.028635280732864], [-114.09290910400554, 51.02863320409436], [-114.09291107047407, 51.02863120427865], [-114.09291324014154, 51.02862928984925], [-114.0929156037171, 51.02862746900402], [-114.09291815107956, 51.0286257495401], [-114.0929208713207, 51.028624138820476], [-114.09292375279206, 51.02862264374249], [-114.09292678315472, 51.02862127070828], [-114.09292994943222, 51.02862002559737], [-114.09293323806608, 51.02861891374153], [-114.09293663497391, 51.028617939901864], [-114.09294012560964, 51.02861710824852], [-114.09294369502587, 51.028616422342736], [-114.09294732793781, 51.02861588512165], [-114.09295100878883, 51.028615498885756], [-114.09295472181702, 51.02861526528895], [-114.09295845112261, 51.02861518533152], [-114.09296218073621, 51.02861525935587], [-114.09296589468707, 51.02861548704499], [-114.09296957707151, 51.028615867423916], [-114.09297321212105, 51.0286163988638], [-114.09297678426988, 51.028617079088924], [-114.09298027822152, 51.028617905186486], [-114.09298367901438, 51.028618873619024], [-114.09298697208575, 51.02861998023955], [-114.09299014333425, 51.02862122030936], [-114.09299317918008, 51.02862258851829], [-114.09299606662331, 51.028624079007486], [-114.09299879329949, 51.02862568539443], [-114.09300134753254, 51.02862740080036], [-114.09300371838486, 51.028629217879654], [-114.09300589570411, 51.02863112885131], [-114.09300787016663, 51.02863312553227], [-114.09300963331748, 51.02863519937242], [-114.09301117760653, 51.02863734149129], [-114.09301249642088, 51.02863954271602], [-114.09301358411315, 51.02864179362062], [-114.09301443602563, 51.02864408456637], [-114.09301504851028, 51.02864640574311], [-114.09301541894429, 51.028648747211214], [-114.0930155457414, 51.02865109894413], [-114.09301542835858, 51.02865345087138], [-114.09301506729845, 51.028655792921704], [-114.09301446410711, 51.028658115066], [-114.09301362136746, 51.028660407360555], [-114.09301254268821, 51.028662659989365], [-114.0930112326884, 51.02866486330633], [-114.09300969697763, 51.02866700787651], [-114.09300794213202, 51.028669084516515], [-114.09300597566607, 51.02867108433382], [-114.09300380600047, 51.02867299876494], [-114.09300144242606, 51.02867481961193], [-114.092998895064, 51.02867653907766], [-114.09299617482249, 51.02867814979909], [-114.09299329335003, 51.02867964487885], [-114.09299026298554, 51.028681017914764], [-114.0929870967055, 51.02868226302729], [-114.09298380806844, 51.02868337488464], [-114.09298041115682, 51.02868434872566], [-114.09297692051678, 51.02868518038021], [-114.09297335109576, 51.028685866287006], [-114.09296971817865, 51.02868640350889], [-114.09296603732216, 51.02868678974537], [-114.09296232428832, 51.028687023342556], [-114.09295859497696, 51.02868710330011], [-114.09295486535761, 51.02868702927566], [-114.09295115140108, 51.028686801586176], [-114.09294746901118, 51.02868642120668], [-114.09294383395645, 51.028685889765995], [-114.09294026180281, 51.02868520953987], [-114.09293676784682, 51.02868438344112], [-114.09293336705014, 51.028683415007244], [-114.09293007397554, 51.02868230838523], [-114.09292690272449, 51.028681068313794], [-114.09292386687677, 51.02867970010316], [-114.09292097943239, 51.0286782096122], [-114.09291825275584, 51.02867660322344], [-114.09291569852313, 51.0286748878157], [-114.09291332767191, 51.02867307073465], [-114.0929111503545, 51.02867115976128], [-114.0929091758945, 51.02866916307871], [-114.09290741274687, 51.028667089237054], [-114.0929058684616, 51.0286649471168], [-114.09290454965158, 51.028662745890884], [-114.0929034619641, 51.028660494985274], [-114.09290261005677, 51.0286582040387], [-114.09290199757758, 51.028655882861386], [-114.09290162714923, 51.02865354139293], [-114.09290150035788, 51.02865118965988]]]}}, {"type": "Feature", "properties": {"tag": "T1980"}, "geometry": {"type": "Polygon", "coordinates": [[[-114.09273393444715, 51.02846320301743], [-114.09273405184375, 51.028460851090365], [-114.09273441291653, 51.028458509040846], [-114.09273501611929, 51.028456186897884], [-114.092735858869, 51.02845389460527], [-114.09273693755684, 51.02845164197893], [-114.09273824756366, 51.02844943866496], [-114.09273978327977, 51.02844729409826], [-114.092741538129, 51.028445217462206], [-114.0927435045968, 51.028443217649254], [-114.0927456742624, 51.028441303222884], [-114.092748037835, 51.028439482380996], [-114.09275058519336, 51.02843776292068], [-114.09275330542933, 51.028436152204904], [-114.09275618689443, 51.028434657130994], [-114.09275921724979, 51.02843328410109], [-114.09276238351899, 51.028432038994694], [-114.09276567214357, 51.02843092714353], [-114.09276906904118, 51.028429953308724], [-114.0927725596658, 51.028429121660345], [-114.09277612907006, 51.02842843575967], [-114.09277976196927, 51.02842789854379], [-114.0927834428068, 51.02842751231317], [-114.09278715582082, 51.02842727872168], [-114.09279088511161, 51.02842719876959], [-114.09279461470987, 51.0284272727993], [-114.09279832864489, 51.02842750049377], [-114.09280201101308, 51.028427880878], [-114.092805646046, 51.02842841232312], [-114.09280921817792, 51.0284290925534], [-114.09281271211246, 51.02842991865601], [-114.09281611288807, 51.02843088709344], [-114.09281940594214, 51.02843199371874], [-114.09282257717332, 51.02843323379315], [-114.09282561300195, 51.02843460200649], [-114.09282850042811, 51.02843609249989], [-114.09283122708747, 51.028437698890805], [-114.09283378130401, 51.028439414300465], [-114.0928361521402, 51.02844123138322], [-114.09283832944372, 51.02844314235808], [-114.09284030389105, 51.02844513904192], [-114.09284206702728, 51.02844721288468], [-114.09284361130236, 51.028449355005854], [-114.09284493010342, 51.02845155623255], [-114.09284601778316, 51.02845380713878], [-114.09284686968394, 51.02845609808584], [-114.09284748215772, 51.028458419263536], [-114.0928478525818, 51.028460760732244], [-114.09284797936988, 51.02846311246543], [-114.09284786197904, 51.02846546439261], [-114.09284750091193, 51.028467806442464], [-114.09284689771464, 51.028470128585994], [-114.09284605497011, 51.02847242087939], [-114.0928449762871, 51.028474673506736], [-114.09284366628462, 51.02847687682191], [-114.09284213057232, 51.028479021389956], [-114.09284037572631, 51.028481098027505], [-114.09283840926109, 51.02848309784207], [-114.09283623959735, 51.02848501227014], [-114.0928338760259, 51.028486833113796], [-114.09283132866796, 51.028488552575915], [-114.09282860843162, 51.028490163293505], [-114.09282572696542, 51.02849165836917], [-114.09282269660821, 51.028493031400785], [-114.09281953033648, 51.0284942765088], [-114.0928162417087, 51.02849538836148], [-114.09281284480731, 51.02849636219765], [-114.09280935417836, 51.02849719384721], [-114.09280578476931, 51.0284978797489], [-114.09280215186493, 51.02849841696559], [-114.09279847102194, 51.0284988031968], [-114.09279475800228, 51.02849903678865], [-114.0927910287057, 51.02849911674087], [-114.0927872991017, 51.02849904271105], [-114.09278358516102, 51.02849881501622], [-114.09277990278736, 51.02849843463142], [-114.09277626774924, 51.02849790318552], [-114.09277269561252, 51.028497222954236], [-114.09276920167363, 51.02849639685045], [-114.0927658008942, 51.028495428411645], [-114.09276250783691, 51.028494321784855], [-114.09275933660315, 51.02849308170883], [-114.09275630077266, 51.028491713493786], [-114.09275341334533, 51.028490222998634], [-114.09275068668559, 51.028488616605905], [-114.09274813246942, 51.02848690119445], [-114.09274576163435, 51.02848508410992], [-114.09274358433264, 51.02848317313335], [-114.09274160988784, 51.02848117644788], [-114.09273984675481, 51.028479102603626], [-114.09273830248353, 51.028476960481086], [-114.09273698368678, 51.02847475925319], [-114.09273589601182, 51.028472508345935], [-114.09273504411622, 51.02847021739808], [-114.0927344316479, 51.02846789621979], [-114.09273406122949, 51.02846555475073], [-114.09273393444715, 51.02846320301743]]]}}], "crs": {"type": "name", "properties": {"name": "urn:ogc:def:crs:EPSG::4617"}}}