{"type": "FeatureCollection", "features": [{"type": "Feature", "properties": {"P": 1000, "D": "CP CP1", "code": "CP", "Z": 1085.427, "flagged": false, "seeded": ""}, "geometry": {"type": "Point", "coordinates": [-114.09234224382105, 51.02922232982936]}}, {"type": "Feature", "properties": {"P": 1001, "D": "CP CP2", "code": "CP", "Z": 1081.158, "flagged": false, "seeded": ""}, "geometry": {"type": "Point", "coordinates": [-114.09136271864229, 51.02824120214003]}}, {"type": "Feature", "properties": {"P": 1002, "D": "CP CP3", "code": "CP", "Z": 1085.639, "flagged": false, "seeded": ""}, "geometry": {"type": "Point", "coordinates": [-114.09299293203703, 51.0282999229511]}}, {"type": "Feature", "properties": {"P": 1003, "D": "BM BM1", "code": "BM", "Z": 1085.236, "flagged": false, "seeded": ""}, "geometry": {"type": "Point", "coordinates": [-114.09229952983988, 51.0292493328507]}}, {"type": "Feature", "properties": {"P": 1004, "D": "LIP1 B", "code": "LIP", "Z": 1087.634, "flagged": false, "seeded": ""}, "geometry": {"type": "Point", "coordinates": [-114.09338471181417, 51.0293182582455]}}, {"type": "Feature", "properties": {"P": 1005, "D": "LIP1", "code": "LIP", "Z": 1087.598, "flagged": false, "seeded": ""}, "geometry": {"type": "Point", "coordinates": [-114.09332045166946, 51.02930677571544]}}, {"type": "Feature", "properties": {"P": 1006, "D": "LIP1", "code": "LIP", "Z": 1087.575, "flagged": false, "seeded": ""}, "geometry": {"type": "Point", "coordinates": [-114.09330484754905, 51.029302706823984]}}, {"type": "Feature", "properties": {"P": 1007, "D": "LIP1", "code": "LIP", "Z": 1087.566, "flagged": false, "seeded": ""}, "geometry": {"type": "Point", "coordinates": [-114.09328360563134, 51.02929528925048]}}, {"type": "Feature", "properties": {"P": 1008, "D": "LIP1", "code": "LIP", "Z": 1087.553, "flagged": false, "seeded": ""}, "geometry": {"type": "Point", "coordinates": [-114.09327440128459, 51.029290657881305]}}, {"type": "Feature", "properties": {"P": 1009, "D": "LIP1", "code": "LIP", "Z": 1087.557, "flagged": false, "seeded": ""}, "geometry": {"type": "Point", "coordinates": [-114.09326881655882, 51.02928534040097]}}, {"type": "Feature", "properties": {"P": 1010, "D": "LIP1", "code": "LIP", "Z": 1087.555, "flagged": false, "seeded": ""}, "geometry": {"type": "Point", "coordinates": [-114.09326205275042, 51.02927498959602]}}, {"type": "Feature", "properties": {"P": 1011, "D": "LIP1", "code": "LIP", "Z": 1087.537, "flagged": false, "seeded": ""}, "geometry": {"type": "Point", "coordinates": [-114.09325838199783, 51.02926440258871]}}, {"type": "Feature", "properties": {"P": 1012, "D": "LIP1", "code": "LIP", "Z": 1087.534, "flagged": false, "seeded": ""}, "geometry": {"type": "Point", "coordinates": [-114.0932573904642, 51.02925337294511]}}, {"type": "Feature", "properties": {"P": 1013, "D": "LIP1", "code": "LIP", "Z": 1087.509, "flagged": false, "seeded": ""}, "geometry": {"type": "Point", "coordinates": [-114.09325832440945, 51.029242809232436]}}, {"type": "Feature", "properties": {"P": 1014, "D": "LIP1", "code": "LIP", "Z": 1087.477, "flagged": false, "seeded": ""}, "geometry": {"type": "Point", "coordinates": [-114.0932618435199, 51.02922755979204]}}, {"type": "Feature", "properties": {"P": 1015, "D": "LIP1", "code": "LIP", "Z": 1087.378, "flagged": false, "seeded": ""}, "geometry": {"type": "Point", "coordinates": [-114.09327197374381, 51.029167895663036]}}, {"type": "Feature", "properties": {"P": 1016, "D": "LIP1", "code": "LIP", "Z": 1087.266, "flagged": false, "seeded": ""}, "geometry": {"type": "Point", "coordinates": [-114.09328201846107, 51.02910825857007]}}, {"type": "Feature", "properties": {"P": 1017, "D": "LIP1", "code": "LIP", "Z": 1087.109, "flagged": false, "seeded": ""}, "geometry": {"type": "Point", "coordinates": [-114.09329015067452, 51.029047526251624]}}, {"type": "Feature", "properties": {"P": 1018, "D": "LIP1", "code": "LIP", "Z": 1087.024, "flagged": false, "seeded": ""}, "geometry": {"type": "Point", "coordinates": [-114.09329288005635, 51.02900106499408]}}, {"type": "Feature", "properties": {"P": 1019, "D": "LIP1", "code": "LIP", "Z": 1086.987, "flagged": false, "seeded": ""}, "geometry": {"type": "Point", "coordinates": [-114.09329562359832, 51.028954558775965]}}, {"type": "Feature", "properties": {"P": 1020, "D": "LIP1", "code": "LIP", "Z": 1086.86, "flagged": false, "seeded": ""}, "geometry": {"type": "Point", "coordinates": [-114.09329524970921, 51.0289103384452]}}, {"type": "Feature", "properties": {"P": 1021, "D": "LIP1", "code": "LIP", "Z": 1086.735, "flagged": false, "seeded": ""}, "geometry": {"type": "Point", "coordinates": [-114.09329253474066, 51.028871657675175]}}, {"type": "Feature", "properties": {"P": 1022, "D": "LIP1", "code": "LIP", "Z": 1086.64, "flagged": false, "seeded": ""}, "geometry": {"type": "Point", "coordinates": [-114.09328630831986, 51.02881651046733]}}, {"type": "Feature", "properties": {"P": 1023, "D": "LIP1", "code": "LIP", "Z": 1086.537, "flagged": false, "seeded": ""}, "geometry": {"type": "Point", "coordinates": [-114.09328026241862, 51.02877316666969]}}, {"type": "Feature", "properties": {"P": 1024, "D": "LIP1", "code": "LIP", "Z": 1086.417, "flagged": false, "seeded": ""}, "geometry": {"type": "Point", "coordinates": [-114.09327119751669, 51.028724314557905]}}, {"type": "Feature", "properties": {"P": 1025, "D": "LIP1", "code": "LIP", "Z": 1086.321, "flagged": false, "seeded": ""}, "geometry": {"type": "Point", "coordinates": [-114.0932572062162, 51.02867137603538]}}, {"type": "Feature", "properties": {"P": 1026, "D": "LIP1", "code": "LIP", "Z": 1086.197, "flagged": false, "seeded": ""}, "geometry": {"type": "Point", "coordinates": [-114.09324166211972, 51.02862606206648]}}, {"type": "Feature", "properties": {"P": 1027, "D": "LIP1", "code": "LIP", "Z": 1086.117, "flagged": false, "seeded": ""}, "geometry": {"type": "Point", "coordinates": [-114.09322442204589, 51.02858095621257]}}, {"type": "Feature", "properties": {"P": 1028, "D": "LIP1", "code": "LIP", "Z": 1086.031, "flagged": false, "seeded": ""}, "geometry": {"type": "Point", "coordinates": [-114.09320852150076, 51.02854269049519]}}, {"type": "Feature", "properties": {"P": 1029, "D": "LIP1", "code": "LIP", "Z": 1085.989, "flagged": false, "seeded": ""}, "geometry": {"type": "Point", "coordinates": [-114.09319241383542, 51.02850776014178]}}, {"type": "Feature", "properties": {"P": 1030, "D": "LIP1", "code": "LIP", "Z": 1085.847, "flagged": false, "seeded": ""}, "geometry": {"type": "Point", "coordinates": [-114.09316979928829, 51.02846255967723]}}, {"type": "Feature", "properties": {"P": 1031, "D": "LIP1", "code": "LIP", "Z": 1085.795, "flagged": false, "seeded": ""}, "geometry": {"type": "Point", "coordinates": [-114.09314752316865, 51.02842259996875]}}, {"type": "Feature", "properties": {"P": 1032, "D": "LIP1", "code": "LIP", "Z": 1085.699, "flagged": false, "seeded": ""}, "geometry": {"type": "Point", "coordinates": [-114.09312853010047, 51.02839186113413]}}, {"type": "Feature", "properties": {"P": 1033, "D": "LIP1", "code": "LIP", "Z": 1085.684, "flagged": false, "seeded": ""}, "geometry": {"type": "Point", "coordinates": [-114.09310268023971, 51.02835407079683]}}, {"type": "Feature", "properties": {"P": 1034, "D": "LIP1", "code": "LIP", "Z": 1085.572, "flagged": false, "seeded": ""}, "geometry": {"type": "Point", "coordinates": [-114.09304662366307, 51.028281100604]}}, {"type": "Feature", "properties": {"P": 1035, "D": "LIP1", "code": "LIP", "Z": 1085.425, "flagged": false, "seeded": ""}, "geometry": {"type": "Point", "coordinates": [-114.09301765828117, 51.028246468133844]}}, {"type": "Feature", "properties": {"P": 1036, "D": "LIP1", "code": "LIP", "Z": 1085.363, "flagged": false, "seeded": ""}, "geometry": {"type": "Point", "coordinates": [-114.09298732532814, 51.02821229522227]}}, {"type": "Feature", "properties": {"P": 1037, "D": "LIP1", "code": "LIP", "Z": 1085.221, "flagged": false, "seeded": ""}, "geometry": {"type": "Point", "coordinates": [-114.0929267984431, 51.02814924423372]}}, {"type": "Feature", "properties": {"P": 1038, "D": "LIP1", "code": "LIP", "Z": 1085.134, "flagged": false, "seeded": ""}, "geometry": {"type": "Point", "coordinates": [-114.0928868778692, 51.0281110515059]}}, {"type": "Feature", "properties": {"P": 1039, "D": "LIP1", "code": "LIP", "Z": 1085.047, "flagged": false, "seeded": ""}, "geometry": {"type": "Point", "coordinates": [-114.09285223109148, 51.02807958790531]}}, {"type": "Feature", "properties": {"P": 1040, "D": "LIP1", "code": "LIP", "Z": 1084.86, "flagged": false, "seeded": ""}, "geometry": {"type": "Point", "coordinates": [-114.0927857728072, 51.028022942265]}}, {"type": "Feature", "properties": {"P": 1041, "D": "LIP1", "code": "LIP", "Z": 1084.807, "flagged": false, "seeded": ""}, "geometry": {"type": "Point", "coordinates": [-114.09276186396974, 51.0280003340159]}}, {"type": "Feature", "properties": {"P": 1042, "D": "LIP1", "code": "LIP", "Z": 1084.756, "flagged": false, "seeded": ""}, "geometry": {"type": "Point", "coordinates": [-114.09274787485786, 51.02799095081837]}}, {"type": "Feature", "properties": {"P": 1043, "D": "LIP1", "code": "LIP", "Z": 1084.726, "flagged": false, "seeded": ""}, "geometry": {"type": "Point", "coordinates": [-114.09273916000556, 51.0279814285874]}}, {"type": "Feature", "properties": {"P": 1044, "D": "LIP1", "code": "LIP", "Z": 1084.689, "flagged": false, "seeded": ""}, "geometry": {"type": "Point", "coordinates": [-114.09273395526587, 51.02797353970705]}}, {"type": "Feature", "properties": {"P": 1045, "D": "LIP1", "code": "LIP", "Z": 1084.624, "flagged": false, "seeded": ""}, "geometry": {"type": "Point", "coordinates": [-114.09272680677662, 51.02795599736499]}}, {"type": "Feature", "properties": {"P": 1046, "D": "LIP1", "code": "LIP", "Z": 1084.497, "flagged": false, "seeded": ""}, "geometry": {"type": "Point", "coordinates": [-114.09271995553796, 51.027930247134364]}}, {"type": "Feature", "properties": {"P": 1047, "D": "LIP1", "code": "LIP", "Z": 1084.406, "flagged": false, "seeded": ""}, "geometry": {"type": "Point", "coordinates": [-114.09272020170656, 51.02790358330643]}}, {"type": "Feature", "properties": {"P": 1048, "D": "LIP1", "code": "LIP", "Z": 1084.362, "flagged": false, "seeded": ""}, "geometry": {"type": "Point", "coordinates": [-114.09272225957743, 51.02789184104515]}}, {"type": "Feature", "properties": {"P": 1049, "D": "LIP1", "code": "LIP", "Z": 1084.193, "flagged": false, "seeded": ""}, "geometry": {"type": "Point", "coordinates": [-114.09273618037558, 51.02785986240717]}}, {"type": "Feature", "properties": {"P": 1050, "D": "LIP1", "code": "LIP", "Z": 1084.173, "flagged": false, "seeded": ""}, "geometry": {"type": "Point", "coordinates": [-114.09273973248315, 51.02785397129453]}}, {"type": "Feature", "properties": {"P": 1051, "D": "LIP1", "code": "LIP", "Z": 1084.092, "flagged": false, "seeded": ""}, "geometry": {"type": "Point", "coordinates": [-114.09275119496233, 51.02784023483174]}}, {"type": "Feature", "properties": {"P": 1052, "D": "LIP1 E", "code": "LIP", "Z": 1083.822, "flagged": false, "seeded": ""}, "geometry": {"type": "Point", "coordinates": [-114.09278730235964, 51.02780370773663]}}, {"type": "Feature", "properties": {"P": 1053, "D": "LIP2 B", "code": "LIP", "Z": 1087.255, "flagged": false, "seeded": ""}, "geometry": {"type": "Point", "coordinates": [-114.09314834765985, 51.029082888210795]}}, {"type": "Feature", "properties": {"P": 1054, "D": "LIP2", "code": "LIP", "Z": 1087.12, "flagged": false, "seeded": ""}, "geometry": {"type": "Point", "coordinates": [-114.09315791883435, 51.02901452244831]}}, {"type": "Feature", "properties": {"P": 1055, "D": "LIP2 E", "code": "LIP", "Z": 1087.008, "flagged": false, "seeded": ""}, "geometry": {"type": "Point", "coordinates": [-114.09315891197315, 51.02896236306989]}}, {"type": "Feature", "properties": {"P": 1056, "D": "LIP3 B", "code": "LIP", "Z": 1086.71, "flagged": false, "seeded": ""}, "geometry": {"type": "Point", "coordinates": [-114.09315497916239, 51.02884235290884]}}, {"type": "Feature", "properties": {"P": 1057, "D": "LIP3 E", "code": "LIP", "Z": 1086.618, "flagged": false, "seeded": ""}, "geometry": {"type": "Point", "coordinates": [-114.09314889569725, 51.02879443334666]}}, {"type": "Feature", "properties": {"P": 1058, "D": "LIP1 B", "code": "LIP", "Z": 1082.423, "flagged": false, "seeded": ""}, "geometry": {"type": "Point", "coordinates": [-114.09112668153088, 51.02906610703935]}}, {"type": "Feature", "properties": {"P": 1059, "D": "LIP1", "code": "LIP", "Z": 1082.468, "flagged": false, "seeded": ""}, "geometry": {"type": "Point", "coordinates": [-114.0911490236603, 51.02904596154388]}}, {"type": "Feature", "properties": {"P": 1060, "D": "LIP1", "code": "LIP", "Z": 1082.515, "flagged": false, "seeded": ""}, "geometry": {"type": "Point", "coordinates": [-114.09118043931728, 51.029022042255775]}}, {"type": "Feature", "properties": {"P": 1061, "D": "LIP1", "code": "LIP", "Z": 1082.533, "flagged": false, "seeded": ""}, "geometry": {"type": "Point", "coordinates": [-114.09119304048303, 51.029014283250554]}}, {"type": "Feature", "properties": {"P": 1062, "D": "LIP1", "code": "LIP", "Z": 1082.542, "flagged": false, "seeded": ""}, "geometry": {"type": "Point", "coordinates": [-114.0912080260301, 51.02900839225311]}}, {"type": "Feature", "properties": {"P": 1063, "D": "LIP1", "code": "LIP", "Z": 1082.558, "flagged": false, "seeded": ""}, "geometry": {"type": "Point", "coordinates": [-114.09123388631674, 51.02900126116751]}}, {"type": "Feature", "properties": {"P": 1064, "D": "LIP1", "code": "LIP", "Z": 1082.538, "flagged": false, "seeded": ""}, "geometry": {"type": "Point", "coordinates": [-114.091266080928, 51.02899655236469]}}, {"type": "Feature", "properties": {"P": 1065, "D": "LIP1", "code": "LIP", "Z": 1082.558, "flagged": false, "seeded": ""}, "geometry": {"type": "Point", "coordinates": [-114.09130250319079, 51.02899588564204]}}, {"type": "Feature", "properties": {"P": 1066, "D": "LIP1", "code": "LIP", "Z": 1082.591, "flagged": false, "seeded": ""}, "geometry": {"type": "Point", "coordinates": [-114.09132890803883, 51.02899746518717]}}, {"type": "Feature", "properties": {"P": 1067, "D": "LIP1", "code": "LIP", "Z": 1082.589, "flagged": false, "seeded": ""}, "geometry": {"type": "Point", "coordinates": [-114.09135309547234, 51.02900234570151]}}, {"type": "Feature", "properties": {"P": 1068, "D": "LIP1", "code": "LIP", "Z": 1082.757, "flagged": false, "seeded": ""}, "geometry": {"type": "Point", "coordinates": [-114.09144307089407, 51.02902766241494]}}, {"type": "Feature", "properties": {"P": 1069, "D": "LIP1", "code": "LIP", "Z": 1083.123, "flagged": false, "seeded": ""}, "geometry": {"type": "Point", "coordinates": [-114.09156959461693, 51.02906556306018]}}, {"type": "Feature", "properties": {"P": 1070, "D": "LIP1", "code": "LIP", "Z": 1083.507, "flagged": false, "seeded": ""}, "geometry": {"type": "Point", "coordinates": [-114.09169624686606, 51.02910347245718]}}, {"type": "Feature", "properties": {"P": 1071, "D": "LIP1", "code": "LIP", "Z": 1083.816, "flagged": false, "seeded": ""}, "geometry": {"type": "Point", "coordinates": [-114.09182281369795, 51.029141336835025]}}, {"type": "Feature", "properties": {"P": 1072, "D": "LIP1", "code": "LIP", "Z": 1084.147, "flagged": false, "seeded": ""}, "geometry": {"type": "Point", "coordinates": [-114.09192759614207, 51.029171163388966]}}, {"type": "Feature", "properties": {"P": 1073, "D": "LIP1", "code": "LIP", "Z": 1084.451, "flagged": false, "seeded": ""}, "geometry": {"type": "Point", "coordinates": [-114.09203232164381, 51.02920096292439]}}, {"type": "Feature", "properties": {"P": 1074, "D": "LIP1", "code": "LIP", "Z": 1084.575, "flagged": false, "seeded": ""}, "geometry": {"type": "Point", "coordinates": [-114.0920701616811, 51.02921066902847]}}, {"type": "Feature", "properties": {"P": 1075, "D": "LIP1", "code": "LIP", "Z": 1084.75, "flagged": false, "seeded": ""}, "geometry": {"type": "Point", "coordinates": [-114.09212420099293, 51.02922269069935]}}, {"type": "Feature", "properties": {"P": 1076, "D": "LIP1", "code": "LIP", "Z": 1085.094, "flagged": false, "seeded": ""}, "geometry": {"type": "Point", "coordinates": [-114.09225700204941, 51.02924807190577]}}, {"type": "Feature", "properties": {"P": 1077, "D": "LIP1", "code": "LIP", "Z": 1085.206, "flagged": false, "seeded": ""}, "geometry": {"type": "Point", "coordinates": [-114.09230193678677, 51.0292553540885]}}, {"type": "Feature", "properties": {"P": 1078, "D": "LIP1", "code": "LIP", "Z": 1085.407, "flagged": false, "seeded": ""}, "geometry": {"type": "Point", "coordinates": [-114.09237563073785, 51.02926519358588]}}, {"type": "Feature", "properties": {"P": 1079, "D": "LIP1", "code": "LIP", "Z": 1085.701, "flagged": false, "seeded": ""}, "geometry": {"type": "Point", "coordinates": [-114.09246507639507, 51.02927449017915]}}, {"type": "Feature", "properties": {"P": 1080, "D": "LIP1", "code": "LIP", "Z": 1085.97, "flagged": false, "seeded": ""}, "geometry": {"type": "Point", "coordinates": [-114.09255435119663, 51.02928387673684]}}, {"type": "Feature", "properties": {"P": 1081, "D": "LIP1", "code": "LIP", "Z": 1086.253, "flagged": false, "seeded": ""}, "geometry": {"type": "Point", "coordinates": [-114.09265871525724, 51.0292893676875]}}, {"type": "Feature", "properties": {"P": 1082, "D": "LIP1", "code": "LIP", "Z": 1086.438, "flagged": false, "seeded": ""}, "geometry": {"type": "Point", "coordinates": [-114.09276283695674, 51.02929484075782]}}, {"type": "Feature", "properties": {"P": 1083, "D": "SW1", "code": "SW", "Z": 1086.736, "flagged": true, "seeded": "wrong valid code: LIP1 -> SW1 (feature is lip of gutter)"}, "geometry": {"type": "Point", "coordinates": [-114.0928655788713, 51.02929468724244]}}, {"type": "Feature", "properties": {"P": 1084, "D": "LIP1", "code": "LIP", "Z": 1086.852, "flagged": false, "seeded": ""}, "geometry": {"type": "Point", "coordinates": [-114.09290783470887, 51.02929537283752]}}, {"type": "Feature", "properties": {"P": 1085, "D": "LIP1", "code": "LIP", "Z": 1086.841, "flagged": false, "seeded": ""}, "geometry": {"type": "Point", "coordinates": [-114.09292216381809, 51.02929634132881]}}, {"type": "Feature", "properties": {"P": 1086, "D": "LIP1", "code": "LIP", "Z": 1086.919, "flagged": false, "seeded": ""}, "geometry": {"type": "Point", "coordinates": [-114.09294492280448, 51.0292996314619]}}, {"type": "Feature", "properties": {"P": 1087, "D": "LIP1", "code": "LIP", "Z": 1086.964, "flagged": false, "seeded": ""}, "geometry": {"type": "Point", "coordinates": [-114.092958871305, 51.02930274880388]}}, {"type": "Feature", "properties": {"P": 1088, "D": "LIP1", "code": "LIP", "Z": 1086.974, "flagged": false, "seeded": ""}, "geometry": {"type": "Point", "coordinates": [-114.09297202374454, 51.02930699948717]}}, {"type": "Feature", "properties": {"P": 1089, "D": "LIP1", "code": "LIP", "Z": 1087.081, "flagged": false, "seeded": ""}, "geometry": {"type": "Point", "coordinates": [-114.09299774905112, 51.029317955514806]}}, {"type": "Feature", "properties": {"P": 1090, "D": "LIP1", "code": "LIP", "Z": 1087.118, "flagged": false, "seeded": ""}, "geometry": {"type": "Point", "coordinates": [-114.09301059395058, 51.02932524497716]}}, {"type": "Feature", "properties": {"P": 1091, "D": "LIP1", "code": "LIP", "Z": 1087.151, "flagged": false, "seeded": ""}, "geometry": {"type": "Point", "coordinates": [-114.09302197154192, 51.02933305701204]}}, {"type": "Feature", "properties": {"P": 1092, "D": "LIP1", "code": "LIP", "Z": 1087.287, "flagged": false, "seeded": ""}, "geometry": {"type": "Point", "coordinates": [-114.09303811200455, 51.02934868634475]}}, {"type": "Feature", "properties": {"P": 1093, "D": "LIP1", "code": "LIP", "Z": 1087.331, "flagged": false, "seeded": ""}, "geometry": {"type": "Point", "coordinates": [-114.09304523141513, 51.029358659309494]}}, {"type": "Feature", "properties": {"P": 1094, "D": "LIP1", "code": "LIP", "Z": 1087.356, "flagged": false, "seeded": ""}, "geometry": {"type": "Point", "coordinates": [-114.09305051232256, 51.02936888545091]}}, {"type": "Feature", "properties": {"P": 1095, "D": "LIP1", "code": "LIP", "Z": 1087.321, "flagged": false, "seeded": ""}, "geometry": {"type": "Point", "coordinates": [-114.09305602166968, 51.02938640210494]}}, {"type": "Feature", "properties": {"P": 1096, "D": "LIP1", "code": "LIP", "Z": 1087.429, "flagged": false, "seeded": ""}, "geometry": {"type": "Point", "coordinates": [-114.09305713257119, 51.02940723049251]}}, {"type": "Feature", "properties": {"P": 1097, "D": "LIP1 E", "code": "LIP", "Z": 1087.567, "flagged": false, "seeded": ""}, "geometry": {"type": "Point", "coordinates": [-114.09305316007158, 51.029431038537986]}}, {"type": "Feature", "properties": {"P": 1098, "D": "LIP2 B", "code": "LIP", "Z": 1087.463, "flagged": false, "seeded": ""}, "geometry": {"type": "Point", "coordinates": [-114.09302525306056, 51.02939848186801]}}, {"type": "Feature", "properties": {"P": 1099, "D": "LIP2 E", "code": "LIP", "Z": 1087.572, "flagged": false, "seeded": ""}, "geometry": {"type": "Point", "coordinates": [-114.0930197193185, 51.02943287210168]}}, {"type": "Feature", "properties": {"P": 1100, "D": "LIP3 B", "code": "LIP", "Z": 1082.534, "flagged": false, "seeded": ""}, "geometry": {"type": "Point", "coordinates": [-114.09122320045282, 51.02902609922559]}}, {"type": "Feature", "properties": {"P": 1101, "D": "LIP3", "code": "LIP", "Z": 1082.63, "flagged": false, "seeded": ""}, "geometry": {"type": "Point", "coordinates": [-114.0912490477974, 51.02901963338898]}}, {"type": "Feature", "properties": {"P": 1102, "D": "LIP3", "code": "LIP", "Z": 1082.685, "flagged": false, "seeded": ""}, "geometry": {"type": "Point", "coordinates": [-114.09127106786765, 51.029017009163184]}}, {"type": "Feature", "properties": {"P": 1103, "D": "LIP3", "code": "LIP", "Z": 1082.696, "flagged": false, "seeded": ""}, "geometry": {"type": "Point", "coordinates": [-114.09129022531279, 51.029015807551474]}}, {"type": "Feature", "properties": {"P": 1104, "D": "LIP3", "code": "LIP", "Z": 1082.744, "flagged": false, "seeded": ""}, "geometry": {"type": "Point", "coordinates": [-114.09131699962097, 51.029016775507024]}}, {"type": "Feature", "properties": {"P": 1105, "D": "LIP3", "code": "LIP", "Z": 1082.79, "flagged": false, "seeded": ""}, "geometry": {"type": "Point", "coordinates": [-114.09134389513278, 51.02902138421438]}}, {"type": "Feature", "properties": {"P": 1106, "D": "LIP3", "code": "LIP", "Z": 1082.846, "flagged": false, "seeded": ""}, "geometry": {"type": "Point", "coordinates": [-114.09135904250168, 51.02902530089895]}}, {"type": "Feature", "properties": {"P": 1107, "D": "LIP3", "code": "LIP", "Z": 1082.994, "flagged": false, "seeded": ""}, "geometry": {"type": "Point", "coordinates": [-114.0914316613096, 51.029046891448225]}}, {"type": "Feature", "properties": {"P": 1108, "D": "LIP3", "code": "LIP", "Z": 1083.234, "flagged": false, "seeded": ""}, "geometry": {"type": "Point", "coordinates": [-114.09150408070991, 51.02906853604701]}}, {"type": "Feature", "properties": {"P": 1109, "D": "LIP3", "code": "LIP", "Z": 1083.425, "flagged": false, "seeded": ""}, "geometry": {"type": "Point", "coordinates": [-114.09157558539674, 51.029088958710325]}}, {"type": "Feature", "properties": {"P": 1110, "D": "LIP3", "code": "LIP", "Z": 1083.617, "flagged": false, "seeded": ""}, "geometry": {"type": "Point", "coordinates": [-114.0916470331586, 51.029109399353985]}}, {"type": "Feature", "properties": {"P": 1111, "D": "LIP3", "code": "LIP", "Z": 1083.881, "flagged": false, "seeded": ""}, "geometry": {"type": "Point", "coordinates": [-114.09176106144542, 51.02914339904449]}}, {"type": "Feature", "properties": {"P": 1112, "D": "LIP3", "code": "LIP", "Z": 1084.356, "flagged": false, "seeded": ""}, "geometry": {"type": "Point", "coordinates": [-114.09187513277313, 51.02917745252831]}}, {"type": "Feature", "properties": {"P": 1113, "D": "LIP3", "code": "LIP", "Z": 1084.648, "flagged": false, "seeded": ""}, "geometry": {"type": "Point", "coordinates": [-114.09198911860828, 51.02921144303959]}}, {"type": "Feature", "properties": {"P": 1114, "D": "LIP3", "code": "LIP", "Z": 1084.812, "flagged": false, "seeded": ""}, "geometry": {"type": "Point", "coordinates": [-114.09204307560555, 51.029225100948985]}}, {"type": "Feature", "properties": {"P": 1115, "D": "LIP3", "code": "LIP", "Z": 1084.928, "flagged": false, "seeded": ""}, "geometry": {"type": "Point", "coordinates": [-114.09210624375105, 51.02923967751936]}}, {"type": "Feature", "properties": {"P": 1116, "D": "LIP3", "code": "LIP", "Z": 1085.248, "flagged": false, "seeded": ""}, "geometry": {"type": "Point", "coordinates": [-114.09221279106458, 51.029260674482494]}}, {"type": "Feature", "properties": {"P": 1117, "D": "LIP3", "code": "LIP", "Z": 1085.434, "flagged": false, "seeded": ""}, "geometry": {"type": "Point", "coordinates": [-114.09228241220202, 51.029272719743275]}}, {"type": "Feature", "properties": {"P": 1118, "D": "LIP3", "code": "LIP", "Z": 1085.637, "flagged": false, "seeded": ""}, "geometry": {"type": "Point", "coordinates": [-114.09235167315575, 51.029282841438715]}}, {"type": "Feature", "properties": {"P": 1119, "D": "LIP3", "code": "LIP", "Z": 1085.949, "flagged": false, "seeded": ""}, "geometry": {"type": "Point", "coordinates": [-114.09245164511084, 51.0292948626103]}}, {"type": "Feature", "properties": {"P": 1120, "D": "LIP3", "code": "LIP", "Z": 1086.075, "flagged": false, "seeded": ""}, "geometry": {"type": "Point", "coordinates": [-114.09251697841346, 51.02930129252372]}}, {"type": "Feature", "properties": {"P": 1121, "D": "LIP3", "code": "LIP", "Z": 1086.306, "flagged": false, "seeded": ""}, "geometry": {"type": "Point", "coordinates": [-114.09258474461714, 51.02930527525867]}}, {"type": "Feature", "properties": {"P": 1122, "D": "LIP3", "code": "LIP", "Z": 1086.408, "flagged": false, "seeded": ""}, "geometry": {"type": "Point", "coordinates": [-114.09266370524341, 51.02931102905106]}}, {"type": "Feature", "properties": {"P": 1123, "D": "LIP3", "code": "LIP", "Z": 1086.72, "flagged": false, "seeded": ""}, "geometry": {"type": "Point", "coordinates": [-114.09276266390613, 51.0293152746182]}}, {"type": "Feature", "properties": {"P": 1124, "D": "LIP3", "code": "LIP", "Z": 1086.798, "flagged": false, "seeded": ""}, "geometry": {"type": "Point", "coordinates": [-114.09280387951279, 51.02931617683078]}}, {"type": "Feature", "properties": {"P": 1125, "D": "LIP3", "code": "LIP", "Z": 1086.987, "flagged": false, "seeded": ""}, "geometry": {"type": "Point", "coordinates": [-114.09289270705563, 51.02931569272939]}}, {"type": "Feature", "properties": {"P": 1126, "D": "LIP3", "code": "LIP", "Z": 1087.074, "flagged": false, "seeded": ""}, "geometry": {"type": "Point", "coordinates": [-114.0929137784278, 51.029316269302655]}}, {"type": "Feature", "properties": {"P": 1127, "D": "LIP3", "code": "LIP", "Z": 1087.138, "flagged": false, "seeded": ""}, "geometry": {"type": "Point", "coordinates": [-114.09292501470131, 51.02931758186334]}}, {"type": "Feature", "properties": {"P": 1128, "D": "LIP3", "code": "LIP", "Z": 1087.171, "flagged": false, "seeded": ""}, "geometry": {"type": "Point", "coordinates": [-114.09295653482752, 51.02932487446013]}}, {"type": "Feature", "properties": {"P": 1129, "D": "LIP3", "code": "LIP", "Z": 1087.201, "flagged": false, "seeded": ""}, "geometry": {"type": "Point", "coordinates": [-114.09297004435355, 51.02932946647046]}}, {"type": "Feature", "properties": {"P": 1130, "D": "LIP3", "code": "LIP", "Z": 1087.215, "flagged": false, "seeded": ""}, "geometry": {"type": "Point", "coordinates": [-114.09297702231396, 51.02933287702761]}}, {"type": "Feature", "properties": {"P": 1131, "D": "LIP3", "code": "LIP", "Z": 1087.245, "flagged": false, "seeded": ""}, "geometry": {"type": "Point", "coordinates": [-114.09298692935093, 51.029339593485226]}}, {"type": "Feature", "properties": {"P": 1132, "D": "LIP3", "code": "LIP", "Z": 1087.278, "flagged": false, "seeded": ""}, "geometry": {"type": "Point", "coordinates": [-114.09299444048445, 51.029345853370806]}}, {"type": "Feature", "properties": {"P": 1133, "D": "LIP3 E", "code": "LIP", "Z": 1087.374, "flagged": false, "seeded": ""}, "geometry": {"type": "Point", "coordinates": [-114.0930202103759, 51.0293719481126]}}, {"type": "Feature", "properties": {"P": 1134, "D": "LIP1 B", "code": "LIP", "Z": 1083.759, "flagged": false, "seeded": ""}, "geometry": {"type": "Point", "coordinates": [-114.09269416565746, 51.027743550244246]}}, {"type": "Feature", "properties": {"P": 1135, "D": "LIP1", "code": "LIP", "Z": 1083.908, "flagged": false, "seeded": ""}, "geometry": {"type": "Point", "coordinates": [-114.09267737987655, 51.027761408234255]}}, {"type": "Feature", "properties": {"P": 1136, "D": "LIP1", "code": "LIP", "Z": 1084.039, "flagged": false, "seeded": ""}, "geometry": {"type": "Point", "coordinates": [-114.0926434648555, 51.027782174505425]}}, {"type": "Feature", "properties": {"P": 1137, "D": "LIP1", "code": "LIP", "Z": 1084.03, "flagged": false, "seeded": ""}, "geometry": {"type": "Point", "coordinates": [-114.09262295839054, 51.02779288857646]}}, {"type": "Feature", "properties": {"P": 1138, "D": "LIP1", "code": "LIP", "Z": 1084.073, "flagged": false, "seeded": ""}, "geometry": {"type": "Point", "coordinates": [-114.0926139679564, 51.02779526899873]}}, {"type": "Feature", "properties": {"P": 1139, "D": "LIP1", "code": "LIP", "Z": 1084.146, "flagged": false, "seeded": ""}, "geometry": {"type": "Point", "coordinates": [-114.09260584436073, 51.02779627329989]}}, {"type": "Feature", "properties": {"P": 1140, "D": "LIP1", "code": "LIP", "Z": 1084.21, "flagged": false, "seeded": ""}, "geometry": {"type": "Point", "coordinates": [-114.09255585842277, 51.02780022344552]}}, {"type": "Feature", "properties": {"P": 1141, "D": "LIP1", "code": "LIP", "Z": 1084.224, "flagged": false, "seeded": ""}, "geometry": {"type": "Point", "coordinates": [-114.0925333356771, 51.027800645820534]}}, {"type": "Feature", "properties": {"P": 1142, "D": "LIP1", "code": "LIP", "Z": 1084.329, "flagged": false, "seeded": ""}, "geometry": {"type": "Point", "coordinates": [-114.09249575229148, 51.02779760107462]}}, {"type": "Feature", "properties": {"P": 1143, "D": "LIP1", "code": "LIP", "Z": 1084.119, "flagged": false, "seeded": ""}, "geometry": {"type": "Point", "coordinates": [-114.0924507097724, 51.02779277325515]}}, {"type": "Feature", "properties": {"P": 1144, "D": "LIP1", "code": "LIP", "Z": 1084.009, "flagged": false, "seeded": ""}, "geometry": {"type": "Point", "coordinates": [-114.09242106235286, 51.02778755567427]}}, {"type": "Feature", "properties": {"P": 1145, "D": "LIP1", "code": "LIP", "Z": 1083.928, "flagged": false, "seeded": ""}, "geometry": {"type": "Point", "coordinates": [-114.0923705714449, 51.0277813027605]}}, {"type": "Feature", "properties": {"P": 1146, "D": "LIP1", "code": "LIP", "Z": 1083.816, "flagged": false, "seeded": ""}, "geometry": {"type": "Point", "coordinates": [-114.09232813842588, 51.02777684141142]}}, {"type": "Feature", "properties": {"P": 1147, "D": "LIP1", "code": "LIP", "Z": 1083.717, "flagged": false, "seeded": ""}, "geometry": {"type": "Point", "coordinates": [-114.09229879780295, 51.02777535430825]}}, {"type": "Feature", "properties": {"P": 1148, "D": "LIP1", "code": "LIP", "Z": 1083.481, "flagged": false, "seeded": ""}, "geometry": {"type": "Point", "coordinates": [-114.09221849528942, 51.02777450074753]}}, {"type": "Feature", "properties": {"P": 1149, "D": "LIP1", "code": "LIP", "Z": 1083.249, "flagged": false, "seeded": ""}, "geometry": {"type": "Point", "coordinates": [-114.09216637942089, 51.02777549477573]}}, {"type": "Feature", "properties": {"P": 1150, "D": "LIP1", "code": "LIP", "Z": 1082.791, "flagged": false, "seeded": ""}, "geometry": {"type": "Point", "coordinates": [-114.09206033165741, 51.02778186220693]}}, {"type": "Feature", "properties": {"P": 1151, "D": "LIP1", "code": "LIP", "Z": 1082.644, "flagged": false, "seeded": ""}, "geometry": {"type": "Point", "coordinates": [-114.09203372211827, 51.02778456211467]}}, {"type": "Feature", "properties": {"P": 1152, "D": "LIP1", "code": "LIP", "Z": 1082.384, "flagged": false, "seeded": ""}, "geometry": {"type": "Point", "coordinates": [-114.0919642041284, 51.02779466739484]}}, {"type": "Feature", "properties": {"P": 1153, "D": "LIP1", "code": "LIP", "Z": 1082.112, "flagged": false, "seeded": ""}, "geometry": {"type": "Point", "coordinates": [-114.09192903320887, 51.02780047548343]}}, {"type": "Feature", "properties": {"P": 1154, "D": "LIP1", "code": "LIP", "Z": 1082.002, "flagged": false, "seeded": ""}, "geometry": {"type": "Point", "coordinates": [-114.09190284196485, 51.027805656206546]}}, {"type": "Feature", "properties": {"P": 1155, "D": "LIP1", "code": "LIP", "Z": 1081.831, "flagged": false, "seeded": ""}, "geometry": {"type": "Point", "coordinates": [-114.09186421501288, 51.02781553935539]}}, {"type": "Feature", "properties": {"P": 1156, "D": "LIP1", "code": "LIP", "Z": 1081.353, "flagged": false, "seeded": ""}, "geometry": {"type": "Point", "coordinates": [-114.09174032346137, 51.02785289923974]}}, {"type": "Feature", "properties": {"P": 1157, "D": "LIP1", "code": "LIP", "Z": 1081.162, "flagged": false, "seeded": ""}, "geometry": {"type": "Point", "coordinates": [-114.0917032419113, 51.02786576572294]}}, {"type": "Feature", "properties": {"P": 1158, "D": "LIP1", "code": "LIP", "Z": 1080.701, "flagged": false, "seeded": ""}, "geometry": {"type": "Point", "coordinates": [-114.09162567758348, 51.02789448592152]}}, {"type": "Feature", "properties": {"P": 1159, "D": "LIP1", "code": "LIP", "Z": 1080.475, "flagged": false, "seeded": ""}, "geometry": {"type": "Point", "coordinates": [-114.09159449051182, 51.027903688915565]}}, {"type": "Feature", "properties": {"P": 1160, "D": "LIP1", "code": "LIP", "Z": 1080.378, "flagged": false, "seeded": ""}, "geometry": {"type": "Point", "coordinates": [-114.09156673013447, 51.0279083943357]}}, {"type": "Feature", "properties": {"P": 1161, "D": "LIP1", "code": "LIP", "Z": 1080.14, "flagged": false, "seeded": ""}, "geometry": {"type": "Point", "coordinates": [-114.09152185955035, 51.027911252269654]}}, {"type": "Feature", "properties": {"P": 1162, "D": "LIP1", "code": "LIP", "Z": 1080.059, "flagged": false, "seeded": ""}, "geometry": {"type": "Point", "coordinates": [-114.09150508048265, 51.0279110586444]}}, {"type": "Feature", "properties": {"P": 1163, "D": "LIP1", "code": "LIP", "Z": 1079.993, "flagged": false, "seeded": ""}, "geometry": {"type": "Point", "coordinates": [-114.09149239095844, 51.02790996283899]}}, {"type": "Feature", "properties": {"P": 1164, "D": "LIP1 E", "code": "LIP", "Z": 1079.868, "flagged": false, "seeded": ""}, "geometry": {"type": "Point", "coordinates": [-114.0914549304202, 51.02790415780545]}}, {"type": "Feature", "properties": {"P": 1165, "D": "LIP2 B", "code": "LIP", "Z": 1083.756, "flagged": false, "seeded": ""}, "geometry": {"type": "Point", "coordinates": [-114.09266933332528, 51.02772955489949]}}, {"type": "Feature", "properties": {"P": 1166, "D": "LIP2", "code": "LIP", "Z": 1083.979, "flagged": false, "seeded": ""}, "geometry": {"type": "Point", "coordinates": [-114.0926469809022, 51.027751040173186]}}, {"type": "Feature", "properties": {"P": 1167, "D": "LIP2", "code": "LIP", "Z": 1084.08, "flagged": false, "seeded": ""}, "geometry": {"type": "Point", "coordinates": [-114.09263567677458, 51.027758402759375]}}, {"type": "Feature", "properties": {"P": 1168, "D": "LIP2 E", "code": "LIP", "Z": 1084.165, "flagged": false, "seeded": ""}, "geometry": {"type": "Point", "coordinates": [-114.09261437192619, 51.027769072512974]}}, {"type": "Feature", "properties": {"P": 1169, "D": "LIP3 B", "code": "LIP", "Z": 1085.44, "flagged": false, "seeded": ""}, "geometry": {"type": "Point", "coordinates": [-114.09286541020523, 51.02824718253985]}}, {"type": "Feature", "properties": {"P": 1170, "D": "LIP3", "code": "LIP", "Z": 1085.358, "flagged": false, "seeded": ""}, "geometry": {"type": "Point", "coordinates": [-114.09283635208656, 51.028216002166516]}}, {"type": "Feature", "properties": {"P": 1171, "D": "LIP3 E", "code": "LIP", "Z": 1085.287, "flagged": false, "seeded": ""}, "geometry": {"type": "Point", "coordinates": [-114.09280641409552, 51.02818679124222]}}, {"type": "Feature", "properties": {"P": 1172, "D": "LIP1 B", "code": "LIP", "Z": 1084.295, "flagged": false, "seeded": ""}, "geometry": {"type": "Point", "coordinates": [-114.09258641849704, 51.027776960704124]}}, {"type": "Feature", "properties": {"P": 1173, "D": "LIP1", "code": "LIP", "Z": 1084.398, "flagged": false, "seeded": ""}, "geometry": {"type": "Point", "coordinates": [-114.09255564761244, 51.02778026634153]}}, {"type": "Feature", "properties": {"P": 1174, "D": "LIP1", "code": "LIP", "Z": 1084.443, "flagged": false, "seeded": ""}, "geometry": {"type": "Point", "coordinates": [-114.0925440452873, 51.02778106662895]}}, {"type": "Feature", "properties": {"P": 1175, "D": "LIP1", "code": "LIP", "Z": 1084.476, "flagged": false, "seeded": ""}, "geometry": {"type": "Point", "coordinates": [-114.0925343508951, 51.027780714715014]}}, {"type": "Feature", "properties": {"P": 1176, "D": "LIP1", "code": "LIP", "Z": 1084.529, "flagged": false, "seeded": ""}, "geometry": {"type": "Point", "coordinates": [-114.09251244931228, 51.02777808007517]}}, {"type": "Feature", "properties": {"P": 1177, "D": "LIP1", "code": "LIP", "Z": 1084.478, "flagged": false, "seeded": ""}, "geometry": {"type": "Point", "coordinates": [-114.09246581202953, 51.027774170479674]}}, {"type": "Feature", "properties": {"P": 1178, "D": "LIP1", "code": "LIP", "Z": 1084.091, "flagged": false, "seeded": ""}, "geometry": {"type": "Point", "coordinates": [-114.09234961624874, 51.027759923688954]}}, {"type": "Feature", "properties": {"P": 1179, "D": "LIP1", "code": "LIP", "Z": 1084.034, "flagged": false, "seeded": ""}, "geometry": {"type": "Point", "coordinates": [-114.09231967517685, 51.02775756505861]}}, {"type": "Feature", "properties": {"P": 1180, "D": "LIP1", "code": "LIP", "Z": 1083.863, "flagged": false, "seeded": ""}, "geometry": {"type": "Point", "coordinates": [-114.09227040418043, 51.027755419458956]}}, {"type": "Feature", "properties": {"P": 1181, "D": "LIP1", "code": "LIP", "Z": 1083.745, "flagged": false, "seeded": ""}, "geometry": {"type": "Point", "coordinates": [-114.09223654641366, 51.02775484387251]}}, {"type": "Feature", "properties": {"P": 1182, "D": "LIP1", "code": "LIP", "Z": 1083.386, "flagged": false, "seeded": ""}, "geometry": {"type": "Point", "coordinates": [-114.09214879153625, 51.027755596323125]}}, {"type": "Feature", "properties": {"P": 1183, "D": "LIP1", "code": "LIP", "Z": 1083.21, "flagged": false, "seeded": ""}, "geometry": {"type": "Point", "coordinates": [-114.09209100613572, 51.02775866243328]}}, {"type": "Feature", "properties": {"P": 1184, "D": "LIP1", "code": "LIP", "Z": 1083.057, "flagged": false, "seeded": ""}, "geometry": {"type": "Point", "coordinates": [-114.09205427625673, 51.02776186475719]}}, {"type": "Feature", "properties": {"P": 1185, "D": "LIP1", "code": "LIP", "Z": 1082.865, "flagged": false, "seeded": ""}, "geometry": {"type": "Point", "coordinates": [-114.09199654042384, 51.02776837386029]}}, {"type": "Feature", "properties": {"P": 1186, "D": "LIP1", "code": "LIP", "Z": 1082.507, "flagged": false, "seeded": ""}, "geometry": {"type": "Point", "coordinates": [-114.0919501245043, 51.02777544937352]}}, {"type": "Feature", "properties": {"P": 1187, "D": "LIP1", "code": "LIP", "Z": 1082.215, "flagged": false, "seeded": ""}, "geometry": {"type": "Point", "coordinates": [-114.09190358491176, 51.02778487129335]}}, {"type": "Feature", "properties": {"P": 1188, "D": "LIP1", "code": "LIP", "Z": 1081.978, "flagged": false, "seeded": ""}, "geometry": {"type": "Point", "coordinates": [-114.09185737626646, 51.027795857153016]}}, {"type": "Feature", "properties": {"P": 1189, "D": "LIP1", "code": "LIP", "Z": 1081.784, "flagged": false, "seeded": ""}, "geometry": {"type": "Point", "coordinates": [-114.09180713866232, 51.0278095520778]}}, {"type": "Feature", "properties": {"P": 1190, "D": "LIP1", "code": "LIP", "Z": 1081.594, "flagged": false, "seeded": ""}, "geometry": {"type": "Point", "coordinates": [-114.09176284575149, 51.02782335019043]}}, {"type": "Feature", "properties": {"P": 1191, "D": "LIP1", "code": "LIP", "Z": 1081.125, "flagged": false, "seeded": ""}, "geometry": {"type": "Point", "coordinates": [-114.0916768012361, 51.02785293110893]}}, {"type": "Feature", "properties": {"P": 1192, "D": "LIP1", "code": "LIP", "Z": 1080.677, "flagged": false, "seeded": ""}, "geometry": {"type": "Point", "coordinates": [-114.09159077083112, 51.02788249397331]}}, {"type": "Feature", "properties": {"P": 1193, "D": "LIP1", "code": "LIP", "Z": 1080.569, "flagged": false, "seeded": ""}, "geometry": {"type": "Point", "coordinates": [-114.09156988433321, 51.027888587419724]}}, {"type": "Feature", "properties": {"P": 1194, "D": "LIP1", "code": "LIP", "Z": 1080.501, "flagged": false, "seeded": ""}, "geometry": {"type": "Point", "coordinates": [-114.09155299590527, 51.027890767184076]}}, {"type": "Feature", "properties": {"P": 1195, "D": "LIP1", "code": "LIP", "Z": 1080.34, "flagged": false, "seeded": ""}, "geometry": {"type": "Point", "coordinates": [-114.09152109302659, 51.02789119671212]}}, {"type": "Feature", "properties": {"P": 1196, "D": "LIP1", "code": "LIP", "Z": 1080.239, "flagged": false, "seeded": ""}, "geometry": {"type": "Point", "coordinates": [-114.09149607244557, 51.02789005662484]}}, {"type": "Feature", "properties": {"P": 1197, "D": "LIP1 E", "code": "LIP", "Z": 1080.143, "flagged": false, "seeded": ""}, "geometry": {"type": "Point", "coordinates": [-114.09147344288695, 51.02788693691316]}}, {"type": "Feature", "properties": {"P": 1198, "D": "LIP2 B", "code": "LIP", "Z": 1084.451, "flagged": false, "seeded": ""}, "geometry": {"type": "Point", "coordinates": [-114.09255181311985, 51.02796649228907]}}, {"type": "Feature", "properties": {"P": 1199, "D": "LIP2", "code": "LIP", "Z": 1084.592, "flagged": false, "seeded": ""}, "geometry": {"type": "Point", "coordinates": [-114.09260338078737, 51.02800506246336]}}, {"type": "Feature", "properties": {"P": 1200, "D": "LIP2", "code": "LIP", "Z": 1084.698, "flagged": false, "seeded": ""}, "geometry": {"type": "Point", "coordinates": [-114.0926340639144, 51.028029175655206]}}, {"type": "Feature", "properties": {"P": 1201, "D": "LIP2", "code": "LIP", "Z": 1084.947, "flagged": false, "seeded": ""}, "geometry": {"type": "Point", "coordinates": [-114.09270053765904, 51.02808651358104]}}, {"type": "Feature", "properties": {"P": 1202, "D": "LIP2", "code": "LIP", "Z": 1085.111, "flagged": false, "seeded": ""}, "geometry": {"type": "Point", "coordinates": [-114.09276702582326, 51.0281438514571]}}, {"type": "Feature", "properties": {"P": 1203, "D": "LIP2", "code": "LIP", "Z": 1085.343, "flagged": false, "seeded": ""}, "geometry": {"type": "Point", "coordinates": [-114.09284075677888, 51.02821586382096]}}, {"type": "Feature", "properties": {"P": 1204, "D": "LIP2", "code": "LIP", "Z": 1085.441, "flagged": false, "seeded": ""}, "geometry": {"type": "Point", "coordinates": [-114.09287994233276, 51.02825716760534]}}, {"type": "Feature", "properties": {"P": 1205, "D": "LIP2", "code": "LIP", "Z": 1085.52, "flagged": false, "seeded": ""}, "geometry": {"type": "Point", "coordinates": [-114.0929134328687, 51.028294915958945]}}, {"type": "Feature", "properties": {"P": 1206, "D": "LIP2", "code": "LIP", "Z": 1085.613, "flagged": false, "seeded": ""}, "geometry": {"type": "Point", "coordinates": [-114.0929456145891, 51.02833398683852]}}, {"type": "Feature", "properties": {"P": 1207, "D": "LIP2", "code": "LIP", "Z": 1085.685, "flagged": false, "seeded": ""}, "geometry": {"type": "Point", "coordinates": [-114.09297453044925, 51.02837236809568]}}, {"type": "Feature", "properties": {"P": 1208, "D": "LIP2", "code": "LIP", "Z": 1085.795, "flagged": false, "seeded": ""}, "geometry": {"type": "Point", "coordinates": [-114.09300268202385, 51.02841348284096]}}, {"type": "Feature", "properties": {"P": 1209, "D": "LIP2", "code": "LIP", "Z": 1085.835, "flagged": false, "seeded": ""}, "geometry": {"type": "Point", "coordinates": [-114.09302155899347, 51.028443232914626]}}, {"type": "Feature", "properties": {"P": 1210, "D": "LIP2", "code": "LIP", "Z": 1085.937, "flagged": false, "seeded": ""}, "geometry": {"type": "Point", "coordinates": [-114.09303931112524, 51.028473649122894]}}, {"type": "Feature", "properties": {"P": 1211, "D": "LIP2", "code": "LIP", "Z": 1086.035, "flagged": false, "seeded": ""}, "geometry": {"type": "Point", "coordinates": [-114.0930637526121, 51.02852001682661]}}, {"type": "Feature", "properties": {"P": 1212, "D": "LIP2", "code": "LIP", "Z": 1086.132, "flagged": false, "seeded": ""}, "geometry": {"type": "Point", "coordinates": [-114.0930849427259, 51.02856582075976]}}, {"type": "Feature", "properties": {"P": 1213, "D": "LIP2", "code": "LIP", "Z": 1086.22, "flagged": false, "seeded": ""}, "geometry": {"type": "Point", "coordinates": [-114.0931006427696, 51.028603673124515]}}, {"type": "Feature", "properties": {"P": 1214, "D": "LIP2", "code": "LIP", "Z": 1086.293, "flagged": false, "seeded": ""}, "geometry": {"type": "Point", "coordinates": [-114.09311922000151, 51.02865451339814]}}, {"type": "Feature", "properties": {"P": 1215, "D": "LIP2", "code": "LIP", "Z": 1086.442, "flagged": false, "seeded": ""}, "geometry": {"type": "Point", "coordinates": [-114.09313603836051, 51.028709742073175]}}, {"type": "Feature", "properties": {"P": 1216, "D": "LIP2", "code": "LIP", "Z": 1086.555, "flagged": false, "seeded": ""}, "geometry": {"type": "Point", "coordinates": [-114.09314832257962, 51.02876454285085]}}, {"type": "Feature", "properties": {"P": 1217, "D": "LIP2", "code": "LIP", "Z": 1086.639, "flagged": false, "seeded": ""}, "geometry": {"type": "Point", "coordinates": [-114.09315442815668, 51.028802160130546]}}, {"type": "Feature", "properties": {"P": 1218, "D": "LIP2", "code": "LIP", "Z": 1086.76, "flagged": false, "seeded": ""}, "geometry": {"type": "Point", "coordinates": [-114.0931615919988, 51.028862772372364]}}, {"type": "Feature", "properties": {"P": 1219, "D": "LIP2", "code": "LIP", "Z": 1086.891, "flagged": false, "seeded": ""}, "geometry": {"type": "Point", "coordinates": [-114.09316459786547, 51.02891150346522]}}, {"type": "Feature", "properties": {"P": 1220, "D": "LIP2", "code": "LIP", "Z": 1087.044, "flagged": false, "seeded": ""}, "geometry": {"type": "Point", "coordinates": [-114.09316279590146, 51.0289868660592]}}, {"type": "Feature", "properties": {"P": 1221, "D": "LIP2", "code": "LIP", "Z": 1087.119, "flagged": false, "seeded": ""}, "geometry": {"type": "Point", "coordinates": [-114.09315917537714, 51.02902975908954]}}, {"type": "Feature", "properties": {"P": 1222, "D": "LIP2", "code": "LIP", "Z": 1087.24, "flagged": false, "seeded": ""}, "geometry": {"type": "Point", "coordinates": [-114.09315350267524, 51.02908009727633]}}, {"type": "Feature", "properties": {"P": 1223, "D": "LIP2", "code": "LIP", "Z": 1087.291, "flagged": false, "seeded": ""}, "geometry": {"type": "Point", "coordinates": [-114.09314764338023, 51.02911558452815]}}, {"type": "Feature", "properties": {"P": 1224, "D": "LIP2", "code": "LIP", "Z": 1087.349, "flagged": false, "seeded": ""}, "geometry": {"type": "Point", "coordinates": [-114.09314091132194, 51.02914238836726]}}, {"type": "Feature", "properties": {"P": 1225, "D": "LIP2", "code": "LIP", "Z": 1087.37, "flagged": false, "seeded": ""}, "geometry": {"type": "Point", "coordinates": [-114.09313543082422, 51.02915349508819]}}, {"type": "Feature", "properties": {"P": 1226, "D": "LIP2", "code": "LIP", "Z": 1087.394, "flagged": false, "seeded": ""}, "geometry": {"type": "Point", "coordinates": [-114.0931287764637, 51.02916216651941]}}, {"type": "Feature", "properties": {"P": 1227, "D": "LIP2", "code": "LIP", "Z": 1087.409, "flagged": false, "seeded": ""}, "geometry": {"type": "Point", "coordinates": [-114.09311693933627, 51.02917401546509]}}, {"type": "Feature", "properties": {"P": 1228, "D": "LIP2", "code": "LIP", "Z": 1087.418, "flagged": false, "seeded": ""}, "geometry": {"type": "Point", "coordinates": [-114.09309544656008, 51.0291907715206]}}, {"type": "Feature", "properties": {"P": 1229, "D": "LIP2", "code": "LIP", "Z": 1087.405, "flagged": false, "seeded": ""}, "geometry": {"type": "Point", "coordinates": [-114.09308865369206, 51.029194354855925]}}, {"type": "Feature", "properties": {"P": 1230, "D": "LIP2", "code": "LIP", "Z": 1087.391, "flagged": false, "seeded": ""}, "geometry": {"type": "Point", "coordinates": [-114.09307500792275, 51.02920002028336]}}, {"type": "Feature", "properties": {"P": 1231, "D": "LIP2", "code": "LIP", "Z": 1087.354, "flagged": false, "seeded": ""}, "geometry": {"type": "Point", "coordinates": [-114.09305731196058, 51.02920492480479]}}, {"type": "Feature", "properties": {"P": 1232, "D": "LIP2", "code": "LIP", "Z": 1087.362, "flagged": false, "seeded": ""}, "geometry": {"type": "Point", "coordinates": [-114.0930439311418, 51.02920764137648]}}, {"type": "Feature", "properties": {"P": 1233, "D": "LIP2", "code": "LIP", "Z": 1087.305, "flagged": false, "seeded": ""}, "geometry": {"type": "Point", "coordinates": [-114.09301217547358, 51.029210840039966]}}, {"type": "Feature", "properties": {"P": 1234, "D": "LIP2", "code": "LIP", "Z": 1087.203, "flagged": false, "seeded": ""}, "geometry": {"type": "Point", "coordinates": [-114.09296422291244, 51.029212927860335]}}, {"type": "Feature", "properties": {"P": 1235, "D": "LIP2", "code": "LIP", "Z": 1086.966, "flagged": false, "seeded": ""}, "geometry": {"type": "Point", "coordinates": [-114.09288699795634, 51.02921246785974]}}, {"type": "Feature", "properties": {"P": 1236, "D": "LIP2", "code": "LIP", "Z": 1086.737, "flagged": false, "seeded": ""}, "geometry": {"type": "Point", "coordinates": [-114.09280983000713, 51.02921199877311]}}, {"type": "Feature", "properties": {"P": 1237, "D": "LIP2", "code": "LIP", "Z": 1086.418, "flagged": false, "seeded": ""}, "geometry": {"type": "Point", "coordinates": [-114.09270659724591, 51.02920897924378]}}, {"type": "Feature", "properties": {"P": 1238, "D": "LIP2", "code": "LIP", "Z": 1086.072, "flagged": false, "seeded": ""}, "geometry": {"type": "Point", "coordinates": [-114.09260049305475, 51.02920294133938]}}, {"type": "Feature", "properties": {"P": 1239, "D": "LIP2", "code": "LIP", "Z": 1085.866, "flagged": false, "seeded": ""}, "geometry": {"type": "Point", "coordinates": [-114.09253154039902, 51.029197269478146]}}, {"type": "Feature", "properties": {"P": 1240, "D": "LIP2", "code": "LIP", "Z": 1085.704, "flagged": false, "seeded": ""}, "geometry": {"type": "Point", "coordinates": [-114.09245949186423, 51.02919040438761]}}, {"type": "Feature", "properties": {"P": 1241, "D": "LIP2", "code": "LIP", "Z": 1085.521, "flagged": false, "seeded": ""}, "geometry": {"type": "Point", "coordinates": [-114.09240342550187, 51.029184209838654]}}, {"type": "Feature", "properties": {"P": 1242, "D": "LIP2", "code": "LIP", "Z": 1085.416, "flagged": false, "seeded": ""}, "geometry": {"type": "Point", "coordinates": [-114.09237134120306, 51.02917987516937]}}, {"type": "Feature", "properties": {"P": 1243, "D": "LIP2", "code": "LIP", "Z": 1085.307, "flagged": false, "seeded": ""}, "geometry": {"type": "Point", "coordinates": [-114.09233530615089, 51.029174590698325]}}, {"type": "Feature", "properties": {"P": 1244, "D": "LIP2", "code": "LIP", "Z": 1085.129, "flagged": false, "seeded": ""}, "geometry": {"type": "Point", "coordinates": [-114.09227321509887, 51.0291639868749]}}, {"type": "Feature", "properties": {"P": 1245, "D": "LIP2", "code": "LIP", "Z": 1084.747, "flagged": false, "seeded": ""}, "geometry": {"type": "Point", "coordinates": [-114.09215343483152, 51.02914111255255]}}, {"type": "Feature", "properties": {"P": 1246, "D": "LIP2", "code": "LIP", "Z": 1084.58, "flagged": false, "seeded": ""}, "geometry": {"type": "Point", "coordinates": [-114.09211251682358, 51.02913203818457]}}, {"type": "Feature", "properties": {"P": 1247, "D": "LIP2", "code": "LIP", "Z": 1084.408, "flagged": false, "seeded": ""}, "geometry": {"type": "Point", "coordinates": [-114.09206056902252, 51.0291178932773]}}, {"type": "Feature", "properties": {"P": 1248, "D": "LIP2", "code": "LIP", "Z": 1084.043, "flagged": false, "seeded": ""}, "geometry": {"type": "Point", "coordinates": [-114.09193253373101, 51.02908003930169]}}, {"type": "Feature", "properties": {"P": 1249, "D": "LIP2", "code": "LIP", "Z": 1083.665, "flagged": false, "seeded": ""}, "geometry": {"type": "Point", "coordinates": [-114.09180448455199, 51.02904226610435]}}, {"type": "Feature", "properties": {"P": 1250, "D": "LIP2", "code": "LIP", "Z": 1083.311, "flagged": false, "seeded": ""}, "geometry": {"type": "Point", "coordinates": [-114.09167644985449, 51.029004501744936]}}, {"type": "Feature", "properties": {"P": 1251, "D": "LIP2", "code": "LIP", "Z": 1083.058, "flagged": false, "seeded": ""}, "geometry": {"type": "Point", "coordinates": [-114.09158886971053, 51.0289793811086]}}, {"type": "Feature", "properties": {"P": 1252, "D": "LPI2", "code": "LPI", "Z": 1082.834, "flagged": true, "seeded": "code typo: LIP2 -> LPI2"}, "geometry": {"type": "Point", "coordinates": [-114.09150126109658, 51.02895423345955]}}, {"type": "Feature", "properties": {"P": 1253, "D": "LIP2", "code": "LIP", "Z": 1082.586, "flagged": false, "seeded": ""}, "geometry": {"type": "Point", "coordinates": [-114.09141368100046, 51.02892904077364]}}, {"type": "Feature", "properties": {"P": 1254, "D": "LIP2", "code": "LIP", "Z": 1082.545, "flagged": false, "seeded": ""}, "geometry": {"type": "Point", "coordinates": [-114.09140092692829, 51.02892425920736]}}, {"type": "Feature", "properties": {"P": 1255, "D": "LIP2", "code": "LIP", "Z": 1082.459, "flagged": false, "seeded": ""}, "geometry": {"type": "Point", "coordinates": [-114.09138157793177, 51.028915023875804]}}, {"type": "Feature", "properties": {"P": 1256, "D": "LIP2", "code": "LIP", "Z": 1082.417, "flagged": false, "seeded": ""}, "geometry": {"type": "Point", "coordinates": [-114.0913648341931, 51.028903979562536]}}, {"type": "Feature", "properties": {"P": 1257, "D": "LIP2", "code": "LIP", "Z": 1082.349, "flagged": false, "seeded": ""}, "geometry": {"type": "Point", "coordinates": [-114.09134315038995, 51.0288818277649]}}, {"type": "Feature", "properties": {"P": 1258, "D": "LIP2", "code": "LIP", "Z": 1082.285, "flagged": false, "seeded": ""}, "geometry": {"type": "Point", "coordinates": [-114.09133570312926, 51.02887164818751]}}, {"type": "Feature", "properties": {"P": 1259, "D": "LIP2", "code": "LIP", "Z": 1082.249, "flagged": true, "seeded": ""}, "geometry": {"type": "Point", "coordinates": [-114.09132997984447, 51.02886097282557]}}, {"type": "Feature", "properties": {"P": 1260, "D": "LIP2", "code": "LIP", "Z": 1082.25, "flagged": true, "seeded": "horizontal blunder: offset 2.3 m"}, "geometry": {"type": "Point", "coordinates": [-114.09132269671726, 51.028869024352254]}}, {"type": "Feature", "properties": {"P": 1261, "D": "LIP2", "code": "LIP", "Z": 1082.187, "flagged": false, "seeded": ""}, "geometry": {"type": "Point", "coordinates": [-114.09132364972875, 51.02881716168213]}}, {"type": "Feature", "properties": {"P": 1262, "D": "LIP2", "code": "LIP", "Z": 1082.104, "flagged": false, "seeded": ""}, "geometry": {"type": "Point", "coordinates": [-114.09132498884426, 51.028773164749886]}}, {"type": "Feature", "properties": {"P": 1263, "D": "LIP2", "code": "LIP", "Z": 1082.037, "flagged": false, "seeded": ""}, "geometry": {"type": "Point", "coordinates": [-114.09132946383974, 51.028728976581704]}}, {"type": "Feature", "properties": {"P": 1264, "D": "LIP2", "code": "LIP", "Z": 1081.976, "flagged": false, "seeded": ""}, "geometry": {"type": "Point", "coordinates": [-114.09133653806585, 51.02870168713083]}}, {"type": "Feature", "properties": {"P": 1265, "D": "LIP2", "code": "LIP", "Z": 1081.822, "flagged": false, "seeded": ""}, "geometry": {"type": "Point", "coordinates": [-114.09135855892907, 51.02862702793866]}}, {"type": "Feature", "properties": {"P": 1266, "D": "LIP2", "code": "LIP", "Z": 1081.676, "flagged": false, "seeded": ""}, "geometry": {"type": "Point", "coordinates": [-114.0913805370078, 51.0285523957441]}}, {"type": "Feature", "properties": {"P": 1267, "D": "LIP2", "code": "LIP", "Z": 1081.65, "flagged": false, "seeded": ""}, "geometry": {"type": "Point", "coordinates": [-114.09138669122535, 51.028528496148425]}}, {"type": "Feature", "properties": {"P": 1268, "D": "LIP2", "code": "LIP", "Z": 1081.583, "flagged": false, "seeded": ""}, "geometry": {"type": "Point", "coordinates": [-114.09139359494507, 51.028494275721094]}}, {"type": "Feature", "properties": {"P": 1269, "D": "SW2", "code": "SW", "Z": 1081.475, "flagged": true, "seeded": "wrong valid code: LIP2 -> SW2 (feature is lip of gutter)"}, "geometry": {"type": "Point", "coordinates": [-114.09140142596947, 51.028445913674474]}}, {"type": "Feature", "properties": {"P": 1270, "D": "LIP2", "code": "LIP", "Z": 1081.372, "flagged": false, "seeded": ""}, "geometry": {"type": "Point", "coordinates": [-114.0914092000083, 51.028397578640785]}}, {"type": "Feature", "properties": {"P": 1271, "D": "LIP2", "code": "LIP", "Z": 1081.271, "flagged": false, "seeded": ""}, "geometry": {"type": "Point", "coordinates": [-114.09141280570759, 51.02834635216379]}}, {"type": "Feature", "properties": {"P": 1272, "D": "LIP2", "code": "LIP", "Z": 1081.199, "flagged": false, "seeded": ""}, "geometry": {"type": "Point", "coordinates": [-114.0914162974606, 51.028295179713915]}}, {"type": "Feature", "properties": {"P": 1273, "D": "LIP2", "code": "LIP", "Z": 1081.098, "flagged": false, "seeded": ""}, "geometry": {"type": "Point", "coordinates": [-114.0914175447311, 51.02825527318971]}}, {"type": "Feature", "properties": {"P": 1274, "D": "LIP2", "code": "LIP", "Z": 1081.013, "flagged": false, "seeded": ""}, "geometry": {"type": "Point", "coordinates": [-114.0914169896952, 51.028226758102214]}}, {"type": "Feature", "properties": {"P": 1275, "D": "LIP2", "code": "LIP", "Z": 1080.803, "flagged": false, "seeded": ""}, "geometry": {"type": "Point", "coordinates": [-114.09141146376535, 51.02814969320356]}}, {"type": "Feature", "properties": {"P": 1276, "D": "LIP2", "code": "LIP", "Z": 1080.756, "flagged": false, "seeded": ""}, "geometry": {"type": "Point", "coordinates": [-114.09141131407391, 51.02813156996231]}}, {"type": "Feature", "properties": {"P": 1277, "D": "LIP2", "code": "LIP", "Z": 1080.675, "flagged": false, "seeded": ""}, "geometry": {"type": "Point", "coordinates": [-114.09141733318053, 51.02811149111742]}}, {"type": "Feature", "properties": {"P": 1278, "D": "LIP2", "code": "LIP", "Z": 1080.683, "flagged": false, "seeded": ""}, "geometry": {"type": "Point", "coordinates": [-114.0914251012329, 51.02809638224188]}}, {"type": "Feature", "properties": {"P": 1279, "D": "LIP2", "code": "LIP", "Z": 1080.654, "flagged": false, "seeded": ""}, "geometry": {"type": "Point", "coordinates": [-114.09143600943413, 51.02808327562568]}}, {"type": "Feature", "properties": {"P": 1280, "D": "LIP2", "code": "LIP", "Z": 1080.604, "flagged": false, "seeded": ""}, "geometry": {"type": "Point", "coordinates": [-114.09145593238854, 51.02806560414506]}}, {"type": "Feature", "properties": {"P": 1281, "D": "LIP2", "code": "LIP", "Z": 1080.577, "flagged": false, "seeded": ""}, "geometry": {"type": "Point", "coordinates": [-114.09147223461648, 51.028055271140225]}}, {"type": "Feature", "properties": {"P": 1282, "D": "LIP2", "code": "LIP", "Z": 1080.528, "flagged": false, "seeded": ""}, "geometry": {"type": "Point", "coordinates": [-114.09149540456636, 51.028043197732515]}}, {"type": "Feature", "properties": {"P": 1283, "D": "LIP2", "code": "LIP", "Z": 1080.591, "flagged": false, "seeded": ""}, "geometry": {"type": "Point", "coordinates": [-114.09156279160847, 51.028014890134784]}}, {"type": "Feature", "properties": {"P": 1284, "D": "LIP2", "code": "LIP", "Z": 1080.694, "flagged": false, "seeded": ""}, "geometry": {"type": "Point", "coordinates": [-114.09163009319515, 51.02798666347291]}}, {"type": "Feature", "properties": {"P": 1285, "D": "LIP2", "code": "LIP", "Z": 1080.906, "flagged": false, "seeded": ""}, "geometry": {"type": "Point", "coordinates": [-114.0917111959554, 51.02795942380575]}}, {"type": "Feature", "properties": {"P": 1286, "D": "LIP2", "code": "LIP", "Z": 1081.237, "flagged": false, "seeded": ""}, "geometry": {"type": "Point", "coordinates": [-114.09179254090996, 51.027932156922624]}}, {"type": "Feature", "properties": {"P": 1287, "D": "LIP2", "code": "LIP", "Z": 1081.711, "flagged": false, "seeded": ""}, "geometry": {"type": "Point", "coordinates": [-114.09188155183905, 51.02790318489088]}}, {"type": "Feature", "properties": {"P": 1288, "D": "LIP2", "code": "LIP", "Z": 1081.946, "flagged": true, "seeded": ""}, "geometry": {"type": "Point", "coordinates": [-114.09192590449742, 51.02789074414045]}}, {"type": "Feature", "properties": {"P": 1289, "D": "LIP2", "code": "LIP", "Z": 1082.186, "flagged": true, "seeded": "horizontal blunder: offset 3.5 m"}, "geometry": {"type": "Point", "coordinates": [-114.09196185997808, 51.027849138205106]}}, {"type": "Feature", "properties": {"P": 1290, "D": "LIP2", "code": "LIP", "Z": 1082.36, "flagged": true, "seeded": ""}, "geometry": {"type": "Point", "coordinates": [-114.09201251465807, 51.02787329877144]}}, {"type": "Feature", "properties": {"P": 1291, "D": "LIP2", "code": "LIP", "Z": 1082.837, "flagged": false, "seeded": ""}, "geometry": {"type": "Point", "coordinates": [-114.09210807233289, 51.02786060187026]}}, {"type": "Feature", "properties": {"P": 1292, "D": "LIP2", "code": "LIP", "Z": 1082.963, "flagged": false, "seeded": ""}, "geometry": {"type": "Point", "coordinates": [-114.09214372179659, 51.027858874702304]}}, {"type": "Feature", "properties": {"P": 1293, "D": "LIP2", "code": "LIP", "Z": 1083.326, "flagged": false, "seeded": ""}, "geometry": {"type": "Point", "coordinates": [-114.09221841614817, 51.02785674813915]}}, {"type": "Feature", "properties": {"P": 1294, "D": "LIP2", "code": "LIP", "Z": 1083.73, "flagged": false, "seeded": ""}, "geometry": {"type": "Point", "coordinates": [-114.09230758884155, 51.02785918588178]}}, {"type": "Feature", "properties": {"P": 1295, "D": "LIP2", "code": "LIP", "Z": 1083.824, "flagged": false, "seeded": ""}, "geometry": {"type": "Point", "coordinates": [-114.09233112852182, 51.027861163013185]}}, {"type": "Feature", "properties": {"P": 1296, "D": "LIP2", "code": "LIP", "Z": 1083.974, "flagged": false, "seeded": ""}, "geometry": {"type": "Point", "coordinates": [-114.09237887435974, 51.02787051059187]}}, {"type": "Feature", "properties": {"P": 1297, "D": "LIP2", "code": "LIP", "Z": 1084.017, "flagged": false, "seeded": ""}, "geometry": {"type": "Point", "coordinates": [-114.09239292364686, 51.02787436508281]}}, {"type": "Feature", "properties": {"P": 1298, "D": "LIP2", "code": "LIP", "Z": 1084.061, "flagged": false, "seeded": ""}, "geometry": {"type": "Point", "coordinates": [-114.09240871537062, 51.02787986332062]}}, {"type": "Feature", "properties": {"P": 1299, "D": "LIP2", "code": "LIP", "Z": 1084.126, "flagged": false, "seeded": ""}, "geometry": {"type": "Point", "coordinates": [-114.09243746693183, 51.02789334320402]}}, {"type": "Feature", "properties": {"P": 1300, "D": "LIP2", "code": "LIP", "Z": 1084.285, "flagged": false, "seeded": ""}, "geometry": {"type": "Point", "coordinates": [-114.09249378388238, 51.02792594945857]}}, {"type": "Feature", "properties": {"P": 1301, "D": "LIP2 E", "code": "LIP", "Z": 1084.383, "flagged": false, "seeded": ""}, "geometry": {"type": "Point", "coordinates": [-114.09253502431622, 51.02795426152886]}}, {"type": "Feature", "properties": {"P": 1302, "D": "LIP3 B", "code": "LIP", "Z": 1084.854, "flagged": false, "seeded": ""}, "geometry": {"type": "Point", "coordinates": [-114.09217255370956, 51.029142014430406]}}, {"type": "Feature", "properties": {"P": 1303, "D": "LIP3", "code": "LIP", "Z": 1085.248, "flagged": false, "seeded": ""}, "geometry": {"type": "Point", "coordinates": [-114.09230187447835, 51.029166562283336]}}, {"type": "Feature", "properties": {"P": 1304, "D": "LIP3 E", "code": "LIP", "Z": 1085.392, "flagged": false, "seeded": ""}, "geometry": {"type": "Point", "coordinates": [-114.09235043019706, 51.0291738775466]}}, {"type": "Feature", "properties": {"P": 1305, "D": "LIP1 B", "code": "LIP", "Z": 1085.23, "flagged": false, "seeded": ""}, "geometry": {"type": "Point", "coordinates": [-114.09230830268507, 51.02925926859555]}}, {"type": "Feature", "properties": {"P": 1306, "D": "LIP1 E", "code": "LIP", "Z": 1084.974, "flagged": false, "seeded": ""}, "geometry": {"type": "Point", "coordinates": [-114.09221281239432, 51.029242685957094]}}, {"type": "Feature", "properties": {"P": 1307, "D": "LIP2 B", "code": "LIP", "Z": 1080.064, "flagged": false, "seeded": ""}, "geometry": {"type": "Point", "coordinates": [-114.09145712840203, 51.02788376730634]}}, {"type": "Feature", "properties": {"P": 1308, "D": "LIP2", "code": "LIP", "Z": 1079.934, "flagged": false, "seeded": ""}, "geometry": {"type": "Point", "coordinates": [-114.09143161070844, 51.027876307791956]}}, {"type": "Feature", "properties": {"P": 1309, "D": "LIP2", "code": "LIP", "Z": 1079.842, "flagged": false, "seeded": ""}, "geometry": {"type": "Point", "coordinates": [-114.09138514082152, 51.02785603626833]}}, {"type": "Feature", "properties": {"P": 1310, "D": "LIP2", "code": "LIP", "Z": 1079.822, "flagged": false, "seeded": ""}, "geometry": {"type": "Point", "coordinates": [-114.0913723365922, 51.02784734419107]}}, {"type": "Feature", "properties": {"P": 1311, "D": "LIP2 E", "code": "LIP", "Z": 1079.803, "flagged": false, "seeded": ""}, "geometry": {"type": "Point", "coordinates": [-114.09135930996544, 51.02783429225193]}}, {"type": "Feature", "properties": {"P": 1312, "D": "LIP3 B", "code": "LIP", "Z": 1079.801, "flagged": false, "seeded": ""}, "geometry": {"type": "Point", "coordinates": [-114.09143730372219, 51.02790062963231]}}, {"type": "Feature", "properties": {"P": 1313, "D": "LIP3", "code": "LIP", "Z": 1079.715, "flagged": false, "seeded": ""}, "geometry": {"type": "Point", "coordinates": [-114.09141043159649, 51.02789309026521]}}, {"type": "Feature", "properties": {"P": 1314, "D": "LIP3", "code": "LIP", "Z": 1079.682, "flagged": false, "seeded": ""}, "geometry": {"type": "Point", "coordinates": [-114.09138884769926, 51.02788526807397]}}, {"type": "Feature", "properties": {"P": 1315, "D": "LIP3", "code": "LIP", "Z": 1079.658, "flagged": false, "seeded": ""}, "geometry": {"type": "Point", "coordinates": [-114.09137654888829, 51.027879874844466]}}, {"type": "Feature", "properties": {"P": 1316, "D": "LIP3", "code": "LIP", "Z": 1079.643, "flagged": false, "seeded": ""}, "geometry": {"type": "Point", "coordinates": [-114.09136647269096, 51.02787385059267]}}, {"type": "Feature", "properties": {"P": 1317, "D": "LIP3 E", "code": "LIP", "Z": 1079.544, "flagged": false, "seeded": ""}, "geometry": {"type": "Point", "coordinates": [-114.09132945478375, 51.02784662257113]}}, {"type": "Feature", "properties": {"P": 1318, "D": "LIP1 B", "code": "LIP", "Z": 1082.507, "flagged": false, "seeded": ""}, "geometry": {"type": "Point", "coordinates": [-114.09115067342667, 51.02908031012874]}}, {"type": "Feature", "properties": {"P": 1319, "D": "LIP1 E", "code": "LIP", "Z": 1082.515, "flagged": false, "seeded": ""}, "geometry": {"type": "Point", "coordinates": [-114.09118688780966, 51.02904631856528]}}, {"type": "Feature", "properties": {"P": 1320, "D": "LIP2 B", "code": "LIP", "Z": 1079.942, "flagged": false, "seeded": ""}, "geometry": {"type": "Point", "coordinates": [-114.09118520661858, 51.027927930737704]}}, {"type": "Feature", "properties": {"P": 1321, "D": "LIP2", "code": "LIP", "Z": 1080.189, "flagged": false, "seeded": ""}, "geometry": {"type": "Point", "coordinates": [-114.0911986714133, 51.02796814042319]}}, {"type": "Feature", "properties": {"P": 1322, "D": "LIP2", "code": "LIP", "Z": 1080.477, "flagged": false, "seeded": ""}, "geometry": {"type": "Point", "coordinates": [-114.0912152656286, 51.028026668797786]}}, {"type": "Feature", "properties": {"P": 1323, "D": "LIP2", "code": "LIP", "Z": 1080.628, "flagged": false, "seeded": ""}, "geometry": {"type": "Point", "coordinates": [-114.0912311967527, 51.02807417623988]}}, {"type": "Feature", "properties": {"P": 1324, "D": "LIP2", "code": "LIP", "Z": 1080.776, "flagged": false, "seeded": ""}, "geometry": {"type": "Point", "coordinates": [-114.09123818542365, 51.02810498768517]}}, {"type": "Feature", "properties": {"P": 1325, "D": "LIP2", "code": "LIP", "Z": 1080.906, "flagged": false, "seeded": ""}, "geometry": {"type": "Point", "coordinates": [-114.09124287175258, 51.0281393878421]}}, {"type": "Feature", "properties": {"P": 1326, "D": "LIP2", "code": "LIP", "Z": 1081.201, "flagged": false, "seeded": ""}, "geometry": {"type": "Point", "coordinates": [-114.09124929256424, 51.02820769602289]}}, {"type": "Feature", "properties": {"P": 1327, "D": "LIP2", "code": "LIP", "Z": 1081.313, "flagged": false, "seeded": ""}, "geometry": {"type": "Point", "coordinates": [-114.09125419775867, 51.028280949754475]}}, {"type": "Feature", "properties": {"P": 1328, "D": "LIP2", "code": "LIP", "Z": 1081.432, "flagged": false, "seeded": ""}, "geometry": {"type": "Point", "coordinates": [-114.09125104300871, 51.02833685954035]}}, {"type": "Feature", "properties": {"P": 1329, "D": "LIP2", "code": "LIP", "Z": 1081.57, "flagged": false, "seeded": ""}, "geometry": {"type": "Point", "coordinates": [-114.0912479737495, 51.02839275127933]}}, {"type": "Feature", "properties": {"P": 1330, "D": "LIP2", "code": "LIP", "Z": 1081.652, "flagged": false, "seeded": ""}, "geometry": {"type": "Point", "coordinates": [-114.09124321685609, 51.02843133904616]}}, {"type": "Feature", "properties": {"P": 1331, "D": "LIP2", "code": "LIP", "Z": 1081.851, "flagged": false, "seeded": ""}, "geometry": {"type": "Point", "coordinates": [-114.09122974223267, 51.028495140906884]}}, {"type": "Feature", "properties": {"P": 1332, "D": "LPI2", "code": "LPI", "Z": 1081.983, "flagged": true, "seeded": "code typo: LIP2 -> LPI2"}, "geometry": {"type": "Point", "coordinates": [-114.09121208740414, 51.02855728292235]}}, {"type": "Feature", "properties": {"P": 1333, "D": "LIP2", "code": "LIP", "Z": 1082.109, "flagged": false, "seeded": ""}, "geometry": {"type": "Point", "coordinates": [-114.09119441809645, 51.028619335048184]}}, {"type": "Feature", "properties": {"P": 1334, "D": "LIP2", "code": "LIP", "Z": 1082.282, "flagged": false, "seeded": ""}, "geometry": {"type": "Point", "coordinates": [-114.0911730543098, 51.02868753005922]}}, {"type": "Feature", "properties": {"P": 1335, "D": "LIP2", "code": "LIP", "Z": 1082.374, "flagged": false, "seeded": ""}, "geometry": {"type": "Point", "coordinates": [-114.09115488873596, 51.02873646650477]}}, {"type": "Feature", "properties": {"P": 1336, "D": "LIP2", "code": "LIP", "Z": 1082.503, "flagged": false, "seeded": ""}, "geometry": {"type": "Point", "coordinates": [-114.0911219294548, 51.02880187473362]}}, {"type": "Feature", "properties": {"P": 1337, "D": "LIP2", "code": "LIP", "Z": 1082.497, "flagged": false, "seeded": ""}, "geometry": {"type": "Point", "coordinates": [-114.09111340520981, 51.028816768422445]}}, {"type": "Feature", "properties": {"P": 1338, "D": "LIP2", "code": "LIP", "Z": 1082.536, "flagged": false, "seeded": ""}, "geometry": {"type": "Point", "coordinates": [-114.09108450096896, 51.02886368154205]}}, {"type": "Feature", "properties": {"P": 1339, "D": "LIP2", "code": "LIP", "Z": 1082.607, "flagged": false, "seeded": ""}, "geometry": {"type": "Point", "coordinates": [-114.09105542553033, 51.02891055882846]}}, {"type": "Feature", "properties": {"P": 1340, "D": "LIP2 E", "code": "LIP", "Z": 1082.625, "flagged": false, "seeded": ""}, "geometry": {"type": "Point", "coordinates": [-114.09101801279148, 51.02896593792388]}}, {"type": "Feature", "properties": {"P": 1341, "D": "LIP3 B", "code": "LIP", "Z": 1079.804, "flagged": false, "seeded": ""}, "geometry": {"type": "Point", "coordinates": [-114.09121077297667, 51.027909346929]}}, {"type": "Feature", "properties": {"P": 1342, "D": "LIP3", "code": "LIP", "Z": 1080.17, "flagged": false, "seeded": ""}, "geometry": {"type": "Point", "coordinates": [-114.09123525790521, 51.0279716628218]}}, {"type": "Feature", "properties": {"P": 1343, "D": "LIP3", "code": "LIP", "Z": 1080.431, "flagged": false, "seeded": ""}, "geometry": {"type": "Point", "coordinates": [-114.09125168118358, 51.02802297254635]}}, {"type": "Feature", "properties": {"P": 1344, "D": "LIP3", "code": "LIP", "Z": 1080.552, "flagged": false, "seeded": ""}, "geometry": {"type": "Point", "coordinates": [-114.09126960478717, 51.0280905615539]}}, {"type": "Feature", "properties": {"P": 1345, "D": "LIP3", "code": "LIP", "Z": 1080.8, "flagged": false, "seeded": ""}, "geometry": {"type": "Point", "coordinates": [-114.09127463002886, 51.02811605259174]}}, {"type": "Feature", "properties": {"P": 1346, "D": "LIP3", "code": "LIP", "Z": 1080.919, "flagged": false, "seeded": ""}, "geometry": {"type": "Point", "coordinates": [-114.09127885201661, 51.02814628186072]}}, {"type": "Feature", "properties": {"P": 1347, "D": "LIP3", "code": "LIP", "Z": 1081.141, "flagged": false, "seeded": ""}, "geometry": {"type": "Point", "coordinates": [-114.0912829894591, 51.028206042560335]}}, {"type": "Feature", "properties": {"P": 1348, "D": "LIP3", "code": "LIP", "Z": 1081.143, "flagged": false, "seeded": ""}, "geometry": {"type": "Point", "coordinates": [-114.09128412395778, 51.02826107699061]}}, {"type": "Feature", "properties": {"P": 1349, "D": "LIP3", "code": "LIP", "Z": 1081.346, "flagged": false, "seeded": ""}, "geometry": {"type": "Point", "coordinates": [-114.09128511567395, 51.028315994665014]}}, {"type": "Feature", "properties": {"P": 1350, "D": "LIP3", "code": "LIP", "Z": 1081.568, "flagged": false, "seeded": ""}, "geometry": {"type": "Point", "coordinates": [-114.09128080902208, 51.02838057148047]}}, {"type": "Feature", "properties": {"P": 1351, "D": "LIP3", "code": "LIP", "Z": 1081.531, "flagged": false, "seeded": ""}, "geometry": {"type": "Point", "coordinates": [-114.09127521119304, 51.02842647757069]}}, {"type": "Feature", "properties": {"P": 1352, "D": "LIP3", "code": "LIP", "Z": 1081.783, "flagged": false, "seeded": ""}, "geometry": {"type": "Point", "coordinates": [-114.09126958484174, 51.02847238368257]}}, {"type": "Feature", "properties": {"P": 1353, "D": "LIP3", "code": "LIP", "Z": 1081.853, "flagged": false, "seeded": ""}, "geometry": {"type": "Point", "coordinates": [-114.0912568418976, 51.02853127656531]}}, {"type": "Feature", "properties": {"P": 1354, "D": "LIP3", "code": "LIP", "Z": 1081.972, "flagged": false, "seeded": ""}, "geometry": {"type": "Point", "coordinates": [-114.09123938520597, 51.028592672279686]}}, {"type": "Feature", "properties": {"P": 1355, "D": "LIP3", "code": "LIP", "Z": 1082.18, "flagged": false, "seeded": ""}, "geometry": {"type": "Point", "coordinates": [-114.09120713698817, 51.028678882284346]}}, {"type": "Feature", "properties": {"P": 1356, "D": "LIP3", "code": "LIP", "Z": 1082.34, "flagged": false, "seeded": ""}, "geometry": {"type": "Point", "coordinates": [-114.09118966114528, 51.02872331432722]}}, {"type": "Feature", "properties": {"P": 1357, "D": "LIP3", "code": "LIP", "Z": 1082.354, "flagged": false, "seeded": ""}, "geometry": {"type": "Point", "coordinates": [-114.09117229934996, 51.02876776425768]}}, {"type": "Feature", "properties": {"P": 1358, "D": "LIP3", "code": "LIP", "Z": 1082.354, "flagged": false, "seeded": ""}, "geometry": {"type": "Point", "coordinates": [-114.09114382504698, 51.028823055513314]}}, {"type": "Feature", "properties": {"P": 1359, "D": "LIP3", "code": "LIP", "Z": 1082.501, "flagged": false, "seeded": ""}, "geometry": {"type": "Point", "coordinates": [-114.09111458489926, 51.02887313329778]}}, {"type": "Feature", "properties": {"P": 1360, "D": "LIP3", "code": "LIP", "Z": 1082.588, "flagged": false, "seeded": ""}, "geometry": {"type": "Point", "coordinates": [-114.09107538191971, 51.0289315163875]}}, {"type": "Feature", "properties": {"P": 1361, "D": "LIP3 E", "code": "LIP", "Z": 1082.551, "flagged": false, "seeded": ""}, "geometry": {"type": "Point", "coordinates": [-114.09103617885934, 51.02898990845327]}}, {"type": "Feature", "properties": {"P": 1362, "D": "SW1 B", "code": "SW", "Z": 1085.6, "flagged": true, "seeded": ""}, "geometry": {"type": "Point", "coordinates": [-114.09306009993283, 51.02826211248813]}}, {"type": "Feature", "properties": {"P": 1363, "D": "SW1", "code": "SW", "Z": 1085.716, "flagged": false, "seeded": ""}, "geometry": {"type": "Point", "coordinates": [-114.09311031714266, 51.02832356245385]}}, {"type": "Feature", "properties": {"P": 1364, "D": "SW1 E", "code": "SW", "Z": 1085.83, "flagged": false, "seeded": ""}, "geometry": {"type": "Point", "coordinates": [-114.09315644766987, 51.028394391975574]}}, {"type": "Feature", "properties": {"P": 1365, "D": "SW2 B", "code": "SW", "Z": 1085.877, "flagged": true, "seeded": ""}, "geometry": {"type": "Point", "coordinates": [-114.09318815617009, 51.02844615670711]}}, {"type": "Feature", "properties": {"P": 1366, "D": "SW2", "code": "SW", "Z": 1085.998, "flagged": false, "seeded": ""}, "geometry": {"type": "Point", "coordinates": [-114.09320339543855, 51.02847458815712]}}, {"type": "Feature", "properties": {"P": 1367, "D": "SW2", "code": "SW", "Z": 1086.158, "flagged": false, "seeded": ""}, "geometry": {"type": "Point", "coordinates": [-114.09324380843437, 51.02855897876128]}}, {"type": "Feature", "properties": {"P": 1368, "D": "SW2", "code": "SW", "Z": 1086.31, "flagged": false, "seeded": ""}, "geometry": {"type": "Point", "coordinates": [-114.09326447550232, 51.02861398859365]}}, {"type": "Feature", "properties": {"P": 1369, "D": "SW2 E", "code": "SW", "Z": 1086.445, "flagged": false, "seeded": ""}, "geometry": {"type": "Point", "coordinates": [-114.09328657085796, 51.02868453158764]}}, {"type": "Feature", "properties": {"P": 1370, "D": "SW3 B", "code": "SW", "Z": 1086.441, "flagged": false, "seeded": ""}, "geometry": {"type": "Point", "coordinates": [-114.09329871108265, 51.028731430465456]}}, {"type": "Feature", "properties": {"P": 1371, "D": "SW3", "code": "SW", "Z": 1086.598, "flagged": false, "seeded": ""}, "geometry": {"type": "Point", "coordinates": [-114.09330647368814, 51.02877066457141]}}, {"type": "Feature", "properties": {"P": 1372, "D": "SW3", "code": "SW", "Z": 1086.667, "flagged": false, "seeded": ""}, "geometry": {"type": "Point", "coordinates": [-114.09331209928429, 51.02881056562517]}}, {"type": "Feature", "properties": {"P": 1373, "D": "SW3", "code": "SW", "Z": 1086.815, "flagged": false, "seeded": ""}, "geometry": {"type": "Point", "coordinates": [-114.09331837040249, 51.02887375863128]}}, {"type": "Feature", "properties": {"P": 1374, "D": "SW3", "code": "SW", "Z": 1086.942, "flagged": false, "seeded": ""}, "geometry": {"type": "Point", "coordinates": [-114.09332146161326, 51.028929411767095]}}, {"type": "Feature", "properties": {"P": 1375, "D": "SW3", "code": "SW", "Z": 1087.075, "flagged": false, "seeded": ""}, "geometry": {"type": "Point", "coordinates": [-114.09332084374121, 51.02899797715936]}}, {"type": "Feature", "properties": {"P": 1376, "D": "SW3", "code": "SW", "Z": 1087.076, "flagged": false, "seeded": ""}, "geometry": {"type": "Point", "coordinates": [-114.09331513373532, 51.029043847473474]}}, {"type": "Feature", "properties": {"P": 1377, "D": "SW3 E", "code": "SW", "Z": 1087.181, "flagged": false, "seeded": ""}, "geometry": {"type": "Point", "coordinates": [-114.0933094096068, 51.02908978971631]}}, {"type": "Feature", "properties": {"P": 1378, "D": "SW1 B", "code": "SW", "Z": 1087.271, "flagged": false, "seeded": ""}, "geometry": {"type": "Point", "coordinates": [-114.09330532215499, 51.02912016937781]}}, {"type": "Feature", "properties": {"P": 1379, "D": "SW1", "code": "SW", "Z": 1087.363, "flagged": false, "seeded": ""}, "geometry": {"type": "Point", "coordinates": [-114.09329705065349, 51.02916832513409]}}, {"type": "Feature", "properties": {"P": 1380, "D": "SW1", "code": "SW", "Z": 1087.461, "flagged": false, "seeded": ""}, "geometry": {"type": "Point", "coordinates": [-114.09328880762854, 51.02921647187687]}}, {"type": "Feature", "properties": {"P": 1381, "D": "SW1", "code": "SW", "Z": 1087.511, "flagged": false, "seeded": ""}, "geometry": {"type": "Point", "coordinates": [-114.09327995005161, 51.02925675306969]}}, {"type": "Feature", "properties": {"P": 1382, "D": "SW1", "code": "SW", "Z": 1087.549, "flagged": false, "seeded": ""}, "geometry": {"type": "Point", "coordinates": [-114.09328016107378, 51.02926245240876]}}, {"type": "Feature", "properties": {"P": 1383, "D": "SW1", "code": "SW", "Z": 1087.569, "flagged": false, "seeded": ""}, "geometry": {"type": "Point", "coordinates": [-114.09328313926707, 51.0292689136686]}}, {"type": "Feature", "properties": {"P": 1384, "D": "SW1", "code": "SW", "Z": 1087.581, "flagged": false, "seeded": ""}, "geometry": {"type": "Point", "coordinates": [-114.09328634053834, 51.029272875597194]}}, {"type": "Feature", "properties": {"P": 1385, "D": "SW1", "code": "SW", "Z": 1087.594, "flagged": false, "seeded": ""}, "geometry": {"type": "Point", "coordinates": [-114.09329652041775, 51.029280562704855]}}, {"type": "Feature", "properties": {"P": 1386, "D": "SW1", "code": "SW", "Z": 1087.669, "flagged": false, "seeded": ""}, "geometry": {"type": "Point", "coordinates": [-114.09331555207554, 51.029287685378854]}}, {"type": "Feature", "properties": {"P": 1387, "D": "SW1 E", "code": "SW", "Z": 1087.767, "flagged": false, "seeded": ""}, "geometry": {"type": "Point", "coordinates": [-114.09340294455752, 51.029303797131355]}}, {"type": "Feature", "properties": {"P": 1388, "D": "SW2 B", "code": "SW", "Z": 1083.817, "flagged": false, "seeded": ""}, "geometry": {"type": "Point", "coordinates": [-114.09279191333766, 51.027806949379496]}}, {"type": "Feature", "properties": {"P": 1389, "D": "SW2 E", "code": "SW", "Z": 1084.04, "flagged": false, "seeded": ""}, "geometry": {"type": "Point", "coordinates": [-114.09276482694213, 51.02783498298067]}}, {"type": "Feature", "properties": {"P": 1390, "D": "SW3 B", "code": "SW", "Z": 1087.016, "flagged": false, "seeded": ""}, "geometry": {"type": "Point", "coordinates": [-114.09315889778946, 51.02896239904023]}}, {"type": "Feature", "properties": {"P": 1391, "D": "SW3", "code": "SW", "Z": 1086.823, "flagged": false, "seeded": ""}, "geometry": {"type": "Point", "coordinates": [-114.09315941520877, 51.02889338424054]}}, {"type": "Feature", "properties": {"P": 1392, "D": "SW3 E", "code": "SW", "Z": 1086.717, "flagged": false, "seeded": ""}, "geometry": {"type": "Point", "coordinates": [-114.09315493632312, 51.028842316983955]}}, {"type": "Feature", "properties": {"P": 1393, "D": "SW1 B", "code": "SW", "Z": 1086.616, "flagged": false, "seeded": ""}, "geometry": {"type": "Point", "coordinates": [-114.09314896701189, 51.02879445126935]}}, {"type": "Feature", "properties": {"P": 1394, "D": "SW1", "code": "SW", "Z": 1086.534, "flagged": false, "seeded": ""}, "geometry": {"type": "Point", "coordinates": [-114.09314186083829, 51.02875548632275]}}, {"type": "Feature", "properties": {"P": 1395, "D": "SW1", "code": "SW", "Z": 1086.439, "flagged": false, "seeded": ""}, "geometry": {"type": "Point", "coordinates": [-114.0931341833448, 51.02872308435578]}}, {"type": "Feature", "properties": {"P": 1396, "D": "SW1", "code": "SW", "Z": 1086.296, "flagged": false, "seeded": ""}, "geometry": {"type": "Point", "coordinates": [-114.0931121536987, 51.02864965556807]}}, {"type": "Feature", "properties": {"P": 1397, "D": "SW1", "code": "SW", "Z": 1086.222, "flagged": false, "seeded": ""}, "geometry": {"type": "Point", "coordinates": [-114.09309820839094, 51.0286124580598]}}, {"type": "Feature", "properties": {"P": 1398, "D": "SW1", "code": "SW", "Z": 1086.12, "flagged": false, "seeded": ""}, "geometry": {"type": "Point", "coordinates": [-114.09307755050484, 51.028561934081246]}}, {"type": "Feature", "properties": {"P": 1399, "D": "SW1", "code": "SW", "Z": 1086.02, "flagged": false, "seeded": ""}, "geometry": {"type": "Point", "coordinates": [-114.09305034781761, 51.02850354027964]}}, {"type": "Feature", "properties": {"P": 1400, "D": "SW1", "code": "SW", "Z": 1085.895, "flagged": false, "seeded": ""}, "geometry": {"type": "Point", "coordinates": [-114.09302213430574, 51.02845289644944]}}, {"type": "Feature", "properties": {"P": 1401, "D": "SW1", "code": "SW", "Z": 1085.832, "flagged": false, "seeded": ""}, "geometry": {"type": "Point", "coordinates": [-114.09300808898517, 51.02842976798434]}}, {"type": "Feature", "properties": {"P": 1402, "D": "SW1", "code": "SW", "Z": 1085.724, "flagged": false, "seeded": ""}, "geometry": {"type": "Point", "coordinates": [-114.0929722282378, 51.02837596583157]}}, {"type": "Feature", "properties": {"P": 1403, "D": "SW1", "code": "SW", "Z": 1085.619, "flagged": false, "seeded": ""}, "geometry": {"type": "Point", "coordinates": [-114.09293911316568, 51.028333551510826]}}, {"type": "Feature", "properties": {"P": 1404, "D": "SW1", "code": "SW", "Z": 1085.526, "flagged": false, "seeded": ""}, "geometry": {"type": "Point", "coordinates": [-114.09290237560585, 51.028290321991925]}}, {"type": "Feature", "properties": {"P": 1405, "D": "SW1", "code": "SW", "Z": 1085.445, "flagged": false, "seeded": "missing end: SW1 last point lost 'E'"}, "geometry": {"type": "Point", "coordinates": [-114.09286533894546, 51.02824719158623]}}, {"type": "Feature", "properties": {"P": 1406, "D": "SW2 B", "code": "SW", "Z": 1085.384, "flagged": false, "seeded": ""}, "geometry": {"type": "Point", "coordinates": [-114.09235040161393, 51.02917384161014]}}, {"type": "Feature", "properties": {"P": 1407, "D": "SW2", "code": "SW", "Z": 1085.723, "flagged": false, "seeded": ""}, "geometry": {"type": "Point", "coordinates": [-114.09246724181737, 51.0291877732461]}}, {"type": "Feature", "properties": {"P": 1408, "D": "SW2", "code": "SW", "Z": 1085.932, "flagged": false, "seeded": ""}, "geometry": {"type": "Point", "coordinates": [-114.09254891590557, 51.029196069071055]}}, {"type": "Feature", "properties": {"P": 1409, "D": "SW2", "code": "SW", "Z": 1086.186, "flagged": false, "seeded": ""}, "geometry": {"type": "Point", "coordinates": [-114.09263404822548, 51.02920136850786]}}, {"type": "Feature", "properties": {"P": 1410, "D": "SW2", "code": "SW", "Z": 1086.475, "flagged": false, "seeded": ""}, "geometry": {"type": "Point", "coordinates": [-114.0927191663268, 51.02920667688368]}}, {"type": "Feature", "properties": {"P": 1411, "D": "SW2", "code": "SW", "Z": 1086.781, "flagged": false, "seeded": ""}, "geometry": {"type": "Point", "coordinates": [-114.09281783464598, 51.02920841449159]}}, {"type": "Feature", "properties": {"P": 1412, "D": "SW2", "code": "SW", "Z": 1087.092, "flagged": false, "seeded": ""}, "geometry": {"type": "Point", "coordinates": [-114.09291630337263, 51.0292101431851]}}, {"type": "Feature", "properties": {"P": 1413, "D": "SW2", "code": "SW", "Z": 1087.296, "flagged": false, "seeded": ""}, "geometry": {"type": "Point", "coordinates": [-114.09300229136977, 51.02920844764042]}}, {"type": "Feature", "properties": {"P": 1414, "D": "SW2", "code": "SW", "Z": 1087.325, "flagged": false, "seeded": ""}, "geometry": {"type": "Point", "coordinates": [-114.09302797644139, 51.02920644945016]}}, {"type": "Feature", "properties": {"P": 1415, "D": "SW2", "code": "SW", "Z": 1087.378, "flagged": false, "seeded": ""}, "geometry": {"type": "Point", "coordinates": [-114.0930564075061, 51.02920176112962]}}, {"type": "Feature", "properties": {"P": 1416, "D": "SW2", "code": "SW", "Z": 1087.397, "flagged": false, "seeded": ""}, "geometry": {"type": "Point", "coordinates": [-114.09306952923279, 51.029197804176015]}}, {"type": "Feature", "properties": {"P": 1417, "D": "SW2", "code": "SW", "Z": 1087.397, "flagged": false, "seeded": ""}, "geometry": {"type": "Point", "coordinates": [-114.09307948580083, 51.02919366994672]}}, {"type": "Feature", "properties": {"P": 1418, "D": "SW2", "code": "SW", "Z": 1087.408, "flagged": false, "seeded": ""}, "geometry": {"type": "Point", "coordinates": [-114.09310086094334, 51.029182235925525]}}, {"type": "Feature", "properties": {"P": 1419, "D": "SW2", "code": "SW", "Z": 1087.417, "flagged": false, "seeded": ""}, "geometry": {"type": "Point", "coordinates": [-114.09311102514674, 51.02917500905084]}}, {"type": "Feature", "properties": {"P": 1420, "D": "SW2", "code": "SW", "Z": 1087.4, "flagged": false, "seeded": ""}, "geometry": {"type": "Point", "coordinates": [-114.09312205353056, 51.02916507556902]}}, {"type": "Feature", "properties": {"P": 1421, "D": "SW2", "code": "SW", "Z": 1087.381, "flagged": false, "seeded": ""}, "geometry": {"type": "Point", "coordinates": [-114.09312951921387, 51.02915577420846]}}, {"type": "Feature", "properties": {"P": 1422, "D": "SW2", "code": "SW", "Z": 1087.357, "flagged": false, "seeded": ""}, "geometry": {"type": "Point", "coordinates": [-114.09313657670481, 51.02914196930315]}}, {"type": "Feature", "properties": {"P": 1423, "D": "SW2 E", "code": "SW", "Z": 1087.258, "flagged": false, "seeded": ""}, "geometry": {"type": "Point", "coordinates": [-114.09314844736039, 51.02908284318253]}}, {"type": "Feature", "properties": {"P": 1424, "D": "SW3 B", "code": "SW", "Z": 1087.576, "flagged": false, "seeded": ""}, "geometry": {"type": "Point", "coordinates": [-114.09304962519937, 51.02943133801459]}}, {"type": "Feature", "properties": {"P": 1425, "D": "SW3 E", "code": "SW", "Z": 1087.433, "flagged": false, "seeded": ""}, "geometry": {"type": "Point", "coordinates": [-114.09305235194695, 51.029404789084595]}}, {"type": "Feature", "properties": {"P": 1426, "D": "SW1 B", "code": "SW", "Z": 1084.101, "flagged": true, "seeded": ""}, "geometry": {"type": "Point", "coordinates": [-114.09277686962751, 51.02784053808322]}}, {"type": "Feature", "properties": {"P": 1427, "D": "SW1", "code": "SW", "Z": 1084.274, "flagged": false, "seeded": ""}, "geometry": {"type": "Point", "coordinates": [-114.09275545231688, 51.027873430642316]}}, {"type": "Feature", "properties": {"P": 1428, "D": "SW1", "code": "SW", "Z": 1084.317, "flagged": false, "seeded": ""}, "geometry": {"type": "Point", "coordinates": [-114.09275088169457, 51.027883269069086]}}, {"type": "Feature", "properties": {"P": 1429, "D": "SW1", "code": "SW", "Z": 1084.492, "flagged": false, "seeded": ""}, "geometry": {"type": "Point", "coordinates": [-114.09274495447394, 51.02791337149476]}}, {"type": "Feature", "properties": {"P": 1430, "D": "SW1", "code": "SW", "Z": 1084.503, "flagged": false, "seeded": ""}, "geometry": {"type": "Point", "coordinates": [-114.09274468182215, 51.02792675746602]}}, {"type": "Feature", "properties": {"P": 1431, "D": "SW1", "code": "SW", "Z": 1084.564, "flagged": false, "seeded": ""}, "geometry": {"type": "Point", "coordinates": [-114.09274694407573, 51.0279388558896]}}, {"type": "Feature", "properties": {"P": 1432, "D": "SW1", "code": "SW", "Z": 1084.744, "flagged": false, "seeded": ""}, "geometry": {"type": "Point", "coordinates": [-114.09275554406962, 51.02796225840289]}}, {"type": "Feature", "properties": {"P": 1433, "D": "SW1", "code": "SW", "Z": 1084.799, "flagged": false, "seeded": ""}, "geometry": {"type": "Point", "coordinates": [-114.09276222394301, 51.02797356222073]}}, {"type": "Feature", "properties": {"P": 1434, "D": "SW1 E", "code": "SW", "Z": 1085.055, "flagged": false, "seeded": ""}, "geometry": {"type": "Point", "coordinates": [-114.09282854463676, 51.0280327430969]}}, {"type": "Feature", "properties": {"P": 1435, "D": "SW2 B", "code": "SW", "Z": 1085.121, "flagged": false, "seeded": ""}, "geometry": {"type": "Point", "coordinates": [-114.09286314570497, 51.0280627593895]}}, {"type": "Feature", "properties": {"P": 1436, "D": "SW2 E", "code": "SW", "Z": 1085.308, "flagged": false, "seeded": ""}, "geometry": {"type": "Point", "coordinates": [-114.09293482830869, 51.02812985592329]}}, {"type": "Feature", "properties": {"P": 1437, "D": "SW3 B", "code": "SW", "Z": 1087.746, "flagged": false, "seeded": ""}, "geometry": {"type": "Point", "coordinates": [-114.09300131606858, 51.02943345310321]}}, {"type": "Feature", "properties": {"P": 1438, "D": "SW3", "code": "SW", "Z": 1087.686, "flagged": false, "seeded": ""}, "geometry": {"type": "Point", "coordinates": [-114.09300580120714, 51.029416467878775]}}, {"type": "Feature", "properties": {"P": 1439, "D": "SW3", "code": "SW", "Z": 1087.657, "flagged": false, "seeded": ""}, "geometry": {"type": "Point", "coordinates": [-114.09300834673006, 51.02939907965862]}}, {"type": "Feature", "properties": {"P": 1440, "D": "SW3", "code": "SW", "Z": 1087.63, "flagged": false, "seeded": ""}, "geometry": {"type": "Point", "coordinates": [-114.09300784009736, 51.02938812154531]}}, {"type": "Feature", "properties": {"P": 1441, "D": "SW3", "code": "SW", "Z": 1087.581, "flagged": false, "seeded": ""}, "geometry": {"type": "Point", "coordinates": [-114.09300477332279, 51.029380123100246]}}, {"type": "Feature", "properties": {"P": 1442, "D": "SW3", "code": "SW", "Z": 1087.49, "flagged": false, "seeded": ""}, "geometry": {"type": "Point", "coordinates": [-114.09299430728099, 51.029364776920104]}}, {"type": "Feature", "properties": {"P": 1443, "D": "SW3", "code": "SW", "Z": 1087.356, "flagged": false, "seeded": ""}, "geometry": {"type": "Point", "coordinates": [-114.0929809371281, 51.029351473724965]}}, {"type": "Feature", "properties": {"P": 1444, "D": "SW3", "code": "SW", "Z": 1087.229, "flagged": false, "seeded": ""}, "geometry": {"type": "Point", "coordinates": [-114.09296541955966, 51.029340779266754]}}, {"type": "Feature", "properties": {"P": 1445, "D": "SW3", "code": "SW", "Z": 1087.146, "flagged": false, "seeded": ""}, "geometry": {"type": "Point", "coordinates": [-114.09294903837707, 51.02933307908318]}}, {"type": "Feature", "properties": {"P": 1446, "D": "SW3", "code": "SW", "Z": 1087.083, "flagged": false, "seeded": ""}, "geometry": {"type": "Point", "coordinates": [-114.09293075329383, 51.02932857177586]}}, {"type": "Feature", "properties": {"P": 1447, "D": "SW3", "code": "SW", "Z": 1087.001, "flagged": false, "seeded": ""}, "geometry": {"type": "Point", "coordinates": [-114.0929043041241, 51.029326336375505]}}, {"type": "Feature", "properties": {"P": 1448, "D": "SW3", "code": "SW", "Z": 1086.938, "flagged": false, "seeded": ""}, "geometry": {"type": "Point", "coordinates": [-114.0928705025521, 51.029325922743546]}}, {"type": "Feature", "properties": {"P": 1449, "D": "SW3", "code": "SW", "Z": 1086.856, "flagged": false, "seeded": ""}, "geometry": {"type": "Point", "coordinates": [-114.09282440133465, 51.02932711005929]}}, {"type": "Feature", "properties": {"P": 1450, "D": "SW3", "code": "SW", "Z": 1086.766, "flagged": false, "seeded": ""}, "geometry": {"type": "Point", "coordinates": [-114.09278057798667, 51.029326758299604]}}, {"type": "Feature", "properties": {"P": 1451, "D": "SW3 E", "code": "SW", "Z": 1086.482, "flagged": false, "seeded": ""}, "geometry": {"type": "Point", "coordinates": [-114.09266840314797, 51.02932204677088]}}, {"type": "Feature", "properties": {"P": 1452, "D": "SW1 B", "code": "SW", "Z": 1086.22, "flagged": false, "seeded": ""}, "geometry": {"type": "Point", "coordinates": [-114.09256202340131, 51.02931377958979]}}, {"type": "Feature", "properties": {"P": 1453, "D": "SW1", "code": "SW", "Z": 1086.035, "flagged": false, "seeded": ""}, "geometry": {"type": "Point", "coordinates": [-114.0924856735938, 51.029309021525854]}}, {"type": "Feature", "properties": {"P": 1454, "D": "SW1", "code": "SW", "Z": 1085.946, "flagged": false, "seeded": ""}, "geometry": {"type": "Point", "coordinates": [-114.09244739009578, 51.02930579752371]}}, {"type": "Feature", "properties": {"P": 1455, "D": "SW1", "code": "SW", "Z": 1085.728, "flagged": false, "seeded": ""}, "geometry": {"type": "Point", "coordinates": [-114.09237543731854, 51.029296981527914]}}, {"type": "Feature", "properties": {"P": 1456, "D": "SW1", "code": "SW", "Z": 1085.546, "flagged": false, "seeded": ""}, "geometry": {"type": "Point", "coordinates": [-114.09230365544255, 51.02928806646546]}}, {"type": "Feature", "properties": {"P": 1457, "D": "SW1", "code": "SW", "Z": 1085.385, "flagged": false, "seeded": ""}, "geometry": {"type": "Point", "coordinates": [-114.09224359155891, 51.02927896231515]}}, {"type": "Feature", "properties": {"P": 1458, "D": "SW1", "code": "SW", "Z": 1085.145, "flagged": false, "seeded": "missing end: SW1 last point lost 'E'"}, "geometry": {"type": "Point", "coordinates": [-114.09215806784447, 51.02926325276123]}}, {"type": "Feature", "properties": {"P": 1459, "D": "SW2 B", "code": "SW", "Z": 1084.999, "flagged": false, "seeded": ""}, "geometry": {"type": "Point", "coordinates": [-114.09210482944162, 51.029252560959264]}}, {"type": "Feature", "properties": {"P": 1460, "D": "SW2 E", "code": "SW", "Z": 1084.901, "flagged": false, "seeded": ""}, "geometry": {"type": "Point", "coordinates": [-114.09207241029247, 51.029244720465705]}}, {"type": "Feature", "properties": {"P": 1461, "D": "SW3 B", "code": "SW", "Z": 1084.769, "flagged": false, "seeded": ""}, "geometry": {"type": "Point", "coordinates": [-114.09202063521009, 51.02923146539103]}}, {"type": "Feature", "properties": {"P": 1462, "D": "SW3", "code": "SW", "Z": 1084.655, "flagged": false, "seeded": ""}, "geometry": {"type": "Point", "coordinates": [-114.0919824805589, 51.029221265081794]}}, {"type": "Feature", "properties": {"P": 1463, "D": "SW3", "code": "SW", "Z": 1084.383, "flagged": false, "seeded": ""}, "geometry": {"type": "Point", "coordinates": [-114.09187169142439, 51.02918899808492]}}, {"type": "Feature", "properties": {"P": 1464, "D": "SW3", "code": "SW", "Z": 1084.029, "flagged": false, "seeded": ""}, "geometry": {"type": "Point", "coordinates": [-114.09176090239036, 51.02915670401351]}}, {"type": "Feature", "properties": {"P": 1465, "D": "SW3", "code": "SW", "Z": 1083.732, "flagged": false, "seeded": ""}, "geometry": {"type": "Point", "coordinates": [-114.09165009934304, 51.02912445479674]}}, {"type": "Feature", "properties": {"P": 1466, "D": "SW3", "code": "SW", "Z": 1083.411, "flagged": false, "seeded": ""}, "geometry": {"type": "Point", "coordinates": [-114.0915393391814, 51.029092187461636]}}, {"type": "Feature", "properties": {"P": 1467, "D": "SW3", "code": "SW", "Z": 1083.203, "flagged": false, "seeded": ""}, "geometry": {"type": "Point", "coordinates": [-114.09145161387605, 51.029065790290616]}}, {"type": "Feature", "properties": {"P": 1468, "D": "SW3", "code": "SW", "Z": 1082.893, "flagged": false, "seeded": ""}, "geometry": {"type": "Point", "coordinates": [-114.09136384595594, 51.02903942005627]}}, {"type": "Feature", "properties": {"P": 1469, "D": "SW3", "code": "SW", "Z": 1082.824, "flagged": false, "seeded": ""}, "geometry": {"type": "Point", "coordinates": [-114.09133723309162, 51.029033561556005]}}, {"type": "Feature", "properties": {"P": 1470, "D": "SW3", "code": "SW", "Z": 1082.766, "flagged": false, "seeded": ""}, "geometry": {"type": "Point", "coordinates": [-114.09130721707452, 51.02902972840455]}}, {"type": "Feature", "properties": {"P": 1471, "D": "SW3", "code": "SW", "Z": 1082.724, "flagged": false, "seeded": ""}, "geometry": {"type": "Point", "coordinates": [-114.09128119934005, 51.0290292812619]}}, {"type": "Feature", "properties": {"P": 1472, "D": "SW3", "code": "SW", "Z": 1082.69, "flagged": false, "seeded": ""}, "geometry": {"type": "Point", "coordinates": [-114.09126718762904, 51.02903017320179]}}, {"type": "Feature", "properties": {"P": 1473, "D": "SW3", "code": "SW", "Z": 1082.68, "flagged": false, "seeded": ""}, "geometry": {"type": "Point", "coordinates": [-114.09125374791432, 51.029031963669325]}}, {"type": "Feature", "properties": {"P": 1474, "D": "SW3", "code": "SW", "Z": 1082.628, "flagged": false, "seeded": ""}, "geometry": {"type": "Point", "coordinates": [-114.09123265993338, 51.02903737398969]}}, {"type": "Feature", "properties": {"P": 1475, "D": "SW3", "code": "SW", "Z": 1082.577, "flagged": false, "seeded": ""}, "geometry": {"type": "Point", "coordinates": [-114.09122069503792, 51.02904246254388]}}, {"type": "Feature", "properties": {"P": 1476, "D": "SW3", "code": "SW", "Z": 1082.615, "flagged": false, "seeded": ""}, "geometry": {"type": "Point", "coordinates": [-114.09120416577962, 51.029053541839005]}}, {"type": "Feature", "properties": {"P": 1477, "D": "SW3", "code": "SW", "Z": 1082.629, "flagged": false, "seeded": ""}, "geometry": {"type": "Point", "coordinates": [-114.09118216439869, 51.02907296789836]}}, {"type": "Feature", "properties": {"P": 1478, "D": "SW3 E", "code": "SW", "Z": 1082.616, "flagged": false, "seeded": ""}, "geometry": {"type": "Point", "coordinates": [-114.09116728413184, 51.0290889363308]}}, {"type": "Feature", "properties": {"P": 1479, "D": "SW1 B", "code": "SW", "Z": 1087.374, "flagged": true, "seeded": ""}, "geometry": {"type": "Point", "coordinates": [-114.09302018188211, 51.029371957125036]}}, {"type": "Feature", "properties": {"P": 1480, "D": "SW1", "code": "SW", "Z": 1087.356, "flagged": false, "seeded": ""}, "geometry": {"type": "Point", "coordinates": [-114.09304168887986, 51.02936224904386]}}, {"type": "Feature", "properties": {"P": 1481, "D": "SW1", "code": "SW", "Z": 1087.336, "flagged": false, "seeded": ""}, "geometry": {"type": "Point", "coordinates": [-114.09303745659184, 51.02935598655107]}}, {"type": "Feature", "properties": {"P": 1482, "D": "SW1", "code": "SW", "Z": 1087.288, "flagged": false, "seeded": ""}, "geometry": {"type": "Point", "coordinates": [-114.09302718377124, 51.029344586724335]}}, {"type": "Feature", "properties": {"P": 1483, "D": "SW1", "code": "SW", "Z": 1087.212, "flagged": false, "seeded": ""}, "geometry": {"type": "Point", "coordinates": [-114.09301104775783, 51.029331177857124]}}, {"type": "Feature", "properties": {"P": 1484, "D": "SW1", "code": "SW", "Z": 1087.107, "flagged": false, "seeded": ""}, "geometry": {"type": "Point", "coordinates": [-114.09299202104857, 51.02931938944456]}}, {"type": "Feature", "properties": {"P": 1485, "D": "SW1", "code": "SW", "Z": 1087.02, "flagged": false, "seeded": ""}, "geometry": {"type": "Point", "coordinates": [-114.09297253018187, 51.02931073882416]}}, {"type": "Feature", "properties": {"P": 1486, "D": "SW1", "code": "SW", "Z": 1086.934, "flagged": false, "seeded": ""}, "geometry": {"type": "Point", "coordinates": [-114.09295022099296, 51.02930425697412]}}, {"type": "Feature", "properties": {"P": 1487, "D": "SW1", "code": "SW", "Z": 1086.857, "flagged": false, "seeded": ""}, "geometry": {"type": "Point", "coordinates": [-114.0929280033316, 51.02930076863692]}}, {"type": "Feature", "properties": {"P": 1488, "D": "SW1", "code": "SW", "Z": 1086.75, "flagged": false, "seeded": ""}, "geometry": {"type": "Point", "coordinates": [-114.0928976196112, 51.02929856333288]}}, {"type": "Feature", "properties": {"P": 1489, "D": "SW1", "code": "SW", "Z": 1086.701, "flagged": false, "seeded": ""}, "geometry": {"type": "Point", "coordinates": [-114.09286551413092, 51.02929795956631]}}, {"type": "Feature", "properties": {"P": 1490, "D": "SW1", "code": "SW", "Z": 1086.591, "flagged": false, "seeded": ""}, "geometry": {"type": "Point", "coordinates": [-114.09281827250724, 51.02929916576535]}}, {"type": "Feature", "properties": {"P": 1491, "D": "SW1", "code": "SW", "Z": 1086.452, "flagged": false, "seeded": ""}, "geometry": {"type": "Point", "coordinates": [-114.0927703158622, 51.02929925778275]}}, {"type": "Feature", "properties": {"P": 1492, "D": "SW1", "code": "SW", "Z": 1086.416, "flagged": false, "seeded": ""}, "geometry": {"type": "Point", "coordinates": [-114.09274509562817, 51.0292984777118]}}, {"type": "Feature", "properties": {"P": 1493, "D": "SW1 E", "code": "SW", "Z": 1086.321, "flagged": false, "seeded": ""}, "geometry": {"type": "Point", "coordinates": [-114.09269539336584, 51.02929536173968]}}, {"type": "Feature", "properties": {"P": 1494, "D": "SW2 B", "code": "SW", "Z": 1086.02, "flagged": false, "seeded": ""}, "geometry": {"type": "Point", "coordinates": [-114.09257547586573, 51.029289748297145]}}, {"type": "Feature", "properties": {"P": 1495, "D": "SW2", "code": "SW", "Z": 1085.703, "flagged": false, "seeded": ""}, "geometry": {"type": "Point", "coordinates": [-114.0924767058368, 51.02927996473045]}}, {"type": "Feature", "properties": {"P": 1496, "D": "SW2", "code": "SW", "Z": 1085.451, "flagged": false, "seeded": ""}, "geometry": {"type": "Point", "coordinates": [-114.09237802133092, 51.0292701540434]}}, {"type": "Feature", "properties": {"P": 1497, "D": "SW2 E", "code": "SW", "Z": 1085.236, "flagged": false, "seeded": ""}, "geometry": {"type": "Point", "coordinates": [-114.0923083026672, 51.02925925960581]}}, {"type": "Feature", "properties": {"P": 1498, "D": "SW3 B", "code": "SW", "Z": 1084.068, "flagged": false, "seeded": ""}, "geometry": {"type": "Point", "coordinates": [-114.0926398020855, 51.027775462057015]}}, {"type": "Feature", "properties": {"P": 1499, "D": "SW3", "code": "SW", "Z": 1084.057, "flagged": false, "seeded": ""}, "geometry": {"type": "Point", "coordinates": [-114.09265373419304, 51.02777059654069]}}, {"type": "Feature", "properties": {"P": 1500, "D": "SW3", "code": "SW", "Z": 1083.929, "flagged": false, "seeded": ""}, "geometry": {"type": "Point", "coordinates": [-114.09267122599375, 51.027756495714655]}}, {"type": "Feature", "properties": {"P": 1501, "D": "SW3 E", "code": "SW", "Z": 1083.754, "flagged": false, "seeded": ""}, "geometry": {"type": "Point", "coordinates": [-114.09268848523324, 51.02774015661976]}}, {"type": "Feature", "properties": {"P": 1502, "D": "SW1 B", "code": "SW", "Z": 1080.312, "flagged": false, "seeded": ""}, "geometry": {"type": "Point", "coordinates": [-114.0914818044874, 51.02787646628559]}}, {"type": "Feature", "properties": {"P": 1503, "D": "SW1", "code": "SW", "Z": 1080.419, "flagged": false, "seeded": ""}, "geometry": {"type": "Point", "coordinates": [-114.09149847245476, 51.02787816129133]}}, {"type": "Feature", "properties": {"P": 1504, "D": "SW1", "code": "SW", "Z": 1080.529, "flagged": false, "seeded": ""}, "geometry": {"type": "Point", "coordinates": [-114.09151925654469, 51.027877974211194]}}, {"type": "Feature", "properties": {"P": 1505, "D": "SW1", "code": "SW", "Z": 1080.651, "flagged": false, "seeded": ""}, "geometry": {"type": "Point", "coordinates": [-114.09154958756207, 51.02787564008558]}}, {"type": "Feature", "properties": {"P": 1506, "D": "SW1", "code": "SW", "Z": 1080.658, "flagged": false, "seeded": ""}, "geometry": {"type": "Point", "coordinates": [-114.09157092174968, 51.02787247695424]}}, {"type": "Feature", "properties": {"P": 1507, "D": "SW1", "code": "SW", "Z": 1080.925, "flagged": false, "seeded": ""}, "geometry": {"type": "Point", "coordinates": [-114.0916288065755, 51.02785467680427]}}, {"type": "Feature", "properties": {"P": 1508, "D": "SW1", "code": "SW", "Z": 1081.135, "flagged": false, "seeded": ""}, "geometry": {"type": "Point", "coordinates": [-114.09168594473665, 51.02783417129313]}}, {"type": "Feature", "properties": {"P": 1509, "D": "SW1", "code": "SW", "Z": 1081.337, "flagged": false, "seeded": ""}, "geometry": {"type": "Point", "coordinates": [-114.09173034101734, 51.027822171080864]}}, {"type": "Feature", "properties": {"P": 1510, "D": "SW1 E", "code": "SW", "Z": 1081.82, "flagged": false, "seeded": ""}, "geometry": {"type": "Point", "coordinates": [-114.0917869398914, 51.027802933499906]}}, {"type": "Feature", "properties": {"P": 1511, "D": "SW2 B", "code": "SW", "Z": 1082.371, "flagged": false, "seeded": ""}, "geometry": {"type": "Point", "coordinates": [-114.09193471301796, 51.02776755050815]}}, {"type": "Feature", "properties": {"P": 1512, "D": "SW2", "code": "SW", "Z": 1082.71, "flagged": false, "seeded": ""}, "geometry": {"type": "Point", "coordinates": [-114.09197942953256, 51.02775895706887]}}, {"type": "Feature", "properties": {"P": 1513, "D": "SW2", "code": "SW", "Z": 1082.815, "flagged": false, "seeded": ""}, "geometry": {"type": "Point", "coordinates": [-114.09200288664165, 51.027755261791754]}}, {"type": "Feature", "properties": {"P": 1514, "D": "SW2", "code": "SW", "Z": 1083.049, "flagged": false, "seeded": ""}, "geometry": {"type": "Point", "coordinates": [-114.09205859981152, 51.02774957234717]}}, {"type": "Feature", "properties": {"P": 1515, "D": "SW2", "code": "SW", "Z": 1083.359, "flagged": false, "seeded": ""}, "geometry": {"type": "Point", "coordinates": [-114.09212255591824, 51.02774555746393]}}, {"type": "Feature", "properties": {"P": 1516, "D": "SW2", "code": "SW", "Z": 1083.513, "flagged": false, "seeded": ""}, "geometry": {"type": "Point", "coordinates": [-114.09216011617566, 51.02774416140581]}}, {"type": "Feature", "properties": {"P": 1517, "D": "SW2", "code": "SW", "Z": 1083.926, "flagged": false, "seeded": ""}, "geometry": {"type": "Point", "coordinates": [-114.0922565240024, 51.02774337514677]}}, {"type": "Feature", "properties": {"P": 1518, "D": "SW2", "code": "SW", "Z": 1083.96, "flagged": false, "seeded": ""}, "geometry": {"type": "Point", "coordinates": [-114.09229939293814, 51.02774483359716]}}, {"type": "Feature", "properties": {"P": 1519, "D": "SW2", "code": "SW", "Z": 1084.245, "flagged": false, "seeded": ""}, "geometry": {"type": "Point", "coordinates": [-114.09235273032101, 51.02774879190304]}}, {"type": "Feature", "properties": {"P": 1520, "D": "SW2", "code": "SW", "Z": 1084.362, "flagged": false, "seeded": ""}, "geometry": {"type": "Point", "coordinates": [-114.09243698464374, 51.02775837130442]}}, {"type": "Feature", "properties": {"P": 1521, "D": "SW2", "code": "SW", "Z": 1084.501, "flagged": false, "seeded": ""}, "geometry": {"type": "Point", "coordinates": [-114.09252116745567, 51.02776781585525]}}, {"type": "Feature", "properties": {"P": 1522, "D": "SW2", "code": "SW", "Z": 1084.461, "flagged": false, "seeded": ""}, "geometry": {"type": "Point", "coordinates": [-114.0925432648685, 51.02776857147818]}}, {"type": "Feature", "properties": {"P": 1523, "D": "SW2", "code": "SW", "Z": 1084.436, "flagged": false, "seeded": ""}, "geometry": {"type": "Point", "coordinates": [-114.0925608697533, 51.02776828784291]}}, {"type": "Feature", "properties": {"P": 1524, "D": "SW2", "code": "SW", "Z": 1084.385, "flagged": false, "seeded": ""}, "geometry": {"type": "Point", "coordinates": [-114.09258556802564, 51.02776508590268]}}, {"type": "Feature", "properties": {"P": 1525, "D": "SW2", "code": "SW", "Z": 1084.354, "flagged": false, "seeded": ""}, "geometry": {"type": "Point", "coordinates": [-114.09259840596272, 51.02776197426332]}}, {"type": "Feature", "properties": {"P": 1526, "D": "SW2", "code": "SW", "Z": 1084.308, "flagged": false, "seeded": ""}, "geometry": {"type": "Point", "coordinates": [-114.09261115576813, 51.02775755917695]}}, {"type": "Feature", "properties": {"P": 1527, "D": "SW2", "code": "SW", "Z": 1084.172, "flagged": false, "seeded": ""}, "geometry": {"type": "Point", "coordinates": [-114.09263144623915, 51.027745766507735]}}, {"type": "Feature", "properties": {"P": 1528, "D": "SW2 E", "code": "SW", "Z": 1083.93, "flagged": false, "seeded": ""}, "geometry": {"type": "Point", "coordinates": [-114.09265621873139, 51.02772259823279]}}, {"type": "Feature", "properties": {"P": 1529, "D": "SW3 B", "code": "SW", "Z": 1085.28, "flagged": false, "seeded": ""}, "geometry": {"type": "Point", "coordinates": [-114.09280641416734, 51.0281868272012]}}, {"type": "Feature", "properties": {"P": 1530, "D": "SW3", "code": "SW", "Z": 1085.119, "flagged": false, "seeded": ""}, "geometry": {"type": "Point", "coordinates": [-114.09274619122142, 51.02813307129061]}}, {"type": "Feature", "properties": {"P": 1531, "D": "SW3", "code": "SW", "Z": 1084.951, "flagged": false, "seeded": ""}, "geometry": {"type": "Point", "coordinates": [-114.09267680668691, 51.02807445915344]}}, {"type": "Feature", "properties": {"P": 1532, "D": "SW3", "code": "SW", "Z": 1084.74, "flagged": false, "seeded": ""}, "geometry": {"type": "Point", "coordinates": [-114.09260726555301, 51.02801586507813]}}, {"type": "Feature", "properties": {"P": 1533, "D": "SW3", "code": "SW", "Z": 1084.675, "flagged": false, "seeded": ""}, "geometry": {"type": "Point", "coordinates": [-114.09258467631469, 51.02799727417043]}}, {"type": "Feature", "properties": {"P": 1534, "D": "SW3 E", "code": "SW", "Z": 1084.577, "flagged": false, "seeded": ""}, "geometry": {"type": "Point", "coordinates": [-114.09256359000616, 51.02798173858675]}}, {"type": "Feature", "properties": {"P": 1535, "D": "SW1 B", "code": "SW", "Z": 1079.974, "flagged": false, "seeded": ""}, "geometry": {"type": "Point", "coordinates": [-114.0914594862358, 51.02790114267002]}}, {"type": "Feature", "properties": {"P": 1536, "D": "SW1", "code": "SW", "Z": 1080.086, "flagged": false, "seeded": ""}, "geometry": {"type": "Point", "coordinates": [-114.09148495438578, 51.02790515014866]}}, {"type": "Feature", "properties": {"P": 1537, "D": "SW1", "code": "SW", "Z": 1080.223, "flagged": false, "seeded": ""}, "geometry": {"type": "Point", "coordinates": [-114.09150961970369, 51.027906856871496]}}, {"type": "Feature", "properties": {"P": 1538, "D": "SW1", "code": "SW", "Z": 1080.288, "flagged": false, "seeded": ""}, "geometry": {"type": "Point", "coordinates": [-114.09152869333005, 51.02790676102664]}}, {"type": "Feature", "properties": {"P": 1539, "D": "SW1", "code": "SW", "Z": 1080.381, "flagged": false, "seeded": ""}, "geometry": {"type": "Point", "coordinates": [-114.09155321028724, 51.027905519214706]}}, {"type": "Feature", "properties": {"P": 1540, "D": "SW1", "code": "SW", "Z": 1080.553, "flagged": false, "seeded": ""}, "geometry": {"type": "Point", "coordinates": [-114.09158261239634, 51.027902008149496]}}, {"type": "Feature", "properties": {"P": 1541, "D": "SW1", "code": "SW", "Z": 1080.855, "flagged": false, "seeded": ""}, "geometry": {"type": "Point", "coordinates": [-114.09164440085135, 51.0278829913149]}}, {"type": "Feature", "properties": {"P": 1542, "D": "SW1", "code": "SW", "Z": 1081.412, "flagged": false, "seeded": ""}, "geometry": {"type": "Point", "coordinates": [-114.09173847496412, 51.0278480641991]}}, {"type": "Feature", "properties": {"P": 1543, "D": "SW1", "code": "SW", "Z": 1081.624, "flagged": false, "seeded": ""}, "geometry": {"type": "Point", "coordinates": [-114.09180110440668, 51.02782907359053]}}, {"type": "Feature", "properties": {"P": 1544, "D": "SW1", "code": "SW", "Z": 1081.878, "flagged": false, "seeded": ""}, "geometry": {"type": "Point", "coordinates": [-114.09185906324575, 51.02781272960959]}}, {"type": "Feature", "properties": {"P": 1545, "D": "SW1", "code": "SW", "Z": 1082.081, "flagged": false, "seeded": ""}, "geometry": {"type": "Point", "coordinates": [-114.0919132928156, 51.027799265256675]}}, {"type": "Feature", "properties": {"P": 1546, "D": "SW1", "code": "SW", "Z": 1082.346, "flagged": false, "seeded": ""}, "geometry": {"type": "Point", "coordinates": [-114.09195262154915, 51.027791044645284]}}, {"type": "Feature", "properties": {"P": 1547, "D": "SW1", "code": "SW", "Z": 1082.594, "flagged": false, "seeded": ""}, "geometry": {"type": "Point", "coordinates": [-114.09198135162978, 51.02778656311418]}}, {"type": "Feature", "properties": {"P": 1548, "D": "SW1", "code": "SW", "Z": 1082.736, "flagged": false, "seeded": ""}, "geometry": {"type": "Point", "coordinates": [-114.09203837370231, 51.02777954216432]}}, {"type": "Feature", "properties": {"P": 1549, "D": "SW1", "code": "SW", "Z": 1083.087, "flagged": false, "seeded": ""}, "geometry": {"type": "Point", "coordinates": [-114.09209828001661, 51.02777487423121]}}, {"type": "Feature", "properties": {"P": 1550, "D": "SW1", "code": "SW", "Z": 1083.201, "flagged": false, "seeded": ""}, "geometry": {"type": "Point", "coordinates": [-114.09214863953018, 51.02777239830763]}}, {"type": "Feature", "properties": {"P": 1551, "D": "SW1", "code": "SW", "Z": 1083.638, "flagged": false, "seeded": ""}, "geometry": {"type": "Point", "coordinates": [-114.0922319148886, 51.02776995931734]}}, {"type": "Feature", "properties": {"P": 1552, "D": "SW1", "code": "SW", "Z": 1083.861, "flagged": false, "seeded": ""}, "geometry": {"type": "Point", "coordinates": [-114.09227081774038, 51.02776985668974]}}, {"type": "Feature", "properties": {"P": 1553, "D": "SW1", "code": "SW", "Z": 1083.849, "flagged": false, "seeded": ""}, "geometry": {"type": "Point", "coordinates": [-114.09231929264602, 51.027773108658806]}}, {"type": "Feature", "properties": {"P": 1554, "D": "SW1", "code": "SW", "Z": 1084.049, "flagged": false, "seeded": ""}, "geometry": {"type": "Point", "coordinates": [-114.09238164444679, 51.02777955898375]}}, {"type": "Feature", "properties": {"P": 1555, "D": "SW1", "code": "SW", "Z": 1084.134, "flagged": false, "seeded": ""}, "geometry": {"type": "Point", "coordinates": [-114.0924217399263, 51.02778419296755]}}, {"type": "Feature", "properties": {"P": 1556, "D": "SW1", "code": "SW", "Z": 1084.289, "flagged": false, "seeded": ""}, "geometry": {"type": "Point", "coordinates": [-114.09245415296462, 51.02778944431939]}}, {"type": "Feature", "properties": {"P": 1557, "D": "SW1", "code": "SW", "Z": 1084.37, "flagged": false, "seeded": ""}, "geometry": {"type": "Point", "coordinates": [-114.09247529901278, 51.02779207956801]}}, {"type": "Feature", "properties": {"P": 1558, "D": "SW1", "code": "SW", "Z": 1084.381, "flagged": false, "seeded": ""}, "geometry": {"type": "Point", "coordinates": [-114.09251476342679, 51.02779478122047]}}, {"type": "Feature", "properties": {"P": 1559, "D": "SW1", "code": "SW", "Z": 1084.308, "flagged": false, "seeded": ""}, "geometry": {"type": "Point", "coordinates": [-114.09255288366536, 51.0277953893097]}}, {"type": "Feature", "properties": {"P": 1560, "D": "SW1", "code": "SW", "Z": 1084.296, "flagged": false, "seeded": ""}, "geometry": {"type": "Point", "coordinates": [-114.09257445029299, 51.02779446426166]}}, {"type": "Feature", "properties": {"P": 1561, "D": "SW1", "code": "SW", "Z": 1084.286, "flagged": false, "seeded": ""}, "geometry": {"type": "Point", "coordinates": [-114.09258577797144, 51.02779175835933]}}, {"type": "Feature", "properties": {"P": 1562, "D": "SW1", "code": "SW", "Z": 1084.227, "flagged": true, "seeded": ""}, "geometry": {"type": "Point", "coordinates": [-114.09259468263778, 51.027774949439646]}}, {"type": "Feature", "properties": {"P": 1563, "D": "SW1 E", "code": "SW", "Z": 1084.289, "flagged": false, "seeded": ""}, "geometry": {"type": "Point", "coordinates": [-114.09258643275244, 51.027776960692826]}}, {"type": "Feature", "properties": {"P": 1564, "D": "SW2", "code": "SW", "Z": 1084.51, "flagged": true, "seeded": "missing begin: SW2 first point lost 'B'"}, "geometry": {"type": "Point", "coordinates": [-114.09253613999363, 51.02796330434544]}}, {"type": "Feature", "properties": {"P": 1565, "D": "SW2", "code": "SW", "Z": 1084.289, "flagged": false, "seeded": ""}, "geometry": {"type": "Point", "coordinates": [-114.09246062926539, 51.027913434977236]}}, {"type": "Feature", "properties": {"P": 1566, "D": "SW2", "code": "SW", "Z": 1084.153, "flagged": false, "seeded": ""}, "geometry": {"type": "Point", "coordinates": [-114.09242388076385, 51.02789298536942]}}, {"type": "Feature", "properties": {"P": 1567, "D": "SW2", "code": "SW", "Z": 1084.125, "flagged": false, "seeded": ""}, "geometry": {"type": "Point", "coordinates": [-114.09240650194336, 51.02788510610181]}}, {"type": "Feature", "properties": {"P": 1568, "D": "SW2", "code": "SW", "Z": 1084.077, "flagged": false, "seeded": ""}, "geometry": {"type": "Point", "coordinates": [-114.09239095193499, 51.02787929303094]}}, {"type": "Feature", "properties": {"P": 1569, "D": "SW2", "code": "SW", "Z": 1084.003, "flagged": false, "seeded": ""}, "geometry": {"type": "Point", "coordinates": [-114.09237196588833, 51.027873239950424]}}, {"type": "Feature", "properties": {"P": 1570, "D": "SW2", "code": "SW", "Z": 1083.896, "flagged": false, "seeded": ""}, "geometry": {"type": "Point", "coordinates": [-114.09235226937945, 51.0278683471075]}}, {"type": "Feature", "properties": {"P": 1571, "D": "SW2", "code": "SW", "Z": 1083.821, "flagged": false, "seeded": ""}, "geometry": {"type": "Point", "coordinates": [-114.0923357852228, 51.02786590592807]}}, {"type": "Feature", "properties": {"P": 1572, "D": "SW2", "code": "SW", "Z": 1083.6, "flagged": false, "seeded": ""}, "geometry": {"type": "Point", "coordinates": [-114.09228377189116, 51.02786115546992]}}, {"type": "Feature", "properties": {"P": 1573, "D": "SW2", "code": "SW", "Z": 1083.227, "flagged": false, "seeded": ""}, "geometry": {"type": "Point", "coordinates": [-114.09219783861987, 51.027860450177464]}}, {"type": "Feature", "properties": {"P": 1574, "D": "SW2", "code": "SW", "Z": 1083.073, "flagged": false, "seeded": ""}, "geometry": {"type": "Point", "coordinates": [-114.09217046972618, 51.027861244885926]}}, {"type": "Feature", "properties": {"P": 1575, "D": "SW2", "code": "SW", "Z": 1082.74, "flagged": false, "seeded": ""}, "geometry": {"type": "Point", "coordinates": [-114.09209843104412, 51.027865472929776]}}, {"type": "Feature", "properties": {"P": 1576, "D": "SW2", "code": "SW", "Z": 1082.583, "flagged": false, "seeded": ""}, "geometry": {"type": "Point", "coordinates": [-114.0920628995527, 51.0278691867283]}}, {"type": "Feature", "properties": {"P": 1577, "D": "SW2", "code": "SW", "Z": 1082.312, "flagged": false, "seeded": ""}, "geometry": {"type": "Point", "coordinates": [-114.09200884540554, 51.02787767068445]}}, {"type": "Feature", "properties": {"P": 1578, "D": "SW2", "code": "SW", "Z": 1082.116, "flagged": false, "seeded": ""}, "geometry": {"type": "Point", "coordinates": [-114.09196626597729, 51.02788569609805]}}, {"type": "Feature", "properties": {"P": 1579, "D": "SW2", "code": "SW", "Z": 1081.896, "flagged": false, "seeded": ""}, "geometry": {"type": "Point", "coordinates": [-114.09192098321024, 51.02789635762263]}}, {"type": "Feature", "properties": {"P": 1580, "D": "SW2", "code": "SW", "Z": 1081.698, "flagged": false, "seeded": ""}, "geometry": {"type": "Point", "coordinates": [-114.09188331290117, 51.0279070491037]}}, {"type": "Feature", "properties": {"P": 1581, "D": "SW2", "code": "SW", "Z": 1081.189, "flagged": false, "seeded": ""}, "geometry": {"type": "Point", "coordinates": [-114.09178813386396, 51.027938309380936]}}, {"type": "Feature", "properties": {"P": 1582, "D": "SW2", "code": "SW", "Z": 1080.83, "flagged": false, "seeded": ""}, "geometry": {"type": "Point", "coordinates": [-114.09169302602915, 51.02796959649383]}}, {"type": "Feature", "properties": {"P": 1583, "D": "SW2", "code": "SW", "Z": 1080.761, "flagged": false, "seeded": ""}, "geometry": {"type": "Point", "coordinates": [-114.09166611685501, 51.02797945240289]}}, {"type": "Feature", "properties": {"P": 1584, "D": "SW2", "code": "SW", "Z": 1080.641, "flagged": false, "seeded": ""}, "geometry": {"type": "Point", "coordinates": [-114.09161395451751, 51.0280003855117]}}, {"type": "Feature", "properties": {"P": 1585, "D": "SW2", "code": "SW", "Z": 1080.561, "flagged": false, "seeded": ""}, "geometry": {"type": "Point", "coordinates": [-114.09155623339892, 51.028021781430084]}}, {"type": "Feature", "properties": {"P": 1586, "D": "SW2", "code": "SW", "Z": 1080.529, "flagged": false, "seeded": ""}, "geometry": {"type": "Point", "coordinates": [-114.09150562567977, 51.0280431537707]}}, {"type": "Feature", "properties": {"P": 1587, "D": "SW2", "code": "SW", "Z": 1080.545, "flagged": false, "seeded": ""}, "geometry": {"type": "Point", "coordinates": [-114.09148887812779, 51.028051752104936]}}, {"type": "Feature", "properties": {"P": 1588, "D": "SW2", "code": "SW", "Z": 1080.588, "flagged": false, "seeded": ""}, "geometry": {"type": "Point", "coordinates": [-114.09147110850911, 51.02806255372823]}}, {"type": "Feature", "properties": {"P": 1589, "D": "SW2", "code": "SW", "Z": 1080.6, "flagged": false, "seeded": ""}, "geometry": {"type": "Point", "coordinates": [-114.0914531032787, 51.028076780632205]}}, {"type": "Feature", "properties": {"P": 1590, "D": "SW2", "code": "SW", "Z": 1080.647, "flagged": false, "seeded": ""}, "geometry": {"type": "Point", "coordinates": [-114.09143699645983, 51.02809224663505]}}, {"type": "Feature", "properties": {"P": 1591, "D": "SW2", "code": "SW", "Z": 1080.685, "flagged": false, "seeded": ""}, "geometry": {"type": "Point", "coordinates": [-114.09142645974882, 51.028105784469254]}}, {"type": "Feature", "properties": {"P": 1592, "D": "SW2", "code": "SW", "Z": 1080.688, "flagged": false, "seeded": ""}, "geometry": {"type": "Point", "coordinates": [-114.09141918883446, 51.02811997600034]}}, {"type": "Feature", "properties": {"P": 1593, "D": "SW2", "code": "SW", "Z": 1080.696, "flagged": false, "seeded": ""}, "geometry": {"type": "Point", "coordinates": [-114.09141758947365, 51.028125829585925]}}, {"type": "Feature", "properties": {"P": 1594, "D": "SW2", "code": "SW", "Z": 1080.752, "flagged": false, "seeded": ""}, "geometry": {"type": "Point", "coordinates": [-114.09141654186317, 51.02814403467164]}}, {"type": "Feature", "properties": {"P": 1595, "D": "SW2", "code": "SW", "Z": 1080.993, "flagged": false, "seeded": ""}, "geometry": {"type": "Point", "coordinates": [-114.09142239350302, 51.02821999357472]}}, {"type": "Feature", "properties": {"P": 1596, "D": "SW2", "code": "SW", "Z": 1081.129, "flagged": false, "seeded": ""}, "geometry": {"type": "Point", "coordinates": [-114.09142490232452, 51.02827788567239]}}, {"type": "Feature", "properties": {"P": 1597, "D": "SW2", "code": "SW", "Z": 1081.247, "flagged": false, "seeded": ""}, "geometry": {"type": "Point", "coordinates": [-114.09141992191462, 51.02834045830389]}}, {"type": "Feature", "properties": {"P": 1598, "D": "SW2", "code": "SW", "Z": 1081.365, "flagged": false, "seeded": ""}, "geometry": {"type": "Point", "coordinates": [-114.0914151124348, 51.02840296787246]}}, {"type": "Feature", "properties": {"P": 1599, "D": "SW2", "code": "SW", "Z": 1081.443, "flagged": false, "seeded": ""}, "geometry": {"type": "Point", "coordinates": [-114.09140843083188, 51.02844863209313]}}, {"type": "Feature", "properties": {"P": 1600, "D": "SW2", "code": "SW", "Z": 1081.553, "flagged": false, "seeded": ""}, "geometry": {"type": "Point", "coordinates": [-114.0914017491805, 51.02849427833358]}}, {"type": "Feature", "properties": {"P": 1601, "D": "SW2", "code": "SW", "Z": 1081.596, "flagged": false, "seeded": ""}, "geometry": {"type": "Point", "coordinates": [-114.09139731614098, 51.02851626176513]}}, {"type": "Feature", "properties": {"P": 1602, "D": "SW2", "code": "SW", "Z": 1081.754, "flagged": false, "seeded": ""}, "geometry": {"type": "Point", "coordinates": [-114.0913742309104, 51.028600558821395]}}, {"type": "Feature", "properties": {"P": 1603, "D": "SW2", "code": "SW", "Z": 1081.858, "flagged": false, "seeded": ""}, "geometry": {"type": "Point", "coordinates": [-114.09135628065998, 51.02865737915046]}}, {"type": "Feature", "properties": {"P": 1604, "D": "SW2", "code": "SW", "Z": 1081.987, "flagged": false, "seeded": ""}, "geometry": {"type": "Point", "coordinates": [-114.09133851584876, 51.02871428023911]}}, {"type": "Feature", "properties": {"P": 1605, "D": "SW2", "code": "SW", "Z": 1081.989, "flagged": false, "seeded": ""}, "geometry": {"type": "Point", "coordinates": [-114.09133499501725, 51.02873620901592]}}, {"type": "Feature", "properties": {"P": 1606, "D": "SW2", "code": "SW", "Z": 1082.131, "flagged": false, "seeded": ""}, "geometry": {"type": "Point", "coordinates": [-114.09133060895574, 51.028796632621464]}}, {"type": "Feature", "properties": {"P": 1607, "D": "SW2", "code": "SW", "Z": 1082.202, "flagged": false, "seeded": ""}, "geometry": {"type": "Point", "coordinates": [-114.09133004626038, 51.02883673638073]}}, {"type": "Feature", "properties": {"P": 1608, "D": "SW2", "code": "SW", "Z": 1082.225, "flagged": false, "seeded": ""}, "geometry": {"type": "Point", "coordinates": [-114.09133462228574, 51.02885846105437]}}, {"type": "Feature", "properties": {"P": 1609, "D": "SW2", "code": "SW", "Z": 1082.192, "flagged": false, "seeded": ""}, "geometry": {"type": "Point", "coordinates": [-114.09133768642381, 51.0288652818874]}}, {"type": "Feature", "properties": {"P": 1610, "D": "SW2", "code": "SW", "Z": 1082.309, "flagged": false, "seeded": ""}, "geometry": {"type": "Point", "coordinates": [-114.09134729518914, 51.02887998162441]}}, {"type": "Feature", "properties": {"P": 1611, "D": "SW2", "code": "SW", "Z": 1082.381, "flagged": false, "seeded": ""}, "geometry": {"type": "Point", "coordinates": [-114.09135972562672, 51.02889418471798]}}, {"type": "Feature", "properties": {"P": 1612, "D": "SW2", "code": "SW", "Z": 1082.447, "flagged": false, "seeded": ""}, "geometry": {"type": "Point", "coordinates": [-114.0913765569102, 51.02890625379618]}}, {"type": "Feature", "properties": {"P": 1613, "D": "SW2", "code": "SW", "Z": 1082.577, "flagged": false, "seeded": ""}, "geometry": {"type": "Point", "coordinates": [-114.09140191521293, 51.02891936800505]}}, {"type": "Feature", "properties": {"P": 1614, "D": "SW2", "code": "SW", "Z": 1082.69, "flagged": false, "seeded": ""}, "geometry": {"type": "Point", "coordinates": [-114.09143150344038, 51.02893042024408]}}, {"type": "Feature", "properties": {"P": 1615, "D": "SW2", "code": "SW", "Z": 1082.992, "flagged": false, "seeded": ""}, "geometry": {"type": "Point", "coordinates": [-114.09153527244962, 51.02895996926098]}}, {"type": "Feature", "properties": {"P": 1616, "D": "SW2", "code": "SW", "Z": 1083.248, "flagged": false, "seeded": ""}, "geometry": {"type": "Point", "coordinates": [-114.09164088344006, 51.02899096409256]}}, {"type": "Feature", "properties": {"P": 1617, "D": "SW2", "code": "SW", "Z": 1083.556, "flagged": false, "seeded": ""}, "geometry": {"type": "Point", "coordinates": [-114.09174665142044, 51.029021976684845]}}, {"type": "Feature", "properties": {"P": 1618, "D": "SW2", "code": "SW", "Z": 1083.817, "flagged": false, "seeded": ""}, "geometry": {"type": "Point", "coordinates": [-114.09185236242985, 51.029052944277254]}}, {"type": "Feature", "properties": {"P": 1619, "D": "SW2", "code": "SW", "Z": 1084.156, "flagged": false, "seeded": ""}, "geometry": {"type": "Point", "coordinates": [-114.09195810225175, 51.02908399265908]}}, {"type": "Feature", "properties": {"P": 1620, "D": "SW2", "code": "SW", "Z": 1084.48, "flagged": false, "seeded": ""}, "geometry": {"type": "Point", "coordinates": [-114.09206379941179, 51.02911502299919]}}, {"type": "Feature", "properties": {"P": 1621, "D": "SW2", "code": "SW", "Z": 1084.636, "flagged": false, "seeded": ""}, "geometry": {"type": "Point", "coordinates": [-114.0921098987965, 51.02912739254235]}}, {"type": "Feature", "properties": {"P": 1622, "D": "SW2 E", "code": "SW", "Z": 1084.856, "flagged": false, "seeded": ""}, "geometry": {"type": "Point", "coordinates": [-114.09217255356693, 51.02914194251243]}}, {"type": "Feature", "properties": {"P": 1623, "D": "SW3 B", "code": "SW", "Z": 1084.972, "flagged": false, "seeded": ""}, "geometry": {"type": "Point", "coordinates": [-114.09221282648963, 51.029242605038135]}}, {"type": "Feature", "properties": {"P": 1624, "D": "SW3 E", "code": "SW", "Z": 1084.867, "flagged": false, "seeded": ""}, "geometry": {"type": "Point", "coordinates": [-114.09218165297362, 51.02923747849933]}}, {"type": "Feature", "properties": {"P": 1625, "D": "SW1 B", "code": "SW", "Z": 1084.701, "flagged": false, "seeded": ""}, "geometry": {"type": "Point", "coordinates": [-114.09211590706485, 51.02922419852694]}}, {"type": "Feature", "properties": {"P": 1626, "D": "SW1 E", "code": "SW", "Z": 1084.608, "flagged": false, "seeded": ""}, "geometry": {"type": "Point", "coordinates": [-114.09209013555828, 51.02921857326883]}}, {"type": "Feature", "properties": {"P": 1627, "D": "SW2 B", "code": "SW", "Z": 1084.497, "flagged": false, "seeded": ""}, "geometry": {"type": "Point", "coordinates": [-114.0920274942362, 51.02920365466398]}}, {"type": "Feature", "properties": {"P": 1628, "D": "SW2", "code": "SW", "Z": 1084.174, "flagged": false, "seeded": ""}, "geometry": {"type": "Point", "coordinates": [-114.09192734734366, 51.029175110089106]}}, {"type": "Feature", "properties": {"P": 1629, "D": "SW2 E", "code": "SW", "Z": 1083.862, "flagged": false, "seeded": ""}, "geometry": {"type": "Point", "coordinates": [-114.09182714358629, 51.029146583452466]}}, {"type": "Feature", "properties": {"P": 1630, "D": "SW3", "code": "SW", "Z": 1083.728, "flagged": true, "seeded": "missing begin: SW3 first point lost 'B'"}, "geometry": {"type": "Point", "coordinates": [-114.0917583620411, 51.02912640152865]}}, {"type": "Feature", "properties": {"P": 1631, "D": "SW3", "code": "SW", "Z": 1083.334, "flagged": false, "seeded": ""}, "geometry": {"type": "Point", "coordinates": [-114.09163634370267, 51.02908893805363]}}, {"type": "Feature", "properties": {"P": 1632, "D": "SW3", "code": "SW", "Z": 1083.11, "flagged": false, "seeded": ""}, "geometry": {"type": "Point", "coordinates": [-114.09155871974353, 51.02906674024943]}}, {"type": "Feature", "properties": {"P": 1633, "D": "SW3", "code": "SW", "Z": 1082.91, "flagged": false, "seeded": ""}, "geometry": {"type": "Point", "coordinates": [-114.09148120971017, 51.02904444341706]}}, {"type": "Feature", "properties": {"P": 1634, "D": "SW3", "code": "SW", "Z": 1082.621, "flagged": false, "seeded": ""}, "geometry": {"type": "Point", "coordinates": [-114.09136243123065, 51.0290086851738]}}, {"type": "Feature", "properties": {"P": 1635, "D": "SW3", "code": "SW", "Z": 1082.611, "flagged": false, "seeded": ""}, "geometry": {"type": "Point", "coordinates": [-114.09134714185686, 51.0290050472832]}}, {"type": "Feature", "properties": {"P": 1636, "D": "SW3", "code": "SW", "Z": 1082.572, "flagged": false, "seeded": ""}, "geometry": {"type": "Point", "coordinates": [-114.09132157355502, 51.02900115672025]}}, {"type": "Feature", "properties": {"P": 1637, "D": "SW3", "code": "SW", "Z": 1082.561, "flagged": false, "seeded": ""}, "geometry": {"type": "Point", "coordinates": [-114.09130239748086, 51.02900012889124]}}, {"type": "Feature", "properties": {"P": 1638, "D": "SWW3", "code": "SWW", "Z": 1082.53, "flagged": true, "seeded": "code typo: SW3 -> SWW3"}, "geometry": {"type": "Point", "coordinates": [-114.09126584768951, 51.029001191262864]}}, {"type": "Feature", "properties": {"P": 1639, "D": "SW3", "code": "SW", "Z": 1082.53, "flagged": false, "seeded": ""}, "geometry": {"type": "Point", "coordinates": [-114.09124468249681, 51.029003572096705]}}, {"type": "Feature", "properties": {"P": 1640, "D": "SW3", "code": "SW", "Z": 1082.545, "flagged": false, "seeded": ""}, "geometry": {"type": "Point", "coordinates": [-114.09123282616905, 51.02900586475213]}}, {"type": "Feature", "properties": {"P": 1641, "D": "SW3", "code": "SW", "Z": 1082.515, "flagged": false, "seeded": ""}, "geometry": {"type": "Point", "coordinates": [-114.09121014267889, 51.02901185165864]}}, {"type": "Feature", "properties": {"P": 1642, "D": "SW3 E", "code": "SW", "Z": 1082.527, "flagged": false, "seeded": ""}, "geometry": {"type": "Point", "coordinates": [-114.09122322891146, 51.02902607223408]}}, {"type": "Feature", "properties": {"P": 1643, "D": "SW1 B", "code": "SW", "Z": 1079.81, "flagged": false, "seeded": ""}, "geometry": {"type": "Point", "coordinates": [-114.09136943786538, 51.027830364797886]}}, {"type": "Feature", "properties": {"P": 1644, "D": "SW1", "code": "SW", "Z": 1079.839, "flagged": false, "seeded": ""}, "geometry": {"type": "Point", "coordinates": [-114.09138598210168, 51.02784164300224]}}, {"type": "Feature", "properties": {"P": 1645, "D": "SW1", "code": "SW", "Z": 1079.913, "flagged": false, "seeded": ""}, "geometry": {"type": "Point", "coordinates": [-114.09140764268345, 51.02785222499086]}}, {"type": "Feature", "properties": {"P": 1646, "D": "SW1", "code": "SW", "Z": 1080.226, "flagged": false, "seeded": ""}, "geometry": {"type": "Point", "coordinates": [-114.09146076825444, 51.027871673228546]}}, {"type": "Feature", "properties": {"P": 1647, "D": "SW1 E", "code": "SW", "Z": 1080.291, "flagged": false, "seeded": ""}, "geometry": {"type": "Point", "coordinates": [-114.09147533014846, 51.027875266725516]}}, {"type": "Feature", "properties": {"P": 1648, "D": "SW2 B", "code": "SW", "Z": 1079.508, "flagged": false, "seeded": ""}, "geometry": {"type": "Point", "coordinates": [-114.0913355938905, 51.02784408266049]}}, {"type": "Feature", "properties": {"P": 1649, "D": "SW2", "code": "SW", "Z": 1079.571, "flagged": false, "seeded": ""}, "geometry": {"type": "Point", "coordinates": [-114.09135055557644, 51.027855263219294]}}, {"type": "Feature", "properties": {"P": 1650, "D": "SW2", "code": "SW", "Z": 1079.661, "flagged": false, "seeded": ""}, "geometry": {"type": "Point", "coordinates": [-114.091394800232, 51.027882090033096]}}, {"type": "Feature", "properties": {"P": 1651, "D": "SW2", "code": "SW", "Z": 1079.737, "flagged": false, "seeded": ""}, "geometry": {"type": "Point", "coordinates": [-114.09141560057466, 51.02789016454947]}}, {"type": "Feature", "properties": {"P": 1652, "D": "SW2 E", "code": "SW", "Z": 1079.916, "flagged": false, "seeded": ""}, "geometry": {"type": "Point", "coordinates": [-114.09144406980434, 51.027897954379014]}}, {"type": "Feature", "properties": {"P": 1653, "D": "SW3 B", "code": "SW", "Z": 1082.613, "flagged": false, "seeded": ""}, "geometry": {"type": "Point", "coordinates": [-114.09103334931243, 51.02898638667158]}}, {"type": "Feature", "properties": {"P": 1654, "D": "SW3", "code": "SW", "Z": 1082.633, "flagged": false, "seeded": ""}, "geometry": {"type": "Point", "coordinates": [-114.09104972821687, 51.02896404334862]}}, {"type": "Feature", "properties": {"P": 1655, "D": "SW3", "code": "SW", "Z": 1082.562, "flagged": false, "seeded": ""}, "geometry": {"type": "Point", "coordinates": [-114.09108686494731, 51.02890605742778]}}, {"type": "Feature", "properties": {"P": 1656, "D": "SW3", "code": "SW", "Z": 1082.492, "flagged": false, "seeded": ""}, "geometry": {"type": "Point", "coordinates": [-114.09111553573013, 51.02886366633922]}}, {"type": "Feature", "properties": {"P": 1657, "D": "SW3", "code": "SW", "Z": 1082.39, "flagged": false, "seeded": ""}, "geometry": {"type": "Point", "coordinates": [-114.09113520969362, 51.028827835794736]}}, {"type": "Feature", "properties": {"P": 1658, "D": "SW3", "code": "SW", "Z": 1082.433, "flagged": false, "seeded": ""}, "geometry": {"type": "Point", "coordinates": [-114.09115676567153, 51.02878488388872]}}, {"type": "Feature", "properties": {"P": 1659, "D": "SW3", "code": "SW", "Z": 1082.299, "flagged": false, "seeded": ""}, "geometry": {"type": "Point", "coordinates": [-114.09117832125689, 51.02874175218351]}}, {"type": "Feature", "properties": {"P": 1660, "D": "SW3", "code": "SW", "Z": 1082.168, "flagged": false, "seeded": ""}, "geometry": {"type": "Point", "coordinates": [-114.09120459885978, 51.0286713058973]}}, {"type": "Feature", "properties": {"P": 1661, "D": "SW3", "code": "SW", "Z": 1082.024, "flagged": false, "seeded": ""}, "geometry": {"type": "Point", "coordinates": [-114.09122745151647, 51.028606337042014]}}, {"type": "Feature", "properties": {"P": 1662, "D": "SW3", "code": "SW", "Z": 1081.958, "flagged": false, "seeded": ""}, "geometry": {"type": "Point", "coordinates": [-114.09124278990998, 51.02854788263512]}}, {"type": "Feature", "properties": {"P": 1663, "D": "SW3", "code": "SW", "Z": 1081.881, "flagged": false, "seeded": ""}, "geometry": {"type": "Point", "coordinates": [-114.09125818518156, 51.02848937424264]}}, {"type": "Feature", "properties": {"P": 1664, "D": "SW3", "code": "SW", "Z": 1081.653, "flagged": false, "seeded": ""}, "geometry": {"type": "Point", "coordinates": [-114.0912666651489, 51.02845198819599]}}, {"type": "Feature", "properties": {"P": 1665, "D": "SW3", "code": "SW", "Z": 1081.577, "flagged": false, "seeded": ""}, "geometry": {"type": "Point", "coordinates": [-114.09127456247798, 51.02837925486453]}}, {"type": "Feature", "properties": {"P": 1666, "D": "SW3", "code": "SW", "Z": 1081.365, "flagged": false, "seeded": ""}, "geometry": {"type": "Point", "coordinates": [-114.09127781876393, 51.02831698923822]}}, {"type": "Feature", "properties": {"P": 1667, "D": "SW3", "code": "SW", "Z": 1081.176, "flagged": false, "seeded": ""}, "geometry": {"type": "Point", "coordinates": [-114.09127782047125, 51.0282670511154]}}, {"type": "Feature", "properties": {"P": 1668, "D": "SW3", "code": "SW", "Z": 1081.209, "flagged": false, "seeded": ""}, "geometry": {"type": "Point", "coordinates": [-114.09127786503355, 51.02821715790747]}}, {"type": "Feature", "properties": {"P": 1669, "D": "SW3", "code": "SW", "Z": 1081.007, "flagged": false, "seeded": ""}, "geometry": {"type": "Point", "coordinates": [-114.0912760203308, 51.02817794601083]}}, {"type": "Feature", "properties": {"P": 1670, "D": "SW3", "code": "SW", "Z": 1080.923, "flagged": false, "seeded": ""}, "geometry": {"type": "Point", "coordinates": [-114.09127170309075, 51.0281500271849]}}, {"type": "Feature", "properties": {"P": 1671, "D": "SW3", "code": "SW", "Z": 1080.672, "flagged": false, "seeded": ""}, "geometry": {"type": "Point", "coordinates": [-114.09125812261222, 51.02808726228867]}}, {"type": "Feature", "properties": {"P": 1672, "D": "SW3", "code": "SW", "Z": 1080.466, "flagged": false, "seeded": ""}, "geometry": {"type": "Point", "coordinates": [-114.09124444231149, 51.028024461509084]}}, {"type": "Feature", "properties": {"P": 1673, "D": "SW3", "code": "SW", "Z": 1080.091, "flagged": false, "seeded": ""}, "geometry": {"type": "Point", "coordinates": [-114.09122394266085, 51.027958978111975]}}, {"type": "Feature", "properties": {"P": 1674, "D": "SW3 E", "code": "SW", "Z": 1079.855, "flagged": false, "seeded": ""}, "geometry": {"type": "Point", "coordinates": [-114.09120561926217, 51.02791279402993]}}, {"type": "Feature", "properties": {"P": 1675, "D": "SW1 B", "code": "SW", "Z": 1082.462, "flagged": false, "seeded": ""}, "geometry": {"type": "Point", "coordinates": [-114.09116691230827, 51.0290374702469]}}, {"type": "Feature", "properties": {"P": 1676, "D": "SW1", "code": "SW", "Z": 1082.432, "flagged": false, "seeded": ""}, "geometry": {"type": "Point", "coordinates": [-114.09114402510284, 51.02905589912684]}}, {"type": "Feature", "properties": {"P": 1677, "D": "SW1 E", "code": "SW", "Z": 1082.389, "flagged": false, "seeded": ""}, "geometry": {"type": "Point", "coordinates": [-114.09113114907909, 51.029068899370905]}}, {"type": "Feature", "properties": {"P": 1678, "D": "SW2 B", "code": "SW", "Z": 1082.796, "flagged": false, "seeded": ""}, "geometry": {"type": "Point", "coordinates": [-114.09100873289292, 51.02895169638167]}}, {"type": "Feature", "properties": {"P": 1679, "D": "SW2", "code": "SW", "Z": 1082.719, "flagged": false, "seeded": ""}, "geometry": {"type": "Point", "coordinates": [-114.09105502803226, 51.02888230432279]}}, {"type": "Feature", "properties": {"P": 1680, "D": "SW2 E", "code": "SW", "Z": 1082.558, "flagged": false, "seeded": ""}, "geometry": {"type": "Point", "coordinates": [-114.09107915445765, 51.02884155291994]}}, {"type": "Feature", "properties": {"P": 1681, "D": "SW3 B", "code": "SW", "Z": 1082.583, "flagged": false, "seeded": ""}, "geometry": {"type": "Point", "coordinates": [-114.09109539219438, 51.028812683134255]}}, {"type": "Feature", "properties": {"P": 1682, "D": "SW3", "code": "SW", "Z": 1082.597, "flagged": false, "seeded": ""}, "geometry": {"type": "Point", "coordinates": [-114.09111898715639, 51.02876992742045]}}, {"type": "Feature", "properties": {"P": 1683, "D": "SW3", "code": "SW", "Z": 1082.508, "flagged": false, "seeded": ""}, "geometry": {"type": "Point", "coordinates": [-114.09113331475574, 51.02874114901603]}}, {"type": "Feature", "properties": {"P": 1684, "D": "SW3", "code": "SW", "Z": 1082.391, "flagged": false, "seeded": ""}, "geometry": {"type": "Point", "coordinates": [-114.09114886443949, 51.02870311919332]}}, {"type": "Feature", "properties": {"P": 1685, "D": "SW3 E", "code": "SW", "Z": 1082.231, "flagged": false, "seeded": ""}, "geometry": {"type": "Point", "coordinates": [-114.09116336659115, 51.028661602158444]}}, {"type": "Feature", "properties": {"P": 1686, "D": "SW1 B", "code": "SW", "Z": 1082.19, "flagged": false, "seeded": ""}, "geometry": {"type": "Point", "coordinates": [-114.09117422240097, 51.02862895186998]}}, {"type": "Feature", "properties": {"P": 1687, "D": "SW1", "code": "SW", "Z": 1082.098, "flagged": false, "seeded": ""}, "geometry": {"type": "Point", "coordinates": [-114.09118661157993, 51.028593126998466]}}, {"type": "Feature", "properties": {"P": 1688, "D": "SW1", "code": "SW", "Z": 1082.002, "flagged": false, "seeded": ""}, "geometry": {"type": "Point", "coordinates": [-114.09119669397148, 51.02855865238963]}}, {"type": "Feature", "properties": {"P": 1689, "D": "SW1", "code": "SW", "Z": 1081.929, "flagged": false, "seeded": ""}, "geometry": {"type": "Point", "coordinates": [-114.09121153222365, 51.02849957808317]}}, {"type": "Feature", "properties": {"P": 1690, "D": "SW1 E", "code": "SW", "Z": 1081.745, "flagged": false, "seeded": ""}, "geometry": {"type": "Point", "coordinates": [-114.09122212994261, 51.028444417630254]}}, {"type": "Feature", "properties": {"P": 1691, "D": "SW2 B", "code": "SW", "Z": 1081.683, "flagged": false, "seeded": ""}, "geometry": {"type": "Point", "coordinates": [-114.09122664115971, 51.02841138572823]}}, {"type": "Feature", "properties": {"P": 1692, "D": "SW2", "code": "SW", "Z": 1081.461, "flagged": false, "seeded": ""}, "geometry": {"type": "Point", "coordinates": [-114.0912341826982, 51.02833166763262]}}, {"type": "Feature", "properties": {"P": 1693, "D": "SW2 E", "code": "SW", "Z": 1081.45, "flagged": false, "seeded": ""}, "geometry": {"type": "Point", "coordinates": [-114.09123462538238, 51.02827396201228]}}, {"type": "Feature", "properties": {"P": 1694, "D": "SW3 B", "code": "SW", "Z": 1081.308, "flagged": false, "seeded": ""}, "geometry": {"type": "Point", "coordinates": [-114.09123330261383, 51.02823918166003]}}, {"type": "Feature", "properties": {"P": 1695, "D": "SW3", "code": "SW", "Z": 1081.211, "flagged": false, "seeded": ""}, "geometry": {"type": "Point", "coordinates": [-114.09122748634444, 51.02818108537535]}}, {"type": "Feature", "properties": {"P": 1696, "D": "SW3", "code": "SW", "Z": 1080.965, "flagged": false, "seeded": ""}, "geometry": {"type": "Point", "coordinates": [-114.0912217413496, 51.02812298004442]}}, {"type": "Feature", "properties": {"P": 1697, "D": "SW3", "code": "SW", "Z": 1080.883, "flagged": false, "seeded": ""}, "geometry": {"type": "Point", "coordinates": [-114.09121815966509, 51.0280993847172]}}, {"type": "Feature", "properties": {"P": 1698, "D": "SW3 E", "code": "SW", "Z": 1080.705, "flagged": false, "seeded": ""}, "geometry": {"type": "Point", "coordinates": [-114.09121219287003, 51.02807352583155]}}, {"type": "Feature", "properties": {"P": 1699, "D": "SW1 B", "code": "SW", "Z": 1080.63, "flagged": false, "seeded": ""}, "geometry": {"type": "Point", "coordinates": [-114.09120410831275, 51.02804361421596]}}, {"type": "Feature", "properties": {"P": 1700, "D": "SW1", "code": "SW", "Z": 1080.382, "flagged": false, "seeded": ""}, "geometry": {"type": "Point", "coordinates": [-114.09118803705663, 51.02799005676991]}}, {"type": "Feature", "properties": {"P": 1701, "D": "SW1 E", "code": "SW", "Z": 1080.094, "flagged": false, "seeded": ""}, "geometry": {"type": "Point", "coordinates": [-114.09116953660221, 51.02794080731198]}}, {"type": "Feature", "properties": {"P": 1702, "D": "DW1 B CONC", "code": "DW", "Z": 1085.078, "flagged": false, "seeded": ""}, "geometry": {"type": "Point", "coordinates": [-114.09283433340451, 51.02803325990474]}}, {"type": "Feature", "properties": {"P": 1703, "D": "DW1 E", "code": "DW", "Z": 1085.789, "flagged": false, "seeded": ""}, "geometry": {"type": "Point", "coordinates": [-114.0928748493481, 51.02801275802621]}}, {"type": "Feature", "properties": {"P": 1704, "D": "DW2 B CONC", "code": "DW", "Z": 1085.596, "flagged": false, "seeded": ""}, "geometry": {"type": "Point", "coordinates": [-114.0929041946182, 51.02803787906363]}}, {"type": "Feature", "properties": {"P": 1705, "D": "DW2 E", "code": "DW", "Z": 1085.151, "flagged": false, "seeded": ""}, "geometry": {"type": "Point", "coordinates": [-114.09286389345007, 51.02805885723892]}}, {"type": "Feature", "properties": {"P": 1706, "D": "DW3 B CONC", "code": "DW", "Z": 1085.326, "flagged": false, "seeded": ""}, "geometry": {"type": "Point", "coordinates": [-114.09294081711636, 51.02813059731079]}}, {"type": "Feature", "properties": {"P": 1707, "D": "DW3 E", "code": "DW", "Z": 1085.634, "flagged": false, "seeded": ""}, "geometry": {"type": "Point", "coordinates": [-114.09298696601954, 51.02811108877729]}}, {"type": "Feature", "properties": {"P": 1708, "D": "DW1 B CONC", "code": "DW", "Z": 1085.294, "flagged": false, "seeded": ""}, "geometry": {"type": "Point", "coordinates": [-114.09305104366047, 51.02817468528336]}}, {"type": "Feature", "properties": {"P": 1709, "D": "DW1 E", "code": "DW", "Z": 1085.477, "flagged": false, "seeded": ""}, "geometry": {"type": "Point", "coordinates": [-114.09300716606442, 51.02819654735174]}}, {"type": "Feature", "properties": {"P": 1710, "D": "DW2 B CONC", "code": "DW", "Z": 1085.455, "flagged": false, "seeded": ""}, "geometry": {"type": "Point", "coordinates": [-114.09301678107201, 51.02820704872989]}}, {"type": "Feature", "properties": {"P": 1711, "D": "DW2 E", "code": "DW", "Z": 1085.685, "flagged": false, "seeded": ""}, "geometry": {"type": "Point", "coordinates": [-114.09306488633922, 51.028189192724774]}}, {"type": "Feature", "properties": {"P": 1712, "D": "DW3 B CONC", "code": "DW", "Z": 1085.687, "flagged": false, "seeded": ""}, "geometry": {"type": "Point", "coordinates": [-114.0931073650549, 51.02823758673205]}}, {"type": "Feature", "properties": {"P": 1713, "D": "DW3 E", "code": "DW", "Z": 1085.582, "flagged": false, "seeded": ""}, "geometry": {"type": "Point", "coordinates": [-114.09306158898931, 51.02825822772563]}}, {"type": "Feature", "properties": {"P": 1714, "D": "DW1 B CONC", "code": "DW", "Z": 1086.012, "flagged": false, "seeded": ""}, "geometry": {"type": "Point", "coordinates": [-114.093246046086, 51.02843084591754]}}, {"type": "Feature", "properties": {"P": 1715, "D": "DW1", "code": "DW", "Z": 1086.02, "flagged": false, "seeded": ""}, "geometry": {"type": "Point", "coordinates": [-114.09323558407688, 51.02843165435339]}}, {"type": "Feature", "properties": {"P": 1716, "D": "DW1", "code": "DW", "Z": 1086.006, "flagged": false, "seeded": ""}, "geometry": {"type": "Point", "coordinates": [-114.09321440935284, 51.028436211074]}}, {"type": "Feature", "properties": {"P": 1717, "D": "DW1 E", "code": "DW", "Z": 1085.903, "flagged": false, "seeded": ""}, "geometry": {"type": "Point", "coordinates": [-114.09319067227453, 51.02844259475551]}}, {"type": "Feature", "properties": {"P": 1718, "D": "DW2 B CONC", "code": "DW", "Z": 1085.849, "flagged": false, "seeded": ""}, "geometry": {"type": "Point", "coordinates": [-114.09316188139395, 51.028395556312965]}}, {"type": "Feature", "properties": {"P": 1719, "D": "DW2", "code": "DW", "Z": 1085.903, "flagged": true, "seeded": ""}, "geometry": {"type": "Point", "coordinates": [-114.09319201221884, 51.02838567951164]}}, {"type": "Feature", "properties": {"P": 1720, "D": "DW2 E", "code": "DW", "Z": 1086.038, "flagged": false, "seeded": ""}, "geometry": {"type": "Point", "coordinates": [-114.0932258062926, 51.02839690773869]}}, {"type": "Feature", "properties": {"P": 1721, "D": "DW3 B CONC", "code": "DW", "Z": 1086.606, "flagged": false, "seeded": ""}, "geometry": {"type": "Point", "coordinates": [-114.09336359960389, 51.02872967957926]}}, {"type": "Feature", "properties": {"P": 1722, "D": "DW3 E", "code": "DW", "Z": 1086.493, "flagged": false, "seeded": ""}, "geometry": {"type": "Point", "coordinates": [-114.09330241232996, 51.02872882048005]}}, {"type": "Feature", "properties": {"P": 1723, "D": "DW1 B CONC", "code": "DW", "Z": 1086.454, "flagged": false, "seeded": ""}, "geometry": {"type": "Point", "coordinates": [-114.09329172248319, 51.02868717945458]}}, {"type": "Feature", "properties": {"P": 1724, "D": "DW1 E", "code": "DW", "Z": 1086.639, "flagged": false, "seeded": ""}, "geometry": {"type": "Point", "coordinates": [-114.09335325100784, 51.02868762475781]}}, {"type": "Feature", "properties": {"P": 1725, "D": "DW2 B CONC", "code": "DW", "Z": 1087.437, "flagged": false, "seeded": ""}, "geometry": {"type": "Point", "coordinates": [-114.09333775088793, 51.029118525325465]}}, {"type": "Feature", "properties": {"P": 1726, "D": "DW2 E", "code": "DW", "Z": 1087.284, "flagged": false, "seeded": ""}, "geometry": {"type": "Point", "coordinates": [-114.09331006423376, 51.029117621489654]}}, {"type": "Feature", "properties": {"P": 1727, "D": "DW3 B CONC", "code": "DW", "Z": 1087.209, "flagged": false, "seeded": ""}, "geometry": {"type": "Point", "coordinates": [-114.09331336400702, 51.029092546415136]}}, {"type": "Feature", "properties": {"P": 1728, "D": "DW3 E", "code": "DW", "Z": 1087.752, "flagged": false, "seeded": ""}, "geometry": {"type": "Point", "coordinates": [-114.09337336728161, 51.029092786161286]}}, {"type": "Feature", "properties": {"P": 1729, "D": "DW1 B CONC", "code": "DW", "Z": 1087.69, "flagged": false, "seeded": ""}, "geometry": {"type": "Point", "coordinates": [-114.09336825833448, 51.02911850095587]}}, {"type": "Feature", "properties": {"P": 1730, "D": "DW1 E", "code": "DW", "Z": 1087.431, "flagged": false, "seeded": ""}, "geometry": {"type": "Point", "coordinates": [-114.09333775072542, 51.029118444417755]}}, {"type": "Feature", "properties": {"P": 1731, "D": "DW2 B CONC", "code": "DW", "Z": 1084.861, "flagged": false, "seeded": ""}, "geometry": {"type": "Point", "coordinates": [-114.09217475642154, 51.029239138054734]}}, {"type": "Feature", "properties": {"P": 1732, "D": "DW2 E", "code": "DW", "Z": 1085.025, "flagged": false, "seeded": ""}, "geometry": {"type": "Point", "coordinates": [-114.09216376905188, 51.02924829829533]}}, {"type": "Feature", "properties": {"P": 1733, "D": "DW3 B CONC", "code": "DW", "Z": 1084.902, "flagged": false, "seeded": ""}, "geometry": {"type": "Point", "coordinates": [-114.09211670633604, 51.02923905796928]}}, {"type": "Feature", "properties": {"P": 1734, "D": "DW3 E", "code": "DW", "Z": 1084.748, "flagged": false, "seeded": ""}, "geometry": {"type": "Point", "coordinates": [-114.09211929279336, 51.02922777378245]}}, {"type": "Feature", "properties": {"P": 1735, "D": "DW1 B CONC", "code": "DW", "Z": 1086.308, "flagged": false, "seeded": ""}, "geometry": {"type": "Point", "coordinates": [-114.09268774262506, 51.02929770514529]}}, {"type": "Feature", "properties": {"P": 1736, "D": "DW1 E", "code": "DW", "Z": 1086.426, "flagged": false, "seeded": ""}, "geometry": {"type": "Point", "coordinates": [-114.09267279595645, 51.02930874743348]}}, {"type": "Feature", "properties": {"P": 1737, "D": "DW2 B CONC", "code": "DW", "Z": 1086.285, "flagged": false, "seeded": ""}, "geometry": {"type": "Point", "coordinates": [-114.09258376970153, 51.02930250718515]}}, {"type": "Feature", "properties": {"P": 1738, "D": "DW2 E", "code": "DW", "Z": 1086.091, "flagged": false, "seeded": ""}, "geometry": {"type": "Point", "coordinates": [-114.09258062859217, 51.02929293557986]}}, {"type": "Feature", "properties": {"P": 1739, "D": "DW3 B CONC", "code": "DW", "Z": 1086.663, "flagged": false, "seeded": ""}, "geometry": {"type": "Point", "coordinates": [-114.09255326741089, 51.0293409715567]}}, {"type": "Feature", "properties": {"P": 1740, "D": "DW3 E", "code": "DW", "Z": 1086.256, "flagged": false, "seeded": ""}, "geometry": {"type": "Point", "coordinates": [-114.09256516562104, 51.02931675271133]}}, {"type": "Feature", "properties": {"P": 1741, "D": "DW1 B CONC", "code": "DW", "Z": 1086.494, "flagged": false, "seeded": ""}, "geometry": {"type": "Point", "coordinates": [-114.09266277673632, 51.029324388569634]}}, {"type": "Feature", "properties": {"P": 1742, "D": "DW1", "code": "DW", "Z": 1086.519, "flagged": false, "seeded": ""}, "geometry": {"type": "Point", "coordinates": [-114.09265615937832, 51.02933737502882]}}, {"type": "Feature", "properties": {"P": 1743, "D": "DW1", "code": "DW", "Z": 1086.641, "flagged": false, "seeded": ""}, "geometry": {"type": "Point", "coordinates": [-114.09267269037302, 51.02934158710801]}}, {"type": "Feature", "properties": {"P": 1744, "D": "DW1 E", "code": "DW", "Z": 1086.621, "flagged": false, "seeded": ""}, "geometry": {"type": "Point", "coordinates": [-114.0926685408483, 51.02934820686128]}}, {"type": "Feature", "properties": {"P": 1745, "D": "DW2 B CONC", "code": "DW", "Z": 1083.867, "flagged": false, "seeded": ""}, "geometry": {"type": "Point", "coordinates": [-114.0918200318477, 51.029147559934344]}}, {"type": "Feature", "properties": {"P": 1746, "D": "DW2 E", "code": "DW", "Z": 1084.039, "flagged": false, "seeded": ""}, "geometry": {"type": "Point", "coordinates": [-114.09180915451591, 51.029154715338905]}}, {"type": "Feature", "properties": {"P": 1747, "D": "DW3 B CONC", "code": "DW", "Z": 1083.888, "flagged": false, "seeded": ""}, "geometry": {"type": "Point", "coordinates": [-114.09175052859581, 51.029137303267525]}}, {"type": "Feature", "properties": {"P": 1748, "D": "DW3 E", "code": "DW", "Z": 1083.765, "flagged": false, "seeded": ""}, "geometry": {"type": "Point", "coordinates": [-114.09175953783435, 51.029129852673144]}}, {"type": "Feature", "properties": {"P": 1749, "D": "DW1 B CONC", "code": "DW", "Z": 1084.624, "flagged": false, "seeded": ""}, "geometry": {"type": "Point", "coordinates": [-114.09208412286829, 51.02922023212243]}}, {"type": "Feature", "properties": {"P": 1750, "D": "DW1 E", "code": "DW", "Z": 1084.787, "flagged": false, "seeded": ""}, "geometry": {"type": "Point", "coordinates": [-114.09207661521303, 51.029230045865404]}}, {"type": "Feature", "properties": {"P": 1751, "D": "DW2 B CONC", "code": "DW", "Z": 1084.747, "flagged": false, "seeded": ""}, "geometry": {"type": "Point", "coordinates": [-114.09203150273568, 51.02921936560691]}}, {"type": "Feature", "properties": {"P": 1752, "D": "DW2 E", "code": "DW", "Z": 1084.582, "flagged": false, "seeded": ""}, "geometry": {"type": "Point", "coordinates": [-114.09203140868665, 51.029207867778624]}}, {"type": "Feature", "properties": {"P": 1753, "D": "DW3 B CONC", "code": "DW", "Z": 1085.575, "flagged": false, "seeded": ""}, "geometry": {"type": "Point", "coordinates": [-114.0920981976075, 51.02927270324683]}}, {"type": "Feature", "properties": {"P": 1754, "D": "DW3 E", "code": "DW", "Z": 1085.041, "flagged": false, "seeded": ""}, "geometry": {"type": "Point", "coordinates": [-114.09210744510554, 51.029256010965376]}}, {"type": "Feature", "properties": {"P": 1755, "D": "DW1 B CONC", "code": "DW", "Z": 1085.127, "flagged": false, "seeded": ""}, "geometry": {"type": "Point", "coordinates": [-114.09215248302306, 51.029265010168274]}}, {"type": "Feature", "properties": {"P": 1756, "D": "DW1 E", "code": "DW", "Z": 1085.179, "flagged": false, "seeded": ""}, "geometry": {"type": "Point", "coordinates": [-114.09214280889722, 51.029282224195704]}}, {"type": "Feature", "properties": {"P": 1757, "D": "DW2 B CONC", "code": "DW", "Z": 1085.252, "flagged": false, "seeded": ""}, "geometry": {"type": "Point", "coordinates": [-114.09201560229467, 51.02925276609392]}}, {"type": "Feature", "properties": {"P": 1758, "D": "DW2 E", "code": "DW", "Z": 1084.87, "flagged": false, "seeded": ""}, "geometry": {"type": "Point", "coordinates": [-114.09202339383451, 51.02923512205091]}}, {"type": "Feature", "properties": {"P": 1759, "D": "DW3 B CONC", "code": "DW", "Z": 1084.91, "flagged": false, "seeded": ""}, "geometry": {"type": "Point", "coordinates": [-114.09206702467803, 51.029246288926764]}}, {"type": "Feature", "properties": {"P": 1760, "D": "DW3 E", "code": "DW", "Z": 1084.981, "flagged": false, "seeded": ""}, "geometry": {"type": "Point", "coordinates": [-114.09205752047286, 51.02926293645847]}}, {"type": "Feature", "properties": {"P": 1761, "D": "SLAB1 B", "code": "SLAB", "Z": 1081.772, "flagged": false, "seeded": ""}, "geometry": {"type": "Point", "coordinates": [-114.09180280764421, 51.02781088596485]}}, {"type": "Feature", "properties": {"P": 1762, "D": "SLAB1", "code": "SLAB", "Z": 1082.268, "flagged": false, "seeded": ""}, "geometry": {"type": "Point", "coordinates": [-114.0919191737846, 51.02778155080071]}}, {"type": "Feature", "properties": {"P": 1763, "D": "SLAB1", "code": "SLAB", "Z": 1082.122, "flagged": false, "seeded": ""}, "geometry": {"type": "Point", "coordinates": [-114.09192030347344, 51.027797740472884]}}, {"type": "Feature", "properties": {"P": 1764, "D": "SLAB1 CLS", "code": "SLAB", "Z": 1081.637, "flagged": false, "seeded": ""}, "geometry": {"type": "Point", "coordinates": [-114.09180261471775, 51.02782868584437]}}, {"type": "Feature", "properties": {"P": 1765, "D": "SLAB2 B", "code": "SLAB", "Z": 1084.231, "flagged": false, "seeded": ""}, "geometry": {"type": "Point", "coordinates": [-114.0923090910218, 51.028902563298566]}}, {"type": "Feature", "properties": {"P": 1766, "D": "SLAB2", "code": "SLAB", "Z": 1084.186, "flagged": false, "seeded": ""}, "geometry": {"type": "Point", "coordinates": [-114.09230015080718, 51.02888727877818]}}, {"type": "Feature", "properties": {"P": 1767, "D": "SLAB2", "code": "SLAB", "Z": 1084.271, "flagged": false, "seeded": ""}, "geometry": {"type": "Point", "coordinates": [-114.09232255030253, 51.02888195712651]}}, {"type": "Feature", "properties": {"P": 1768, "D": "SLAB2 CLS", "code": "SLAB", "Z": 1084.311, "flagged": false, "seeded": ""}, "geometry": {"type": "Point", "coordinates": [-114.09233151908857, 51.0288972685919]}}, {"type": "Feature", "properties": {"P": 1769, "D": "SLAB3 B", "code": "SLAB", "Z": 1081.607, "flagged": false, "seeded": ""}, "geometry": {"type": "Point", "coordinates": [-114.09127176674475, 51.02840745792733]}}, {"type": "Feature", "properties": {"P": 1770, "D": "SLAB3", "code": "SLAB", "Z": 1081.624, "flagged": false, "seeded": ""}, "geometry": {"type": "Point", "coordinates": [-114.09126753732721, 51.02844604528309]}}, {"type": "Feature", "properties": {"P": 1771, "D": "SLAB3", "code": "SLAB", "Z": 1081.788, "flagged": false, "seeded": ""}, "geometry": {"type": "Point", "coordinates": [-114.09126439139189, 51.028462885561524]}}, {"type": "Feature", "properties": {"P": 1772, "D": "SLAB3", "code": "SLAB", "Z": 1081.701, "flagged": false, "seeded": ""}, "geometry": {"type": "Point", "coordinates": [-114.09124115636394, 51.02844194857243]}}, {"type": "Feature", "properties": {"P": 1773, "D": "SLAB3 CLS", "code": "SLAB", "Z": 1081.605, "flagged": false, "seeded": ""}, "geometry": {"type": "Point", "coordinates": [-114.09124591845523, 51.028413267517934]}}, {"type": "Feature", "properties": {"P": 1774, "D": "BLDG1 B UTIL", "code": "BLDG", "Z": 1086.046, "flagged": false, "seeded": ""}, "geometry": {"type": "Point", "coordinates": [-114.09278472011636, 51.029045114834375]}}, {"type": "Feature", "properties": {"P": 1775, "D": "BLDG1", "code": "BLDG", "Z": 1085.95, "flagged": false, "seeded": ""}, "geometry": {"type": "Point", "coordinates": [-114.09275362965798, 51.02902442710787]}}, {"type": "Feature", "properties": {"P": 1776, "D": "BLDG1", "code": "BLDG", "Z": 1086.058, "flagged": false, "seeded": ""}, "geometry": {"type": "Point", "coordinates": [-114.09280531667969, 51.0289935961461]}}, {"type": "Feature", "properties": {"P": 1777, "D": "BLDG1 CLS", "code": "BLDG", "Z": 1086.194, "flagged": false, "seeded": ""}, "geometry": {"type": "Point", "coordinates": [-114.09283654960846, 51.029014238797004]}}, {"type": "Feature", "properties": {"P": 1778, "D": "TREE 5 11 QUEMAC F", "code": "TREE", "Z": 1082.235, "flagged": false, "seeded": ""}, "geometry": {"type": "Point", "coordinates": [-114.09195782389334, 51.02797070992546]}}, {"type": "Feature", "properties": {"P": 1779, "D": "TREE 25 13 ULMAME F", "code": "TREE", "Z": 1083.322, "flagged": false, "seeded": ""}, "geometry": {"type": "Point", "coordinates": [-114.09175100421749, 51.02880777425825]}}, {"type": "Feature", "properties": {"P": 1780, "D": "TREE 3 9 MALADS F", "code": "TREE", "Z": 1081.381, "flagged": false, "seeded": ""}, "geometry": {"type": "Point", "coordinates": [-114.09176986042266, 51.027989897992946]}}, {"type": "Feature", "properties": {"P": 1781, "D": "TREE 3 1 MALADS F", "code": "TREE", "Z": 1086.664, "flagged": false, "seeded": ""}, "geometry": {"type": "Point", "coordinates": [-114.0927919536047, 51.029183668256685]}}, {"type": "Feature", "properties": {"P": 1782, "D": "TREE 5 1 MALADS F", "code": "TREE", "Z": 1086.432, "flagged": false, "seeded": ""}, "geometry": {"type": "Point", "coordinates": [-114.09269789255627, 51.029176074639075]}}, {"type": "Feature", "properties": {"P": 1783, "D": "TREE 31 10 PRUPAD P", "code": "TREE", "Z": 1083.611, "flagged": false, "seeded": ""}, "geometry": {"type": "Point", "coordinates": [-114.09183194068683, 51.028977050794936]}}, {"type": "Feature", "properties": {"P": 1784, "D": "TREE 4 13 MALADS F", "code": "TREE", "Z": 1088.859, "flagged": true, "seeded": "elevation blunder: dZ +1.80 m (rod height)"}, "geometry": {"type": "Point", "coordinates": [-114.09311559705712, 51.029009261208465]}}, {"type": "Feature", "properties": {"P": 1785, "D": "TREE 4 2 PRUCER P", "code": "TREE", "Z": 1085.225, "flagged": false, "seeded": ""}, "geometry": {"type": "Point", "coordinates": [-114.0925040523975, 51.029016866763186]}}, {"type": "Feature", "properties": {"P": 1786, "D": "TREE 5 2 PRUCER G", "code": "TREE", "Z": 1085.207, "flagged": false, "seeded": ""}, "geometry": {"type": "Point", "coordinates": [-114.09250034907835, 51.0290184698717]}}, {"type": "Feature", "properties": {"P": 1787, "D": "TREE 5 9 PRUCER G", "code": "TREE", "Z": 1086.217, "flagged": false, "seeded": ""}, "geometry": {"type": "Point", "coordinates": [-114.09296362048997, 51.028847638440155]}}, {"type": "Feature", "properties": {"P": 1788, "D": "CON 5 5 PICPUN F", "code": "CON", "Z": 1086.229, "flagged": false, "seeded": ""}, "geometry": {"type": "Point", "coordinates": [-114.0932634768969, 51.02851418506919]}}, {"type": "Feature", "properties": {"P": 1789, "D": "TREE 5 1 MALSPP F", "code": "TREE", "Z": 1087.184, "flagged": false, "seeded": ""}, "geometry": {"type": "Point", "coordinates": [-114.09311564402978, 51.02906827894405]}}, {"type": "Feature", "properties": {"P": 1790, "D": "TREE 2 13 MALSPP P", "code": "TREE", "Z": 1081.253, "flagged": false, "seeded": ""}, "geometry": {"type": "Point", "coordinates": [-114.09147312959949, 51.02820578600989]}}, {"type": "Feature", "properties": {"P": 1791, "D": "TREE 8 5 MALSPP F", "code": "TREE", "Z": 1083.645, "flagged": false, "seeded": ""}, "geometry": {"type": "Point", "coordinates": [-114.0920861292438, 51.02871475432503]}}, {"type": "Feature", "properties": {"P": 1792, "D": "TREE 7 11 PRUVIR G", "code": "TREE", "Z": 1081.721, "flagged": false, "seeded": ""}, "geometry": {"type": "Point", "coordinates": [-114.09165101532979, 51.02820825366908]}}, {"type": "Feature", "properties": {"P": 1793, "D": "TREE 6 12 PRUVIR G", "code": "TREE", "Z": 1083.376, "flagged": false, "seeded": ""}, "geometry": {"type": "Point", "coordinates": [-114.09188517411312, 51.02876190197541]}}, {"type": "Feature", "properties": {"P": 1794, "D": "TREE 13 4 PRUVIR F", "code": "TREE", "Z": 1083.676, "flagged": false, "seeded": ""}, "geometry": {"type": "Point", "coordinates": [-114.09228735399978, 51.02840875495135]}}, {"type": "Feature", "properties": {"P": 1795, "D": "TREE 17 5 PRUVIR X", "code": "TREE", "Z": 1083.796, "flagged": true, "seeded": "attribute error: condition X"}, "geometry": {"type": "Point", "coordinates": [-114.09222005496929, 51.028431192581735]}}, {"type": "Feature", "properties": {"P": 1796, "D": "TREE 13 5 PRUVIR F", "code": "TREE", "Z": 1084.35, "flagged": false, "seeded": ""}, "geometry": {"type": "Point", "coordinates": [-114.09255436811868, 51.0283761446891]}}, {"type": "Feature", "properties": {"P": 1797, "D": "TREE 13 11 PRUVIR F", "code": "TREE", "Z": 1084.101, "flagged": false, "seeded": ""}, "geometry": {"type": "Point", "coordinates": [-114.09234675932083, 51.02851744816889]}}, {"type": "Feature", "properties": {"P": 1798, "D": "TREE 32 9 PRUVIR F", "code": "TREE", "Z": 1082.64, "flagged": false, "seeded": ""}, "geometry": {"type": "Point", "coordinates": [-114.0918852172942, 51.02839439154515]}}, {"type": "Feature", "properties": {"P": 1799, "D": "TREE 4 13 MALSPP G", "code": "TREE", "Z": 1086.099, "flagged": false, "seeded": ""}, "geometry": {"type": "Point", "coordinates": [-114.09287560853096, 51.02887057836817]}}, {"type": "Feature", "properties": {"P": 1800, "D": "TREE 8 6 MALADS G", "code": "TREE", "Z": 1084.914, "flagged": false, "seeded": ""}, "geometry": {"type": "Point", "coordinates": [-114.0924099938239, 51.028981647379865]}}, {"type": "Feature", "properties": {"P": 1801, "D": "TREE 4 1 MALSPP F", "code": "TREE", "Z": 1081.392, "flagged": false, "seeded": ""}, "geometry": {"type": "Point", "coordinates": [-114.09148483002463, 51.02826199881601]}}, {"type": "Feature", "properties": {"P": 1802, "D": "TREE 8 8 LONSPP F", "code": "TREE", "Z": 1082.746, "flagged": false, "seeded": ""}, "geometry": {"type": "Point", "coordinates": [-114.0913261534254, 51.02901757743238]}}, {"type": "Feature", "properties": {"P": 1803, "D": "TREE 62 7 ULMAME F", "code": "TREE", "Z": 1082.272, "flagged": false, "seeded": ""}, "geometry": {"type": "Point", "coordinates": [-114.09118362229647, 51.028740687255805]}}, {"type": "Feature", "properties": {"P": 1804, "D": "TREE 9 2 COTSPP F", "code": "TREE", "Z": 1084.158, "flagged": false, "seeded": ""}, "geometry": {"type": "Point", "coordinates": [-114.09243334870872, 51.028395874108774]}}, {"type": "Feature", "properties": {"P": 1805, "D": "CON 86 11 PICPUN F", "code": "CON", "Z": 1084.309, "flagged": false, "seeded": ""}, "geometry": {"type": "Point", "coordinates": [-114.09253300475106, 51.02825017909754]}}, {"type": "Feature", "properties": {"P": 1806, "D": "CON 35 8 PICGLA F", "code": "CON", "Z": 1082.611, "flagged": false, "seeded": ""}, "geometry": {"type": "Point", "coordinates": [-114.09203401460707, 51.02798265127935]}}, {"type": "Feature", "properties": {"P": 1807, "D": "TREE 10 7 COTSPP F", "code": "TREE", "Z": 1081.549, "flagged": false, "seeded": ""}, "geometry": {"type": "Point", "coordinates": [-114.09154012723941, 51.028312576858184]}}, {"type": "Feature", "properties": {"P": 1808, "D": "CON 38 8 PICPUN F", "code": "CON", "Z": 1084.294, "flagged": false, "seeded": ""}, "geometry": {"type": "Point", "coordinates": [-114.09249799319124, 51.02811415577016]}}, {"type": "Feature", "properties": {"P": 1809, "D": "TREE 59 13 FRAPEN F", "code": "TREE", "Z": 1081.344, "flagged": false, "seeded": ""}, "geometry": {"type": "Point", "coordinates": [-114.09154914047532, 51.02813353870811]}}, {"type": "Feature", "properties": {"P": 1810, "D": "TREE 6 12 SYRRET F", "code": "TREE", "Z": 1084.133, "flagged": false, "seeded": ""}, "geometry": {"type": "Point", "coordinates": [-114.09237711239163, 51.02791641370697]}}, {"type": "Feature", "properties": {"P": 1811, "D": "TREE 62 10 ULMAME F", "code": "TREE", "Z": 1082.04, "flagged": false, "seeded": ""}, "geometry": {"type": "Point", "coordinates": [-114.09150412135372, 51.02848100125341]}}, {"type": "Feature", "properties": {"P": 1812, "D": "TREE 26 6 SORAME F", "code": "TREE", "Z": 1083.151, "flagged": false, "seeded": ""}, "geometry": {"type": "Point", "coordinates": [-114.09168362039298, 51.02867926458183]}}, {"type": "Feature", "properties": {"P": 1813, "D": "CON 49 6 PICGLA F NW", "code": "CON", "Z": 1081.7, "flagged": true, "seeded": "attribute error: extra token"}, "geometry": {"type": "Point", "coordinates": [-114.09153212085029, 51.02836591039029]}}, {"type": "Feature", "properties": {"P": 1814, "D": "CON 59 3 PICGLA F", "code": "CON", "Z": 1083.218, "flagged": false, "seeded": ""}, "geometry": {"type": "Point", "coordinates": [-114.09217904001794, 51.0282291890552]}}, {"type": "Feature", "properties": {"P": 1815, "D": "TREE 5 10 SYRRET F", "code": "TREE", "Z": 1082.359, "flagged": false, "seeded": ""}, "geometry": {"type": "Point", "coordinates": [-114.09141098711947, 51.02875533374829]}}, {"type": "Feature", "properties": {"P": 1816, "D": "TREE 41 8 ULMAME F", "code": "TREE", "Z": 1083.576, "flagged": false, "seeded": ""}, "geometry": {"type": "Point", "coordinates": [-114.09195523201967, 51.02890864965282]}}, {"type": "Feature", "properties": {"P": 1817, "D": "TREE 39 7 FRAPEN F", "code": "TREE", "Z": 1083.991, "flagged": false, "seeded": ""}, "geometry": {"type": "Point", "coordinates": [-114.09180546992371, 51.029151383032655]}}, {"type": "Feature", "properties": {"P": 1818, "D": "TREE 3 9 SYRRET F", "code": "TREE", "Z": 1081.336, "flagged": false, "seeded": ""}, "geometry": {"type": "Point", "coordinates": [-114.0917074470733, 51.02801737474926]}}, {"type": "Feature", "properties": {"P": 1819, "D": "TREE 81 15 ULMAME F", "code": "TREE", "Z": 1083.869, "flagged": false, "seeded": ""}, "geometry": {"type": "Point", "coordinates": [-114.09224956091829, 51.02776885762818]}}, {"type": "Feature", "properties": {"P": 1820, "D": "TREE 77 14 ULMAME F", "code": "TREE", "Z": 1082.883, "flagged": false, "seeded": ""}, "geometry": {"type": "Point", "coordinates": [-114.09200823304032, 51.02778437542072]}}, {"type": "Feature", "properties": {"P": 1821, "D": "TREE 10 2 COTSPP F", "code": "TREE", "Z": 1084.245, "flagged": false, "seeded": ""}, "geometry": {"type": "Point", "coordinates": [-114.09246753834735, 51.028412550037146]}}, {"type": "Feature", "properties": {"P": 1822, "D": "TREE 9 6 LONSPP F", "code": "TREE", "Z": 1085.992, "flagged": false, "seeded": ""}, "geometry": {"type": "Point", "coordinates": [-114.09250559367354, 51.029297004430966]}}, {"type": "Feature", "properties": {"P": 1823, "D": "TREE 10 6 LONSPP F", "code": "TREE", "Z": 1082.666, "flagged": false, "seeded": ""}, "geometry": {"type": "Point", "coordinates": [-114.0910398512055, 51.02897974716398]}}, {"type": "Feature", "properties": {"P": 1824, "D": "CON 4 5 PICGLA F", "code": "CON", "Z": 1082.713, "flagged": false, "seeded": ""}, "geometry": {"type": "Point", "coordinates": [-114.09143819344908, 51.02881655071027]}}, {"type": "Feature", "properties": {"P": 1825, "D": "CON 41 4 PICGLA F", "code": "CON", "Z": 1084.385, "flagged": false, "seeded": ""}, "geometry": {"type": "Point", "coordinates": [-114.09243303707218, 51.02859039479501]}}, {"type": "Feature", "properties": {"P": 1826, "D": "TRE 31 8 FRAPEN F", "code": "TRE", "Z": 1083.177, "flagged": true, "seeded": "code typo: TREE -> TRE"}, "geometry": {"type": "Point", "coordinates": [-114.09195935952467, 51.02851624337095]}}, {"type": "Feature", "properties": {"P": 1827, "D": "TREE 41 6 FRAPEN F", "code": "TREE", "Z": 1085.21, "flagged": false, "seeded": ""}, "geometry": {"type": "Point", "coordinates": [-114.09243335346764, 51.02904333461734]}}, {"type": "Feature", "properties": {"P": 1828, "D": "TREE 11 6 COTSPP F", "code": "TREE", "Z": 1080.796, "flagged": false, "seeded": ""}, "geometry": {"type": "Point", "coordinates": [-114.09126556856498, 51.02811136701336]}}, {"type": "Feature", "properties": {"P": 1829, "D": "TREE 5 1 QUEMAC F", "code": "TREE", "Z": 1083.152, "flagged": false, "seeded": ""}, "geometry": {"type": "Point", "coordinates": [-114.09213084117751, 51.02794115915477]}}, {"type": "Feature", "properties": {"P": 1830, "D": "CON 50 6 PICGLA F", "code": "CON", "Z": 1084.511, "flagged": false, "seeded": ""}, "geometry": {"type": "Point", "coordinates": [-114.09215712828549, 51.0290554462204]}}, {"type": "Feature", "properties": {"P": 1831, "D": "TREE 4 12 SYRRET F", "code": "TREE", "Z": 1083.861, "flagged": false, "seeded": ""}, "geometry": {"type": "Point", "coordinates": [-114.09227152616958, 51.027904091250626]}}, {"type": "Feature", "properties": {"P": 1832, "D": "TREE 10 7 COTSPP P", "code": "TREE", "Z": 1081.559, "flagged": false, "seeded": ""}, "geometry": {"type": "Point", "coordinates": [-114.09127263648001, 51.028422047629604]}}, {"type": "Feature", "properties": {"P": 1833, "D": "TREE 36 5 ULMAME F", "code": "TREE", "Z": 1080.911, "flagged": false, "seeded": ""}, "geometry": {"type": "Point", "coordinates": [-114.09126964523708, 51.02814019399345]}}, {"type": "Feature", "properties": {"P": 1834, "D": "CON 49 6 PICGLA F", "code": "CON", "Z": 1085.244, "flagged": false, "seeded": ""}, "geometry": {"type": "Point", "coordinates": [-114.09239505028316, 51.029087459677925]}}, {"type": "Feature", "properties": {"P": 1835, "D": "TREE 92 13 ULMAME F", "code": "TREE", "Z": 1081.898, "flagged": false, "seeded": ""}, "geometry": {"type": "Point", "coordinates": [-114.09125823419953, 51.028478038116305]}}, {"type": "Feature", "properties": {"P": 1836, "D": "TREE 4 2 SYRRET F", "code": "TREE", "Z": 1083.279, "flagged": false, "seeded": ""}, "geometry": {"type": "Point", "coordinates": [-114.09162969743431, 51.02895001551792]}}, {"type": "Feature", "properties": {"P": 1837, "D": "CON 8 11 JUNSPP F", "code": "CON", "Z": 1086.381, "flagged": false, "seeded": ""}, "geometry": {"type": "Point", "coordinates": [-114.09258833246236, 51.029331567462236]}}, {"type": "Feature", "properties": {"P": 1838, "D": "TREE 30 8 FRAPEN F", "code": "TREE", "Z": 1083.818, "flagged": false, "seeded": ""}, "geometry": {"type": "Point", "coordinates": [-114.09190831095333, 51.02899967192268]}}, {"type": "Feature", "properties": {"P": 1839, "D": "TREE 10 16 COTSPP F", "code": "TREE", "Z": 1081.149, "flagged": false, "seeded": ""}, "geometry": {"type": "Point", "coordinates": [-114.09169943705889, 51.02786645193042]}}, {"type": "Feature", "properties": {"P": 1840, "D": "CON 40 13 PICPUN F", "code": "CON", "Z": 1084.184, "flagged": false, "seeded": ""}, "geometry": {"type": "Point", "coordinates": [-114.09208889806813, 51.02901853411315]}}, {"type": "Feature", "properties": {"P": 1841, "D": "TREE 53 9 FRAPEN F", "code": "TREE", "Z": 1085.546, "flagged": false, "seeded": ""}, "geometry": {"type": "Point", "coordinates": [-114.09232702076467, 51.0292736733833]}}, {"type": "Feature", "properties": {"P": 1842, "D": "TREE 63 11 ULMAME F", "code": "TREE", "Z": 1084.613, "flagged": false, "seeded": ""}, "geometry": {"type": "Point", "coordinates": [-114.09254855271247, 51.028047294846175]}}, {"type": "Feature", "properties": {"P": 1843, "D": "TREE 12 8 LONSPP F", "code": "TREE", "Z": 1083.245, "flagged": false, "seeded": ""}, "geometry": {"type": "Point", "coordinates": [-114.09156696190223, 51.02907513921705]}}, {"type": "Feature", "properties": {"P": 1844, "D": "TREE 35 6 FRAPEN F", "code": "TREE", "Z": 1084.768, "flagged": false, "seeded": ""}, "geometry": {"type": "Point", "coordinates": [-114.09235545407259, 51.0289974675224]}}, {"type": "Feature", "properties": {"P": 1845, "D": "TREE 8 3 QUEMAC F", "code": "TREE", "Z": 1081.857, "flagged": false, "seeded": ""}, "geometry": {"type": "Point", "coordinates": [-114.09166549814651, 51.02829456199447]}}, {"type": "Feature", "properties": {"P": 1846, "D": "TREE 10 10 COTSPP F", "code": "TREE", "Z": 1082.194, "flagged": false, "seeded": ""}, "geometry": {"type": "Point", "coordinates": [-114.09119817868182, 51.02869775878221]}}, {"type": "Feature", "properties": {"P": 1847, "D": "TREE 9 3 CARARB F", "code": "TREE", "Z": 1085.025, "flagged": false, "seeded": ""}, "geometry": {"type": "Point", "coordinates": [-114.09249312579391, 51.02879863999885]}}, {"type": "Feature", "properties": {"P": 1848, "D": "TREE 40 11 ULMAME F", "code": "TREE", "Z": 1083.348, "flagged": false, "seeded": ""}, "geometry": {"type": "Point", "coordinates": [-114.09157294038705, 51.0288318446621]}}, {"type": "Feature", "properties": {"P": 1849, "D": "TREE 39 5 FRAPEN F", "code": "TREE", "Z": 1085.114, "flagged": false, "seeded": ""}, "geometry": {"type": "Point", "coordinates": [-114.09243112357242, 51.02901882130616]}}, {"type": "Feature", "properties": {"P": 1850, "D": "TREE 11 5 SYRSPP F", "code": "TREE", "Z": 1084.657, "flagged": false, "seeded": ""}, "geometry": {"type": "Point", "coordinates": [-114.0924227390867, 51.02872388290118]}}, {"type": "Feature", "properties": {"P": 1851, "D": "TREE 11 6 CARARB F", "code": "TREE", "Z": 1080.303, "flagged": false, "seeded": ""}, "geometry": {"type": "Point", "coordinates": [-114.09123516630035, 51.02799761633425]}}, {"type": "Feature", "properties": {"P": 1852, "D": "TREE 12 4 LONSPP F", "code": "TREE", "Z": 1082.575, "flagged": false, "seeded": ""}, "geometry": {"type": "Point", "coordinates": [-114.09108929048759, 51.02889983462341]}}, {"type": "Feature", "properties": {"P": 1853, "D": "CON 52 12 PICGLA F", "code": "CON", "Z": 1085.357, "flagged": false, "seeded": ""}, "geometry": {"type": "Point", "coordinates": [-114.09254961978438, 51.02893389116126]}}, {"type": "Feature", "properties": {"P": 1854, "D": "TREE 40 4 FRAPEN F", "code": "TREE", "Z": 1082.552, "flagged": false, "seeded": ""}, "geometry": {"type": "Point", "coordinates": [-114.09109777137151, 51.02888462632876]}}, {"type": "Feature", "properties": {"P": 1855, "D": "TREE 66 6 ULMAME F", "code": "TREE", "Z": 1080.451, "flagged": false, "seeded": ""}, "geometry": {"type": "Point", "coordinates": [-114.0912442687218, 51.02802317610877]}}, {"type": "Feature", "properties": {"P": 1856, "D": "CON 60 16 PICPUN F", "code": "CON", "Z": 1082.71, "flagged": false, "seeded": ""}, "geometry": {"type": "Point", "coordinates": [-114.09182636124638, 51.02845484000799]}}, {"type": "Feature", "properties": {"P": 1857, "D": "TREE 11 10 CARARB F", "code": "TREE", "Z": 1081.25, "flagged": false, "seeded": ""}, "geometry": {"type": "Point", "coordinates": [-114.09127244767099, 51.0282097725551]}}, {"type": "Feature", "properties": {"P": 1858, "D": "TREE 46 16 FRAPEN F", "code": "TREE", "Z": 1084.555, "flagged": false, "seeded": ""}, "geometry": {"type": "Point", "coordinates": [-114.09195943366532, 51.02919489827525]}}, {"type": "Feature", "properties": {"P": 1859, "D": "TREE 38 13 ULMAME F", "code": "TREE", "Z": 1084.212, "flagged": false, "seeded": ""}, "geometry": {"type": "Point", "coordinates": [-114.09237909887196, 51.02777547964422]}}, {"type": "Feature", "properties": {"P": 1860, "D": "TREE 9 7 LONSPP F", "code": "TREE", "Z": 1084.334, "flagged": false, "seeded": ""}, "geometry": {"type": "Point", "coordinates": [-114.0918534807832, 51.02916437146865]}}, {"type": "Feature", "properties": {"P": 1861, "D": "CON 45 7 PICGLA F", "code": "CON", "Z": 1084.154, "flagged": false, "seeded": ""}, "geometry": {"type": "Point", "coordinates": [-114.0919856296495, 51.029026067953055]}}, {"type": "Feature", "properties": {"P": 1862, "D": "TREE 34 5 FRAPEN P", "code": "TREE", "Z": 1084.973, "flagged": false, "seeded": ""}, "geometry": {"type": "Point", "coordinates": [-114.09238778444562, 51.029039594951705]}}, {"type": "Feature", "properties": {"P": 1863, "D": "CON 47 9 PICGLA F", "code": "CON", "Z": 1082.686, "flagged": false, "seeded": ""}, "geometry": {"type": "Point", "coordinates": [-114.09148698103283, 51.02871017265489]}}, {"type": "Feature", "properties": {"P": 1864, "D": "TREE 24 6 PRUMAA F", "code": "TREE", "Z": 1084.186, "flagged": false, "seeded": ""}, "geometry": {"type": "Point", "coordinates": [-114.0924213843799, 51.02850862415967]}}, {"type": "Feature", "properties": {"P": 1865, "D": "TREE 29 3 FRAPEN F", "code": "TREE", "Z": 1084.915, "flagged": false, "seeded": ""}, "geometry": {"type": "Point", "coordinates": [-114.09239514780627, 51.029014615577736]}}, {"type": "Feature", "properties": {"P": 1866, "D": "TREE 75 5 POPSPP F", "code": "TREE", "Z": 1082.847, "flagged": false, "seeded": ""}, "geometry": {"type": "Point", "coordinates": [-114.09204774829529, 51.02811505964625]}}, {"type": "Feature", "properties": {"P": 1867, "D": "TREE 43 16 ULMAME F", "code": "TREE", "Z": 1082.088, "flagged": false, "seeded": ""}, "geometry": {"type": "Point", "coordinates": [-114.09121966265569, 51.02862544636265]}}, {"type": "Feature", "properties": {"P": 1868, "D": "CON 33 7 PINCON F", "code": "CON", "Z": 1084.351, "flagged": false, "seeded": ""}, "geometry": {"type": "Point", "coordinates": [-114.09251013414853, 51.028505650246416]}}, {"type": "Feature", "properties": {"P": 1869, "D": "TREE 10 9 LONSPP F", "code": "TREE", "Z": 1082.978, "flagged": false, "seeded": ""}, "geometry": {"type": "Point", "coordinates": [-114.09144260622234, 51.02904508493283]}}, {"type": "Feature", "properties": {"P": 1870, "D": "TREE 56 6 ULMAME F", "code": "TREE", "Z": 1080.221, "flagged": false, "seeded": ""}, "geometry": {"type": "Point", "coordinates": [-114.09122359395253, 51.02797015265753]}}, {"type": "Feature", "properties": {"P": 1871, "D": "TREE 59 6 FRAPEN F", "code": "TREE", "Z": 1085.907, "flagged": false, "seeded": ""}, "geometry": {"type": "Point", "coordinates": [-114.09246105990644, 51.02929066593407]}}, {"type": "Feature", "properties": {"P": 1872, "D": "TREE 18 5 QUEMAC F", "code": "TREE", "Z": 1084.715, "flagged": false, "seeded": ""}, "geometry": {"type": "Point", "coordinates": [-114.09243423676435, 51.02877069247879]}}, {"type": "Feature", "properties": {"P": 1873, "D": "TREE 85 14 POPSPP F", "code": "TREE", "Z": 1083.901, "flagged": false, "seeded": ""}, "geometry": {"type": "Point", "coordinates": [-114.09231230998688, 51.02801838183803]}}, {"type": "Feature", "properties": {"P": 1874, "D": "TREE 10 2 SYRSPP F", "code": "TREE", "Z": 1083.299, "flagged": false, "seeded": ""}, "geometry": {"type": "Point", "coordinates": [-114.09161770186707, 51.02894674366023]}}, {"type": "Feature", "properties": {"P": 1875, "D": "TREE 7 10 QUEMAC P", "code": "TREE", "Z": 1083.372, "flagged": false, "seeded": ""}, "geometry": {"type": "Point", "coordinates": [-114.09217934074162, 51.02790644739975]}}, {"type": "Feature", "properties": {"P": 1876, "D": "TREE 60 7 ULMAME F", "code": "TREE", "Z": 1083.633, "flagged": false, "seeded": ""}, "geometry": {"type": "Point", "coordinates": [-114.09186152155823, 51.02889055504642]}}, {"type": "Feature", "properties": {"P": 1877, "D": "TREE 10 10 COTSPP G", "code": "TREE", "Z": 1081.464, "flagged": false, "seeded": ""}, "geometry": {"type": "Point", "coordinates": [-114.0912775646082, 51.02834726695106]}}, {"type": "Feature", "properties": {"P": 1878, "D": "TREE 47 5 FRAPEN F", "code": "TREE", "Z": 1084.919, "flagged": false, "seeded": ""}, "geometry": {"type": "Point", "coordinates": [-114.09235568259709, 51.02902637840926]}}, {"type": "Feature", "properties": {"P": 1879, "D": "TREE 8 7 QUEMAC F", "code": "TREE", "Z": 1081.943, "flagged": false, "seeded": ""}, "geometry": {"type": "Point", "coordinates": [-114.09168321488178, 51.028321966867146]}}, {"type": "Feature", "properties": {"P": 1880, "D": "TREE 47 10 ULMAME F", "code": "TREE", "Z": 1083.687, "flagged": false, "seeded": ""}, "geometry": {"type": "Point", "coordinates": [-114.09195964213718, 51.02885358390282]}}, {"type": "Feature", "properties": {"P": 1881, "D": "TREE 49 5 FRAPEN F", "code": "TREE", "Z": 1082.037, "flagged": false, "seeded": ""}, "geometry": {"type": "Point", "coordinates": [-114.09176594212626, 51.028200261481295]}}, {"type": "Feature", "properties": {"P": 1882, "D": "TREE 8 7 SYRRET F", "code": "TREE", "Z": 1084.802, "flagged": false, "seeded": ""}, "geometry": {"type": "Point", "coordinates": [-114.09259938885108, 51.02808356422214]}}, {"type": "Feature", "properties": {"P": 1883, "D": "TREE 39 8 FRAPEN F", "code": "TREE", "Z": 1082.594, "flagged": false, "seeded": ""}, "geometry": {"type": "Point", "coordinates": [-114.09105586449886, 51.028930875343725]}}, {"type": "Feature", "properties": {"P": 1884, "D": "TREE 71 7 ULMAME F", "code": "TREE", "Z": 1082.361, "flagged": false, "seeded": ""}, "geometry": {"type": "Point", "coordinates": [-114.09115302766871, 51.028805158713304]}}, {"type": "Feature", "properties": {"P": 1885, "D": "TREE 4 5 SYRRET F", "code": "TREE", "Z": 1082.488, "flagged": false, "seeded": ""}, "geometry": {"type": "Point", "coordinates": [-114.09141093140119, 51.02879948250374]}}, {"type": "Feature", "properties": {"P": 1886, "D": "TREE 26 11 PRUMAA P", "code": "TREE", "Z": 1082.0, "flagged": false, "seeded": ""}, "geometry": {"type": "Point", "coordinates": [-114.09186989464206, 51.028085380558714]}}, {"type": "Feature", "properties": {"P": 1887, "D": "TREE 10 7 COTSPP F", "code": "TREE", "Z": 1082.387, "flagged": false, "seeded": ""}, "geometry": {"type": "Point", "coordinates": [-114.09116561911839, 51.028770673161596]}}, {"type": "Feature", "properties": {"P": 1888, "D": "TREE 8 7 COTSPP F", "code": "TREE", "Z": 1082.322, "flagged": false, "seeded": ""}, "geometry": {"type": "Point", "coordinates": [-114.09113801619236, 51.02883414441762]}}, {"type": "Feature", "properties": {"P": 1889, "D": "TREE 47 12 ULMAME F", "code": "TREE", "Z": 1083.196, "flagged": false, "seeded": ""}, "geometry": {"type": "Point", "coordinates": [-114.09210929433081, 51.02777228548892]}}, {"type": "Feature", "properties": {"P": 1890, "D": "TREE 44 8 ACENEG F", "code": "TREE", "Z": 1083.432, "flagged": false, "seeded": ""}, "geometry": {"type": "Point", "coordinates": [-114.09166958722342, 51.02892216991796]}}, {"type": "Feature", "properties": {"P": 1891, "D": "TREE 26 6 ULMAME F", "code": "TREE", "Z": 1083.499, "flagged": false, "seeded": ""}, "geometry": {"type": "Point", "coordinates": [-114.0919108805331, 51.02888612923463]}}, {"type": "Feature", "properties": {"P": 1892, "D": "TREE 15 2 FRAPEN F", "code": "TREE", "Z": 1083.591, "flagged": false, "seeded": ""}, "geometry": {"type": "Point", "coordinates": [-114.09215610011711, 51.02838598857674]}}, {"type": "Feature", "properties": {"P": 1893, "D": "CON 29 11 PICPUN F", "code": "CON", "Z": 1083.773, "flagged": false, "seeded": ""}, "geometry": {"type": "Point", "coordinates": [-114.09236872649961, 51.028280361827925]}}, {"type": "Feature", "properties": {"P": 1894, "D": "TREE 70 7 ULMAME F", "code": "TREE", "Z": 1081.152, "flagged": false, "seeded": ""}, "geometry": {"type": "Point", "coordinates": [-114.09128388464461, 51.02826987815346]}}, {"type": "Feature", "properties": {"P": 1895, "D": "CON 58 4 PICPUN F", "code": "CON", "Z": 1084.439, "flagged": false, "seeded": ""}, "geometry": {"type": "Point", "coordinates": [-114.09241510399703, 51.02860501733831]}}, {"type": "Feature", "properties": {"P": 1896, "D": "TREE 10 16 COTSPP F", "code": "TREE", "Z": 1080.533, "flagged": false, "seeded": ""}, "geometry": {"type": "Point", "coordinates": [-114.0915996446217, 51.02790045755147]}}, {"type": "Feature", "properties": {"P": 1897, "D": "TREE 7 9 FRAPEN F", "code": "TREE", "Z": 1083.418, "flagged": false, "seeded": ""}, "geometry": {"type": "Point", "coordinates": [-114.09218520228777, 51.028324565557746]}}, {"type": "Feature", "properties": {"P": 1898, "D": "TREE 9.5 2 COTSPP F", "code": "TREE", "Z": 1084.198, "flagged": true, "seeded": "attribute error: dbh 35.5"}, "geometry": {"type": "Point", "coordinates": [-114.0924332571414, 51.02842867781805]}}, {"type": "Feature", "properties": {"P": 1899, "D": "TREE 46 8 FRAPEN F", "code": "TREE", "Z": 1082.938, "flagged": false, "seeded": ""}, "geometry": {"type": "Point", "coordinates": [-114.09138023694405, 51.029030543337775]}}, {"type": "Feature", "properties": {"P": 1900, "D": "TREE 10 2 SYRSPP F", "code": "TREE", "Z": 1083.287, "flagged": false, "seeded": ""}, "geometry": {"type": "Point", "coordinates": [-114.09159178463287, 51.02893940136213]}}, {"type": "Feature", "properties": {"P": 1901, "D": "TREE 82 13 ULMAME F", "code": "TREE", "Z": 1084.454, "flagged": false, "seeded": ""}, "geometry": {"type": "Point", "coordinates": [-114.09251803503066, 51.027791191715586]}}, {"type": "Feature", "properties": {"P": 1902, "D": "TREE 8 7 CARARB G", "code": "TREE", "Z": 1081.298, "flagged": false, "seeded": ""}, "geometry": {"type": "Point", "coordinates": [-114.09128437194141, 51.028300236195236]}}, {"type": "Feature", "properties": {"P": 1903, "D": "CON 28 6 PICGLA F", "code": "CON", "Z": 1083.7, "flagged": false, "seeded": ""}, "geometry": {"type": "Point", "coordinates": [-114.09231204372213, 51.02831494527708]}}, {"type": "Feature", "properties": {"P": 1904, "D": "TREE 40 11 FRAPEN F", "code": "TREE", "Z": 1083.913, "flagged": false, "seeded": ""}, "geometry": {"type": "Point", "coordinates": [-114.09173031871916, 51.029139791316354]}}, {"type": "Feature", "properties": {"P": 1905, "D": "TREE 19 6 PRUMAA F", "code": "TREE", "Z": 1083.934, "flagged": false, "seeded": ""}, "geometry": {"type": "Point", "coordinates": [-114.09241741510625, 51.02832628798215]}}, {"type": "Feature", "properties": {"P": 1906, "D": "TREE 11 2 SYRSPP F", "code": "TREE", "Z": 1083.284, "flagged": false, "seeded": ""}, "geometry": {"type": "Point", "coordinates": [-114.09160482400357, 51.02894426359179]}}, {"type": "Feature", "properties": {"P": 1907, "D": "TREE 51 7 ULMAME F", "code": "TREE", "Z": 1083.62, "flagged": false, "seeded": ""}, "geometry": {"type": "Point", "coordinates": [-114.09187445771349, 51.028922521453325]}}, {"type": "Feature", "properties": {"P": 1908, "D": "TREE 11 7 COTSPP F", "code": "TREE", "Z": 1082.561, "flagged": false, "seeded": ""}, "geometry": {"type": "Point", "coordinates": [-114.0911884135119, 51.02905375190606]}}, {"type": "Feature", "properties": {"P": 1909, "D": "TREE 13 3 QUEMAC F", "code": "TREE", "Z": 1081.725, "flagged": false, "seeded": ""}, "geometry": {"type": "Point", "coordinates": [-114.0916182715757, 51.028310133334934]}}, {"type": "Feature", "properties": {"P": 1910, "D": "TREE 37 9 FRAPEN F", "code": "TREE", "Z": 1085.17, "flagged": false, "seeded": ""}, "geometry": {"type": "Point", "coordinates": [-114.09219871944812, 51.02925295439178]}}, {"type": "Feature", "properties": {"P": 1911, "D": "TREE 8 2 COTSPP F", "code": "TREE", "Z": 1084.076, "flagged": false, "seeded": ""}, "geometry": {"type": "Point", "coordinates": [-114.09239328234551, 51.028420492787696]}}, {"type": "Feature", "properties": {"P": 1912, "D": "TREE 11 2 COTSPP F", "code": "TREE", "Z": 1084.018, "flagged": false, "seeded": ""}, "geometry": {"type": "Point", "coordinates": [-114.09237615159897, 51.02839407643349]}}, {"type": "Feature", "properties": {"P": 1913, "D": "TREE 11 8 CARARB G", "code": "TREE", "Z": 1079.995, "flagged": false, "seeded": ""}, "geometry": {"type": "Point", "coordinates": [-114.09121257523402, 51.02793422918196]}}, {"type": "Feature", "properties": {"P": 1914, "D": "TREE 35 5 ULMAME F", "code": "TREE", "Z": 1081.013, "flagged": false, "seeded": ""}, "geometry": {"type": "Point", "coordinates": [-114.09126856276397, 51.028162453487234]}}, {"type": "Feature", "properties": {"P": 1915, "D": "TREE 86 5 POPSPP P", "code": "TREE", "Z": 1082.609, "flagged": false, "seeded": ""}, "geometry": {"type": "Point", "coordinates": [-114.09201648295794, 51.02812076579712]}}, {"type": "Feature", "properties": {"P": 1916, "D": "TREE 38 7 FRAPEN F", "code": "TREE", "Z": 1082.608, "flagged": false, "seeded": ""}, "geometry": {"type": "Point", "coordinates": [-114.09116499925891, 51.02907966068131]}}, {"type": "Feature", "properties": {"P": 1917, "D": "TREE 61 10 ULMAME F", "code": "TREE", "Z": 1081.979, "flagged": false, "seeded": ""}, "geometry": {"type": "Point", "coordinates": [-114.09124293476088, 51.028549051190886]}}, {"type": "Feature", "properties": {"P": 1918, "D": "TREE 8 7 FRAPEN F", "code": "TREE", "Z": 1081.569, "flagged": false, "seeded": ""}, "geometry": {"type": "Point", "coordinates": [-114.09127392949677, 51.02839085215022]}}, {"type": "Feature", "properties": {"P": 1919, "D": "TREE 11 10 COTSPP F", "code": "TREE", "Z": 1083.3, "flagged": false, "seeded": ""}, "geometry": {"type": "Point", "coordinates": [-114.09165101583768, 51.02876511539704]}}, {"type": "Feature", "properties": {"P": 1920, "D": "CON 55 8 PICGLA F", "code": "CON", "Z": 1083.435, "flagged": false, "seeded": ""}, "geometry": {"type": "Point", "coordinates": [-114.09184613587334, 51.02862900107789]}}, {"type": "Feature", "properties": {"P": 1921, "D": "TREE 19 5 FRAPEN F", "code": "TREE", "Z": 1083.218, "flagged": false, "seeded": ""}, "geometry": {"type": "Point", "coordinates": [-114.09173938247783, 51.02874832510851]}}, {"type": "Feature", "properties": {"P": 1922, "D": "CON 51 3 PICGLA F", "code": "CON", "Z": 1083.235, "flagged": false, "seeded": ""}, "geometry": {"type": "Point", "coordinates": [-114.09216219072033, 51.02823677172293]}}, {"type": "Feature", "properties": {"P": 1923, "D": "CON 52 8 PICGLA F", "code": "CON", "Z": 1083.195, "flagged": false, "seeded": ""}, "geometry": {"type": "Point", "coordinates": [-114.09214785556901, 51.02819663475443]}}, {"type": "Feature", "properties": {"P": 1924, "D": "CON 68 10 PICGLA F", "code": "CON", "Z": 1082.381, "flagged": false, "seeded": ""}, "geometry": {"type": "Point", "coordinates": [-114.0914915559493, 51.02860096146531]}}, {"type": "Feature", "properties": {"P": 1925, "D": "TREE 11 8 LONSPP F", "code": "TREE", "Z": 1082.668, "flagged": false, "seeded": ""}, "geometry": {"type": "Point", "coordinates": [-114.09126752070162, 51.029018297469094]}}, {"type": "Feature", "properties": {"P": 1926, "D": "TREE 63 11 POPSPP F", "code": "TREE", "Z": 1082.58, "flagged": false, "seeded": ""}, "geometry": {"type": "Point", "coordinates": [-114.09202585795319, 51.02806777276261]}}, {"type": "Feature", "properties": {"P": 1927, "D": "TREE 22 8 POPSPP F", "code": "TREE", "Z": 1081.635, "flagged": false, "seeded": ""}, "geometry": {"type": "Point", "coordinates": [-114.09175253862466, 51.02809029126814]}}, {"type": "Feature", "properties": {"P": 1928, "D": "TREE 10 10 ULMAME F", "code": "TREE", "Z": 1082.014, "flagged": false, "seeded": ""}, "geometry": {"type": "Point", "coordinates": [-114.09165634120747, 51.02836438365898]}}, {"type": "Feature", "properties": {"P": 1929, "D": "TREE 13 6 PRUMAA F", "code": "TREE", "Z": 1084.639, "flagged": false, "seeded": ""}, "geometry": {"type": "Point", "coordinates": [-114.09260244564521, 51.028458659575534]}}, {"type": "Feature", "properties": {"P": 1930, "D": "TREE 38 8 FRAPEN F", "code": "TREE", "Z": 1083.156, "flagged": false, "seeded": ""}, "geometry": {"type": "Point", "coordinates": [-114.091512746437, 51.02906037554952]}}, {"type": "Feature", "properties": {"P": 1931, "D": "TREE 4 2 SYRRET F", "code": "TREE", "Z": 1083.249, "flagged": false, "seeded": ""}, "geometry": {"type": "Point", "coordinates": [-114.0915775616825, 51.02893436026331]}}, {"type": "Feature", "properties": {"P": 1932, "D": "CON 11 4 JUNSPP F", "code": "CON", "Z": 1086.019, "flagged": false, "seeded": ""}, "geometry": {"type": "Point", "coordinates": [-114.09293341399302, 51.02810696012621]}}, {"type": "Feature", "properties": {"P": 1933, "D": "TREE 40 7 FRAPEN F", "code": "TREE", "Z": 1084.784, "flagged": false, "seeded": ""}, "geometry": {"type": "Point", "coordinates": [-114.09261494362762, 51.028141796558806]}}, {"type": "Feature", "properties": {"P": 1934, "D": "CON 9 10 JUNSPP F", "code": "CON", "Z": 1086.543, "flagged": false, "seeded": ""}, "geometry": {"type": "Point", "coordinates": [-114.092667380856, 51.02933841793322]}}, {"type": "Feature", "properties": {"P": 1935, "D": "TREE 58 10 FRAPEN F", "code": "TREE", "Z": 1086.697, "flagged": false, "seeded": ""}, "geometry": {"type": "Point", "coordinates": [-114.09272014269392, 51.02931020217861]}}, {"type": "Feature", "properties": {"P": 1936, "D": "TREE 9 6 LONSPP F", "code": "TREE", "Z": 1085.373, "flagged": false, "seeded": ""}, "geometry": {"type": "Point", "coordinates": [-114.09262896073925, 51.02883038313309]}}, {"type": "Feature", "properties": {"P": 1937, "D": "CON 54 9 PICGLA F", "code": "CON", "Z": 1085.243, "flagged": false, "seeded": ""}, "geometry": {"type": "Point", "coordinates": [-114.09272741249946, 51.02823100267011]}}, {"type": "Feature", "properties": {"P": 1938, "D": "TREE 29 6 FRAPEN F", "code": "TREE", "Z": 1085.426, "flagged": false, "seeded": ""}, "geometry": {"type": "Point", "coordinates": [-114.0927288929253, 51.02874433480629]}}, {"type": "Feature", "properties": {"P": 1939, "D": "TREE 34 8 FRAPEN F", "code": "TREE", "Z": 1085.696, "flagged": false, "seeded": ""}, "geometry": {"type": "Point", "coordinates": [-114.09268905429329, 51.02902615942728]}}, {"type": "Feature", "properties": {"P": 1940, "D": "CON 13 4 PICGLA F", "code": "CON", "Z": 1084.745, "flagged": false, "seeded": ""}, "geometry": {"type": "Point", "coordinates": [-114.0926171605055, 51.02848879957186]}}, {"type": "Feature", "properties": {"P": 1941, "D": "CON 10 2 JUNSPP F", "code": "CON", "Z": 1086.447, "flagged": false, "seeded": ""}, "geometry": {"type": "Point", "coordinates": [-114.09268788585725, 51.029176532063964]}}, {"type": "Feature", "properties": {"P": 1942, "D": "TREE 56 10 FRAPEN F", "code": "TREE", "Z": 1087.18, "flagged": false, "seeded": ""}, "geometry": {"type": "Point", "coordinates": [-114.09293816874111, 51.029315503758575]}}, {"type": "Feature", "properties": {"P": 1943, "D": "CON 43 8 PICGLA F", "code": "CON", "Z": 1085.664, "flagged": false, "seeded": ""}, "geometry": {"type": "Point", "coordinates": [-114.09266561578032, 51.02906092343613]}}, {"type": "Feature", "properties": {"P": 1944, "D": "CON 29 3 PICGLA F", "code": "CON", "Z": 1085.161, "flagged": false, "seeded": ""}, "geometry": {"type": "Point", "coordinates": [-114.09282728670203, 51.028480649947234]}}, {"type": "Feature", "properties": {"P": 1945, "D": "TREE 16 6 SORAUC G", "code": "TREE", "Z": 1086.192, "flagged": false, "seeded": ""}, "geometry": {"type": "Point", "coordinates": [-114.09324988123217, 51.02848787389925]}}, {"type": "Feature", "properties": {"P": 1946, "D": "TREE 7 7 MALSPP F", "code": "TREE", "Z": 1086.48, "flagged": false, "seeded": ""}, "geometry": {"type": "Point", "coordinates": [-114.0933206844622, 51.02867018366348]}}, {"type": "Feature", "properties": {"P": 1947, "D": "TREE 38 6 FRAPEN F", "code": "TREE", "Z": 1085.352, "flagged": false, "seeded": ""}, "geometry": {"type": "Point", "coordinates": [-114.09271168927506, 51.02869582172974]}}, {"type": "Feature", "properties": {"P": 1948, "D": "TREE 30 6 FRAPEN F", "code": "TREE", "Z": 1085.327, "flagged": false, "seeded": ""}, "geometry": {"type": "Point", "coordinates": [-114.09267148552381, 51.0287373863098]}}, {"type": "Feature", "properties": {"P": 1949, "D": "TREE 57 11 ULMAME F", "code": "TREE", "Z": 1085.07, "flagged": false, "seeded": ""}, "geometry": {"type": "Point", "coordinates": [-114.09265118487045, 51.02861557317414]}}, {"type": "Feature", "properties": {"P": 1950, "D": "TREE 30 6 FRAPEN F", "code": "TREE", "Z": 1085.264, "flagged": false, "seeded": ""}, "geometry": {"type": "Point", "coordinates": [-114.09267385151948, 51.02870856326222]}}, {"type": "Feature", "properties": {"P": 1951, "D": "TREE 8 4 CORSPP F", "code": "TREE", "Z": 1085.244, "flagged": false, "seeded": ""}, "geometry": {"type": "Point", "coordinates": [-114.0929049172185, 51.028106973794294]}}, {"type": "Feature", "properties": {"P": 1952, "D": "CON 12 4 JUNSPP F", "code": "CON", "Z": 1085.998, "flagged": false, "seeded": ""}, "geometry": {"type": "Point", "coordinates": [-114.09296188227451, 51.02810695546362]}}, {"type": "Feature", "properties": {"P": 1953, "D": "CON 9 2 JUNSPP F", "code": "CON", "Z": 1086.697, "flagged": false, "seeded": ""}, "geometry": {"type": "Point", "coordinates": [-114.09280532541763, 51.02918357673076]}}, {"type": "Feature", "properties": {"P": 1954, "D": "CON 10 4 JUNSPP F", "code": "CON", "Z": 1086.246, "flagged": false, "seeded": ""}, "geometry": {"type": "Point", "coordinates": [-114.09326993703561, 51.02853665431499]}}, {"type": "Feature", "properties": {"P": 1955, "D": "TREE 11 23 COTSPP F", "code": "TREE", "Z": 1087.716, "flagged": false, "seeded": ""}, "geometry": {"type": "Point", "coordinates": [-114.09334446789622, 51.02915526110822]}}, {"type": "Feature", "properties": {"P": 1956, "D": "TREE 10 2 CORSPP F", "code": "TREE", "Z": 1086.687, "flagged": false, "seeded": ""}, "geometry": {"type": "Point", "coordinates": [-114.09277751299882, 51.029183958404275]}}, {"type": "Feature", "properties": {"P": 1957, "D": "TREE 5 13 MALSPP F", "code": "TREE", "Z": 1086.586, "flagged": false, "seeded": ""}, "geometry": {"type": "Point", "coordinates": [-114.09335675963963, 51.02872396755598]}}, {"type": "Feature", "properties": {"P": 1958, "D": "TREE 8 2 SPISPP F", "code": "TREE", "Z": 1085.047, "flagged": false, "seeded": ""}, "geometry": {"type": "Point", "coordinates": [-114.09270525476141, 51.02810721325929]}}, {"type": "Feature", "properties": {"P": 1959, "D": "TREE 21 9 ULMAME F", "code": "TREE", "Z": 1084.201, "flagged": false, "seeded": ""}, "geometry": {"type": "Point", "coordinates": [-114.09262854414082, 51.027748780378204]}}, {"type": "Feature", "properties": {"P": 1960, "D": "CON 45 5 PICGLA F", "code": "CON", "Z": 1085.109, "flagged": false, "seeded": ""}, "geometry": {"type": "Point", "coordinates": [-114.09281314031328, 51.028499665536984]}}, {"type": "Feature", "properties": {"P": 1961, "D": "TREE 6 4 SYRRET F", "code": "TREE", "Z": 1085.038, "flagged": false, "seeded": ""}, "geometry": {"type": "Point", "coordinates": [-114.09267391775461, 51.02813412648954]}}, {"type": "Feature", "properties": {"P": 1962, "D": "TREE 11 16 SYRSPP F", "code": "TREE", "Z": 1085.311, "flagged": true, "seeded": ""}, "geometry": {"type": "Point", "coordinates": [-114.09279837172717, 51.02792865663331]}}, {"type": "Feature", "properties": {"P": 1963, "D": "TREE 8 2 PRUCIS F", "code": "TREE", "Z": 1085.032, "flagged": false, "seeded": ""}, "geometry": {"type": "Point", "coordinates": [-114.09267684341206, 51.02810717286543]}}, {"type": "Feature", "properties": {"P": 1964, "D": "CON 11 3 JUNSPP F", "code": "CON", "Z": 1086.611, "flagged": false, "seeded": ""}, "geometry": {"type": "Point", "coordinates": [-114.09275985585856, 51.02919404095134]}}, {"type": "Feature", "properties": {"P": 1965, "D": "TREE 67 11 ULMAME F", "code": "TREE", "Z": 1086.073, "flagged": false, "seeded": ""}, "geometry": {"type": "Point", "coordinates": [-114.09299864134677, 51.02877363384045]}}, {"type": "Feature", "properties": {"P": 1966, "D": "CON 38 5 PICGLA F", "code": "CON", "Z": 1085.06, "flagged": false, "seeded": ""}, "geometry": {"type": "Point", "coordinates": [-114.0927779273782, 51.028491782508205]}}, {"type": "Feature", "properties": {"P": 1967, "D": "CON 44 4 PICGLA F", "code": "CON", "Z": 1085.038, "flagged": false, "seeded": ""}, "geometry": {"type": "Point", "coordinates": [-114.09275989887507, 51.028465663585315]}}, {"type": "Feature", "properties": {"P": 1968, "D": "TREE 7 5 PRUSPP F", "code": "TREE", "Z": 1085.418, "flagged": false, "seeded": ""}, "geometry": {"type": "Point", "coordinates": [-114.09297027687802, 51.028127382512885]}}, {"type": "Feature", "properties": {"P": 1969, "D": "TREE 33 6 FRAPEN F", "code": "TREE", "Z": 1085.502, "flagged": false, "seeded": ""}, "geometry": {"type": "Point", "coordinates": [-114.09274577667078, 51.02871825110362]}}, {"type": "Feature", "properties": {"P": 1970, "D": "TREE 32 6 FRAPEN F", "code": "TREE", "Z": 1085.377, "flagged": false, "seeded": ""}, "geometry": {"type": "Point", "coordinates": [-114.09268992061331, 51.02876005285473]}}, {"type": "Feature", "properties": {"P": 1971, "D": "TREE 26 17 FRAPEN F", "code": "TREE", "Z": 1086.303, "flagged": false, "seeded": ""}, "geometry": {"type": "Point", "coordinates": [-114.09284858525669, 51.029058926320985]}}, {"type": "Feature", "properties": {"P": 1972, "D": "TREE 39 8 FRAPEN F", "code": "TREE", "Z": 1086.772, "flagged": false, "seeded": ""}, "geometry": {"type": "Point", "coordinates": [-114.09290957243503, 51.029144882882065]}}, {"type": "Feature", "properties": {"P": 1973, "D": "TREE 33 7 QUEMAC F", "code": "TREE", "Z": 1085.46, "flagged": false, "seeded": ""}, "geometry": {"type": "Point", "coordinates": [-114.09262324120182, 51.028871803490894]}}, {"type": "Feature", "properties": {"P": 1974, "D": "TREE 9 6 COTSPP F", "code": "TREE", "Z": 1087.558, "flagged": false, "seeded": ""}, "geometry": {"type": "Point", "coordinates": [-114.09305445636954, 51.029430543069054]}}, {"type": "Feature", "properties": {"P": 1975, "D": "CON 9 3 JUNSPP F", "code": "CON", "Z": 1086.464, "flagged": false, "seeded": ""}, "geometry": {"type": "Point", "coordinates": [-114.09272364186475, 51.02919198406573]}}, {"type": "Feature", "properties": {"P": 1976, "D": "CON 39 15 PICGLA F", "code": "CON", "Z": 1085.709, "flagged": false, "seeded": ""}, "geometry": {"type": "Point", "coordinates": [-114.09295852304972, 51.028651144315916]}}, {"type": "Feature", "properties": {"P": 1977, "D": "TREE 10 7 SYRSPP P", "code": "TREE", "Z": 1086.437, "flagged": false, "seeded": ""}, "geometry": {"type": "Point", "coordinates": [-114.0930250491808, 51.02888356657854]}}, {"type": "Feature", "properties": {"P": 1978, "D": "TREE 9 2 CORSPP F", "code": "TREE", "Z": 1086.543, "flagged": false, "seeded": ""}, "geometry": {"type": "Point", "coordinates": [-114.09275330296413, 51.02918216169029]}}, {"type": "Feature", "properties": {"P": 1979, "D": "TREE 3 7 MALSPP F", "code": "TREE", "Z": 1086.522, "flagged": false, "seeded": ""}, "geometry": {"type": "Point", "coordinates": [-114.09332675435962, 51.028640278873254]}}, {"type": "Feature", "properties": {"P": 1980, "D": "CON 40 4 PICGLA F", "code": "CON", "Z": 1085.092, "flagged": false, "seeded": ""}, "geometry": {"type": "Point", "coordinates": [-114.09279095690859, 51.02846315775534]}}, {"type": "Feature", "properties": {"P": 1981, "D": "TREE 12 4 SPISPP F", "code": "TREE", "Z": 1085.045, "flagged": false, "seeded": ""}, "geometry": {"type": "Point", "coordinates": [-114.09264833225629, 51.02810712355401]}}, {"type": "Feature", "properties": {"P": 1982, "D": "TREE 9 4 CARARB F", "code": "TREE", "Z": 1085.706, "flagged": false, "seeded": ""}, "geometry": {"type": "Point", "coordinates": [-114.09285552286077, 51.02800047539027]}}, {"type": "Feature", "properties": {"P": 1983, "D": "TREE 11 2 CORSPP F", "code": "TREE", "Z": 1086.474, "flagged": false, "seeded": ""}, "geometry": {"type": "Point", "coordinates": [-114.09273178651286, 51.029179976274314]}}, {"type": "Feature", "properties": {"P": 1984, "D": "TREE 12 2 CORSPP F", "code": "TREE", "Z": 1086.402, "flagged": false, "seeded": ""}, "geometry": {"type": "Point", "coordinates": [-114.09271383662279, 51.02917909154008]}}, {"type": "Feature", "properties": {"P": 1985, "D": "TREE 10 18 LONSPP F", "code": "TREE", "Z": 1086.03, "flagged": false, "seeded": ""}, "geometry": {"type": "Point", "coordinates": [-114.09320757193242, 51.02838198130081]}}, {"type": "Feature", "properties": {"P": 1986, "D": "CON 3 4 PICGLA G", "code": "CON", "Z": 1086.251, "flagged": false, "seeded": ""}, "geometry": {"type": "Point", "coordinates": [-114.09326687013423, 51.02855700059079]}}, {"type": "Feature", "properties": {"P": 1987, "D": "TREE 11 2 CARARB F", "code": "TREE", "Z": 1085.311, "flagged": false, "seeded": ""}, "geometry": {"type": "Point", "coordinates": [-114.09282704051469, 51.02800054296649]}}, {"type": "Feature", "properties": {"P": 1988, "D": "HYD", "code": "HYD", "Z": 1082.741, "flagged": false, "seeded": ""}, "geometry": {"type": "Point", "coordinates": [-114.09130386242741, 51.02902016592118]}}, {"type": "Feature", "properties": {"P": 1989, "D": "HYD", "code": "HYD", "Z": 1084.499, "flagged": false, "seeded": ""}, "geometry": {"type": "Point", "coordinates": [-114.09252897401082, 51.02776509476651]}}, {"type": "Feature", "properties": {"P": 1990, "D": "LP", "code": "LP", "Z": 1082.502, "flagged": false, "seeded": ""}, "geometry": {"type": "Point", "coordinates": [-114.09122554624932, 51.029015570385845]}}, {"type": "Feature", "properties": {"P": 1991, "D": "LP", "code": "LP", "Z": 1082.134, "flagged": false, "seeded": ""}, "geometry": {"type": "Point", "coordinates": [-114.09119650454619, 51.02866553179819]}}, {"type": "Feature", "properties": {"P": 1992, "D": "LP", "code": "LP", "Z": 1084.416, "flagged": false, "seeded": ""}, "geometry": {"type": "Point", "coordinates": [-114.09245659008685, 51.02778199886861]}}, {"type": "Feature", "properties": {"P": 1993, "D": "LP", "code": "LP", "Z": 1087.534, "flagged": false, "seeded": ""}, "geometry": {"type": "Point", "coordinates": [-114.09303933941703, 51.02942059445181]}}, {"type": "Feature", "properties": {"P": 1994, "D": "LP", "code": "LP", "Z": 1085.718, "flagged": false, "seeded": ""}, "geometry": {"type": "Point", "coordinates": [-114.09311290967558, 51.02832257151456]}}, {"type": "Feature", "properties": {"P": 1995, "D": "LP", "code": "LP", "Z": 1084.117, "flagged": false, "seeded": ""}, "geometry": {"type": "Point", "coordinates": [-114.09239207193706, 51.02788335551771]}}, {"type": "Feature", "properties": {"P": 1996, "D": "LP", "code": "LP", "Z": 1080.879, "flagged": false, "seeded": ""}, "geometry": {"type": "Point", "coordinates": [-114.09163693210492, 51.02787632676857]}}, {"type": "Feature", "properties": {"P": 1997, "D": "LP", "code": "LP", "Z": 1080.741, "flagged": false, "seeded": ""}, "geometry": {"type": "Point", "coordinates": [-114.09127093742637, 51.028101321257225]}}, {"type": "Feature", "properties": {"P": 1998, "D": "LP", "code": "LP", "Z": 1082.803, "flagged": false, "seeded": ""}, "geometry": {"type": "Point", "coordinates": [-114.09140221053165, 51.02902603127408]}}, {"type": "Feature", "properties": {"P": 1999, "D": "LP", "code": "LP", "Z": 1086.869, "flagged": false, "seeded": ""}, "geometry": {"type": "Point", "coordinates": [-114.09332368508471, 51.028914999406304]}}, {"type": "Feature", "properties": {"P": 2000, "D": "LP", "code": "LP", "Z": 1085.5, "flagged": false, "seeded": ""}, "geometry": {"type": "Point", "coordinates": [-114.09239463843728, 51.02927468073548]}}, {"type": "Feature", "properties": {"P": 2001, "D": "BENCH", "code": "BENCH", "Z": 1084.804, "flagged": false, "seeded": ""}, "geometry": {"type": "Point", "coordinates": [-114.09232050887861, 51.0290671028432]}}, {"type": "Feature", "properties": {"P": 2002, "D": "BENCH", "code": "BENCH", "Z": 1084.898, "flagged": false, "seeded": ""}, "geometry": {"type": "Point", "coordinates": [-114.09269814893061, 51.02831117859459]}}, {"type": "Feature", "properties": {"P": 1848, "D": "BENCH", "code": "BENCH", "Z": 1082.994, "flagged": true, "seeded": "duplicate point number: P2003 recorded as P1848"}, "geometry": {"type": "Point", "coordinates": [-114.09179548934519, 51.02855160307472]}}, {"type": "Feature", "properties": {"P": 2004, "D": "SIGN PARK_-_INFO", "code": "SIGN", "Z": 1087.401, "flagged": false, "seeded": ""}, "geometry": {"type": "Point", "coordinates": [-114.09308273374528, 51.029178240932396]}}, {"type": "Feature", "properties": {"P": 2005, "D": "SIGN TRAFFIC", "code": "SIGN", "Z": 1087.694, "flagged": false, "seeded": ""}, "geometry": {"type": "Point", "coordinates": [-114.09336714832587, 51.029311053502006]}}, {"type": "Feature", "properties": {"P": 2006, "D": "SIGN TRAFFIC", "code": "SIGN", "Z": 1087.682, "flagged": false, "seeded": ""}, "geometry": {"type": "Point", "coordinates": [-114.09336719120186, 51.029311107406315]}}, {"type": "Feature", "properties": {"P": 2007, "D": "SIGN TRAFFIC", "code": "SIGN", "Z": 1086.843, "flagged": false, "seeded": ""}, "geometry": {"type": "Point", "coordinates": [-114.09288339587334, 51.02930751944918]}}, {"type": "Feature", "properties": {"P": 2008, "D": "SIGN TRAFFIC", "code": "SIGN", "Z": 1087.692, "flagged": false, "seeded": ""}, "geometry": {"type": "Point", "coordinates": [-114.09336711985024, 51.029311071504274]}}, {"type": "Feature", "properties": {"P": 2009, "D": "SIGN TRAFFIC", "code": "SIGN", "Z": 1083.793, "flagged": false, "seeded": ""}, "geometry": {"type": "Point", "coordinates": [-114.0926692527534, 51.02773919198801]}}, {"type": "Feature", "properties": {"P": 2010, "D": "SIGN TRAFFIC", "code": "SIGN", "Z": 1080.452, "flagged": false, "seeded": ""}, "geometry": {"type": "Point", "coordinates": [-114.0915439877951, 51.02789144847292]}}, {"type": "Feature", "properties": {"P": 2011, "D": "SIGN TRAFFIC", "code": "SIGN", "Z": 1080.448, "flagged": false, "seeded": ""}, "geometry": {"type": "Point", "coordinates": [-114.09154400219221, 51.027891520379725]}}, {"type": "Feature", "properties": {"P": 2012, "D": "SIGN TRAFFIC", "code": "SIGN", "Z": 1082.781, "flagged": false, "seeded": ""}, "geometry": {"type": "Point", "coordinates": [-114.09144082097588, 51.02892750027178]}}, {"type": "Feature", "properties": {"P": 2013, "D": "SIGN WOLFE_ST", "code": "SIGN", "Z": 1084.21, "flagged": false, "seeded": ""}, "geometry": {"type": "Point", "coordinates": [-114.09242336060669, 51.02789665360349]}}, {"type": "Feature", "properties": {"P": 2014, "D": "SIGN TRAFFIC", "code": "SIGN", "Z": 1080.448, "flagged": false, "seeded": ""}, "geometry": {"type": "Point", "coordinates": [-114.09154401635911, 51.027891475419814]}}, {"type": "Feature", "properties": {"P": 2015, "D": "SIGN CABOT_ST", "code": "SIGN", "Z": 1084.199, "flagged": false, "seeded": ""}, "geometry": {"type": "Point", "coordinates": [-114.09242337486212, 51.02789665359222]}}, {"type": "Feature", "properties": {"P": 2016, "D": "SIGN TRAFFIC", "code": "SIGN", "Z": 1082.549, "flagged": false, "seeded": ""}, "geometry": {"type": "Point", "coordinates": [-114.0912235235563, 51.029030926474334]}}, {"type": "Feature", "properties": {"P": 2017, "D": "SIGN QUEBEC_AVE", "code": "SIGN", "Z": 1082.538, "flagged": false, "seeded": ""}, "geometry": {"type": "Point", "coordinates": [-114.09122355201494, 51.02903089948285]}}, {"type": "Feature", "properties": {"P": 2018, "D": "GS", "code": "GS", "Z": 1084.195, "flagged": false, "seeded": ""}, "geometry": {"type": "Point", "coordinates": [-114.09237787123739, 51.0277602969071]}}, {"type": "Feature", "properties": {"P": 2019, "D": "GS", "code": "GS", "Z": 1082.943, "flagged": false, "seeded": ""}, "geometry": {"type": "Point", "coordinates": [-114.09203614361404, 51.027754795106695]}}, {"type": "Feature", "properties": {"P": 2020, "D": "GS", "code": "GS", "Z": 1081.472, "flagged": false, "seeded": ""}, "geometry": {"type": "Point", "coordinates": [-114.09179561334085, 51.02784213103766]}}, {"type": "Feature", "properties": {"P": 2021, "D": "GS", "code": "GS", "Z": 1082.052, "flagged": false, "seeded": ""}, "geometry": {"type": "Point", "coordinates": [-114.09192360737053, 51.02782486897472]}}, {"type": "Feature", "properties": {"P": 2022, "D": "GS", "code": "GS", "Z": 1082.606, "flagged": false, "seeded": ""}, "geometry": {"type": "Point", "coordinates": [-114.09202936530065, 51.02781605668074]}}, {"type": "Feature", "properties": {"P": 2023, "D": "GS", "code": "GS", "Z": 1083.033, "flagged": false, "seeded": ""}, "geometry": {"type": "Point", "coordinates": [-114.09210576588681, 51.02782611896268]}}, {"type": "Feature", "properties": {"P": 2024, "D": "GS", "code": "GS", "Z": 1083.478, "flagged": false, "seeded": ""}, "geometry": {"type": "Point", "coordinates": [-114.09224038224725, 51.027841601034744]}}, {"type": "Feature", "properties": {"P": 2025, "D": "GS", "code": "GS", "Z": 1083.991, "flagged": false, "seeded": ""}, "geometry": {"type": "Point", "coordinates": [-114.09237711243037, 51.027823198869356]}}, {"type": "Feature", "properties": {"P": 2026, "D": "GS", "code": "GS", "Z": 1084.136, "flagged": false, "seeded": ""}, "geometry": {"type": "Point", "coordinates": [-114.09249045674588, 51.027815683676515]}}, {"type": "Feature", "properties": {"P": 2027, "D": "GS", "code": "GS", "Z": 1084.332, "flagged": false, "seeded": ""}, "geometry": {"type": "Point", "coordinates": [-114.09257110926653, 51.027841923859945]}}, {"type": "Feature", "properties": {"P": 2028, "D": "GS", "code": "GS", "Z": 1084.129, "flagged": false, "seeded": ""}, "geometry": {"type": "Point", "coordinates": [-114.09267977890268, 51.027813510990526]}}, {"type": "Feature", "properties": {"P": 2029, "D": "GS", "code": "GS", "Z": 1085.641, "flagged": true, "seeded": ""}, "geometry": {"type": "Point", "coordinates": [-114.09282836531979, 51.02784305028246]}}, {"type": "Feature", "properties": {"P": 2030, "D": "GS", "code": "GS", "Z": 1085.514, "flagged": false, "seeded": ""}, "geometry": {"type": "Point", "coordinates": [-114.09281136017215, 51.02788668211209]}}, {"type": "Feature", "properties": {"P": 2031, "D": "GS", "code": "GS", "Z": 1084.469, "flagged": false, "seeded": ""}, "geometry": {"type": "Point", "coordinates": [-114.09267260664252, 51.027891260136606]}}, {"type": "Feature", "properties": {"P": 2032, "D": "GS", "code": "GS", "Z": 1084.56, "flagged": false, "seeded": ""}, "geometry": {"type": "Point", "coordinates": [-114.09260152481478, 51.02790351558881]}}, {"type": "Feature", "properties": {"P": 2033, "D": "GS", "code": "GS", "Z": 1084.144, "flagged": false, "seeded": ""}, "geometry": {"type": "Point", "coordinates": [-114.09245172136859, 51.02789999334144]}}, {"type": "Feature", "properties": {"P": 2034, "D": "GS", "code": "GS", "Z": 1084.174, "flagged": false, "seeded": ""}, "geometry": {"type": "Point", "coordinates": [-114.09237553037967, 51.02788789943398]}}, {"type": "Feature", "properties": {"P": 2035, "D": "GS", "code": "GS", "Z": 1083.712, "flagged": false, "seeded": ""}, "geometry": {"type": "Point", "coordinates": [-114.09223477656273, 51.02789740490908]}}, {"type": "Feature", "properties": {"P": 2036, "D": "GS", "code": "GS", "Z": 1082.911, "flagged": false, "seeded": ""}, "geometry": {"type": "Point", "coordinates": [-114.09210464246004, 51.0279066321525]}}, {"type": "Feature", "properties": {"P": 2037, "D": "GS", "code": "GS", "Z": 1082.489, "flagged": false, "seeded": ""}, "geometry": {"type": "Point", "coordinates": [-114.09200748556948, 51.02790366115558]}}, {"type": "Feature", "properties": {"P": 2038, "D": "GS", "code": "GS", "Z": 1081.383, "flagged": false, "seeded": ""}, "geometry": {"type": "Point", "coordinates": [-114.09179574638635, 51.027902272437736]}}, {"type": "Feature", "properties": {"P": 2039, "D": "GS", "code": "GS", "Z": 1080.7, "flagged": false, "seeded": ""}, "geometry": {"type": "Point", "coordinates": [-114.09165988658255, 51.02789240044008]}}, {"type": "Feature", "properties": {"P": 2040, "D": "GS", "code": "GS", "Z": 1079.954, "flagged": false, "seeded": ""}, "geometry": {"type": "Point", "coordinates": [-114.09131626364936, 51.02790219859506]}}, {"type": "Feature", "properties": {"P": 2041, "D": "GS", "code": "GS", "Z": 1080.26, "flagged": false, "seeded": ""}, "geometry": {"type": "Point", "coordinates": [-114.09132382237576, 51.027961929653046]}}, {"type": "Feature", "properties": {"P": 2042, "D": "GS", "code": "GS", "Z": 1080.288, "flagged": false, "seeded": ""}, "geometry": {"type": "Point", "coordinates": [-114.0914353950495, 51.027959388206284]}}, {"type": "Feature", "properties": {"P": 2043, "D": "GS", "code": "GS", "Z": 1080.591, "flagged": false, "seeded": ""}, "geometry": {"type": "Point", "coordinates": [-114.09154806913526, 51.027980461893264]}}, {"type": "Feature", "properties": {"P": 2044, "D": "GS", "code": "GS", "Z": 1080.84, "flagged": false, "seeded": ""}, "geometry": {"type": "Point", "coordinates": [-114.09167000045741, 51.027968095288]}}, {"type": "Feature", "properties": {"P": 2045, "D": "GS", "code": "GS", "Z": 1081.32, "flagged": false, "seeded": ""}, "geometry": {"type": "Point", "coordinates": [-114.09178128649123, 51.02797199939476]}}, {"type": "Feature", "properties": {"P": 2046, "D": "GS", "code": "GS", "Z": 1081.919, "flagged": false, "seeded": ""}, "geometry": {"type": "Point", "coordinates": [-114.09189792594957, 51.02796532722653]}}, {"type": "Feature", "properties": {"P": 2047, "D": "GS", "code": "GS", "Z": 1082.437, "flagged": false, "seeded": ""}, "geometry": {"type": "Point", "coordinates": [-114.09198508146909, 51.02795685323116]}}, {"type": "Feature", "properties": {"P": 2048, "D": "GS", "code": "GS", "Z": 1083.011, "flagged": false, "seeded": ""}, "geometry": {"type": "Point", "coordinates": [-114.09211077397676, 51.02798659124774]}}, {"type": "Feature", "properties": {"P": 2049, "D": "GS", "code": "GS", "Z": 1083.621, "flagged": false, "seeded": ""}, "geometry": {"type": "Point", "coordinates": [-114.09222602370714, 51.02796205719154]}}, {"type": "Feature", "properties": {"P": 2050, "D": "GS", "code": "GS", "Z": 1084.094, "flagged": false, "seeded": ""}, "geometry": {"type": "Point", "coordinates": [-114.09236893635828, 51.02796994520918]}}, {"type": "Feature", "properties": {"P": 2051, "D": "GS", "code": "GS", "Z": 1084.335, "flagged": false, "seeded": ""}, "geometry": {"type": "Point", "coordinates": [-114.09244833448639, 51.027960299340684]}}, {"type": "Feature", "properties": {"P": 2052, "D": "GS", "code": "GS", "Z": 1084.521, "flagged": false, "seeded": ""}, "geometry": {"type": "Point", "coordinates": [-114.0925849278084, 51.02796608848892]}}, {"type": "Feature", "properties": {"P": 2053, "D": "GS", "code": "GS", "Z": 1084.669, "flagged": false, "seeded": ""}, "geometry": {"type": "Point", "coordinates": [-114.0926950395517, 51.02795298402722]}}, {"type": "Feature", "properties": {"P": 2054, "D": "GS", "code": "GS", "Z": 1085.395, "flagged": false, "seeded": ""}, "geometry": {"type": "Point", "coordinates": [-114.09281996593872, 51.027984340045926]}}, {"type": "Feature", "properties": {"P": 2055, "D": "GS", "code": "GS", "Z": 1085.782, "flagged": false, "seeded": ""}, "geometry": {"type": "Point", "coordinates": [-114.0928982365154, 51.028052492162146]}}, {"type": "Feature", "properties": {"P": 2056, "D": "GS", "code": "GS", "Z": 1084.787, "flagged": false, "seeded": ""}, "geometry": {"type": "Point", "coordinates": [-114.09267795626175, 51.02805759344965]}}, {"type": "Feature", "properties": {"P": 2057, "D": "GS", "code": "GS", "Z": 1084.599, "flagged": false, "seeded": ""}, "geometry": {"type": "Point", "coordinates": [-114.09255950922798, 51.02802998087836]}}, {"type": "Feature", "properties": {"P": 2058, "D": "GS", "code": "GS", "Z": 1084.36, "flagged": false, "seeded": ""}, "geometry": {"type": "Point", "coordinates": [-114.09247967799257, 51.02804410406609]}}, {"type": "Feature", "properties": {"P": 2059, "D": "GS", "code": "GS", "Z": 1083.963, "flagged": false, "seeded": ""}, "geometry": {"type": "Point", "coordinates": [-114.09235798593828, 51.02804056843919]}}, {"type": "Feature", "properties": {"P": 2060, "D": "G", "code": "G", "Z": 1083.492, "flagged": true, "seeded": "code typo: GS -> G"}, "geometry": {"type": "Point", "coordinates": [-114.09221114459731, 51.02805009667578]}}, {"type": "Feature", "properties": {"P": 2061, "D": "GS", "code": "GS", "Z": 1083.222, "flagged": false, "seeded": ""}, "geometry": {"type": "Point", "coordinates": [-114.09214402901061, 51.02805696385268]}}, {"type": "Feature", "properties": {"P": 2062, "D": "GS", "code": "GS", "Z": 1082.36, "flagged": false, "seeded": ""}, "geometry": {"type": "Point", "coordinates": [-114.09199243566435, 51.02802804635222]}}, {"type": "Feature", "properties": {"P": 2063, "D": "GS", "code": "GS", "Z": 1081.888, "flagged": false, "seeded": ""}, "geometry": {"type": "Point", "coordinates": [-114.09187648995805, 51.02803959051984]}}, {"type": "Feature", "properties": {"P": 2064, "D": "GS", "code": "GS", "Z": 1081.602, "flagged": false, "seeded": ""}, "geometry": {"type": "Point", "coordinates": [-114.09176339243203, 51.02805690376273]}}, {"type": "Feature", "properties": {"P": 2065, "D": "GS", "code": "GS", "Z": 1081.313, "flagged": false, "seeded": ""}, "geometry": {"type": "Point", "coordinates": [-114.09167376296331, 51.02805434010651]}}, {"type": "Feature", "properties": {"P": 2066, "D": "GS", "code": "GS", "Z": 1080.885, "flagged": false, "seeded": ""}, "geometry": {"type": "Point", "coordinates": [-114.09158207216997, 51.028040208174204]}}, {"type": "Feature", "properties": {"P": 2067, "D": "GS", "code": "GS", "Z": 1080.624, "flagged": false, "seeded": ""}, "geometry": {"type": "Point", "coordinates": [-114.09134762050194, 51.028059126332074]}}, {"type": "Feature", "properties": {"P": 2068, "D": "GS", "code": "GS", "Z": 1080.511, "flagged": false, "seeded": ""}, "geometry": {"type": "Point", "coordinates": [-114.09123756500603, 51.02804311164332]}}, {"type": "Feature", "properties": {"P": 2069, "D": "GS", "code": "GS", "Z": 1080.715, "flagged": false, "seeded": ""}, "geometry": {"type": "Point", "coordinates": [-114.09132701338905, 51.028098634458765]}}, {"type": "Feature", "properties": {"P": 2070, "D": "GS", "code": "GS", "Z": 1080.739, "flagged": false, "seeded": ""}, "geometry": {"type": "Point", "coordinates": [-114.09143506491013, 51.02812488996902]}}, {"type": "Feature", "properties": {"P": 2071, "D": "GS", "code": "GS", "Z": 1081.102, "flagged": false, "seeded": ""}, "geometry": {"type": "Point", "coordinates": [-114.09156273945042, 51.028111422231575]}}, {"type": "Feature", "properties": {"P": 2072, "D": "GS", "code": "GS", "Z": 1081.464, "flagged": false, "seeded": ""}, "geometry": {"type": "Point", "coordinates": [-114.09168448779471, 51.02810007159794]}}, {"type": "Feature", "properties": {"P": 2073, "D": "GS", "code": "GS", "Z": 1081.762, "flagged": false, "seeded": ""}, "geometry": {"type": "Point", "coordinates": [-114.09178222177863, 51.02812798000758]}}, {"type": "Feature", "properties": {"P": 2074, "D": "GS", "code": "GS", "Z": 1082.039, "flagged": false, "seeded": ""}, "geometry": {"type": "Point", "coordinates": [-114.09186873080954, 51.02812402845687]}}, {"type": "Feature", "properties": {"P": 2075, "D": "GS", "code": "GS", "Z": 1082.551, "flagged": false, "seeded": ""}, "geometry": {"type": "Point", "coordinates": [-114.09201244875312, 51.02810642131468]}}, {"type": "Feature", "properties": {"P": 2076, "D": "GS", "code": "GS", "Z": 1083.064, "flagged": false, "seeded": ""}, "geometry": {"type": "Point", "coordinates": [-114.09212735269615, 51.02811582397713]}}, {"type": "Feature", "properties": {"P": 2077, "D": "GS", "code": "GS", "Z": 1083.441, "flagged": false, "seeded": ""}, "geometry": {"type": "Point", "coordinates": [-114.09223302696573, 51.02810045802952]}}, {"type": "Feature", "properties": {"P": 2078, "D": "GS", "code": "GS", "Z": 1083.778, "flagged": false, "seeded": ""}, "geometry": {"type": "Point", "coordinates": [-114.09232589103529, 51.02810225457175]}}, {"type": "Feature", "properties": {"P": 2079, "D": "GS", "code": "GS", "Z": 1084.094, "flagged": false, "seeded": ""}, "geometry": {"type": "Point", "coordinates": [-114.092448616241, 51.02811627147633]}}, {"type": "Feature", "properties": {"P": 2080, "D": "GS", "code": "GS", "Z": 1084.721, "flagged": false, "seeded": ""}, "geometry": {"type": "Point", "coordinates": [-114.09258520043954, 51.028102939409365]}}, {"type": "Feature", "properties": {"P": 2081, "D": "GS", "code": "GS", "Z": 1085.028, "flagged": false, "seeded": ""}, "geometry": {"type": "Point", "coordinates": [-114.09269142998373, 51.02812305519474]}}, {"type": "Feature", "properties": {"P": 2082, "D": "GS", "code": "GS", "Z": 1085.13, "flagged": false, "seeded": ""}, "geometry": {"type": "Point", "coordinates": [-114.09281500950148, 51.02810078836075]}}, {"type": "Feature", "properties": {"P": 2083, "D": "GS", "code": "GS", "Z": 1085.524, "flagged": false, "seeded": ""}, "geometry": {"type": "Point", "coordinates": [-114.09302015744848, 51.02819170951006]}}, {"type": "Feature", "properties": {"P": 2084, "D": "GS", "code": "GS", "Z": 1085.352, "flagged": false, "seeded": ""}, "geometry": {"type": "Point", "coordinates": [-114.09294778469936, 51.028185932738936]}}, {"type": "Feature", "properties": {"P": 2085, "D": "GS", "code": "GS", "Z": 1085.294, "flagged": false, "seeded": ""}, "geometry": {"type": "Point", "coordinates": [-114.09278876508887, 51.02817933476513]}}, {"type": "Feature", "properties": {"P": 2086, "D": "GS", "code": "GS", "Z": 1085.212, "flagged": false, "seeded": ""}, "geometry": {"type": "Point", "coordinates": [-114.09270998590573, 51.028199264660124]}}, {"type": "Feature", "properties": {"P": 2087, "D": "GS", "code": "GS", "Z": 1084.503, "flagged": false, "seeded": ""}, "geometry": {"type": "Point", "coordinates": [-114.092584122717, 51.02817020165613]}}, {"type": "Feature", "properties": {"P": 2088, "D": "GS", "code": "GS", "Z": 1084.137, "flagged": false, "seeded": ""}, "geometry": {"type": "Point", "coordinates": [-114.09247748737852, 51.02816827238122]}}, {"type": "Feature", "properties": {"P": 2089, "D": "GS", "code": "GS", "Z": 1083.748, "flagged": false, "seeded": ""}, "geometry": {"type": "Point", "coordinates": [-114.09236569221217, 51.0281738535378]}}, {"type": "Feature", "properties": {"P": 2090, "D": "GS", "code": "GS", "Z": 1083.432, "flagged": false, "seeded": ""}, "geometry": {"type": "Point", "coordinates": [-114.092222301695, 51.02819845488989]}}, {"type": "Feature", "properties": {"P": 2091, "D": "GS", "code": "GS", "Z": 1083.101, "flagged": false, "seeded": ""}, "geometry": {"type": "Point", "coordinates": [-114.092129576727, 51.02817343760285]}}, {"type": "Feature", "properties": {"P": 2092, "D": "GS", "code": "GS", "Z": 1082.563, "flagged": false, "seeded": ""}, "geometry": {"type": "Point", "coordinates": [-114.09202310457314, 51.028196319525186]}}, {"type": "Feature", "properties": {"P": 2093, "D": "G", "code": "G", "Z": 1082.225, "flagged": true, "seeded": "code typo: GS -> G"}, "geometry": {"type": "Point", "coordinates": [-114.09189886603265, 51.02820283597816]}}, {"type": "Feature", "properties": {"P": 2094, "D": "GS", "code": "GS", "Z": 1081.943, "flagged": false, "seeded": ""}, "geometry": {"type": "Point", "coordinates": [-114.09181052290869, 51.02819489553818]}}, {"type": "Feature", "properties": {"P": 2095, "D": "GS", "code": "GS", "Z": 1081.593, "flagged": false, "seeded": ""}, "geometry": {"type": "Point", "coordinates": [-114.09165731250405, 51.02817742283981]}}, {"type": "Feature", "properties": {"P": 2096, "D": "GS", "code": "GS", "Z": 1081.365, "flagged": false, "seeded": ""}, "geometry": {"type": "Point", "coordinates": [-114.09155471803666, 51.02818604353301]}}, {"type": "Feature", "properties": {"P": 2097, "D": "GS", "code": "GS", "Z": 1081.183, "flagged": false, "seeded": ""}, "geometry": {"type": "Point", "coordinates": [-114.09145803499545, 51.0281923311619]}}, {"type": "Feature", "properties": {"P": 2098, "D": "GS", "code": "GS", "Z": 1080.971, "flagged": false, "seeded": ""}, "geometry": {"type": "Point", "coordinates": [-114.09135272366184, 51.028182255101036]}}, {"type": "Feature", "properties": {"P": 2099, "D": "GS", "code": "GS", "Z": 1081.18, "flagged": false, "seeded": ""}, "geometry": {"type": "Point", "coordinates": [-114.09132137190076, 51.028260121944555]}}, {"type": "Feature", "properties": {"P": 2100, "D": "GS", "code": "GS", "Z": 1081.249, "flagged": false, "seeded": ""}, "geometry": {"type": "Point", "coordinates": [-114.0914480080697, 51.028262099553544]}}, {"type": "Feature", "properties": {"P": 2101, "D": "GS", "code": "GS", "Z": 1081.483, "flagged": false, "seeded": ""}, "geometry": {"type": "Point", "coordinates": [-114.09157380621431, 51.028258387163305]}}, {"type": "Feature", "properties": {"P": 2102, "D": "GS", "code": "GS", "Z": 1081.806, "flagged": false, "seeded": ""}, "geometry": {"type": "Point", "coordinates": [-114.09169143838193, 51.02827038615726]}}, {"type": "Feature", "properties": {"P": 2103, "D": "GS", "code": "GS", "Z": 1081.975, "flagged": false, "seeded": ""}, "geometry": {"type": "Point", "coordinates": [-114.09179265367861, 51.02824908187482]}}, {"type": "Feature", "properties": {"P": 2104, "D": "GS", "code": "GS", "Z": 1082.281, "flagged": false, "seeded": ""}, "geometry": {"type": "Point", "coordinates": [-114.09192117610368, 51.02825334987852]}}, {"type": "Feature", "properties": {"P": 2105, "D": "GS", "code": "GS", "Z": 1082.608, "flagged": false, "seeded": ""}, "geometry": {"type": "Point", "coordinates": [-114.09199674404748, 51.02827452423055]}}, {"type": "Feature", "properties": {"P": 2106, "D": "GS", "code": "GS", "Z": 1083.03, "flagged": false, "seeded": ""}, "geometry": {"type": "Point", "coordinates": [-114.0921105157537, 51.028244705473746]}}, {"type": "Feature", "properties": {"P": 2107, "D": "GS", "code": "GS", "Z": 1083.386, "flagged": false, "seeded": ""}, "geometry": {"type": "Point", "coordinates": [-114.09222340984338, 51.028268385366104]}}, {"type": "Feature", "properties": {"P": 2108, "D": "GS", "code": "GS", "Z": 1083.651, "flagged": false, "seeded": ""}, "geometry": {"type": "Point", "coordinates": [-114.09234293309042, 51.02824194199414]}}, {"type": "Feature", "properties": {"P": 2109, "D": "GS", "code": "GS", "Z": 1084.162, "flagged": false, "seeded": ""}, "geometry": {"type": "Point", "coordinates": [-114.09247768468693, 51.0282602644497]}}, {"type": "Feature", "properties": {"P": 2110, "D": "GS", "code": "GS", "Z": 1084.429, "flagged": false, "seeded": ""}, "geometry": {"type": "Point", "coordinates": [-114.09257771778493, 51.028253973323515]}}, {"type": "Feature", "properties": {"P": 2111, "D": "GS", "code": "GS", "Z": 1084.94, "flagged": false, "seeded": ""}, "geometry": {"type": "Point", "coordinates": [-114.09267369216117, 51.02825690882511]}}, {"type": "Feature", "properties": {"P": 2112, "D": "GS", "code": "GS", "Z": 1085.388, "flagged": false, "seeded": ""}, "geometry": {"type": "Point", "coordinates": [-114.09281548856504, 51.02824786946177]}}, {"type": "Feature", "properties": {"P": 2113, "D": "GS", "code": "GS", "Z": 1085.525, "flagged": false, "seeded": ""}, "geometry": {"type": "Point", "coordinates": [-114.09294231659108, 51.02824597071213]}}, {"type": "Feature", "properties": {"P": 2114, "D": "GS", "code": "GS", "Z": 1085.579, "flagged": false, "seeded": ""}, "geometry": {"type": "Point", "coordinates": [-114.09305742404398, 51.02824283158158]}}, {"type": "Feature", "properties": {"P": 2115, "D": "GS", "code": "GS", "Z": 1085.743, "flagged": false, "seeded": ""}, "geometry": {"type": "Point", "coordinates": [-114.09312910824482, 51.02833890199237]}}, {"type": "Feature", "properties": {"P": 2116, "D": "GS", "code": "GS", "Z": 1085.715, "flagged": false, "seeded": ""}, "geometry": {"type": "Point", "coordinates": [-114.0930276242129, 51.02833969301175]}}, {"type": "Feature", "properties": {"P": 2117, "D": "GS", "code": "GS", "Z": 1085.575, "flagged": false, "seeded": ""}, "geometry": {"type": "Point", "coordinates": [-114.09289824254928, 51.02831938018471]}}, {"type": "Feature", "properties": {"P": 2118, "D": "GS", "code": "GS", "Z": 1085.261, "flagged": false, "seeded": ""}, "geometry": {"type": "Point", "coordinates": [-114.09279759498241, 51.028324979861495]}}, {"type": "Feature", "properties": {"P": 2119, "D": "GS", "code": "GS", "Z": 1084.272, "flagged": false, "seeded": ""}, "geometry": {"type": "Point", "coordinates": [-114.0925544803683, 51.0283251366973]}}, {"type": "Feature", "properties": {"P": 2120, "D": "GS", "code": "GS", "Z": 1083.972, "flagged": false, "seeded": ""}, "geometry": {"type": "Point", "coordinates": [-114.09244965256076, 51.02831474660044]}}, {"type": "Feature", "properties": {"P": 2121, "D": "GS", "code": "GS", "Z": 1083.7, "flagged": false, "seeded": ""}, "geometry": {"type": "Point", "coordinates": [-114.09233517048236, 51.028338579067615]}}, {"type": "Feature", "properties": {"P": 2122, "D": "GS", "code": "GS", "Z": 1083.607, "flagged": false, "seeded": ""}, "geometry": {"type": "Point", "coordinates": [-114.09225935848332, 51.02833821642359]}}, {"type": "Feature", "properties": {"P": 2123, "D": "GS", "code": "GS", "Z": 1083.269, "flagged": false, "seeded": ""}, "geometry": {"type": "Point", "coordinates": [-114.09213881285282, 51.02832369417563]}}, {"type": "Feature", "properties": {"P": 2124, "D": "GS", "code": "GS", "Z": 1082.753, "flagged": false, "seeded": ""}, "geometry": {"type": "Point", "coordinates": [-114.09200809556783, 51.02832698852818]}}, {"type": "Feature", "properties": {"P": 2125, "D": "GS", "code": "GS", "Z": 1082.42, "flagged": false, "seeded": ""}, "geometry": {"type": "Point", "coordinates": [-114.09189760783157, 51.02833072530638]}}, {"type": "Feature", "properties": {"P": 2126, "D": "GS", "code": "GS", "Z": 1082.056, "flagged": false, "seeded": ""}, "geometry": {"type": "Point", "coordinates": [-114.09177118035649, 51.02831903008924]}}, {"type": "Feature", "properties": {"P": 2127, "D": "GS", "code": "GS", "Z": 1081.978, "flagged": false, "seeded": ""}, "geometry": {"type": "Point", "coordinates": [-114.09167878759051, 51.02833233553459]}}, {"type": "Feature", "properties": {"P": 2128, "D": "GS", "code": "GS", "Z": 1081.572, "flagged": false, "seeded": ""}, "geometry": {"type": "Point", "coordinates": [-114.0915713506213, 51.028314422266966]}}, {"type": "Feature", "properties": {"P": 2129, "D": "GS", "code": "GS", "Z": 1081.207, "flagged": false, "seeded": ""}, "geometry": {"type": "Point", "coordinates": [-114.09142168260941, 51.02831515973964]}}, {"type": "Feature", "properties": {"P": 2130, "D": "GS", "code": "GS", "Z": 1081.326, "flagged": false, "seeded": ""}, "geometry": {"type": "Point", "coordinates": [-114.09132522302609, 51.0283337450764]}}, {"type": "Feature", "properties": {"P": 2131, "D": "GS", "code": "GS", "Z": 1081.546, "flagged": false, "seeded": ""}, "geometry": {"type": "Point", "coordinates": [-114.0913425952067, 51.02841803747544]}}, {"type": "Feature", "properties": {"P": 2132, "D": "GS", "code": "GS", "Z": 1081.506, "flagged": false, "seeded": ""}, "geometry": {"type": "Point", "coordinates": [-114.09145056997718, 51.0283976631416]}}, {"type": "Feature", "properties": {"P": 2133, "D": "GS", "code": "GS", "Z": 1081.813, "flagged": false, "seeded": ""}, "geometry": {"type": "Point", "coordinates": [-114.0915511773131, 51.02840766189138]}}, {"type": "Feature", "properties": {"P": 2134, "D": "GS", "code": "GS", "Z": 1082.189, "flagged": false, "seeded": ""}, "geometry": {"type": "Point", "coordinates": [-114.09167615125749, 51.028419538281874]}}, {"type": "Feature", "properties": {"P": 2135, "D": "GS", "code": "GS", "Z": 1082.509, "flagged": false, "seeded": ""}, "geometry": {"type": "Point", "coordinates": [-114.09178038717393, 51.028411707292385]}}, {"type": "Feature", "properties": {"P": 1684, "D": "GS", "code": "GS", "Z": 1082.678, "flagged": true, "seeded": "duplicate point number: P2136 recorded as P1684"}, "geometry": {"type": "Point", "coordinates": [-114.09190861097946, 51.028408918582265]}}, {"type": "Feature", "properties": {"P": 2137, "D": "GS", "code": "GS", "Z": 1083.018, "flagged": false, "seeded": ""}, "geometry": {"type": "Point", "coordinates": [-114.09200279962727, 51.02839540477709]}}, {"type": "Feature", "properties": {"P": 2138, "D": "GS", "code": "GS", "Z": 1083.411, "flagged": false, "seeded": ""}, "geometry": {"type": "Point", "coordinates": [-114.09210867999248, 51.02839737103929]}}, {"type": "Feature", "properties": {"P": 2139, "D": "GS", "code": "GS", "Z": 1083.677, "flagged": false, "seeded": ""}, "geometry": {"type": "Point", "coordinates": [-114.09224779974686, 51.02841850411172]}}, {"type": "Feature", "properties": {"P": 2140, "D": "GS", "code": "GS", "Z": 1083.932, "flagged": false, "seeded": ""}, "geometry": {"type": "Point", "coordinates": [-114.09236273120845, 51.02839830323871]}}, {"type": "Feature", "properties": {"P": 2141, "D": "GS", "code": "GS", "Z": 1084.518, "flagged": false, "seeded": ""}, "geometry": {"type": "Point", "coordinates": [-114.0925905215309, 51.02839820389297]}}, {"type": "Feature", "properties": {"P": 2142, "D": "GS", "code": "GS", "Z": 1084.836, "flagged": false, "seeded": ""}, "geometry": {"type": "Point", "coordinates": [-114.0926988216302, 51.02840543570316]}}, {"type": "Feature", "properties": {"P": 2143, "D": "GS", "code": "GS", "Z": 1085.065, "flagged": false, "seeded": ""}, "geometry": {"type": "Point", "coordinates": [-114.09280511170728, 51.028405522149406]}}, {"type": "Feature", "properties": {"P": 2144, "D": "GS", "code": "GS", "Z": 1085.668, "flagged": false, "seeded": ""}, "geometry": {"type": "Point", "coordinates": [-114.09294060192072, 51.02839366485746]}}, {"type": "Feature", "properties": {"P": 2145, "D": "GS", "code": "GS", "Z": 1085.672, "flagged": false, "seeded": ""}, "geometry": {"type": "Point", "coordinates": [-114.09301573133703, 51.02840906747262]}}, {"type": "Feature", "properties": {"P": 2146, "D": "GS", "code": "GS", "Z": 1085.894, "flagged": false, "seeded": ""}, "geometry": {"type": "Point", "coordinates": [-114.09316499581863, 51.028384676219616]}}, {"type": "Feature", "properties": {"P": 2147, "D": "GS", "code": "GS", "Z": 1085.967, "flagged": false, "seeded": ""}, "geometry": {"type": "Point", "coordinates": [-114.09317256538353, 51.02847703098663]}}, {"type": "Feature", "properties": {"P": 2148, "D": "GS", "code": "GS", "Z": 1085.454, "flagged": false, "seeded": ""}, "geometry": {"type": "Point", "coordinates": [-114.09290847920505, 51.02847682770677]}}, {"type": "Feature", "properties": {"P": 2149, "D": "GS", "code": "GS", "Z": 1085.095, "flagged": false, "seeded": ""}, "geometry": {"type": "Point", "coordinates": [-114.09279553980848, 51.028488001814814]}}, {"type": "Feature", "properties": {"P": 2150, "D": "GS", "code": "GS", "Z": 1084.854, "flagged": false, "seeded": ""}, "geometry": {"type": "Point", "coordinates": [-114.09268158246137, 51.02847485032878]}}, {"type": "Feature", "properties": {"P": 2151, "D": "GS", "code": "GS", "Z": 1084.525, "flagged": false, "seeded": ""}, "geometry": {"type": "Point", "coordinates": [-114.09257551634141, 51.02846561201639]}}, {"type": "Feature", "properties": {"P": 2152, "D": "GS", "code": "GS", "Z": 1084.251, "flagged": false, "seeded": ""}, "geometry": {"type": "Point", "coordinates": [-114.09247983098368, 51.02847201656676]}}, {"type": "Feature", "properties": {"P": 2153, "D": "GS", "code": "GS", "Z": 1084.025, "flagged": false, "seeded": ""}, "geometry": {"type": "Point", "coordinates": [-114.09234556785313, 51.02849177435419]}}, {"type": "Feature", "properties": {"P": 2154, "D": "GS", "code": "GS", "Z": 1083.945, "flagged": false, "seeded": ""}, "geometry": {"type": "Point", "coordinates": [-114.09224317778184, 51.02846719630376]}}, {"type": "Feature", "properties": {"P": 2155, "D": "GS", "code": "GS", "Z": 1083.754, "flagged": false, "seeded": ""}, "geometry": {"type": "Point", "coordinates": [-114.09212684845555, 51.02846552607333]}}, {"type": "Feature", "properties": {"P": 2156, "D": "GS", "code": "GS", "Z": 1083.365, "flagged": false, "seeded": ""}, "geometry": {"type": "Point", "coordinates": [-114.09203601330123, 51.028459223904925]}}, {"type": "Feature", "properties": {"P": 2157, "D": "GS", "code": "GS", "Z": 1082.909, "flagged": false, "seeded": ""}, "geometry": {"type": "Point", "coordinates": [-114.09188137969765, 51.02847227285898]}}, {"type": "Feature", "properties": {"P": 2158, "D": "GS", "code": "GS", "Z": 1082.692, "flagged": false, "seeded": ""}, "geometry": {"type": "Point", "coordinates": [-114.09179127427008, 51.028488974723984]}}, {"type": "Feature", "properties": {"P": 2159, "D": "GS", "code": "GS", "Z": 1082.35, "flagged": false, "seeded": ""}, "geometry": {"type": "Point", "coordinates": [-114.0916662473244, 51.02847201928352]}}, {"type": "Feature", "properties": {"P": 2160, "D": "GS", "code": "GS", "Z": 1082.039, "flagged": false, "seeded": ""}, "geometry": {"type": "Point", "coordinates": [-114.0915793703029, 51.028463187532736]}}, {"type": "Feature", "properties": {"P": 2161, "D": "GS", "code": "GS", "Z": 1081.453, "flagged": false, "seeded": ""}, "geometry": {"type": "Point", "coordinates": [-114.0914136511763, 51.02845729413903]}}, {"type": "Feature", "properties": {"P": 2162, "D": "GS", "code": "GS", "Z": 1081.673, "flagged": false, "seeded": ""}, "geometry": {"type": "Point", "coordinates": [-114.09133049648749, 51.02847826034783]}}, {"type": "Feature", "properties": {"P": 2163, "D": "GS", "code": "GS", "Z": 1081.778, "flagged": false, "seeded": ""}, "geometry": {"type": "Point", "coordinates": [-114.09135076343645, 51.028555709273576]}}, {"type": "Feature", "properties": {"P": 2164, "D": "GS", "code": "GS", "Z": 1081.883, "flagged": false, "seeded": ""}, "geometry": {"type": "Point", "coordinates": [-114.09142488206957, 51.02855020351828]}}, {"type": "Feature", "properties": {"P": 2165, "D": "GS", "code": "GS", "Z": 1082.344, "flagged": false, "seeded": ""}, "geometry": {"type": "Point", "coordinates": [-114.09157942988188, 51.02855129612899]}}, {"type": "Feature", "properties": {"P": 2166, "D": "GS", "code": "GS", "Z": 1082.478, "flagged": false, "seeded": ""}, "geometry": {"type": "Point", "coordinates": [-114.09165991419229, 51.028535231257266]}}, {"type": "Feature", "properties": {"P": 2167, "D": "GS", "code": "GS", "Z": 1082.934, "flagged": false, "seeded": ""}, "geometry": {"type": "Point", "coordinates": [-114.0917646213714, 51.02854212514013]}}, {"type": "Feature", "properties": {"P": 2168, "D": "GS", "code": "GS", "Z": 1081.094, "flagged": true, "seeded": "elevation blunder: dZ -1.90 m (rod height)"}, "geometry": {"type": "Point", "coordinates": [-114.0918834862491, 51.028535505178446]}}, {"type": "Feature", "properties": {"P": 2169, "D": "GS", "code": "GS", "Z": 1083.509, "flagged": false, "seeded": ""}, "geometry": {"type": "Point", "coordinates": [-114.09203076357186, 51.028529366151176]}}, {"type": "Feature", "properties": {"P": 2170, "D": "GS", "code": "GS", "Z": 1083.698, "flagged": false, "seeded": ""}, "geometry": {"type": "Point", "coordinates": [-114.09210021852665, 51.02853006657482]}}, {"type": "Feature", "properties": {"P": 2171, "D": "GS", "code": "GS", "Z": 1084.075, "flagged": false, "seeded": ""}, "geometry": {"type": "Point", "coordinates": [-114.09226093902085, 51.02854553703628]}}, {"type": "Feature", "properties": {"P": 2172, "D": "GS", "code": "GS", "Z": 1084.15, "flagged": false, "seeded": ""}, "geometry": {"type": "Point", "coordinates": [-114.09234662665877, 51.02854395008777]}}, {"type": "Feature", "properties": {"P": 2173, "D": "GS", "code": "GS", "Z": 1084.264, "flagged": false, "seeded": ""}, "geometry": {"type": "Point", "coordinates": [-114.09244000496079, 51.0285529828903]}}, {"type": "Feature", "properties": {"P": 2174, "D": "GS", "code": "GS", "Z": 1084.651, "flagged": false, "seeded": ""}, "geometry": {"type": "Point", "coordinates": [-114.09256230588316, 51.028539455384134]}}, {"type": "Feature", "properties": {"P": 2175, "D": "GS", "code": "GS", "Z": 1084.889, "flagged": false, "seeded": ""}, "geometry": {"type": "Point", "coordinates": [-114.09268145097762, 51.02854473683181]}}, {"type": "Feature", "properties": {"P": 2176, "D": "GS", "code": "GS", "Z": 1085.186, "flagged": false, "seeded": ""}, "geometry": {"type": "Point", "coordinates": [-114.09281514419685, 51.02856082128657]}}, {"type": "Feature", "properties": {"P": 2177, "D": "GS", "code": "GS", "Z": 1085.64, "flagged": false, "seeded": ""}, "geometry": {"type": "Point", "coordinates": [-114.09292267758472, 51.02856226409238]}}, {"type": "Feature", "properties": {"P": 2178, "D": "GS", "code": "GS", "Z": 1085.996, "flagged": false, "seeded": ""}, "geometry": {"type": "Point", "coordinates": [-114.09301043212504, 51.028553465225734]}}, {"type": "Feature", "properties": {"P": 2179, "D": "GS", "code": "GS", "Z": 1086.157, "flagged": false, "seeded": ""}, "geometry": {"type": "Point", "coordinates": [-114.09317235683494, 51.02853655235791]}}, {"type": "Feature", "properties": {"P": 2180, "D": "GS", "code": "GS", "Z": 1086.225, "flagged": false, "seeded": ""}, "geometry": {"type": "Point", "coordinates": [-114.09313977487595, 51.028603803758976]}}, {"type": "Feature", "properties": {"P": 2181, "D": "GS", "code": "GS", "Z": 1086.035, "flagged": false, "seeded": ""}, "geometry": {"type": "Point", "coordinates": [-114.09301910169938, 51.028604385318665]}}, {"type": "Feature", "properties": {"P": 2182, "D": "GS", "code": "GS", "Z": 1085.687, "flagged": false, "seeded": ""}, "geometry": {"type": "Point", "coordinates": [-114.0929524068658, 51.02861526205726]}}, {"type": "Feature", "properties": {"P": 2183, "D": "GS", "code": "GS", "Z": 1085.274, "flagged": false, "seeded": ""}, "geometry": {"type": "Point", "coordinates": [-114.09281545236209, 51.02861519111315]}}, {"type": "Feature", "properties": {"P": 2184, "D": "GS", "code": "GS", "Z": 1085.123, "flagged": false, "seeded": ""}, "geometry": {"type": "Point", "coordinates": [-114.09270713515103, 51.028606781766136]}}, {"type": "Feature", "properties": {"P": 2185, "D": "GS", "code": "GS", "Z": 1084.95, "flagged": false, "seeded": ""}, "geometry": {"type": "Point", "coordinates": [-114.09260110170202, 51.028614093600126]}}, {"type": "Feature", "properties": {"P": 2186, "D": "GS", "code": "GS", "Z": 1084.491, "flagged": false, "seeded": ""}, "geometry": {"type": "Point", "coordinates": [-114.09246787581775, 51.02862514861754]}}, {"type": "Feature", "properties": {"P": 2187, "D": "GS", "code": "GS", "Z": 1084.429, "flagged": false, "seeded": ""}, "geometry": {"type": "Point", "coordinates": [-114.09236138312227, 51.02862378547859]}}, {"type": "Feature", "properties": {"P": 2188, "D": "GS", "code": "GS", "Z": 1084.054, "flagged": false, "seeded": ""}, "geometry": {"type": "Point", "coordinates": [-114.09223530359604, 51.028608296810006]}}, {"type": "Feature", "properties": {"P": 2189, "D": "GS", "code": "GS", "Z": 1083.747, "flagged": false, "seeded": ""}, "geometry": {"type": "Point", "coordinates": [-114.09210039397905, 51.02861140578917]}}, {"type": "Feature", "properties": {"P": 2190, "D": "GS", "code": "GS", "Z": 1083.443, "flagged": false, "seeded": ""}, "geometry": {"type": "Point", "coordinates": [-114.09201038916571, 51.02863582095773]}}, {"type": "Feature", "properties": {"P": 2191, "D": "GS", "code": "GS", "Z": 1083.34, "flagged": false, "seeded": ""}, "geometry": {"type": "Point", "coordinates": [-114.09189368515018, 51.028610687515595]}}, {"type": "Feature", "properties": {"P": 2192, "D": "GS", "code": "GS", "Z": 1083.32, "flagged": false, "seeded": ""}, "geometry": {"type": "Point", "coordinates": [-114.09180921731682, 51.02860199787755]}}, {"type": "Feature", "properties": {"P": 2193, "D": "GS", "code": "GS", "Z": 1082.93, "flagged": false, "seeded": ""}, "geometry": {"type": "Point", "coordinates": [-114.09167636773928, 51.028608772571054]}}, {"type": "Feature", "properties": {"P": 2194, "D": "GS", "code": "GS", "Z": 1082.496, "flagged": false, "seeded": ""}, "geometry": {"type": "Point", "coordinates": [-114.09153862014361, 51.02861134374234]}}, {"type": "Feature", "properties": {"P": 2195, "D": "GS", "code": "GS", "Z": 1082.251, "flagged": false, "seeded": ""}, "geometry": {"type": "Point", "coordinates": [-114.09144053146909, 51.028635459151786]}}, {"type": "Feature", "properties": {"P": 2196, "D": "GS", "code": "GS", "Z": 1081.92, "flagged": false, "seeded": ""}, "geometry": {"type": "Point", "coordinates": [-114.09133589463065, 51.028635424110796]}}, {"type": "Feature", "properties": {"P": 2197, "D": "GS", "code": "GS", "Z": 1082.007, "flagged": false, "seeded": ""}, "geometry": {"type": "Point", "coordinates": [-114.09132966865693, 51.028680863225]}}, {"type": "Feature", "properties": {"P": 2198, "D": "GS", "code": "GS", "Z": 1082.354, "flagged": false, "seeded": ""}, "geometry": {"type": "Point", "coordinates": [-114.0914350176569, 51.028695020627744]}}, {"type": "Feature", "properties": {"P": 2199, "D": "GS", "code": "GS", "Z": 1082.8, "flagged": false, "seeded": ""}, "geometry": {"type": "Point", "coordinates": [-114.09154465552507, 51.02868636755427]}}, {"type": "Feature", "properties": {"P": 2200, "D": "GS", "code": "GS", "Z": 1083.213, "flagged": false, "seeded": ""}, "geometry": {"type": "Point", "coordinates": [-114.09168756995216, 51.0286940855979]}}, {"type": "Feature", "properties": {"P": 2201, "D": "GS", "code": "GS", "Z": 1083.285, "flagged": false, "seeded": ""}, "geometry": {"type": "Point", "coordinates": [-114.09180619140064, 51.02870114832121]}}, {"type": "Feature", "properties": {"P": 2202, "D": "GS", "code": "GS", "Z": 1083.346, "flagged": false, "seeded": ""}, "geometry": {"type": "Point", "coordinates": [-114.0919062397341, 51.028673201426095]}}, {"type": "Feature", "properties": {"P": 2203, "D": "GS", "code": "GS", "Z": 1083.49, "flagged": false, "seeded": ""}, "geometry": {"type": "Point", "coordinates": [-114.09201810502513, 51.02870240203716]}}, {"type": "Feature", "properties": {"P": 2204, "D": "GS", "code": "GS", "Z": 1083.713, "flagged": false, "seeded": ""}, "geometry": {"type": "Point", "coordinates": [-114.09212621612424, 51.028693084377956]}}, {"type": "Feature", "properties": {"P": 2205, "D": "GS", "code": "GS", "Z": 1084.067, "flagged": false, "seeded": ""}, "geometry": {"type": "Point", "coordinates": [-114.09221601462352, 51.028679618811275]}}, {"type": "Feature", "properties": {"P": 2206, "D": "GS", "code": "GS", "Z": 1084.452, "flagged": false, "seeded": ""}, "geometry": {"type": "Point", "coordinates": [-114.09237344119458, 51.02868720769712]}}, {"type": "Feature", "properties": {"P": 2207, "D": "GS", "code": "GS", "Z": 1084.686, "flagged": false, "seeded": ""}, "geometry": {"type": "Point", "coordinates": [-114.09247357945385, 51.02869747571614]}}, {"type": "Feature", "properties": {"P": 2208, "D": "GS", "code": "GS", "Z": 1085.018, "flagged": false, "seeded": ""}, "geometry": {"type": "Point", "coordinates": [-114.09259916985079, 51.02868195883185]}}, {"type": "Feature", "properties": {"P": 2209, "D": "GS", "code": "GS", "Z": 1085.293, "flagged": false, "seeded": ""}, "geometry": {"type": "Point", "coordinates": [-114.09268571156115, 51.02868676267767]}}, {"type": "Feature", "properties": {"P": 2210, "D": "GS", "code": "GS", "Z": 1085.464, "flagged": false, "seeded": ""}, "geometry": {"type": "Point", "coordinates": [-114.0927865317335, 51.028702954139746]}}, {"type": "Feature", "properties": {"P": 2211, "D": "GS", "code": "GS", "Z": 1085.694, "flagged": false, "seeded": ""}, "geometry": {"type": "Point", "coordinates": [-114.09293876296458, 51.028678812534984]}}, {"type": "Feature", "properties": {"P": 2212, "D": "GS", "code": "GS", "Z": 1086.122, "flagged": false, "seeded": ""}, "geometry": {"type": "Point", "coordinates": [-114.09304637874286, 51.02868566699719]}}, {"type": "Feature", "properties": {"P": 2213, "D": "GS", "code": "GS", "Z": 1086.413, "flagged": false, "seeded": ""}, "geometry": {"type": "Point", "coordinates": [-114.09317554860743, 51.02868512358417]}}, {"type": "Feature", "properties": {"P": 2214, "D": "GS", "code": "GS", "Z": 1086.665, "flagged": false, "seeded": ""}, "geometry": {"type": "Point", "coordinates": [-114.09324931859291, 51.028775843343844]}}, {"type": "Feature", "properties": {"P": 2215, "D": "GS", "code": "GS", "Z": 1086.089, "flagged": false, "seeded": ""}, "geometry": {"type": "Point", "coordinates": [-114.0930113433227, 51.02875944687997]}}, {"type": "Feature", "properties": {"P": 2216, "D": "GS", "code": "GS", "Z": 1085.942, "flagged": false, "seeded": ""}, "geometry": {"type": "Point", "coordinates": [-114.09294740759974, 51.02877431287289]}}, {"type": "Feature", "properties": {"P": 2217, "D": "GS", "code": "GS", "Z": 1085.677, "flagged": false, "seeded": ""}, "geometry": {"type": "Point", "coordinates": [-114.0928217938339, 51.02876392166086]}}, {"type": "Feature", "properties": {"P": 2218, "D": "GS", "code": "GS", "Z": 1085.098, "flagged": false, "seeded": ""}, "geometry": {"type": "Point", "coordinates": [-114.09257638914978, 51.02877494898055]}}, {"type": "Feature", "properties": {"P": 2219, "D": "GS", "code": "GS", "Z": 1084.781, "flagged": false, "seeded": ""}, "geometry": {"type": "Point", "coordinates": [-114.0924533652443, 51.02876932888355]}}, {"type": "Feature", "properties": {"P": 2220, "D": "GS", "code": "GS", "Z": 1084.238, "flagged": false, "seeded": ""}, "geometry": {"type": "Point", "coordinates": [-114.09233499290865, 51.02876580858584]}}, {"type": "Feature", "properties": {"P": 2221, "D": "GS", "code": "GS", "Z": 1083.988, "flagged": false, "seeded": ""}, "geometry": {"type": "Point", "coordinates": [-114.09224520645705, 51.02874950014853]}}, {"type": "Feature", "properties": {"P": 2222, "D": "GS", "code": "GS", "Z": 1083.579, "flagged": false, "seeded": ""}, "geometry": {"type": "Point", "coordinates": [-114.09210416889857, 51.028761028384196]}}, {"type": "Feature", "properties": {"P": 2223, "D": "GS", "code": "GS", "Z": 1083.508, "flagged": false, "seeded": ""}, "geometry": {"type": "Point", "coordinates": [-114.09203660129026, 51.02877772166237]}}, {"type": "Feature", "properties": {"P": 2224, "D": "GS", "code": "GS", "Z": 1081.771, "flagged": true, "seeded": "elevation blunder: dZ -1.63 m (rod height)"}, "geometry": {"type": "Point", "coordinates": [-114.09192131686058, 51.02875695615377]}}, {"type": "Feature", "properties": {"P": 2225, "D": "GS", "code": "GS", "Z": 1083.326, "flagged": false, "seeded": ""}, "geometry": {"type": "Point", "coordinates": [-114.09177299730177, 51.02874823578761]}}, {"type": "Feature", "properties": {"P": 2226, "D": "GS", "code": "GS", "Z": 1083.288, "flagged": false, "seeded": ""}, "geometry": {"type": "Point", "coordinates": [-114.09166791975451, 51.02874894753999]}}, {"type": "Feature", "properties": {"P": 2227, "D": "GS", "code": "GS", "Z": 1082.932, "flagged": false, "seeded": ""}, "geometry": {"type": "Point", "coordinates": [-114.09153026650172, 51.02875620229228]}}, {"type": "Feature", "properties": {"P": 2228, "D": "GS", "code": "GS", "Z": 1082.708, "flagged": false, "seeded": ""}, "geometry": {"type": "Point", "coordinates": [-114.09146914579077, 51.02876743340847]}}, {"type": "Feature", "properties": {"P": 2229, "D": "GS", "code": "GS", "Z": 1082.144, "flagged": false, "seeded": ""}, "geometry": {"type": "Point", "coordinates": [-114.09135149911724, 51.028777674869325]}}, {"type": "Feature", "properties": {"P": 2230, "D": "GS", "code": "GS", "Z": 1082.105, "flagged": false, "seeded": ""}, "geometry": {"type": "Point", "coordinates": [-114.09119309523712, 51.028766120885344]}}, {"type": "Feature", "properties": {"P": 2231, "D": "GS", "code": "GS", "Z": 1082.378, "flagged": false, "seeded": ""}, "geometry": {"type": "Point", "coordinates": [-114.09112258774687, 51.02884678706137]}}, {"type": "Feature", "properties": {"P": 2232, "D": "GS", "code": "GS", "Z": 1082.42, "flagged": false, "seeded": ""}, "geometry": {"type": "Point", "coordinates": [-114.0912075585357, 51.028842828210585]}}, {"type": "Feature", "properties": {"P": 2233, "D": "GS", "code": "GS", "Z": 1082.219, "flagged": false, "seeded": ""}, "geometry": {"type": "Point", "coordinates": [-114.0913476264917, 51.028838205950855]}}, {"type": "Feature", "properties": {"P": 2234, "D": "GS", "code": "GS", "Z": 1083.344, "flagged": false, "seeded": ""}, "geometry": {"type": "Point", "coordinates": [-114.09166999738187, 51.02884824680017]}}, {"type": "Feature", "properties": {"P": 2235, "D": "GS", "code": "GS", "Z": 1083.383, "flagged": false, "seeded": ""}, "geometry": {"type": "Point", "coordinates": [-114.09178754992705, 51.028826381333026]}}, {"type": "Feature", "properties": {"P": 2236, "D": "GS", "code": "GS", "Z": 1083.484, "flagged": false, "seeded": ""}, "geometry": {"type": "Point", "coordinates": [-114.09189376800066, 51.0288472440004]}}, {"type": "Feature", "properties": {"P": 2237, "D": "GS", "code": "GS", "Z": 1083.536, "flagged": false, "seeded": ""}, "geometry": {"type": "Point", "coordinates": [-114.09198492936554, 51.028830721021656]}}, {"type": "Feature", "properties": {"P": 2238, "D": "GS", "code": "GS", "Z": 1083.712, "flagged": false, "seeded": ""}, "geometry": {"type": "Point", "coordinates": [-114.09213948275396, 51.028826958417106]}}, {"type": "Feature", "properties": {"P": 2239, "D": "GS", "code": "GS", "Z": 1083.917, "flagged": false, "seeded": ""}, "geometry": {"type": "Point", "coordinates": [-114.09221307351879, 51.02884981527142]}}, {"type": "Feature", "properties": {"P": 2240, "D": "GS", "code": "GS", "Z": 1084.464, "flagged": false, "seeded": ""}, "geometry": {"type": "Point", "coordinates": [-114.09237494850558, 51.02885025378582]}}, {"type": "Feature", "properties": {"P": 2241, "D": "GS", "code": "GS", "Z": 1085.091, "flagged": false, "seeded": ""}, "geometry": {"type": "Point", "coordinates": [-114.092493744612, 51.0288445412241]}}, {"type": "Feature", "properties": {"P": 2242, "D": "GS", "code": "GS", "Z": 1085.245, "flagged": false, "seeded": ""}, "geometry": {"type": "Point", "coordinates": [-114.09257908938453, 51.028835160254765]}}, {"type": "Feature", "properties": {"P": 2243, "D": "GS", "code": "GS", "Z": 1085.385, "flagged": false, "seeded": ""}, "geometry": {"type": "Point", "coordinates": [-114.09268409049255, 51.028824621936025]}}, {"type": "Feature", "properties": {"P": 2244, "D": "GS", "code": "GS", "Z": 1085.838, "flagged": false, "seeded": ""}, "geometry": {"type": "Point", "coordinates": [-114.09279182052364, 51.02883856946266]}}, {"type": "Feature", "properties": {"P": 2245, "D": "GS", "code": "GS", "Z": 1086.151, "flagged": false, "seeded": ""}, "geometry": {"type": "Point", "coordinates": [-114.09293677985492, 51.0288277294901]}}, {"type": "Feature", "properties": {"P": 2246, "D": "GS", "code": "GS", "Z": 1086.293, "flagged": false, "seeded": ""}, "geometry": {"type": "Point", "coordinates": [-114.09305308435806, 51.02882365447751]}}, {"type": "Feature", "properties": {"P": 2247, "D": "GS", "code": "GS", "Z": 1086.562, "flagged": false, "seeded": ""}, "geometry": {"type": "Point", "coordinates": [-114.09318106236839, 51.028818617127435]}}, {"type": "Feature", "properties": {"P": 2248, "D": "GS", "code": "GS", "Z": 1086.669, "flagged": false, "seeded": ""}, "geometry": {"type": "Point", "coordinates": [-114.09328874545396, 51.0288304156808]}}, {"type": "Feature", "properties": {"P": 2249, "D": "GS", "code": "GS", "Z": 1087.363, "flagged": false, "seeded": ""}, "geometry": {"type": "Point", "coordinates": [-114.09335675764959, 51.02892167935219]}}, {"type": "Feature", "properties": {"P": 2250, "D": "GS", "code": "GS", "Z": 1086.948, "flagged": false, "seeded": ""}, "geometry": {"type": "Point", "coordinates": [-114.0932650410272, 51.02891709588758]}}, {"type": "Feature", "properties": {"P": 2251, "D": "GS", "code": "GS", "Z": 1086.824, "flagged": false, "seeded": ""}, "geometry": {"type": "Point", "coordinates": [-114.09314930748194, 51.028907416323115]}}, {"type": "Feature", "properties": {"P": 2252, "D": "GS", "code": "GS", "Z": 1086.434, "flagged": false, "seeded": ""}, "geometry": {"type": "Point", "coordinates": [-114.09304624158617, 51.028887729945815]}}, {"type": "Feature", "properties": {"P": 2253, "D": "GS", "code": "GS", "Z": 1086.193, "flagged": false, "seeded": ""}, "geometry": {"type": "Point", "coordinates": [-114.09290081263723, 51.028906193743786]}}, {"type": "Feature", "properties": {"P": 2254, "D": "GS", "code": "GS", "Z": 1086.047, "flagged": false, "seeded": ""}, "geometry": {"type": "Point", "coordinates": [-114.0928322063868, 51.02890959245223]}}, {"type": "Feature", "properties": {"P": 2255, "D": "GS", "code": "GS", "Z": 1085.472, "flagged": false, "seeded": ""}, "geometry": {"type": "Point", "coordinates": [-114.09267728496715, 51.02890762978756]}}, {"type": "Feature", "properties": {"P": 2256, "D": "GS", "code": "GS", "Z": 1087.283, "flagged": true, "seeded": "elevation blunder: dZ +1.98 m (rod height)"}, "geometry": {"type": "Point", "coordinates": [-114.09256652594607, 51.02889750520271]}}, {"type": "Feature", "properties": {"P": 2257, "D": "GS", "code": "GS", "Z": 1084.968, "flagged": false, "seeded": ""}, "geometry": {"type": "Point", "coordinates": [-114.09244876686981, 51.02892294954104]}}, {"type": "Feature", "properties": {"P": 2258, "D": "GS", "code": "GS", "Z": 1084.606, "flagged": false, "seeded": ""}, "geometry": {"type": "Point", "coordinates": [-114.09238308643054, 51.02891373303805]}}, {"type": "Feature", "properties": {"P": 2259, "D": "GS", "code": "GS", "Z": 1084.092, "flagged": false, "seeded": ""}, "geometry": {"type": "Point", "coordinates": [-114.09226418792475, 51.02890386631401]}}, {"type": "Feature", "properties": {"P": 2260, "D": "GS", "code": "GS", "Z": 1083.9, "flagged": false, "seeded": ""}, "geometry": {"type": "Point", "coordinates": [-114.09212025454094, 51.02890747687635]}}, {"type": "Feature", "properties": {"P": 2261, "D": "GS", "code": "GS", "Z": 1083.612, "flagged": false, "seeded": ""}, "geometry": {"type": "Point", "coordinates": [-114.0920191083834, 51.02892114907916]}}, {"type": "Feature", "properties": {"P": 2262, "D": "GS", "code": "GS", "Z": 1083.52, "flagged": false, "seeded": ""}, "geometry": {"type": "Point", "coordinates": [-114.09189997646003, 51.028922977846044]}}, {"type": "Feature", "properties": {"P": 2263, "D": "GS", "code": "GS", "Z": 1083.474, "flagged": false, "seeded": ""}, "geometry": {"type": "Point", "coordinates": [-114.09179240765555, 51.028889575530364]}}, {"type": "Feature", "properties": {"P": 2264, "D": "GS", "code": "GS", "Z": 1083.449, "flagged": false, "seeded": ""}, "geometry": {"type": "Point", "coordinates": [-114.09164756115973, 51.02891449195876]}}, {"type": "Feature", "properties": {"P": 2265, "D": "GS", "code": "GS", "Z": 1083.218, "flagged": false, "seeded": ""}, "geometry": {"type": "Point", "coordinates": [-114.09154969831026, 51.0289015694706]}}, {"type": "Feature", "properties": {"P": 2266, "D": "GS", "code": "GS", "Z": 1082.531, "flagged": false, "seeded": ""}, "geometry": {"type": "Point", "coordinates": [-114.09135125230166, 51.028913195694166]}}, {"type": "Feature", "properties": {"P": 2267, "D": "GS", "code": "GS", "Z": 1082.577, "flagged": false, "seeded": ""}, "geometry": {"type": "Point", "coordinates": [-114.09124120470597, 51.02890949697552]}}, {"type": "Feature", "properties": {"P": 2268, "D": "GS", "code": "GS", "Z": 1082.607, "flagged": false, "seeded": ""}, "geometry": {"type": "Point", "coordinates": [-114.09107196924735, 51.02892141455694]}}, {"type": "Feature", "properties": {"P": 2269, "D": "GS", "code": "GS", "Z": 1082.428, "flagged": false, "seeded": ""}, "geometry": {"type": "Point", "coordinates": [-114.09108286089474, 51.02897972264059]}}, {"type": "Feature", "properties": {"P": 2270, "D": "GS", "code": "GS", "Z": 1082.611, "flagged": false, "seeded": ""}, "geometry": {"type": "Point", "coordinates": [-114.0912154419413, 51.028966287420104]}}, {"type": "Feature", "properties": {"P": 2271, "D": "GS", "code": "GS", "Z": 1082.741, "flagged": false, "seeded": ""}, "geometry": {"type": "Point", "coordinates": [-114.09143214873345, 51.02896132653356]}}, {"type": "Feature", "properties": {"P": 2272, "D": "GS", "code": "GS", "Z": 1083.083, "flagged": false, "seeded": ""}, "geometry": {"type": "Point", "coordinates": [-114.09157428831163, 51.02899500774807]}}, {"type": "Feature", "properties": {"P": 2273, "D": "GS", "code": "GS", "Z": 1083.326, "flagged": false, "seeded": ""}, "geometry": {"type": "Point", "coordinates": [-114.09169080352372, 51.02896739873523]}}, {"type": "Feature", "properties": {"P": 2274, "D": "GS", "code": "GS", "Z": 1083.565, "flagged": false, "seeded": ""}, "geometry": {"type": "Point", "coordinates": [-114.09180582406145, 51.02898426312213]}}, {"type": "Feature", "properties": {"P": 2275, "D": "GS", "code": "GS", "Z": 1083.794, "flagged": false, "seeded": ""}, "geometry": {"type": "Point", "coordinates": [-114.09192283495662, 51.028991120227616]}}, {"type": "Feature", "properties": {"P": 2276, "D": "GS", "code": "GS", "Z": 1083.78, "flagged": false, "seeded": ""}, "geometry": {"type": "Point", "coordinates": [-114.09199398620608, 51.02896979446871]}}, {"type": "Feature", "properties": {"P": 2277, "D": "GS", "code": "GS", "Z": 1083.843, "flagged": false, "seeded": ""}, "geometry": {"type": "Point", "coordinates": [-114.09210219053702, 51.028971237501466]}}, {"type": "Feature", "properties": {"P": 2278, "D": "GS", "code": "GS", "Z": 1084.187, "flagged": false, "seeded": ""}, "geometry": {"type": "Point", "coordinates": [-114.09225313546034, 51.0289663628604]}}, {"type": "Feature", "properties": {"P": 2279, "D": "GS", "code": "GS", "Z": 1084.729, "flagged": false, "seeded": ""}, "geometry": {"type": "Point", "coordinates": [-114.092376827937, 51.028971002755824]}}, {"type": "Feature", "properties": {"P": 2280, "D": "GS", "code": "GS", "Z": 1085.04, "flagged": false, "seeded": ""}, "geometry": {"type": "Point", "coordinates": [-114.09245252775928, 51.028986117608525]}}, {"type": "Feature", "properties": {"P": 2281, "D": "GS", "code": "GS", "Z": 1085.336, "flagged": false, "seeded": ""}, "geometry": {"type": "Point", "coordinates": [-114.09257026351192, 51.0289703552566]}}, {"type": "Feature", "properties": {"P": 2282, "D": "GS", "code": "GS", "Z": 1085.654, "flagged": false, "seeded": ""}, "geometry": {"type": "Point", "coordinates": [-114.09270623814106, 51.028978940568216]}}, {"type": "Feature", "properties": {"P": 2283, "D": "GS", "code": "GS", "Z": 1086.01, "flagged": false, "seeded": ""}, "geometry": {"type": "Point", "coordinates": [-114.09281508262397, 51.02897968123185]}}, {"type": "Feature", "properties": {"P": 2284, "D": "GS", "code": "GS", "Z": 1086.313, "flagged": false, "seeded": ""}, "geometry": {"type": "Point", "coordinates": [-114.0928995864198, 51.02899166036605]}}, {"type": "Feature", "properties": {"P": 2285, "D": "GS", "code": "GS", "Z": 1086.719, "flagged": false, "seeded": ""}, "geometry": {"type": "Point", "coordinates": [-114.09304222888706, 51.028962644810335]}}, {"type": "Feature", "properties": {"P": 2286, "D": "GS", "code": "GS", "Z": 1087.052, "flagged": false, "seeded": ""}, "geometry": {"type": "Point", "coordinates": [-114.09327678636724, 51.02898031149516]}}, {"type": "Feature", "properties": {"P": 2287, "D": "GS", "code": "GS", "Z": 1087.651, "flagged": false, "seeded": ""}, "geometry": {"type": "Point", "coordinates": [-114.09335929887838, 51.028959002805436]}}, {"type": "Feature", "properties": {"P": 2288, "D": "GS", "code": "GS", "Z": 1087.178, "flagged": false, "seeded": ""}, "geometry": {"type": "Point", "coordinates": [-114.09314208270654, 51.02905823429318]}}, {"type": "Feature", "properties": {"P": 2289, "D": "GS", "code": "GS", "Z": 1086.934, "flagged": false, "seeded": ""}, "geometry": {"type": "Point", "coordinates": [-114.09305822358758, 51.02905504680611]}}, {"type": "Feature", "properties": {"P": 2290, "D": "GS", "code": "GS", "Z": 1086.572, "flagged": false, "seeded": ""}, "geometry": {"type": "Point", "coordinates": [-114.09295063538627, 51.02903389861502]}}, {"type": "Feature", "properties": {"P": 2291, "D": "GS", "code": "GS", "Z": 1086.133, "flagged": false, "seeded": ""}, "geometry": {"type": "Point", "coordinates": [-114.09281805804456, 51.02904903486564]}}, {"type": "Feature", "properties": {"P": 2292, "D": "GS", "code": "GS", "Z": 1085.779, "flagged": false, "seeded": ""}, "geometry": {"type": "Point", "coordinates": [-114.09271380667055, 51.029049746902025]}}, {"type": "Feature", "properties": {"P": 2293, "D": "GS", "code": "GS", "Z": 1085.568, "flagged": false, "seeded": ""}, "geometry": {"type": "Point", "coordinates": [-114.09261088173153, 51.02905793727437]}}, {"type": "Feature", "properties": {"P": 2294, "D": "GS", "code": "GS", "Z": 1085.225, "flagged": false, "seeded": ""}, "geometry": {"type": "Point", "coordinates": [-114.09244404715122, 51.02905141694255]}}, {"type": "Feature", "properties": {"P": 2295, "D": "GS", "code": "GS", "Z": 1084.951, "flagged": false, "seeded": ""}, "geometry": {"type": "Point", "coordinates": [-114.09237421474715, 51.02906203512895]}}, {"type": "Feature", "properties": {"P": 2296, "D": "GS", "code": "GS", "Z": 1084.518, "flagged": false, "seeded": ""}, "geometry": {"type": "Point", "coordinates": [-114.09226329269798, 51.029041751957266]}}, {"type": "Feature", "properties": {"P": 2297, "D": "GS", "code": "GS", "Z": 1084.374, "flagged": false, "seeded": ""}, "geometry": {"type": "Point", "coordinates": [-114.09212724358994, 51.02905317739419]}}, {"type": "Feature", "properties": {"P": 2298, "D": "GS", "code": "GS", "Z": 1084.171, "flagged": false, "seeded": ""}, "geometry": {"type": "Point", "coordinates": [-114.09199874272888, 51.029053728111336]}}, {"type": "Feature", "properties": {"P": 2299, "D": "GS", "code": "GS", "Z": 1083.931, "flagged": false, "seeded": ""}, "geometry": {"type": "Point", "coordinates": [-114.0919045996997, 51.029040524309636]}}, {"type": "Feature", "properties": {"P": 2300, "D": "GS", "code": "GS", "Z": 1083.585, "flagged": false, "seeded": ""}, "geometry": {"type": "Point", "coordinates": [-114.09175737462172, 51.02904507194845]}}, {"type": "Feature", "properties": {"P": 2301, "D": "GS", "code": "GS", "Z": 1083.463, "flagged": false, "seeded": ""}, "geometry": {"type": "Point", "coordinates": [-114.09169635058076, 51.029040436181056]}}, {"type": "Feature", "properties": {"P": 2302, "D": "GS", "code": "GS", "Z": 1083.052, "flagged": false, "seeded": ""}, "geometry": {"type": "Point", "coordinates": [-114.09152933784064, 51.02903745664856]}}, {"type": "Feature", "properties": {"P": 2303, "D": "GS", "code": "GS", "Z": 1083.332, "flagged": false, "seeded": ""}, "geometry": {"type": "Point", "coordinates": [-114.09131629119219, 51.029048015475546]}}, {"type": "Feature", "properties": {"P": 2304, "D": "GS", "code": "GS", "Z": 1082.613, "flagged": false, "seeded": ""}, "geometry": {"type": "Point", "coordinates": [-114.0910980152277, 51.029038117297524]}}, {"type": "Feature", "properties": {"P": 2305, "D": "GS", "code": "GS", "Z": 1083.886, "flagged": false, "seeded": ""}, "geometry": {"type": "Point", "coordinates": [-114.0916678201434, 51.0291393099604]}}, {"type": "Feature", "properties": {"P": 2306, "D": "GS", "code": "GS", "Z": 1083.704, "flagged": false, "seeded": ""}, "geometry": {"type": "Point", "coordinates": [-114.09176122540825, 51.02910370013743]}}, {"type": "Feature", "properties": {"P": 2307, "D": "GS", "code": "GS", "Z": 1084.084, "flagged": false, "seeded": ""}, "geometry": {"type": "Point", "coordinates": [-114.09190753231375, 51.0291105432414]}}, {"type": "Feature", "properties": {"P": 2308, "D": "GS", "code": "GS", "Z": 1084.356, "flagged": false, "seeded": ""}, "geometry": {"type": "Point", "coordinates": [-114.09200180369822, 51.02913810358561]}}, {"type": "Feature", "properties": {"P": 2309, "D": "GS", "code": "GS", "Z": 1084.663, "flagged": false, "seeded": ""}, "geometry": {"type": "Point", "coordinates": [-114.09213652933903, 51.02911332954537]}}, {"type": "Feature", "properties": {"P": 2310, "D": "GS", "code": "GS", "Z": 1084.955, "flagged": false, "seeded": ""}, "geometry": {"type": "Point", "coordinates": [-114.09226350739141, 51.02912835014268]}}, {"type": "Feature", "properties": {"P": 1398, "D": "GS", "code": "GS", "Z": 1085.195, "flagged": true, "seeded": "duplicate point number: P2311 recorded as P1398"}, "geometry": {"type": "Point", "coordinates": [-114.09236274918905, 51.02912463988769]}}, {"type": "Feature", "properties": {"P": 2312, "D": "GS", "code": "GS", "Z": 1085.308, "flagged": false, "seeded": ""}, "geometry": {"type": "Point", "coordinates": [-114.09244732815776, 51.02911700363377]}}, {"type": "Feature", "properties": {"P": 2313, "D": "GS", "code": "GS", "Z": 1085.575, "flagged": false, "seeded": ""}, "geometry": {"type": "Point", "coordinates": [-114.09255632696322, 51.02911633302412]}}, {"type": "Feature", "properties": {"P": 2314, "D": "GS", "code": "GS", "Z": 1086.029, "flagged": false, "seeded": ""}, "geometry": {"type": "Point", "coordinates": [-114.09271112647446, 51.02912115468954]}}, {"type": "Feature", "properties": {"P": 2315, "D": "GS", "code": "GS", "Z": 1086.372, "flagged": false, "seeded": ""}, "geometry": {"type": "Point", "coordinates": [-114.0928280100593, 51.029106858085235]}}, {"type": "Feature", "properties": {"P": 2316, "D": "GS", "code": "GS", "Z": 1086.785, "flagged": false, "seeded": ""}, "geometry": {"type": "Point", "coordinates": [-114.09294743830482, 51.02911754188228]}}, {"type": "Feature", "properties": {"P": 2317, "D": "GS", "code": "GS", "Z": 1086.99, "flagged": false, "seeded": ""}, "geometry": {"type": "Point", "coordinates": [-114.09301578275587, 51.0291185213277]}}, {"type": "Feature", "properties": {"P": 2318, "D": "GS", "code": "GS", "Z": 1087.31, "flagged": false, "seeded": ""}, "geometry": {"type": "Point", "coordinates": [-114.09325950376171, 51.02912010706289]}}, {"type": "Feature", "properties": {"P": 2319, "D": "GS", "code": "GS", "Z": 1087.504, "flagged": false, "seeded": ""}, "geometry": {"type": "Point", "coordinates": [-114.09324141732654, 51.02918616026876]}}, {"type": "Feature", "properties": {"P": 2320, "D": "GS", "code": "GS", "Z": 1087.474, "flagged": false, "seeded": ""}, "geometry": {"type": "Point", "coordinates": [-114.09316704001115, 51.02920525090823]}}, {"type": "Feature", "properties": {"P": 2321, "D": "GS", "code": "GS", "Z": 1087.226, "flagged": false, "seeded": ""}, "geometry": {"type": "Point", "coordinates": [-114.09302260351669, 51.02917872930859]}}, {"type": "Feature", "properties": {"P": 2322, "D": "GS", "code": "GS", "Z": 1087.135, "flagged": false, "seeded": ""}, "geometry": {"type": "Point", "coordinates": [-114.09292662286121, 51.02920213409395]}}, {"type": "Feature", "properties": {"P": 2323, "D": "GS", "code": "GS", "Z": 1086.869, "flagged": false, "seeded": ""}, "geometry": {"type": "Point", "coordinates": [-114.09283481434382, 51.029208895441364]}}, {"type": "Feature", "properties": {"P": 2324, "D": "GS", "code": "GS", "Z": 1085.717, "flagged": false, "seeded": ""}, "geometry": {"type": "Point", "coordinates": [-114.09249386388548, 51.02918381466427]}}, {"type": "Feature", "properties": {"P": 2325, "D": "GS", "code": "GS", "Z": 1085.09, "flagged": false, "seeded": ""}, "geometry": {"type": "Point", "coordinates": [-114.09225468563368, 51.02918711417547]}}, {"type": "Feature", "properties": {"P": 2326, "D": "GS", "code": "GS", "Z": 1084.817, "flagged": false, "seeded": ""}, "geometry": {"type": "Point", "coordinates": [-114.09212649507518, 51.02919336429552]}}, {"type": "Feature", "properties": {"P": 2327, "D": "GS", "code": "GS", "Z": 1084.583, "flagged": false, "seeded": ""}, "geometry": {"type": "Point", "coordinates": [-114.09189101505387, 51.0292069264523]}}, {"type": "Feature", "properties": {"P": 2328, "D": "GS", "code": "GS", "Z": 1085.352, "flagged": false, "seeded": ""}, "geometry": {"type": "Point", "coordinates": [-114.09234218427166, 51.02926410528849]}}, {"type": "Feature", "properties": {"P": 2329, "D": "GS", "code": "GS", "Z": 1086.03, "flagged": false, "seeded": ""}, "geometry": {"type": "Point", "coordinates": [-114.09256971893763, 51.02926235207075]}}, {"type": "Feature", "properties": {"P": 2330, "D": "GS", "code": "GS", "Z": 1086.346, "flagged": false, "seeded": ""}, "geometry": {"type": "Point", "coordinates": [-114.09268308880193, 51.02926590306749]}}, {"type": "Feature", "properties": {"P": 2331, "D": "GS", "code": "GS", "Z": 1086.677, "flagged": false, "seeded": ""}, "geometry": {"type": "Point", "coordinates": [-114.09281015120571, 51.02927289514858]}}, {"type": "Feature", "properties": {"P": 2332, "D": "GS", "code": "GS", "Z": 1087.041, "flagged": false, "seeded": ""}, "geometry": {"type": "Point", "coordinates": [-114.09292437100478, 51.02925232571172]}}, {"type": "Feature", "properties": {"P": 2333, "D": "GS", "code": "GS", "Z": 1087.356, "flagged": false, "seeded": ""}, "geometry": {"type": "Point", "coordinates": [-114.09303839943038, 51.029257269252845]}}, {"type": "Feature", "properties": {"P": 2334, "D": "GS", "code": "GS", "Z": 1087.595, "flagged": false, "seeded": ""}, "geometry": {"type": "Point", "coordinates": [-114.09317896614552, 51.02925912601829]}}, {"type": "Feature", "properties": {"P": 2335, "D": "GS", "code": "GS", "Z": 1087.692, "flagged": false, "seeded": ""}, "geometry": {"type": "Point", "coordinates": [-114.0932946445189, 51.029333199243595]}}, {"type": "Feature", "properties": {"P": 2336, "D": "GS", "code": "GS", "Z": 1087.619, "flagged": false, "seeded": ""}, "geometry": {"type": "Point", "coordinates": [-114.09313686290703, 51.029327454782496]}}, {"type": "Feature", "properties": {"P": 2337, "D": "GS", "code": "GS", "Z": 1086.876, "flagged": false, "seeded": ""}, "geometry": {"type": "Point", "coordinates": [-114.09279844749533, 51.02933733404796]}}, {"type": "Feature", "properties": {"P": 2338, "D": "GS", "code": "GS", "Z": 1086.156, "flagged": false, "seeded": ""}, "geometry": {"type": "Point", "coordinates": [-114.09249781146774, 51.029319251255366]}}, {"type": "Feature", "properties": {"P": 2339, "D": "GS", "code": "GS", "Z": 1087.426, "flagged": false, "seeded": ""}, "geometry": {"type": "Point", "coordinates": [-114.09306489477088, 51.02941783222725]}}, {"type": "Feature", "properties": {"P": 2340, "D": "GS", "code": "GS", "Z": 1087.585, "flagged": false, "seeded": ""}, "geometry": {"type": "Point", "coordinates": [-114.09312691231914, 51.029391496767715]}}], "crs": {"type": "name", "properties": {"name": "urn:ogc:def:crs:EPSG::4617"}}}