  0
SECTION
  2
HEADER
  9
$ACADVER
  1
AC1032
  9
$ACADMAINTVER
 90
4
  9
$DWGCODEPAGE
  3
ANSI_1252
  9
$LASTSAVEDBY
  1
ezdxf
  9
$REQUIREDVERSIONS
160
0
  9
$INSBASE
 10
0.0
 20
0.0
 30
0.0
  9
$EXTMIN
 10
1e+20
 20
1e+20
 30
1e+20
  9
$EXTMAX
 10
-1e+20
 20
-1e+20
 30
-1e+20
  9
$LIMMIN
 10
0.0
 20
0.0
  9
$LIMMAX
 10
420.0
 20
297.0
  9
$ORTHOMODE
 70
0
  9
$REGENMODE
 70
1
  9
$FILLMODE
 70
1
  9
$QTEXTMODE
 70
0
  9
$MIRRTEXT
 70
1
  9
$LTSCALE
 40
0.5
  9
$ATTMODE
 70
1
  9
$TEXTSIZE
 40
2.5
  9
$TRACEWID
 40
1.0
  9
$TEXTSTYLE
  7
Standard
  9
$CLAYER
  8
0
  9
$CELTYPE
  6
ByLayer
  9
$CECOLOR
 62
256
  9
$CELTSCALE
 40
1.0
  9
$DISPSILH
 70
0
  9
$DIMSCALE
 40
1.0
  9
$DIMASZ
 40
2.5
  9
$DIMEXO
 40
0.625
  9
$DIMDLI
 40
3.75
  9
$DIMRND
 40
0.0
  9
$DIMDLE
 40
0.0
  9
$DIMEXE
 40
1.25
  9
$DIMTP
 40
0.0
  9
$DIMTM
 40
0.0
  9
$DIMTXT
 40
2.5
  9
$DIMCEN
 40
2.5
  9
$DIMTSZ
 40
0.0
  9
$DIMTOL
 70
0
  9
$DIMLIM
 70
0
  9
$DIMTIH
 70
0
  9
$DIMTOH
 70
0
  9
$DIMSE1
 70
0
  9
$DIMSE2
 70
0
  9
$DIMTAD
 70
1
  9
$DIMZIN
 70
8
  9
$DIMBLK
  1

  9
$DIMASO
 70
1
  9
$DIMSHO
 70
1
  9
$DIMPOST
  1

  9
$DIMAPOST
  1

  9
$DIMALT
 70
0
  9
$DIMALTD
 70
3
  9
$DIMALTF
 40
0.03937007874
  9
$DIMLFAC
 40
1.0
  9
$DIMTOFL
 70
1
  9
$DIMTVP
 40
0.0
  9
$DIMTIX
 70
0
  9
$DIMSOXD
 70
0
  9
$DIMSAH
 70
0
  9
$DIMBLK1
  1

  9
$DIMBLK2
  1

  9
$DIMSTYLE
  2
ISO-25
  9
$DIMCLRD
 70
0
  9
$DIMCLRE
 70
0
  9
$DIMCLRT
 70
0
  9
$DIMTFAC
 40
1.0
  9
$DIMGAP
 40
0.625
  9
$DIMJUST
 70
0
  9
$DIMSD1
 70
0
  9
$DIMSD2
 70
0
  9
$DIMTOLJ
 70
0
  9
$DIMTZIN
 70
8
  9
$DIMALTZ
 70
0
  9
$DIMALTTZ
 70
0
  9
$DIMUPT
 70
0
  9
$DIMDEC
 70
2
  9
$DIMTDEC
 70
2
  9
$DIMALTU
 70
2
  9
$DIMALTTD
 70
3
  9
$DIMTXSTY
  7
Standard
  9
$DIMAUNIT
 70
0
  9
$DIMADEC
 70
0
  9
$DIMALTRND
 40
0.0
  9
$DIMAZIN
 70
0
  9
$DIMDSEP
 70
44
  9
$DIMATFIT
 70
3
  9
$DIMFRAC
 70
0
  9
$DIMLDRBLK
  1

  9
$DIMLUNIT
 70
2
  9
$DIMLWD
 70
-2
  9
$DIMLWE
 70
-2
  9
$DIMTMOVE
 70
0
  9
$DIMFXL
 40
1.0
  9
$DIMFXLON
 70
0
  9
$DIMJOGANG
 40
0.785398163397
  9
$DIMTFILL
 70
0
  9
$DIMTFILLCLR
 70
0
  9
$DIMARCSYM
 70
0
  9
$DIMLTYPE
  6

  9
$DIMLTEX1
  6

  9
$DIMLTEX2
  6

  9
$DIMTXTDIRECTION
 70
0
  9
$LUNITS
 70
2
  9
$LUPREC
 70
3
  9
$SKETCHINC
 40
1.0
  9
$FILLETRAD
 40
10.0
  9
$AUNITS
 70
0
  9
$AUPREC
 70
2
  9
$MENU
  1
.
  9
$ELEVATION
 40
0.0
  9
$PELEVATION
 40
0.0
  9
$THICKNESS
 40
0.0
  9
$LIMCHECK
 70
0
  9
$CHAMFERA
 40
0.0
  9
$CHAMFERB
 40
0.0
  9
$CHAMFERC
 40
0.0
  9
$CHAMFERD
 40
0.0
  9
$SKPOLY
 70
0
  9
$TDCREATE
 40
2461301.013564815
  9
$TDUCREATE
 40
2458532.153996898
  9
$TDUPDATE
 40
2461301.013576389
  9
$TDUUPDATE
 40
2458532.1544311
  9
$TDINDWG
 40
0.0
  9
$TDUSRTIMER
 40
0.0
  9
$USRTIMER
 70
1
  9
$ANGBASE
 50
0.0
  9
$ANGDIR
 70
0
  9
$PDMODE
 70
0
  9
$PDSIZE
 40
0.0
  9
$PLINEWID
 40
0.0
  9
$SPLFRAME
 70
0
  9
$SPLINETYPE
 70
6
  9
$SPLINESEGS
 70
8
  9
$HANDSEED
  5
82F
  9
$SURFTAB1
 70
6
  9
$SURFTAB2
 70
6
  9
$SURFTYPE
 70
6
  9
$SURFU
 70
6
  9
$SURFV
 70
6
  9
$UCSBASE
  2

  9
$UCSNAME
  2

  9
$UCSORG
 10
0.0
 20
0.0
 30
0.0
  9
$UCSXDIR
 10
1.0
 20
0.0
 30
0.0
  9
$UCSYDIR
 10
0.0
 20
1.0
 30
0.0
  9
$UCSORTHOREF
  2

  9
$UCSORTHOVIEW
 70
0
  9
$UCSORGTOP
 10
0.0
 20
0.0
 30
0.0
  9
$UCSORGBOTTOM
 10
0.0
 20
0.0
 30
0.0
  9
$UCSORGLEFT
 10
0.0
 20
0.0
 30
0.0
  9
$UCSORGRIGHT
 10
0.0
 20
0.0
 30
0.0
  9
$UCSORGFRONT
 10
0.0
 20
0.0
 30
0.0
  9
$UCSORGBACK
 10
0.0
 20
0.0
 30
0.0
  9
$PUCSBASE
  2

  9
$PUCSNAME
  2

  9
$PUCSORG
 10
0.0
 20
0.0
 30
0.0
  9
$PUCSXDIR
 10
1.0
 20
0.0
 30
0.0
  9
$PUCSYDIR
 10
0.0
 20
1.0
 30
0.0
  9
$PUCSORTHOREF
  2

  9
$PUCSORTHOVIEW
 70
0
  9
$PUCSORGTOP
 10
0.0
 20
0.0
 30
0.0
  9
$PUCSORGBOTTOM
 10
0.0
 20
0.0
 30
0.0
  9
$PUCSORGLEFT
 10
0.0
 20
0.0
 30
0.0
  9
$PUCSORGRIGHT
 10
0.0
 20
0.0
 30
0.0
  9
$PUCSORGFRONT
 10
0.0
 20
0.0
 30
0.0
  9
$PUCSORGBACK
 10
0.0
 20
0.0
 30
0.0
  9
$USERI1
 70
0
  9
$USERI2
 70
0
  9
$USERI3
 70
0
  9
$USERI4
 70
0
  9
$USERI5
 70
0
  9
$USERR1
 40
0.0
  9
$USERR2
 40
0.0
  9
$USERR3
 40
0.0
  9
$USERR4
 40
0.0
  9
$USERR5
 40
0.0
  9
$WORLDVIEW
 70
1
  9
$SHADEDGE
 70
3
  9
$SHADEDIF
 70
70
  9
$TILEMODE
 70
1
  9
$MAXACTVP
 70
64
  9
$PINSBASE
 10
0.0
 20
0.0
 30
0.0
  9
$PLIMCHECK
 70
0
  9
$PEXTMIN
 10
1e+20
 20
1e+20
 30
1e+20
  9
$PEXTMAX
 10
-1e+20
 20
-1e+20
 30
-1e+20
  9
$PLIMMIN
 10
-0.0
 20
-0.0
  9
$PLIMMAX
 10
914.4
 20
609.6
  9
$UNITMODE
 70
0
  9
$VISRETAIN
 70
1
  9
$PLINEGEN
 70
0
  9
$PSLTSCALE
 70
1
  9
$TREEDEPTH
 70
3020
  9
$CMLSTYLE
  2
Standard
  9
$CMLJUST
 70
0
  9
$CMLSCALE
 40
20.0
  9
$PROXYGRAPHICS
 70
1
  9
$MEASUREMENT
 70
1
  9
$CELWEIGHT
370
-1
  9
$ENDCAPS
280
0
  9
$JOINSTYLE
280
0
  9
$LWDISPLAY
290
0
  9
$INSUNITS
 70
6
  9
$HYPERLINKBASE
  1

  9
$STYLESHEET
  1

  9
$XEDIT
290
1
  9
$CEPSNTYPE
380
0
  9
$PSTYLEMODE
290
1
  9
$FINGERPRINTGUID
  2
{143EDAA2-E95F-4A41-82D2-29F7099651F2}
  9
$VERSIONGUID
  2
{A9785A84-5B46-4EED-92AA-ABB7F391346B}
  9
$EXTNAMES
290
1
  9
$PSVPSCALE
 40
0.0
  9
$OLESTARTUP
290
0
  9
$SORTENTS
280
127
  9
$INDEXCTL
280
0
  9
$HIDETEXT
280
1
  9
$XCLIPFRAME
280
1
  9
$HALOGAP
280
0
  9
$OBSCOLOR
 70
257
  9
$OBSLTYPE
280
0
  9
$INTERSECTIONDISPLAY
280
0
  9
$INTERSECTIONCOLOR
 70
257
  9
$DIMASSOC
280
2
  9
$PROJECTNAME
  1

  9
$CAMERADISPLAY
290
0
  9
$LENSLENGTH
 40
50.0
  9
$CAMERAHEIGHT
 40
0.0
  9
$STEPSPERSEC
 40
24.0
  9
$STEPSIZE
 40
100.0
  9
$3DDWFPREC
 40
2.0
  9
$PSOLWIDTH
 40
0.005
  9
$PSOLHEIGHT
 40
0.08
  9
$LOFTANG1
 40
1.570796326795
  9
$LOFTANG2
 40
1.570796326795
  9
$LOFTMAG1
 40
0.0
  9
$LOFTMAG2
 40
0.0
  9
$LOFTPARAM
 70
7
  9
$LOFTNORMALS
280
1
  9
$LATITUDE
 40
37.795
  9
$LONGITUDE
 40
-122.394
  9
$NORTHDIRECTION
 40
0.0
  9
$TIMEZONE
 70
-8000
  9
$LIGHTGLYPHDISPLAY
280
1
  9
$TILEMODELIGHTSYNCH
280
1
  9
$CMATERIAL
347
20
  9
$SOLIDHIST
280
0
  9
$SHOWHIST
280
1
  9
$DWFFRAME
280
2
  9
$DGNFRAME
280
2
  9
$REALWORLDSCALE
290
1
  9
$INTERFERECOLOR
 62
256
  9
$CSHADOW
280
0
  9
$SHADOWPLANELOCATION
 40
0.0
  0
ENDSEC
  0
SECTION
  2
CLASSES
  0
CLASS
  1
ACDBDICTIONARYWDFLT
  2
AcDbDictionaryWithDefault
  3
ObjectDBX Classes
 90
0
 91
0
280
0
281
0
  0
CLASS
  1
SUN
  2
AcDbSun
  3
SCENEOE
 90
1153
 91
0
280
0
281
0
  0
CLASS
  1
VISUALSTYLE
  2
AcDbVisualStyle
  3
ObjectDBX Classes
 90
4095
 91
0
280
0
281
0
  0
CLASS
  1
MATERIAL
  2
AcDbMaterial
  3
ObjectDBX Classes
 90
1153
 91
0
280
0
281
0
  0
CLASS
  1
SCALE
  2
AcDbScale
  3
ObjectDBX Classes
 90
1153
 91
0
280
0
281
0
  0
CLASS
  1
TABLESTYLE
  2
AcDbTableStyle
  3
ObjectDBX Classes
 90
4095
 91
0
280
0
281
0
  0
CLASS
  1
MLEADERSTYLE
  2
AcDbMLeaderStyle
  3
ACDB_MLEADERSTYLE_CLASS
 90
4095
 91
0
280
0
281
0
  0
CLASS
  1
DICTIONARYVAR
  2
AcDbDictionaryVar
  3
ObjectDBX Classes
 90
0
 91
0
280
0
281
0
  0
CLASS
  1
CELLSTYLEMAP
  2
AcDbCellStyleMap
  3
ObjectDBX Classes
 90
1152
 91
0
280
0
281
0
  0
CLASS
  1
MENTALRAYRENDERSETTINGS
  2
AcDbMentalRayRenderSettings
  3
SCENEOE
 90
1024
 91
0
280
0
281
0
  0
CLASS
  1
ACDBDETAILVIEWSTYLE
  2
AcDbDetailViewStyle
  3
ObjectDBX Classes
 90
1025
 91
0
280
0
281
0
  0
CLASS
  1
ACDBSECTIONVIEWSTYLE
  2
AcDbSectionViewStyle
  3
ObjectDBX Classes
 90
1025
 91
0
280
0
281
0
  0
CLASS
  1
RASTERVARIABLES
  2
AcDbRasterVariables
  3
ISM
 90
0
 91
0
280
0
281
0
  0
CLASS
  1
LAYOUT
  2
AcDbLayout
  3
ObjectDBX Classes
 90
0
 91
0
280
0
281
0
  0
CLASS
  1
ACDBPLACEHOLDER
  2
AcDbPlaceHolder
  3
ObjectDBX Classes
 90
0
 91
0
280
0
281
0
  0
ENDSEC
  0
SECTION
  2
TABLES
  0
TABLE
  2
VPORT
  5
8
330
0
100
AcDbSymbolTable
 70
1
  0
VPORT
  5
23
330
8
100
AcDbSymbolTableRecord
100
AcDbViewportTableRecord
  2
*Active
 70
0
 10
0.0
 20
0.0
 11
1.0
 21
1.0
 12
0.0
 22
0.0
 13
0.0
 23
0.0
 14
0.5
 24
0.5
 15
0.5
 25
0.5
 16
0.0
 26
0.0
 36
1.0
 17
0.0
 27
0.0
 37
0.0
 40
1000.0
 41
1.34
 42
50.0
 43
0.0
 44
0.0
 50
0.0
 51
0.0
 71
0
 72
1000
 73
1
 74
3
 75
0
 76
0
 77
0
 78
0
281
0
 65
0
146
0.0
  0
ENDTAB
  0
TABLE
  2
LTYPE
  5
2
330
0
100
AcDbSymbolTable
 70
9
  0
LTYPE
  5
24
330
2
100
AcDbSymbolTableRecord
100
AcDbLinetypeTableRecord
  2
ByBlock
 70
0
  3

 72
65
 73
0
 40
0.0
  0
LTYPE
  5
25
330
2
100
AcDbSymbolTableRecord
100
AcDbLinetypeTableRecord
  2
ByLayer
 70
0
  3

 72
65
 73
0
 40
0.0
  0
LTYPE
  5
26
330
2
100
AcDbSymbolTableRecord
100
AcDbLinetypeTableRecord
  2
Continuous
 70
0
  3

 72
65
 73
0
 40
0.0
  0
LTYPE
  5
2F
330
2
100
AcDbSymbolTableRecord
100
AcDbLinetypeTableRecord
  2
DASHED
 70
0
  3
__ __ __
 72
65
 73
2
 40
9.0
 49
6.0
 74
0
 49
-3.0
 74
0
  0
LTYPE
  5
30
330
2
100
AcDbSymbolTableRecord
100
AcDbLinetypeTableRecord
  2
HIDDEN
 70
0
  3
_ _ _ _
 72
65
 73
2
 40
4.5
 49
3.0
 74
0
 49
-1.5
 74
0
  0
LTYPE
  5
31
330
2
100
AcDbSymbolTableRecord
100
AcDbLinetypeTableRecord
  2
CENTER
 70
0
  3
____ _ ____
 72
65
 73
4
 40
18.0
 49
12.0
 74
0
 49
-2.0
 74
0
 49
2.0
 74
0
 49
-2.0
 74
0
  0
LTYPE
  5
32
330
2
100
AcDbSymbolTableRecord
100
AcDbLinetypeTableRecord
  2
PHANTOM
 70
0
  3
_____ _ _ _____
 72
65
 73
6
 40
22.0
 49
12.0
 74
0
 49
-2.0
 74
0
 49
2.0
 74
0
 49
-2.0
 74
0
 49
2.0
 74
0
 49
-2.0
 74
0
  0
LTYPE
  5
33
330
2
100
AcDbSymbolTableRecord
100
AcDbLinetypeTableRecord
  2
DOT
 70
0
  3
. . . .
 72
65
 73
2
 40
1.5
 49
0.0
 74
0
 49
-1.5
 74
0
  0
LTYPE
  5
34
330
2
100
AcDbSymbolTableRecord
100
AcDbLinetypeTableRecord
  2
FENCE
 70
0
  3
--x--x--
 72
65
 73
4
 40
6.0
 49
4.0
 74
0
 49
-1.0
 74
0
 49
0.0
 74
0
 49
-1.0
 74
0
  0
ENDTAB
  0
TABLE
  2
LAYER
  5
1
330
0
100
AcDbSymbolTable
 70
76
  0
LAYER
  5
27
330
1
100
AcDbSymbolTableRecord
100
AcDbLayerTableRecord
  2
0
 70
0
 62
7
  6
Continuous
370
-3
390
13
347
21
  0
LAYER
  5
28
330
1
100
AcDbSymbolTableRecord
100
AcDbLayerTableRecord
  2
Defpoints
 70
0
 62
7
  6
Continuous
290
0
370
-3
390
13
347
21
  0
LAYER
  5
38
330
1
100
AcDbSymbolTableRecord
100
AcDbLayerTableRecord
  2
V-CTRL
 70
0
 62
1
  6
Continuous
370
35
390
13
347
21
1001
AcAecLayerStandard
1000

1000
Survey control points
  0
LAYER
  5
3A
330
1
100
AcDbSymbolTableRecord
100
AcDbLayerTableRecord
  2
V-CTRL-TEXT
 70
0
 62
1
  6
Continuous
370
18
390
13
347
21
1001
AcAecLayerStandard
1000

1000
Control point labels
  0
LAYER
  5
3B
330
1
100
AcDbSymbolTableRecord
100
AcDbLayerTableRecord
  2
V-TOPO-GS
 70
0
 62
8
  6
Continuous
370
13
390
13
347
21
1001
AcAecLayerStandard
1000

1000
Ground shots
  0
LAYER
  5
3C
330
1
100
AcDbSymbolTableRecord
100
AcDbLayerTableRecord
  2
V-TOPO-SPOT
 70
0
 62
8
  6
Continuous
370
13
390
13
347
21
1001
AcAecLayerStandard
1000

1000
Spot elevation labels
  0
LAYER
  5
3D
330
1
100
AcDbSymbolTableRecord
100
AcDbLayerTableRecord
  2
V-TOPO-MAJR
 70
0
 62
34
  6
Continuous
370
35
390
13
347
21
1001
AcAecLayerStandard
1000

1000
Existing major contours
  0
LAYER
  5
3E
330
1
100
AcDbSymbolTableRecord
100
AcDbLayerTableRecord
  2
V-TOPO-MINR
 70
0
 62
32
  6
Continuous
370
13
390
13
347
21
1001
AcAecLayerStandard
1000

1000
Existing minor contours
  0
LAYER
  5
3F
330
1
100
AcDbSymbolTableRecord
100
AcDbLayerTableRecord
  2
V-TOPO-CTXT
 70
0
 62
34
  6
Continuous
370
18
390
13
347
21
1001
AcAecLayerStandard
1000

1000
Contour labels
  0
LAYER
  5
40
330
1
100
AcDbSymbolTableRecord
100
AcDbLayerTableRecord
  2
V-TOPO-LIMIT
 70
0
 62
6
  6
PHANTOM
370
35
390
13
347
21
1001
AcAecLayerStandard
1000

1000
Limit of survey
  0
LAYER
  5
41
330
1
100
AcDbSymbolTableRecord
100
AcDbLayerTableRecord
  2
V-TOPO-BRK
 70
0
 62
9
  6
HIDDEN
370
13
390
13
347
21
1001
AcAecLayerStandard
1000

1000
Generic breaklines
  0
LAYER
  5
42
330
1
100
AcDbSymbolTableRecord
100
AcDbLayerTableRecord
  2
V-TOPO-SLOPE
 70
0
 62
30
  6
Continuous
370
25
390
13
347
21
1001
AcAecLayerStandard
1000

1000
Top / toe of slope
  0
LAYER
  5
43
330
1
100
AcDbSymbolTableRecord
100
AcDbLayerTableRecord
  2
V-TOPO-DRAIN
 70
0
 62
150
  6
DASHED
370
25
390
13
347
21
1001
AcAecLayerStandard
1000

1000
Swales / ditches
  0
LAYER
  5
44
330
1
100
AcDbSymbolTableRecord
100
AcDbLayerTableRecord
  2
V-ROAD-CL
 70
0
 62
6
  6
CENTER
370
18
390
13
347
21
1001
AcAecLayerStandard
1000

1000
Road centreline
  0
LAYER
  5
45
330
1
100
AcDbSymbolTableRecord
100
AcDbLayerTableRecord
  2
V-ROAD-EP
 70
0
 62
7
  6
Continuous
370
35
390
13
347
21
1001
AcAecLayerStandard
1000

1000
Edge of pavement
  0
LAYER
  5
46
330
1
100
AcDbSymbolTableRecord
100
AcDbLayerTableRecord
  2
V-ROAD-CURB
 70
0
 62
7
  6
Continuous
370
25
390
13
347
21
1001
AcAecLayerStandard
1000

1000
Curb, lip, flow line
  0
LAYER
  5
47
330
1
100
AcDbSymbolTableRecord
100
AcDbLayerTableRecord
  2
V-ROAD-SW
 70
0
 62
8
  6
Continuous
370
25
390
13
347
21
1001
AcAecLayerStandard
1000

1000
Sidewalks, curb ramps
  0
LAYER
  5
48
330
1
100
AcDbSymbolTableRecord
100
AcDbLayerTableRecord
  2
V-ROAD-DW
 70
0
 62
8
  6
Continuous
370
18
390
13
347
21
1001
AcAecLayerStandard
1000

1000
Driveways
  0
LAYER
  5
49
330
1
100
AcDbSymbolTableRecord
100
AcDbLayerTableRecord
  2
V-ROAD-LANE
 70
0
 62
8
  6
Continuous
370
18
390
13
347
21
1001
AcAecLayerStandard
1000

1000
Back lanes
  0
LAYER
  5
4A
330
1
100
AcDbSymbolTableRecord
100
AcDbLayerTableRecord
  2
V-SITE-PATH
 70
0
 62
8
  6
Continuous
370
25
390
13
347
21
1001
AcAecLayerStandard
1000

1000
Pathways
  0
LAYER
  5
4B
330
1
100
AcDbSymbolTableRecord
100
AcDbLayerTableRecord
  2
V-SITE-HARD
 70
0
 62
8
  6
Continuous
370
18
390
13
347
21
1001
AcAecLayerStandard
1000

1000
Pads / slabs
  0
LAYER
  5
4C
330
1
100
AcDbSymbolTableRecord
100
AcDbLayerTableRecord
  2
V-SITE-WALL
 70
0
 62
7
  6
Continuous
370
35
390
13
347
21
1001
AcAecLayerStandard
1000

1000
Retaining walls
  0
LAYER
  5
4D
330
1
100
AcDbSymbolTableRecord
100
AcDbLayerTableRecord
  2
V-SITE-FENCE
 70
0
 62
8
  6
FENCE
370
18
390
13
347
21
1001
AcAecLayerStandard
1000

1000
Fences
  0
LAYER
  5
4E
330
1
100
AcDbSymbolTableRecord
100
AcDbLayerTableRecord
  2
V-SITE-PLAY
 70
0
 62
42
  6
Continuous
370
18
390
13
347
21
1001
AcAecLayerStandard
1000

1000
Playground limits
  0
LAYER
  5
4F
330
1
100
AcDbSymbolTableRecord
100
AcDbLayerTableRecord
  2
V-SITE-COURT
 70
0
 62
42
  6
Continuous
370
18
390
13
347
21
1001
AcAecLayerStandard
1000

1000
Sport courts
  0
LAYER
  5
50
330
1
100
AcDbSymbolTableRecord
100
AcDbLayerTableRecord
  2
V-SITE-FIELD
 70
0
 62
42
  6
DASHED
370
18
390
13
347
21
1001
AcAecLayerStandard
1000

1000
Sports field limits
  0
LAYER
  5
51
330
1
100
AcDbSymbolTableRecord
100
AcDbLayerTableRecord
  2
V-SITE-FURN
 70
0
 62
40
  6
Continuous
370
18
390
13
347
21
1001
AcAecLayerStandard
1000

1000
Site furniture symbols
  0
LAYER
  5
52
330
1
100
AcDbSymbolTableRecord
100
AcDbLayerTableRecord
  2
V-SITE-SIGN
 70
0
 62
40
  6
Continuous
370
18
390
13
347
21
1001
AcAecLayerStandard
1000

1000
Signs
  0
LAYER
  5
53
330
1
100
AcDbSymbolTableRecord
100
AcDbLayerTableRecord
  2
V-BLDG
 70
0
 62
7
  6
Continuous
370
50
390
13
347
21
1001
AcAecLayerStandard
1000

1000
Buildings
  0
LAYER
  5
54
330
1
100
AcDbSymbolTableRecord
100
AcDbLayerTableRecord
  2
V-BLDG-MISC
 70
0
 62
8
  6
Continuous
370
18
390
13
347
21
1001
AcAecLayerStandard
1000

1000
Steps, minor building features
  0
LAYER
  5
55
330
1
100
AcDbSymbolTableRecord
100
AcDbLayerTableRecord
  2
V-VEG-TREE
 70
0
 62
94
  6
Continuous
370
18
390
13
347
21
1001
AcAecLayerStandard
1000

1000
Existing trees (trunk symbol)
  0
LAYER
  5
56
330
1
100
AcDbSymbolTableRecord
100
AcDbLayerTableRecord
  2
V-VEG-CANOPY
 70
0
 62
92
  6
Continuous
370
13
390
13
347
21
1001
AcAecLayerStandard
1000

1000
Existing tree canopy (true size)
  0
LAYER
  5
57
330
1
100
AcDbSymbolTableRecord
100
AcDbLayerTableRecord
  2
V-VEG-SHRUB
 70
0
 62
94
  6
Continuous
370
13
390
13
347
21
1001
AcAecLayerStandard
1000

1000
Existing shrubs
  0
LAYER
  5
58
330
1
100
AcDbSymbolTableRecord
100
AcDbLayerTableRecord
  2
V-VEG-HEDGE
 70
0
 62
94
  6
Continuous
370
18
390
13
347
21
1001
AcAecLayerStandard
1000

1000
Hedges
  0
LAYER
  5
59
330
1
100
AcDbSymbolTableRecord
100
AcDbLayerTableRecord
  2
V-VEG-BED
 70
0
 62
92
  6
Continuous
370
18
390
13
347
21
1001
AcAecLayerStandard
1000

1000
Planting beds
  0
LAYER
  5
5A
330
1
100
AcDbSymbolTableRecord
100
AcDbLayerTableRecord
  2
V-VEG-TL
 70
0
 62
92
  6
DOT
370
18
390
13
347
21
1001
AcAecLayerStandard
1000

1000
Tree lines
  0
LAYER
  5
5B
330
1
100
AcDbSymbolTableRecord
100
AcDbLayerTableRecord
  2
V-UTIL-ELEC
 70
0
 62
1
  6
Continuous
370
18
390
13
347
21
1001
AcAecLayerStandard
1000

1000
Poles, lights, transformers
  0
LAYER
  5
5C
330
1
100
AcDbSymbolTableRecord
100
AcDbLayerTableRecord
  2
V-UTIL-ELEC-OH
 70
0
 62
1
  6
DASHED
370
18
390
13
347
21
1001
AcAecLayerStandard
1000

1000
Overhead wires
  0
LAYER
  5
5D
330
1
100
AcDbSymbolTableRecord
100
AcDbLayerTableRecord
  2
V-UTIL-COMM
 70
0
 62
5
  6
Continuous
370
18
390
13
347
21
1001
AcAecLayerStandard
1000

1000
Telecom features
  0
LAYER
  5
5E
330
1
100
AcDbSymbolTableRecord
100
AcDbLayerTableRecord
  2
V-UTIL-WATER
 70
0
 62
4
  6
Continuous
370
18
390
13
347
21
1001
AcAecLayerStandard
1000

1000
Hydrants, water valves
  0
LAYER
  5
5F
330
1
100
AcDbSymbolTableRecord
100
AcDbLayerTableRecord
  2
V-UTIL-SAN
 70
0
 62
3
  6
Continuous
370
18
390
13
347
21
1001
AcAecLayerStandard
1000

1000
Sanitary features
  0
LAYER
  5
60
330
1
100
AcDbSymbolTableRecord
100
AcDbLayerTableRecord
  2
V-UTIL-STM
 70
0
 62
150
  6
Continuous
370
18
390
13
347
21
1001
AcAecLayerStandard
1000

1000
Storm features
  0
LAYER
  5
61
330
1
100
AcDbSymbolTableRecord
100
AcDbLayerTableRecord
  2
V-UTIL-IRR
 70
0
 62
130
  6
Continuous
370
13
390
13
347
21
1001
AcAecLayerStandard
1000

1000
Irrigation features
  0
LAYER
  5
62
330
1
100
AcDbSymbolTableRecord
100
AcDbLayerTableRecord
  2
V-UTIL-MARK
 70
0
 62
6
  6
Continuous
370
13
390
13
347
21
1001
AcAecLayerStandard
1000

1000
Utility locate marks
  0
LAYER
  5
63
330
1
100
AcDbSymbolTableRecord
100
AcDbLayerTableRecord
  2
V-PROP-LINE
 70
0
 62
7
  6
PHANTOM
370
50
390
13
347
21
1001
AcAecLayerStandard
1000

1000
Property / parcel lines (RPR)
  0
LAYER
  5
64
330
1
100
AcDbSymbolTableRecord
100
AcDbLayerTableRecord
  2
V-PROP-TEXT
 70
0
 62
7
  6
Continuous
370
18
390
13
347
21
1001
AcAecLayerStandard
1000

1000
Bearings, distances, lot labels
  0
LAYER
  5
65
330
1
100
AcDbSymbolTableRecord
100
AcDbLayerTableRecord
  2
V-PROP-SETBACK
 70
0
 62
8
  6
HIDDEN
370
18
390
13
347
21
1001
AcAecLayerStandard
1000

1000
Setback lines
  0
LAYER
  5
66
330
1
100
AcDbSymbolTableRecord
100
AcDbLayerTableRecord
  2
V-ANNO-DIMS
 70
0
 62
2
  6
Continuous
370
18
390
13
347
21
1001
AcAecLayerStandard
1000

1000
Survey dimensions
  0
LAYER
  5
67
330
1
100
AcDbSymbolTableRecord
100
AcDbLayerTableRecord
  2
V-ANNO-TEXT
 70
0
 62
2
  6
Continuous
370
18
390
13
347
21
1001
AcAecLayerStandard
1000

1000
Survey notes / labels
  0
LAYER
  5
68
330
1
100
AcDbSymbolTableRecord
100
AcDbLayerTableRecord
  2
L-SITE-LIMIT
 70
0
 62
6
  6
PHANTOM
370
50
390
13
347
21
1001
AcAecLayerStandard
1000

1000
Limit of work
  0
LAYER
  5
69
330
1
100
AcDbSymbolTableRecord
100
AcDbLayerTableRecord
  2
L-HARD-PAVE
 70
0
 62
8
  6
Continuous
370
35
390
13
347
21
1001
AcAecLayerStandard
1000

1000
Proposed paving edges
  0
LAYER
  5
6A
330
1
100
AcDbSymbolTableRecord
100
AcDbLayerTableRecord
  2
L-HARD-PATT
 70
0
 62
253
  6
Continuous
370
13
390
13
347
21
1001
AcAecLayerStandard
1000

1000
Paving hatch / pattern
  0
LAYER
  5
6B
330
1
100
AcDbSymbolTableRecord
100
AcDbLayerTableRecord
  2
L-HARD-WALL
 70
0
 62
7
  6
Continuous
370
50
390
13
347
21
1001
AcAecLayerStandard
1000

1000
Proposed walls / edging
  0
LAYER
  5
6C
330
1
100
AcDbSymbolTableRecord
100
AcDbLayerTableRecord
  2
L-SITE-FURN
 70
0
 62
40
  6
Continuous
370
25
390
13
347
21
1001
AcAecLayerStandard
1000

1000
Proposed site furniture
  0
LAYER
  5
6D
330
1
100
AcDbSymbolTableRecord
100
AcDbLayerTableRecord
  2
L-GRAD-CONT
 70
0
 62
5
  6
DASHED
370
25
390
13
347
21
1001
AcAecLayerStandard
1000

1000
Proposed contours
  0
LAYER
  5
6E
330
1
100
AcDbSymbolTableRecord
100
AcDbLayerTableRecord
  2
L-GRAD-SPOT
 70
0
 62
5
  6
Continuous
370
18
390
13
347
21
1001
AcAecLayerStandard
1000

1000
Proposed spot elevations
  0
LAYER
  5
6F
330
1
100
AcDbSymbolTableRecord
100
AcDbLayerTableRecord
  2
L-GRAD-SLOPE
 70
0
 62
5
  6
Continuous
370
18
390
13
347
21
1001
AcAecLayerStandard
1000

1000
Slope arrows / % labels
  0
LAYER
  5
70
330
1
100
AcDbSymbolTableRecord
100
AcDbLayerTableRecord
  2
L-GRAD-DRAIN
 70
0
 62
150
  6
Continuous
370
25
390
13
347
21
1001
AcAecLayerStandard
1000

1000
Proposed drainage
  0
LAYER
  5
71
330
1
100
AcDbSymbolTableRecord
100
AcDbLayerTableRecord
  2
L-PLNT-TREE
 70
0
 62
3
  6
Continuous
370
35
390
13
347
21
1001
AcAecLayerStandard
1000

1000
Proposed trees
  0
LAYER
  5
72
330
1
100
AcDbSymbolTableRecord
100
AcDbLayerTableRecord
  2
L-PLNT-SHRB
 70
0
 62
3
  6
Continuous
370
25
390
13
347
21
1001
AcAecLayerStandard
1000

1000
Proposed shrubs
  0
LAYER
  5
73
330
1
100
AcDbSymbolTableRecord
100
AcDbLayerTableRecord
  2
L-PLNT-GRND
 70
0
 62
83
  6
Continuous
370
13
390
13
347
21
1001
AcAecLayerStandard
1000

1000
Groundcover / sod / seed areas
  0
LAYER
  5
74
330
1
100
AcDbSymbolTableRecord
100
AcDbLayerTableRecord
  2
L-PLNT-PROT
 70
0
 62
1
  6
DASHED
370
35
390
13
347
21
1001
AcAecLayerStandard
1000

1000
Tree protection zones
  0
LAYER
  5
75
330
1
100
AcDbSymbolTableRecord
100
AcDbLayerTableRecord
  2
L-PLNT-REMV
 70
0
 62
1
  6
Continuous
370
25
390
13
347
21
1001
AcAecLayerStandard
1000

1000
Trees to be removed (X)
  0
LAYER
  5
76
330
1
100
AcDbSymbolTableRecord
100
AcDbLayerTableRecord
  2
L-PLNT-TEXT
 70
0
 62
3
  6
Continuous
370
18
390
13
347
21
1001
AcAecLayerStandard
1000

1000
Plant labels / keys
  0
LAYER
  5
77
330
1
100
AcDbSymbolTableRecord
100
AcDbLayerTableRecord
  2
L-IRRG
 70
0
 62
130
  6
Continuous
370
18
390
13
347
21
1001
AcAecLayerStandard
1000

1000
Irrigation
  0
LAYER
  5
78
330
1
100
AcDbSymbolTableRecord
100
AcDbLayerTableRecord
  2
L-DETL
 70
0
 62
7
  6
Continuous
370
25
390
13
347
21
1001
AcAecLayerStandard
1000

1000
Detail linework
  0
LAYER
  5
79
330
1
100
AcDbSymbolTableRecord
100
AcDbLayerTableRecord
  2
L-ANNO-DIMS
 70
0
 62
2
  6
Continuous
370
18
390
13
347
21
1001
AcAecLayerStandard
1000

1000
Design dimensions
  0
LAYER
  5
7A
330
1
100
AcDbSymbolTableRecord
100
AcDbLayerTableRecord
  2
L-ANNO-TEXT
 70
0
 62
2
  6
Continuous
370
18
390
13
347
21
1001
AcAecLayerStandard
1000

1000
Design notes / callouts
  0
LAYER
  5
7B
330
1
100
AcDbSymbolTableRecord
100
AcDbLayerTableRecord
  2
L-ANNO-SCHD
 70
0
 62
7
  6
Continuous
370
18
390
13
347
21
1001
AcAecLayerStandard
1000

1000
Schedules (plant, materials)
  0
LAYER
  5
7C
330
1
100
AcDbSymbolTableRecord
100
AcDbLayerTableRecord
  2
G-ANNO-TTLB
 70
0
 62
7
  6
Continuous
370
35
390
13
347
21
1001
AcAecLayerStandard
1000

1000
Title block
  0
LAYER
  5
7D
330
1
100
AcDbSymbolTableRecord
100
AcDbLayerTableRecord
  2
G-ANNO-TTLB-TEXT
 70
0
 62
7
  6
Continuous
370
18
390
13
347
21
1001
AcAecLayerStandard
1000

1000
Title block text
  0
LAYER
  5
7E
330
1
100
AcDbSymbolTableRecord
100
AcDbLayerTableRecord
  2
G-ANNO-NOTE
 70
0
 62
7
  6
Continuous
370
18
390
13
347
21
1001
AcAecLayerStandard
1000

1000
General notes
  0
LAYER
  5
7F
330
1
100
AcDbSymbolTableRecord
100
AcDbLayerTableRecord
  2
G-ANNO-LEGN
 70
0
 62
7
  6
Continuous
370
18
390
13
347
21
1001
AcAecLayerStandard
1000

1000
Legends
  0
LAYER
  5
80
330
1
100
AcDbSymbolTableRecord
100
AcDbLayerTableRecord
  2
G-ANNO-NRTH
 70
0
 62
7
  6
Continuous
370
25
390
13
347
21
1001
AcAecLayerStandard
1000

1000
North arrow, scale bar
  0
LAYER
  5
81
330
1
100
AcDbSymbolTableRecord
100
AcDbLayerTableRecord
  2
G-ANNO-WMRK
 70
0
 62
8
  6
Continuous
370
35
390
13
347
21
1001
AcAecLayerStandard
1000

1000
SAMPLE / FICTITIOUS watermark
  0
LAYER
  5
82
330
1
100
AcDbSymbolTableRecord
100
AcDbLayerTableRecord
  2
G-VPRT
 70
0
 62
8
  6
Continuous
290
0
370
13
390
13
347
21
1001
AcAecLayerStandard
1000

1000
Viewports
  0
ENDTAB
  0
TABLE
  2
STYLE
  5
5
330
0
100
AcDbSymbolTable
 70
3
  0
STYLE
  5
29
330
5
100
AcDbSymbolTableRecord
100
AcDbTextStyleTableRecord
  2
Standard
 70
0
 40
0.0
 41
1.0
 50
0.0
 71
0
 42
2.5
  3
txt
  4

  0
STYLE
  5
35
330
5
100
AcDbSymbolTableRecord
100
AcDbTextStyleTableRecord
  2
BR-STD
 70
0
 40
0.0
 41
1.0
 50
0.0
 71
0
 42
2.5
  3
arial.ttf
  4

  0
STYLE
  5
36
330
5
100
AcDbSymbolTableRecord
100
AcDbTextStyleTableRecord
  2
BR-TITLE
 70
0
 40
0.0
 41
1.0
 50
0.0
 71
0
 42
2.5
  3
arialbd.ttf
  4

  0
ENDTAB
  0
TABLE
  2
VIEW
  5
7
330
0
100
AcDbSymbolTable
 70
0
  0
ENDTAB
  0
TABLE
  2
UCS
  5
6
330
0
100
AcDbSymbolTable
 70
0
  0
ENDTAB
  0
TABLE
  2
APPID
  5
3
330
0
100
AcDbSymbolTable
 70
4
  0
APPID
  5
2A
330
3
100
AcDbSymbolTableRecord
100
AcDbRegAppTableRecord
  2
ACAD
 70
0
  0
APPID
  5
39
330
3
100
AcDbSymbolTableRecord
100
AcDbRegAppTableRecord
  2
AcAecLayerStandard
 70
0
  0
APPID
  5
295
330
3
100
AcDbSymbolTableRecord
100
AcDbRegAppTableRecord
  2
HATCHBACKGROUNDCOLOR
 70
0
  0
APPID
  5
296
330
3
100
AcDbSymbolTableRecord
100
AcDbRegAppTableRecord
  2
EZDXF
 70
0
  0
ENDTAB
  0
TABLE
  2
DIMSTYLE
  5
4
330
0
100
AcDbSymbolTable
 70
2
100
AcDbDimStyleTable
  0
DIMSTYLE
105
2B
330
4
100
AcDbSymbolTableRecord
100
AcDbDimStyleTableRecord
  2
Standard
 70
0
 40
1.0
 41
2.5
 42
0.625
 43
3.75
 44
1.25
 45
0.0
 46
0.0
 47
0.0
 48
0.0
 49
2.5
140
2.5
141
2.5
142
0.0
143
0.03937007874
144
1.0
145
0.0
146
1.0
147
0.625
148
0.0
 69
0
 70
0
 71
0
 72
0
 73
0
 74
0
 75
0
 76
0
 77
1
 78
8
 79
3
170
0
171
3
172
1
173
0
174
0
175
0
176
0
177
0
178
0
179
2
271
2
272
2
273
2
274
3
275
0
276
0
277
2
278
44
279
0
280
0
281
0
282
0
283
0
284
8
285
0
286
0
288
0
289
3
290
0
371
-2
372
-2
  0
DIMSTYLE
105
37
330
4
100
AcDbSymbolTableRecord
100
AcDbDimStyleTableRecord
  2
BR-METRIC
 70
0
 40
1.0
 41
2.0
 42
1.0
 43
3.75
 44
1.0
 45
0.0
 46
0.0
 47
0.0
 48
0.0
 49
2.5
140
2.5
141
2.5
142
0.0
143
0.03937007874
144
1.0
145
0.0
146
1.0
147
0.8
148
0.0
 69
0
 70
0
 71
0
 72
0
 73
0
 74
0
 75
0
 76
0
 77
1
 78
0
 79
3
170
0
171
3
172
1
173
0
174
0
175
0
176
0
177
0
178
0
179
2
271
3
272
2
273
2
274
3
275
0
276
0
277
2
278
46
279
0
280
0
281
0
282
0
283
0
284
8
285
0
286
0
288
0
289
3
290
0
340
35
371
-2
372
-2
  0
ENDTAB
  0
TABLE
  2
BLOCK_RECORD
  5
9
330
0
100
AcDbSymbolTable
 70
30
  0
BLOCK_RECORD
  5
17
330
9
100
AcDbSymbolTableRecord
100
AcDbBlockTableRecord
  2
*Model_Space
340
1A
 70
0
280
1
281
0
  0
BLOCK_RECORD
  5
83
330
9
100
AcDbSymbolTableRecord
100
AcDbBlockTableRecord
  2
CTRL-TRIANGLE
340
0
 70
0
280
1
281
0
  0
BLOCK_RECORD
  5
88
330
9
100
AcDbSymbolTableRecord
100
AcDbBlockTableRecord
  2
CTRL-BM
340
0
 70
0
280
1
281
0
  0
BLOCK_RECORD
  5
8F
330
9
100
AcDbSymbolTableRecord
100
AcDbBlockTableRecord
  2
CTRL-ASCM
340
0
 70
0
280
1
281
0
  0
BLOCK_RECORD
  5
95
330
9
100
AcDbSymbolTableRecord
100
AcDbBlockTableRecord
  2
SITE-BENCH
340
0
 70
0
280
1
281
0
  0
BLOCK_RECORD
  5
99
330
9
100
AcDbSymbolTableRecord
100
AcDbBlockTableRecord
  2
SITE-TABLE
340
0
 70
0
280
1
281
0
  0
BLOCK_RECORD
  5
9F
330
9
100
AcDbSymbolTableRecord
100
AcDbBlockTableRecord
  2
SITE-BIN
340
0
 70
0
280
1
281
0
  0
BLOCK_RECORD
  5
A4
330
9
100
AcDbSymbolTableRecord
100
AcDbBlockTableRecord
  2
SITE-BOLLARD
340
0
 70
0
280
1
281
0
  0
BLOCK_RECORD
  5
A8
330
9
100
AcDbSymbolTableRecord
100
AcDbBlockTableRecord
  2
SITE-SIGN
340
0
 70
0
280
1
281
0
  0
BLOCK_RECORD
  5
AD
330
9
100
AcDbSymbolTableRecord
100
AcDbBlockTableRecord
  2
SITE-CMB
340
0
 70
0
280
1
281
0
  0
BLOCK_RECORD
  5
B2
330
9
100
AcDbSymbolTableRecord
100
AcDbBlockTableRecord
  2
VEG-TREE-DECID
340
0
 70
0
280
1
281
0
  0
BLOCK_RECORD
  5
B8
330
9
100
AcDbSymbolTableRecord
100
AcDbBlockTableRecord
  2
VEG-TREE-CONIF
340
0
 70
0
280
1
281
0
  0
BLOCK_RECORD
  5
C4
330
9
100
AcDbSymbolTableRecord
100
AcDbBlockTableRecord
  2
VEG-SHRUB
340
0
 70
0
280
1
281
0
  0
BLOCK_RECORD
  5
C9
330
9
100
AcDbSymbolTableRecord
100
AcDbBlockTableRecord
  2
UTIL-LIGHT
340
0
 70
0
280
1
281
0
  0
BLOCK_RECORD
  5
D1
330
9
100
AcDbSymbolTableRecord
100
AcDbBlockTableRecord
  2
UTIL-POLE
340
0
 70
0
280
1
281
0
  0
BLOCK_RECORD
  5
D7
330
9
100
AcDbSymbolTableRecord
100
AcDbBlockTableRecord
  2
UTIL-XFMR
340
0
 70
0
280
1
281
0
  0
BLOCK_RECORD
  5
DC
330
9
100
AcDbSymbolTableRecord
100
AcDbBlockTableRecord
  2
UTIL-TELPED
340
0
 70
0
280
1
281
0
  0
BLOCK_RECORD
  5
E1
330
9
100
AcDbSymbolTableRecord
100
AcDbBlockTableRecord
  2
UTIL-HYDRANT
340
0
 70
0
280
1
281
0
  0
BLOCK_RECORD
  5
E8
330
9
100
AcDbSymbolTableRecord
100
AcDbBlockTableRecord
  2
UTIL-WV
340
0
 70
0
280
1
281
0
  0
BLOCK_RECORD
  5
ED
330
9
100
AcDbSymbolTableRecord
100
AcDbBlockTableRecord
  2
UTIL-MH-SAN
340
0
 70
0
280
1
281
0
  0
BLOCK_RECORD
  5
F2
330
9
100
AcDbSymbolTableRecord
100
AcDbBlockTableRecord
  2
UTIL-MH-STM
340
0
 70
0
280
1
281
0
  0
BLOCK_RECORD
  5
F7
330
9
100
AcDbSymbolTableRecord
100
AcDbBlockTableRecord
  2
UTIL-CB
340
0
 70
0
280
1
281
0
  0
BLOCK_RECORD
  5
FE
330
9
100
AcDbSymbolTableRecord
100
AcDbBlockTableRecord
  2
UTIL-IRR
340
0
 70
0
280
1
281
0
  0
BLOCK_RECORD
  5
103
330
9
100
AcDbSymbolTableRecord
100
AcDbBlockTableRecord
  2
NORTH-ARROW
340
0
 70
0
280
1
281
0
  0
BLOCK_RECORD
  5
108
330
9
100
AcDbSymbolTableRecord
100
AcDbBlockTableRecord
  2
WATERMARK-SAMPLE
340
0
 70
0
280
1
281
0
  0
BLOCK_RECORD
  5
10C
330
9
100
AcDbSymbolTableRecord
100
AcDbBlockTableRecord
  2
TB-ARCH-D
340
0
 70
0
280
1
281
0
  0
BLOCK_RECORD
  5
161
330
9
100
AcDbSymbolTableRecord
100
AcDbBlockTableRecord
  2
TB-11X17
340
0
 70
0
280
1
281
0
  0
BLOCK_RECORD
  5
19B
330
9
100
AcDbSymbolTableRecord
100
AcDbBlockTableRecord
  2
*Paper_Space1
340
19E
 70
0
280
1
281
0
  0
BLOCK_RECORD
  5
1B6
330
9
100
AcDbSymbolTableRecord
100
AcDbBlockTableRecord
  2
*Paper_Space2
340
1B9
 70
0
280
1
281
0
  0
BLOCK_RECORD
  5
146
330
9
100
AcDbSymbolTableRecord
100
AcDbBlockTableRecord
  2
*Paper_Space
340
149
 70
0
280
1
281
0
  0
ENDTAB
  0
ENDSEC
  0
SECTION
  2
BLOCKS
  0
BLOCK
  5
18
330
17
100
AcDbEntity
  8
0
100
AcDbBlockBegin
  2
*Model_Space
 70
0
 10
0.0
 20
0.0
 30
0.0
  3
*Model_Space
  1

  0
ENDBLK
  5
19
330
17
100
AcDbEntity
  8
0
100
AcDbBlockEnd
  0
BLOCK
  5
84
330
83
100
AcDbEntity
  8
0
100
AcDbBlockBegin
  2
CTRL-TRIANGLE
 70
0
 10
0.0
 20
0.0
 30
0.0
  3
CTRL-TRIANGLE
  1

  0
LWPOLYLINE
  5
86
330
83
100
AcDbEntity
  8
0
 62
0
370
-2
100
AcDbPolyline
 90
3
 70
1
 10
0.0
 20
1.8
 10
-1.56
 20
-0.9
 10
1.56
 20
-0.9
  0
CIRCLE
  5
87
330
83
100
AcDbEntity
  8
0
 62
0
370
-2
100
AcDbCircle
 10
0.0
 20
0.0
 30
0.0
 40
0.25
  0
ENDBLK
  5
85
330
83
100
AcDbEntity
  8
0
100
AcDbBlockEnd
  0
BLOCK
  5
89
330
88
100
AcDbEntity
  8
0
100
AcDbBlockBegin
  2
CTRL-BM
 70
0
 10
0.0
 20
0.0
 30
0.0
  3
CTRL-BM
  1

  0
CIRCLE
  5
8B
330
88
100
AcDbEntity
  8
0
 62
0
370
-2
100
AcDbCircle
 10
0.0
 20
0.0
 30
0.0
 40
1.5
  0
LINE
  5
8C
330
88
100
AcDbEntity
  8
0
 62
0
370
-2
100
AcDbLine
 10
-1.5
 20
0.0
 30
0.0
 11
1.5
 21
0.0
 31
0.0
  0
LINE
  5
8D
330
88
100
AcDbEntity
  8
0
 62
0
370
-2
100
AcDbLine
 10
0.0
 20
-1.5
 30
0.0
 11
0.0
 21
1.5
 31
0.0
  0
HATCH
  5
8E
330
88
100
AcDbEntity
  8
0
 62
0
370
-2
100
AcDbHatch
 10
0.0
 20
0.0
 30
0.0
210
0.0
220
0.0
230
1.0
  2
SOLID
 70
1
 71
0
 91
1
 92
1
 93
1
 72
2
 10
0.0
 20
0.0
 40
0.35
 50
0.0
 51
360.0
 73
1
 97
0
 75
1
 76
1
 98
0
  0
ENDBLK
  5
8A
330
88
100
AcDbEntity
  8
0
100
AcDbBlockEnd
  0
BLOCK
  5
90
330
8F
100
AcDbEntity
  8
0
100
AcDbBlockBegin
  2
CTRL-ASCM
 70
0
 10
0.0
 20
0.0
 30
0.0
  3
CTRL-ASCM
  1

  0
LWPOLYLINE
  5
92
330
8F
100
AcDbEntity
  8
0
 62
0
370
-2
100
AcDbPolyline
 90
4
 70
1
 10
-1.5
 20
-1.5
 10
1.5
 20
-1.5
 10
1.5
 20
1.5
 10
-1.5
 20
1.5
  0
CIRCLE
  5
93
330
8F
100
AcDbEntity
  8
0
 62
0
370
-2
100
AcDbCircle
 10
0.0
 20
0.0
 30
0.0
 40
1.0
  0
CIRCLE
  5
94
330
8F
100
AcDbEntity
  8
0
 62
0
370
-2
100
AcDbCircle
 10
0.0
 20
0.0
 30
0.0
 40
0.2
  0
ENDBLK
  5
91
330
8F
100
AcDbEntity
  8
0
100
AcDbBlockEnd
  0
BLOCK
  5
96
330
95
100
AcDbEntity
  8
0
100
AcDbBlockBegin
  2
SITE-BENCH
 70
0
 10
0.0
 20
0.0
 30
0.0
  3
SITE-BENCH
  1

  0
LWPOLYLINE
  5
98
330
95
100
AcDbEntity
  8
0
 62
0
370
-2
100
AcDbPolyline
 90
4
 70
1
 10
-1.5
 20
-0.5
 10
1.5
 20
-0.5
 10
1.5
 20
0.5
 10
-1.5
 20
0.5
  0
ENDBLK
  5
97
330
95
100
AcDbEntity
  8
0
100
AcDbBlockEnd
  0
BLOCK
  5
9A
330
99
100
AcDbEntity
  8
0
100
AcDbBlockBegin
  2
SITE-TABLE
 70
0
 10
0.0
 20
0.0
 30
0.0
  3
SITE-TABLE
  1

  0
LWPOLYLINE
  5
9C
330
99
100
AcDbEntity
  8
0
 62
0
370
-2
100
AcDbPolyline
 90
4
 70
1
 10
-1.5
 20
-0.8
 10
1.5
 20
-0.8
 10
1.5
 20
0.8
 10
-1.5
 20
0.8
  0
LINE
  5
9D
330
99
100
AcDbEntity
  8
0
 62
0
370
-2
100
AcDbLine
 10
-1.5
 20
1.3
 30
0.0
 11
1.5
 21
1.3
 31
0.0
  0
LINE
  5
9E
330
99
100
AcDbEntity
  8
0
 62
0
370
-2
100
AcDbLine
 10
-1.5
 20
-1.3
 30
0.0
 11
1.5
 21
-1.3
 31
0.0
  0
ENDBLK
  5
9B
330
99
100
AcDbEntity
  8
0
100
AcDbBlockEnd
  0
BLOCK
  5
A0
330
9F
100
AcDbEntity
  8
0
100
AcDbBlockBegin
  2
SITE-BIN
 70
0
 10
0.0
 20
0.0
 30
0.0
  3
SITE-BIN
  1

  0
CIRCLE
  5
A2
330
9F
100
AcDbEntity
  8
0
 62
0
370
-2
100
AcDbCircle
 10
0.0
 20
0.0
 30
0.0
 40
1.0
  0
LWPOLYLINE
  5
A3
330
9F
100
AcDbEntity
  8
0
 62
0
370
-2
100
AcDbPolyline
 90
4
 70
1
 10
-0.5
 20
-0.5
 10
0.5
 20
-0.5
 10
0.5
 20
0.5
 10
-0.5
 20
0.5
  0
ENDBLK
  5
A1
330
9F
100
AcDbEntity
  8
0
100
AcDbBlockEnd
  0
BLOCK
  5
A5
330
A4
100
AcDbEntity
  8
0
100
AcDbBlockBegin
  2
SITE-BOLLARD
 70
0
 10
0.0
 20
0.0
 30
0.0
  3
SITE-BOLLARD
  1

  0
HATCH
  5
A7
330
A4
100
AcDbEntity
  8
0
 62
0
370
-2
100
AcDbHatch
 10
0.0
 20
0.0
 30
0.0
210
0.0
220
0.0
230
1.0
  2
SOLID
 70
1
 71
0
 91
1
 92
1
 93
1
 72
2
 10
0.0
 20
0.0
 40
0.6
 50
0.0
 51
360.0
 73
1
 97
0
 75
1
 76
1
 98
0
  0
ENDBLK
  5
A6
330
A4
100
AcDbEntity
  8
0
100
AcDbBlockEnd
  0
BLOCK
  5
A9
330
A8
100
AcDbEntity
  8
0
100
AcDbBlockBegin
  2
SITE-SIGN
 70
0
 10
0.0
 20
0.0
 30
0.0
  3
SITE-SIGN
  1

  0
LINE
  5
AB
330
A8
100
AcDbEntity
  8
0
 62
0
370
-2
100
AcDbLine
 10
0.0
 20
-1.5
 30
0.0
 11
0.0
 21
0.5
 31
0.0
  0
LWPOLYLINE
  5
AC
330
A8
100
AcDbEntity
  8
0
 62
0
370
-2
100
AcDbPolyline
 90
4
 70
1
 10
-1.2
 20
0.5
 10
1.2
 20
0.5
 10
1.2
 20
1.7
 10
-1.2
 20
1.7
  0
ENDBLK
  5
AA
330
A8
100
AcDbEntity
  8
0
100
AcDbBlockEnd
  0
BLOCK
  5
AE
330
AD
100
AcDbEntity
  8
0
100
AcDbBlockBegin
  2
SITE-CMB
 70
0
 10
0.0
 20
0.0
 30
0.0
  3
SITE-CMB
  1

  0
LWPOLYLINE
  5
B0
330
AD
100
AcDbEntity
  8
0
 62
0
370
-2
100
AcDbPolyline
 90
4
 70
1
 10
-1.5
 20
-1.0
 10
1.5
 20
-1.0
 10
1.5
 20
1.0
 10
-1.5
 20
1.0
  0
LINE
  5
B1
330
AD
100
AcDbEntity
  8
0
 62
0
370
-2
100
AcDbLine
 10
-1.5
 20
-1.0
 30
0.0
 11
1.5
 21
1.0
 31
0.0
  0
ENDBLK
  5
AF
330
AD
100
AcDbEntity
  8
0
100
AcDbBlockEnd
  0
BLOCK
  5
B3
330
B2
100
AcDbEntity
  8
0
100
AcDbBlockBegin
  2
VEG-TREE-DECID
 70
0
 10
0.0
 20
0.0
 30
0.0
  3
VEG-TREE-DECID
  1

  0
CIRCLE
  5
B5
330
B2
100
AcDbEntity
  8
0
 62
0
370
-2
100
AcDbCircle
 10
0.0
 20
0.0
 30
0.0
 40
1.5
  0
LINE
  5
B6
330
B2
100
AcDbEntity
  8
0
 62
0
370
-2
100
AcDbLine
 10
-0.6
 20
0.0
 30
0.0
 11
0.6
 21
0.0
 31
0.0
  0
LINE
  5
B7
330
B2
100
AcDbEntity
  8
0
 62
0
370
-2
100
AcDbLine
 10
0.0
 20
-0.6
 30
0.0
 11
0.0
 21
0.6
 31
0.0
  0
ENDBLK
  5
B4
330
B2
100
AcDbEntity
  8
0
100
AcDbBlockEnd
  0
BLOCK
  5
B9
330
B8
100
AcDbEntity
  8
0
100
AcDbBlockBegin
  2
VEG-TREE-CONIF
 70
0
 10
0.0
 20
0.0
 30
0.0
  3
VEG-TREE-CONIF
  1

  0
CIRCLE
  5
BB
330
B8
100
AcDbEntity
  8
0
 62
0
370
-2
100
AcDbCircle
 10
0.0
 20
0.0
 30
0.0
 40
1.5
  0
LINE
  5
BC
330
B8
100
AcDbEntity
  8
0
 62
0
370
-2
100
AcDbLine
 10
0.0
 20
0.0
 30
0.0
 11
1.5
 21
0.0
 31
0.0
  0
LINE
  5
BD
330
B8
100
AcDbEntity
  8
0
 62
0
370
-2
100
AcDbLine
 10
0.0
 20
0.0
 30
0.0
 11
1.0606601717798214
 21
1.0606601717798212
 31
0.0
  0
LINE
  5
BE
330
B8
100
AcDbEntity
  8
0
 62
0
370
-2
100
AcDbLine
 10
0.0
 20
0.0
 30
0.0
 11
9.184850993605148e-17
 21
1.5
 31
0.0
  0
LINE
  5
BF
330
B8
100
AcDbEntity
  8
0
 62
0
370
-2
100
AcDbLine
 10
0.0
 20
0.0
 30
0.0
 11
-1.0606601717798212
 21
1.0606601717798214
 31
0.0
  0
LINE
  5
C0
330
B8
100
AcDbEntity
  8
0
 62
0
370
-2
100
AcDbLine
 10
0.0
 20
0.0
 30
0.0
 11
-1.5
 21
1.8369701987210297e-16
 31
0.0
  0
LINE
  5
C1
330
B8
100
AcDbEntity
  8
0
 62
0
370
-2
100
AcDbLine
 10
0.0
 20
0.0
 30
0.0
 11
-1.0606601717798214
 21
-1.0606601717798212
 31
0.0
  0
LINE
  5
C2
330
B8
100
AcDbEntity
  8
0
 62
0
370
-2
100
AcDbLine
 10
0.0
 20
0.0
 30
0.0
 11
-2.755455298081545e-16
 21
-1.5
 31
0.0
  0
LINE
  5
C3
330
B8
100
AcDbEntity
  8
0
 62
0
370
-2
100
AcDbLine
 10
0.0
 20
0.0
 30
0.0
 11
1.060660171779821
 21
-1.0606601717798214
 31
0.0
  0
ENDBLK
  5
BA
330
B8
100
AcDbEntity
  8
0
100
AcDbBlockEnd
  0
BLOCK
  5
C5
330
C4
100
AcDbEntity
  8
0
100
AcDbBlockBegin
  2
VEG-SHRUB
 70
0
 10
0.0
 20
0.0
 30
0.0
  3
VEG-SHRUB
  1

  0
CIRCLE
  5
C7
330
C4
100
AcDbEntity
  8
0
 62
0
370
-2
100
AcDbCircle
 10
0.0
 20
0.0
 30
0.0
 40
1.0
  0
CIRCLE
  5
C8
330
C4
100
AcDbEntity
  8
0
 62
0
370
-2
100
AcDbCircle
 10
0.0
 20
0.0
 30
0.0
 40
0.4
  0
ENDBLK
  5
C6
330
C4
100
AcDbEntity
  8
0
100
AcDbBlockEnd
  0
BLOCK
  5
CA
330
C9
100
AcDbEntity
  8
0
100
AcDbBlockBegin
  2
UTIL-LIGHT
 70
0
 10
0.0
 20
0.0
 30
0.0
  3
UTIL-LIGHT
  1

  0
CIRCLE
  5
CC
330
C9
100
AcDbEntity
  8
0
 62
0
370
-2
100
AcDbCircle
 10
0.0
 20
0.0
 30
0.0
 40
0.7
  0
LINE
  5
CD
330
C9
100
AcDbEntity
  8
0
 62
0
370
-2
100
AcDbLine
 10
0.7071067811865476
 20
0.7071067811865475
 30
0.0
 11
1.2020815280171309
 21
1.2020815280171306
 31
0.0
  0
LINE
  5
CE
330
C9
100
AcDbEntity
  8
0
 62
0
370
-2
100
AcDbLine
 10
-0.7071067811865475
 20
0.7071067811865476
 30
0.0
 11
-1.2020815280171306
 21
1.2020815280171309
 31
0.0
  0
LINE
  5
CF
330
C9
100
AcDbEntity
  8
0
 62
0
370
-2
100
AcDbLine
 10
-0.7071067811865477
 20
-0.7071067811865475
 30
0.0
 11
-1.202081528017131
 21
-1.2020815280171306
 31
0.0
  0
LINE
  5
D0
330
C9
100
AcDbEntity
  8
0
 62
0
370
-2
100
AcDbLine
 10
0.7071067811865474
 20
-0.7071067811865477
 30
0.0
 11
1.2020815280171304
 21
-1.202081528017131
 31
0.0
  0
ENDBLK
  5
CB
330
C9
100
AcDbEntity
  8
0
100
AcDbBlockEnd
  0
BLOCK
  5
D2
330
D1
100
AcDbEntity
  8
0
100
AcDbBlockBegin
  2
UTIL-POLE
 70
0
 10
0.0
 20
0.0
 30
0.0
  3
UTIL-POLE
  1

  0
CIRCLE
  5
D4
330
D1
100
AcDbEntity
  8
0
 62
0
370
-2
100
AcDbCircle
 10
0.0
 20
0.0
 30
0.0
 40
1.0
  0
LINE
  5
D5
330
D1
100
AcDbEntity
  8
0
 62
0
370
-2
100
AcDbLine
 10
-1.0
 20
0.0
 30
0.0
 11
1.0
 21
0.0
 31
0.0
  0
LINE
  5
D6
330
D1
100
AcDbEntity
  8
0
 62
0
370
-2
100
AcDbLine
 10
0.0
 20
-1.0
 30
0.0
 11
0.0
 21
1.0
 31
0.0
  0
ENDBLK
  5
D3
330
D1
100
AcDbEntity
  8
0
100
AcDbBlockEnd
  0
BLOCK
  5
D8
330
D7
100
AcDbEntity
  8
0
100
AcDbBlockBegin
  2
UTIL-XFMR
 70
0
 10
0.0
 20
0.0
 30
0.0
  3
UTIL-XFMR
  1

  0
LWPOLYLINE
  5
DA
330
D7
100
AcDbEntity
  8
0
 62
0
370
-2
100
AcDbPolyline
 90
4
 70
1
 10
-1.5
 20
-1.5
 10
1.5
 20
-1.5
 10
1.5
 20
1.5
 10
-1.5
 20
1.5
  0
TEXT
  5
DB
330
D7
100
AcDbEntity
  8
0
 62
0
370
-2
100
AcDbText
 10
0.0
 20
0.0
 30
0.0
 40
1.8
  1
T
  7
BR-STD
 72
1
 11
0.0
 21
0.0
 31
0.0
100
AcDbText
 73
2
  0
ENDBLK
  5
D9
330
D7
100
AcDbEntity
  8
0
100
AcDbBlockEnd
  0
BLOCK
  5
DD
330
DC
100
AcDbEntity
  8
0
100
AcDbBlockBegin
  2
UTIL-TELPED
 70
0
 10
0.0
 20
0.0
 30
0.0
  3
UTIL-TELPED
  1

  0
LWPOLYLINE
  5
DF
330
DC
100
AcDbEntity
  8
0
 62
0
370
-2
100
AcDbPolyline
 90
4
 70
1
 10
-1.2
 20
-1.2
 10
1.2
 20
-1.2
 10
1.2
 20
1.2
 10
-1.2
 20
1.2
  0
TEXT
  5
E0
330
DC
100
AcDbEntity
  8
0
 62
0
370
-2
100
AcDbText
 10
0.0
 20
0.0
 30
0.0
 40
1.5
  1
C
  7
BR-STD
 72
1
 11
0.0
 21
0.0
 31
0.0
100
AcDbText
 73
2
  0
ENDBLK
  5
DE
330
DC
100
AcDbEntity
  8
0
100
AcDbBlockEnd
  0
BLOCK
  5
E2
330
E1
100
AcDbEntity
  8
0
100
AcDbBlockBegin
  2
UTIL-HYDRANT
 70
0
 10
0.0
 20
0.0
 30
0.0
  3
UTIL-HYDRANT
  1

  0
CIRCLE
  5
E4
330
E1
100
AcDbEntity
  8
0
 62
0
370
-2
100
AcDbCircle
 10
0.0
 20
0.0
 30
0.0
 40
1.0
  0
LINE
  5
E5
330
E1
100
AcDbEntity
  8
0
 62
0
370
-2
100
AcDbLine
 10
-1.0
 20
0.0
 30
0.0
 11
-1.7
 21
0.0
 31
0.0
  0
LINE
  5
E6
330
E1
100
AcDbEntity
  8
0
 62
0
370
-2
100
AcDbLine
 10
1.0
 20
0.0
 30
0.0
 11
1.7
 21
0.0
 31
0.0
  0
HATCH
  5
E7
330
E1
100
AcDbEntity
  8
0
 62
0
370
-2
100
AcDbHatch
 10
0.0
 20
0.0
 30
0.0
210
0.0
220
0.0
230
1.0
  2
SOLID
 70
1
 71
0
 91
1
 92
1
 93
1
 72
2
 10
0.0
 20
0.0
 40
0.4
 50
0.0
 51
360.0
 73
1
 97
0
 75
1
 76
1
 98
0
  0
ENDBLK
  5
E3
330
E1
100
AcDbEntity
  8
0
100
AcDbBlockEnd
  0
BLOCK
  5
E9
330
E8
100
AcDbEntity
  8
0
100
AcDbBlockBegin
  2
UTIL-WV
 70
0
 10
0.0
 20
0.0
 30
0.0
  3
UTIL-WV
  1

  0
LWPOLYLINE
  5
EB
330
E8
100
AcDbEntity
  8
0
 62
0
370
-2
100
AcDbPolyline
 90
4
 70
1
 10
0.0
 20
1.3
 10
1.3
 20
0.0
 10
0.0
 20
-1.3
 10
-1.3
 20
0.0
  0
TEXT
  5
EC
330
E8
100
AcDbEntity
  8
0
 62
0
370
-2
100
AcDbText
 10
0.0
 20
0.0
 30
0.0
 40
1.1
  1
W
  7
BR-STD
 72
1
 11
0.0
 21
0.0
 31
0.0
100
AcDbText
 73
2
  0
ENDBLK
  5
EA
330
E8
100
AcDbEntity
  8
0
100
AcDbBlockEnd
  0
BLOCK
  5
EE
330
ED
100
AcDbEntity
  8
0
100
AcDbBlockBegin
  2
UTIL-MH-SAN
 70
0
 10
0.0
 20
0.0
 30
0.0
  3
UTIL-MH-SAN
  1

  0
CIRCLE
  5
F0
330
ED
100
AcDbEntity
  8
0
 62
0
370
-2
100
AcDbCircle
 10
0.0
 20
0.0
 30
0.0
 40
1.5
  0
TEXT
  5
F1
330
ED
100
AcDbEntity
  8
0
 62
0
370
-2
100
AcDbText
 10
0.0
 20
0.0
 30
0.0
 40
1.8
  1
S
  7
BR-STD
 72
1
 11
0.0
 21
0.0
 31
0.0
100
AcDbText
 73
2
  0
ENDBLK
  5
EF
330
ED
100
AcDbEntity
  8
0
100
AcDbBlockEnd
  0
BLOCK
  5
F3
330
F2
100
AcDbEntity
  8
0
100
AcDbBlockBegin
  2
UTIL-MH-STM
 70
0
 10
0.0
 20
0.0
 30
0.0
  3
UTIL-MH-STM
  1

  0
CIRCLE
  5
F5
330
F2
100
AcDbEntity
  8
0
 62
0
370
-2
100
AcDbCircle
 10
0.0
 20
0.0
 30
0.0
 40
1.5
  0
TEXT
  5
F6
330
F2
100
AcDbEntity
  8
0
 62
0
370
-2
100
AcDbText
 10
0.0
 20
0.0
 30
0.0
 40
1.8
  1
D
  7
BR-STD
 72
1
 11
0.0
 21
0.0
 31
0.0
100
AcDbText
 73
2
  0
ENDBLK
  5
F4
330
F2
100
AcDbEntity
  8
0
100
AcDbBlockEnd
  0
BLOCK
  5
F8
330
F7
100
AcDbEntity
  8
0
100
AcDbBlockBegin
  2
UTIL-CB
 70
0
 10
0.0
 20
0.0
 30
0.0
  3
UTIL-CB
  1

  0
LWPOLYLINE
  5
FA
330
F7
100
AcDbEntity
  8
0
 62
0
370
-2
100
AcDbPolyline
 90
4
 70
1
 10
-1.3
 20
-1.0
 10
1.3
 20
-1.0
 10
1.3
 20
1.0
 10
-1.3
 20
1.0
  0
LINE
  5
FB
330
F7
100
AcDbEntity
  8
0
 62
0
370
-2
100
AcDbLine
 10
-0.65
 20
-1.0
 30
0.0
 11
-0.65
 21
1.0
 31
0.0
  0
LINE
  5
FC
330
F7
100
AcDbEntity
  8
0
 62
0
370
-2
100
AcDbLine
 10
0.0
 20
-1.0
 30
0.0
 11
0.0
 21
1.0
 31
0.0
  0
LINE
  5
FD
330
F7
100
AcDbEntity
  8
0
 62
0
370
-2
100
AcDbLine
 10
0.65
 20
-1.0
 30
0.0
 11
0.65
 21
1.0
 31
0.0
  0
ENDBLK
  5
F9
330
F7
100
AcDbEntity
  8
0
100
AcDbBlockEnd
  0
BLOCK
  5
FF
330
FE
100
AcDbEntity
  8
0
100
AcDbBlockBegin
  2
UTIL-IRR
 70
0
 10
0.0
 20
0.0
 30
0.0
  3
UTIL-IRR
  1

  0
LWPOLYLINE
  5
101
330
FE
100
AcDbEntity
  8
0
 62
0
370
-2
100
AcDbPolyline
 90
4
 70
1
 10
-1.0
 20
-1.0
 10
1.0
 20
-1.0
 10
1.0
 20
1.0
 10
-1.0
 20
1.0
  0
TEXT
  5
102
330
FE
100
AcDbEntity
  8
0
 62
0
370
-2
100
AcDbText
 10
0.0
 20
0.0
 30
0.0
 40
1.3
  1
I
  7
BR-STD
 72
1
 11
0.0
 21
0.0
 31
0.0
100
AcDbText
 73
2
  0
ENDBLK
  5
100
330
FE
100
AcDbEntity
  8
0
100
AcDbBlockEnd
  0
BLOCK
  5
104
330
103
100
AcDbEntity
  8
0
100
AcDbBlockBegin
  2
NORTH-ARROW
 70
0
 10
0.0
 20
0.0
 30
0.0
  3
NORTH-ARROW
  1

  0
LWPOLYLINE
  5
106
330
103
100
AcDbEntity
  8
0
 62
0
370
-2
100
AcDbPolyline
 90
4
 70
1
 10
0.0
 20
10.0
 10
-3.0
 20
-4.0
 10
0.0
 20
-1.5
 10
3.0
 20
-4.0
  0
TEXT
  5
107
330
103
100
AcDbEntity
  8
0
 62
0
370
-2
100
AcDbText
 10
0.0
 20
13.0
 30
0.0
 40
4.0
  1
N
  7
BR-TITLE
 72
1
 11
0.0
 21
13.0
 31
0.0
100
AcDbText
 73
2
  0
ENDBLK
  5
105
330
103
100
AcDbEntity
  8
0
100
AcDbBlockEnd
  0
BLOCK
  5
109
330
108
100
AcDbEntity
  8
0
100
AcDbBlockBegin
  2
WATERMARK-SAMPLE
 70
0
 10
0.0
 20
0.0
 30
0.0
  3
WATERMARK-SAMPLE
  1

  0
TEXT
  5
10B
330
108
100
AcDbEntity
  8
0
 62
0
370
-2
100
AcDbText
 10
0.0
 20
0.0
 30
0.0
 40
14.0
  1
SAMPLE - FICTITIOUS - NOT FOR LEGAL USE
  7
BR-TITLE
 72
1
 11
0.0
 21
0.0
 31
0.0
100
AcDbText
 73
2
  0
ENDBLK
  5
10A
330
108
100
AcDbEntity
  8
0
100
AcDbBlockEnd
  0
BLOCK
  5
10D
330
10C
100
AcDbEntity
  8
0
100
AcDbBlockBegin
  2
TB-ARCH-D
 70
2
 10
0.0
 20
0.0
 30
0.0
  3
TB-ARCH-D
  1

  0
LWPOLYLINE
  5
10F
330
10C
100
AcDbEntity
  8
0
 62
0
370
-2
100
AcDbPolyline
 90
4
 70
1
 10
10.0
 20
10.0
 10
904.4
 20
10.0
 10
904.4
 20
599.6
 10
10.0
 20
599.6
  0
LINE
  5
110
330
10C
100
AcDbEntity
  8
0
 62
0
370
-2
100
AcDbLine
 10
794.4
 20
10.0
 30
0.0
 11
794.4
 21
599.6
 31
0.0
  0
LINE
  5
111
330
10C
100
AcDbEntity
  8
0
 62
0
370
-2
100
AcDbLine
 10
794.4
 20
565.6
 30
0.0
 11
904.4
 21
565.6
 31
0.0
  0
TEXT
  5
112
330
10C
100
AcDbEntity
  8
0
 62
0
370
-2
100
AcDbText
 10
849.4
 20
589.6
 30
0.0
 40
6.0
  1
BOW RIDGE
  7
BR-TITLE
 72
1
 11
849.4
 21
589.6
 31
0.0
100
AcDbText
 73
2
  0
TEXT
  5
113
330
10C
100
AcDbEntity
  8
0
 62
0
370
-2
100
AcDbText
 10
849.4
 20
581.6
 30
0.0
 40
3.2
  1
GEOMATICS & LANDSCAPE
  7
BR-TITLE
 72
1
 11
849.4
 21
581.6
 31
0.0
100
AcDbText
 73
2
  0
TEXT
  5
114
330
10C
100
AcDbEntity
  8
0
 62
0
370
-2
100
AcDbText
 10
849.4
 20
572.6
 30
0.0
 40
2.0
  1
FICTITIOUS FIRM - PORTFOLIO SAMPLE
  7
BR-STD
 72
1
 11
849.4
 21
572.6
 31
0.0
100
AcDbText
 73
2
  0
LINE
  5
115
330
10C
100
AcDbEntity
  8
0
 62
0
370
-2
100
AcDbLine
 10
794.4
 20
543.6
 30
0.0
 11
904.4
 21
543.6
 31
0.0
  0
TEXT
  5
116
330
10C
100
AcDbEntity
  8
0
 62
0
370
-2
100
AcDbText
 10
849.4
 20
558.6
 30
0.0
 40
2.0
  1
PROFESSIONAL SEAL
  7
BR-STD
 72
1
 11
849.4
 21
558.6
 31
0.0
100
AcDbText
 73
2
  0
TEXT
  5
117
330
10C
100
AcDbEntity
  8
0
 62
0
370
-2
100
AcDbText
 10
849.4
 20
551.6
 30
0.0
 40
2.0
  1
NOT SEALED - PORTFOLIO SAMPLE
  7
BR-TITLE
 72
1
 11
849.4
 21
551.6
 31
0.0
100
AcDbText
 73
2
  0
LINE
  5
118
330
10C
100
AcDbEntity
  8
0
 62
0
370
-2
100
AcDbLine
 10
794.4
 20
527.6
 30
0.0
 11
904.4
 21
527.6
 31
0.0
  0
TEXT
  5
119
330
10C
100
AcDbEntity
  8
0
 62
0
370
-2
100
AcDbText
 10
807.4
 20
539.6
 30
0.0
 40
1.6
  1
CLIENT
  7
BR-STD
 72
1
 11
807.4
 21
539.6
 31
0.0
100
AcDbText
 73
2
  0
ATTDEF
  5
11A
330
10C
100
AcDbEntity
  8
0
 62
0
370
-2
100
AcDbText
 10
797.4
 20
533.1
 30
0.0
 40
2.2
  1
PORTFOLIO STUDY (NOT A CLIENT PROJECT)
  7
BR-STD
 11
797.4
 21
533.1
 31
0.0
100
AcDbAttributeDefinition
  3
Client
  2
CLIENT
 70
0
 74
2
 71
1
 72
0
 11
797.4
 21
533.1
 31
0.0
  0
LINE
  5
11B
330
10C
100
AcDbEntity
  8
0
 62
0
370
-2
100
AcDbLine
 10
794.4
 20
511.6
 30
0.0
 11
904.4
 21
511.6
 31
0.0
  0
TEXT
  5
11C
330
10C
100
AcDbEntity
  8
0
 62
0
370
-2
100
AcDbText
 10
807.4
 20
523.6
 30
0.0
 40
1.6
  1
PROJECT
  7
BR-STD
 72
1
 11
807.4
 21
523.6
 31
0.0
100
AcDbText
 73
2
  0
ATTDEF
  5
11D
330
10C
100
AcDbEntity
  8
0
 62
0
370
-2
100
AcDbText
 10
797.4
 20
517.1
 30
0.0
 40
3.0
  1
PROJECT NAME
  7
BR-STD
 11
797.4
 21
517.1
 31
0.0
100
AcDbAttributeDefinition
  3
Project name
  2
PROJECT
 70
0
 74
2
 71
1
 72
0
 11
797.4
 21
517.1
 31
0.0
  0
LINE
  5
11E
330
10C
100
AcDbEntity
  8
0
 62
0
370
-2
100
AcDbLine
 10
794.4
 20
495.6
 30
0.0
 11
904.4
 21
495.6
 31
0.0
  0
TEXT
  5
11F
330
10C
100
AcDbEntity
  8
0
 62
0
370
-2
100
AcDbText
 10
807.4
 20
507.6
 30
0.0
 40
1.6
  1
LOCATION
  7
BR-STD
 72
1
 11
807.4
 21
507.6
 31
0.0
100
AcDbText
 73
2
  0
ATTDEF
  5
120
330
10C
100
AcDbEntity
  8
0
 62
0
370
-2
100
AcDbText
 10
797.4
 20
501.1
 30
0.0
 40
2.2
  1
CALGARY, ALBERTA
  7
BR-STD
 11
797.4
 21
501.1
 31
0.0
100
AcDbAttributeDefinition
  3
Location
  2
LOCATION
 70
0
 74
2
 71
1
 72
0
 11
797.4
 21
501.1
 31
0.0
  0
LINE
  5
121
330
10C
100
AcDbEntity
  8
0
 62
0
370
-2
100
AcDbLine
 10
794.4
 20
479.6
 30
0.0
 11
904.4
 21
479.6
 31
0.0
  0
TEXT
  5
122
330
10C
100
AcDbEntity
  8
0
 62
0
370
-2
100
AcDbText
 10
807.4
 20
491.6
 30
0.0
 40
1.6
  1
DWG TITLE
  7
BR-STD
 72
1
 11
807.4
 21
491.6
 31
0.0
100
AcDbText
 73
2
  0
ATTDEF
  5
123
330
10C
100
AcDbEntity
  8
0
 62
0
370
-2
100
AcDbText
 10
797.4
 20
485.1
 30
0.0
 40
3.5
  1
DRAWING TITLE
  7
BR-STD
 11
797.4
 21
485.1
 31
0.0
100
AcDbAttributeDefinition
  3
Drawing title
  2
DWG_TITLE
 70
0
 74
2
 71
1
 72
0
 11
797.4
 21
485.1
 31
0.0
  0
LINE
  5
124
330
10C
100
AcDbEntity
  8
0
 62
0
370
-2
100
AcDbLine
 10
794.4
 20
471.6
 30
0.0
 11
904.4
 21
471.6
 31
0.0
  0
TEXT
  5
125
330
10C
100
AcDbEntity
  8
0
 62
0
370
-2
100
AcDbText
 10
840.6
 20
475.6
 30
0.0
 40
1.8
  1
REV   DATE         DESCRIPTION
  7
BR-STD
 72
1
 11
840.6
 21
475.6
 31
0.0
100
AcDbText
 73
2
  0
LINE
  5
126
330
10C
100
AcDbEntity
  8
0
 62
0
370
-2
100
AcDbLine
 10
794.4
 20
464.6
 30
0.0
 11
904.4
 21
464.6
 31
0.0
  0
ATTDEF
  5
127
330
10C
100
AcDbEntity
  8
0
 62
0
370
-2
100
AcDbText
 10
797.4
 20
468.1
 30
0.0
 40
1.8
  1

  7
BR-STD
 11
797.4
 21
468.1
 31
0.0
100
AcDbAttributeDefinition
  3
Revision 1
  2
REV1
 70
0
 74
2
 71
1
 72
0
 11
797.4
 21
468.1
 31
0.0
  0
LINE
  5
128
330
10C
100
AcDbEntity
  8
0
 62
0
370
-2
100
AcDbLine
 10
794.4
 20
457.6
 30
0.0
 11
904.4
 21
457.6
 31
0.0
  0
ATTDEF
  5
129
330
10C
100
AcDbEntity
  8
0
 62
0
370
-2
100
AcDbText
 10
797.4
 20
461.1
 30
0.0
 40
1.8
  1

  7
BR-STD
 11
797.4
 21
461.1
 31
0.0
100
AcDbAttributeDefinition
  3
Revision 2
  2
REV2
 70
0
 74
2
 71
1
 72
0
 11
797.4
 21
461.1
 31
0.0
  0
LINE
  5
12A
330
10C
100
AcDbEntity
  8
0
 62
0
370
-2
100
AcDbLine
 10
794.4
 20
450.6
 30
0.0
 11
904.4
 21
450.6
 31
0.0
  0
ATTDEF
  5
12B
330
10C
100
AcDbEntity
  8
0
 62
0
370
-2
100
AcDbText
 10
797.4
 20
454.1
 30
0.0
 40
1.8
  1

  7
BR-STD
 11
797.4
 21
454.1
 31
0.0
100
AcDbAttributeDefinition
  3
Revision 3
  2
REV3
 70
0
 74
2
 71
1
 72
0
 11
797.4
 21
454.1
 31
0.0
  0
LINE
  5
12C
330
10C
100
AcDbEntity
  8
0
 62
0
370
-2
100
AcDbLine
 10
794.4
 20
439.6
 30
0.0
 11
904.4
 21
439.6
 31
0.0
  0
TEXT
  5
12D
330
10C
100
AcDbEntity
  8
0
 62
0
370
-2
100
AcDbText
 10
809.4
 20
447.6
 30
0.0
 40
1.5
  1
PROJECT NO.
  7
BR-STD
 72
1
 11
809.4
 21
447.6
 31
0.0
100
AcDbText
 73
2
  0
ATTDEF
  5
12E
330
10C
100
AcDbEntity
  8
0
 62
0
370
-2
100
AcDbText
 10
797.4
 20
443.1
 30
0.0
 40
2.0
  1
BR-26-000
  7
BR-STD
 11
797.4
 21
443.1
 31
0.0
100
AcDbAttributeDefinition
  3
Project no.
  2
PROJ_NO
 70
0
 74
2
 71
1
 72
0
 11
797.4
 21
443.1
 31
0.0
  0
LINE
  5
12F
330
10C
100
AcDbEntity
  8
0
 62
0
370
-2
100
AcDbLine
 10
794.4
 20
428.6
 30
0.0
 11
904.4
 21
428.6
 31
0.0
  0
TEXT
  5
130
330
10C
100
AcDbEntity
  8
0
 62
0
370
-2
100
AcDbText
 10
809.4
 20
436.6
 30
0.0
 40
1.5
  1
SCALE
  7
BR-STD
 72
1
 11
809.4
 21
436.6
 31
0.0
100
AcDbText
 73
2
  0
ATTDEF
  5
131
330
10C
100
AcDbEntity
  8
0
 62
0
370
-2
100
AcDbText
 10
797.4
 20
432.1
 30
0.0
 40
2.0
  1
1:500
  7
BR-STD
 11
797.4
 21
432.1
 31
0.0
100
AcDbAttributeDefinition
  3
Scale
  2
SCALE
 70
0
 74
2
 71
1
 72
0
 11
797.4
 21
432.1
 31
0.0
  0
LINE
  5
132
330
10C
100
AcDbEntity
  8
0
 62
0
370
-2
100
AcDbLine
 10
794.4
 20
417.6
 30
0.0
 11
904.4
 21
417.6
 31
0.0
  0
TEXT
  5
133
330
10C
100
AcDbEntity
  8
0
 62
0
370
-2
100
AcDbText
 10
809.4
 20
425.6
 30
0.0
 40
1.5
  1
DATE
  7
BR-STD
 72
1
 11
809.4
 21
425.6
 31
0.0
100
AcDbText
 73
2
  0
ATTDEF
  5
134
330
10C
100
AcDbEntity
  8
0
 62
0
370
-2
100
AcDbText
 10
797.4
 20
421.1
 30
0.0
 40
2.0
  1
2026-09-16
  7
BR-STD
 11
797.4
 21
421.1
 31
0.0
100
AcDbAttributeDefinition
  3
Date
  2
DATE
 70
0
 74
2
 71
1
 72
0
 11
797.4
 21
421.1
 31
0.0
  0
LINE
  5
135
330
10C
100
AcDbEntity
  8
0
 62
0
370
-2
100
AcDbLine
 10
794.4
 20
406.6
 30
0.0
 11
904.4
 21
406.6
 31
0.0
  0
TEXT
  5
136
330
10C
100
AcDbEntity
  8
0
 62
0
370
-2
100
AcDbText
 10
809.4
 20
414.6
 30
0.0
 40
1.5
  1
DRAWN BY
  7
BR-STD
 72
1
 11
809.4
 21
414.6
 31
0.0
100
AcDbText
 73
2
  0
ATTDEF
  5
137
330
10C
100
AcDbEntity
  8
0
 62
0
370
-2
100
AcDbText
 10
797.4
 20
410.1
 30
0.0
 40
2.0
  1
XX
  7
BR-STD
 11
797.4
 21
410.1
 31
0.0
100
AcDbAttributeDefinition
  3
Drawn by
  2
DRAWN
 70
0
 74
2
 71
1
 72
0
 11
797.4
 21
410.1
 31
0.0
  0
LINE
  5
138
330
10C
100
AcDbEntity
  8
0
 62
0
370
-2
100
AcDbLine
 10
794.4
 20
395.6
 30
0.0
 11
904.4
 21
395.6
 31
0.0
  0
TEXT
  5
139
330
10C
100
AcDbEntity
  8
0
 62
0
370
-2
100
AcDbText
 10
809.4
 20
403.6
 30
0.0
 40
1.5
  1
CHECKED BY
  7
BR-STD
 72
1
 11
809.4
 21
403.6
 31
0.0
100
AcDbText
 73
2
  0
ATTDEF
  5
13A
330
10C
100
AcDbEntity
  8
0
 62
0
370
-2
100
AcDbText
 10
797.4
 20
399.1
 30
0.0
 40
2.0
  1
XX
  7
BR-STD
 11
797.4
 21
399.1
 31
0.0
100
AcDbAttributeDefinition
  3
Checked by
  2
CHECKED
 70
0
 74
2
 71
1
 72
0
 11
797.4
 21
399.1
 31
0.0
  0
LINE
  5
13B
330
10C
100
AcDbEntity
  8
0
 62
0
370
-2
100
AcDbLine
 10
794.4
 20
384.6
 30
0.0
 11
904.4
 21
384.6
 31
0.0
  0
TEXT
  5
13C
330
10C
100
AcDbEntity
  8
0
 62
0
370
-2
100
AcDbText
 10
809.4
 20
392.6
 30
0.0
 40
1.5
  1
COORDINATE SYSTEM
  7
BR-STD
 72
1
 11
809.4
 21
392.6
 31
0.0
100
AcDbText
 73
2
  0
ATTDEF
  5
13D
330
10C
100
AcDbEntity
  8
0
 62
0
370
-2
100
AcDbText
 10
797.4
 20
388.1
 30
0.0
 40
2.0
  1
NAD83(CSRS)v7 3TM 114W / CGVD2013
  7
BR-STD
 11
797.4
 21
388.1
 31
0.0
100
AcDbAttributeDefinition
  3
Coordinate system
  2
CRS
 70
0
 74
2
 71
1
 72
0
 11
797.4
 21
388.1
 31
0.0
  0
LINE
  5
13E
330
10C
100
AcDbEntity
  8
0
 62
0
370
-2
100
AcDbLine
 10
794.4
 20
329.6
 30
0.0
 11
904.4
 21
329.6
 31
0.0
  0
TEXT
  5
13F
330
10C
100
AcDbEntity
  8
0
 62
0
370
-2
100
AcDbText
 10
804.4
 20
380.6
 30
0.0
 40
1.8
  1
KEY PLAN
  7
BR-STD
 72
1
 11
804.4
 21
380.6
 31
0.0
100
AcDbText
 73
2
  0
LWPOLYLINE
  5
140
330
10C
100
AcDbEntity
  8
0
 62
0
370
-2
100
AcDbPolyline
 90
4
 70
1
 10
802.4
 20
333.6
 10
896.4
 20
333.6
 10
896.4
 20
376.6
 10
802.4
 20
376.6
  0
TEXT
  5
141
330
10C
100
AcDbEntity
  8
0
 62
0
370
-2
100
AcDbText
 10
808.4
 20
325.6
 30
0.0
 40
1.8
  1
GENERAL NOTES
  7
BR-STD
 72
1
 11
808.4
 21
325.6
 31
0.0
100
AcDbText
 73
2
  0
LINE
  5
142
330
10C
100
AcDbEntity
  8
0
 62
0
370
-2
100
AcDbLine
 10
794.4
 20
30.0
 30
0.0
 11
904.4
 21
30.0
 31
0.0
  0
TEXT
  5
143
330
10C
100
AcDbEntity
  8
0
 62
0
370
-2
100
AcDbText
 10
816.4
 20
25.0
 30
0.0
 40
1.8
  1
SHEET
  7
BR-STD
 72
1
 11
816.4
 21
25.0
 31
0.0
100
AcDbText
 73
2
  0
ATTDEF
  5
144
330
10C
100
AcDbEntity
  8
0
 62
0
370
-2
100
AcDbText
 10
816.4
 20
17.0
 30
0.0
 40
6.0
  1
L-101
  7
BR-TITLE
 72
1
 11
816.4
 21
17.0
 31
0.0
100
AcDbAttributeDefinition
  3
Sheet number
  2
SHEET_NO
 70
0
 74
2
 71
1
 72
0
 11
816.4
 21
17.0
 31
0.0
  0
ATTDEF
  5
145
330
10C
100
AcDbEntity
  8
0
 62
0
370
-2
100
AcDbText
 10
873.6
 20
20.0
 30
0.0
 40
2.5
  1
1 OF 1
  7
BR-STD
 72
1
 11
873.6
 21
20.0
 31
0.0
100
AcDbAttributeDefinition
  3
Sheet x of y
  2
SHEETS
 70
0
 74
2
 71
1
 72
0
 11
873.6
 21
20.0
 31
0.0
  0
ENDBLK
  5
10E
330
10C
100
AcDbEntity
  8
0
100
AcDbBlockEnd
  0
BLOCK
  5
162
330
161
100
AcDbEntity
  8
0
100
AcDbBlockBegin
  2
TB-11X17
 70
2
 10
0.0
 20
0.0
 30
0.0
  3
TB-11X17
  1

  0
LWPOLYLINE
  5
164
330
161
100
AcDbEntity
  8
0
 62
0
370
-2
100
AcDbPolyline
 90
4
 70
1
 10
10.0
 20
10.0
 10
421.8
 20
10.0
 10
421.8
 20
269.4
 10
10.0
 20
269.4
  0
LINE
  5
165
330
161
100
AcDbEntity
  8
0
 62
0
370
-2
100
AcDbLine
 10
349.8
 20
10.0
 30
0.0
 11
349.8
 21
269.4
 31
0.0
  0
LINE
  5
166
330
161
100
AcDbEntity
  8
0
 62
0
370
-2
100
AcDbLine
 10
349.8
 20
248.32
 30
0.0
 11
421.8
 21
248.32
 31
0.0
  0
TEXT
  5
167
330
161
100
AcDbEntity
  8
0
 62
0
370
-2
100
AcDbText
 10
385.8
 20
263.2
 30
0.0
 40
3.7199999999999998
  1
BOW RIDGE
  7
BR-TITLE
 72
1
 11
385.8
 21
263.2
 31
0.0
100
AcDbText
 73
2
  0
TEXT
  5
168
330
161
100
AcDbEntity
  8
0
 62
0
370
-2
100
AcDbText
 10
385.8
 20
258.24
 30
0.0
 40
1.984
  1
GEOMATICS & LANDSCAPE
  7
BR-TITLE
 72
1
 11
385.8
 21
258.24
 31
0.0
100
AcDbText
 73
2
  0
TEXT
  5
169
330
161
100
AcDbEntity
  8
0
 62
0
370
-2
100
AcDbText
 10
385.8
 20
252.66
 30
0.0
 40
1.24
  1
FICTITIOUS FIRM - PORTFOLIO SAMPLE
  7
BR-STD
 72
1
 11
385.8
 21
252.66
 31
0.0
100
AcDbText
 73
2
  0
LINE
  5
16A
330
161
100
AcDbEntity
  8
0
 62
0
370
-2
100
AcDbLine
 10
349.8
 20
234.68
 30
0.0
 11
421.8
 21
234.68
 31
0.0
  0
TEXT
  5
16B
330
161
100
AcDbEntity
  8
0
 62
0
370
-2
100
AcDbText
 10
385.8
 20
243.98000000000002
 30
0.0
 40
1.24
  1
PROFESSIONAL SEAL
  7
BR-STD
 72
1
 11
385.8
 21
243.98000000000002
 31
0.0
100
AcDbText
 73
2
  0
TEXT
  5
16C
330
161
100
AcDbEntity
  8
0
 62
0
370
-2
100
AcDbText
 10
385.8
 20
239.64000000000001
 30
0.0
 40
1.24
  1
NOT SEALED - PORTFOLIO SAMPLE
  7
BR-TITLE
 72
1
 11
385.8
 21
239.64000000000001
 31
0.0
100
AcDbText
 73
2
  0
LINE
  5
16D
330
161
100
AcDbEntity
  8
0
 62
0
370
-2
100
AcDbLine
 10
349.8
 20
224.76000000000002
 30
0.0
 11
421.8
 21
224.76000000000002
 31
0.0
  0
TEXT
  5
16E
330
161
100
AcDbEntity
  8
0
 62
0
370
-2
100
AcDbText
 10
357.86
 20
232.20000000000002
 30
0.0
 40
0.992
  1
CLIENT
  7
BR-STD
 72
1
 11
357.86
 21
232.20000000000002
 31
0.0
100
AcDbText
 73
2
  0
ATTDEF
  5
16F
330
161
100
AcDbEntity
  8
0
 62
0
370
-2
100
AcDbText
 10
351.66
 20
228.17000000000002
 30
0.0
 40
1.364
  1
PORTFOLIO STUDY (NOT A CLIENT PROJECT)
  7
BR-STD
 11
351.66
 21
228.17000000000002
 31
0.0
100
AcDbAttributeDefinition
  3
Client
  2
CLIENT
 70
0
 74
2
 71
1
 72
0
 11
351.66
 21
228.17000000000002
 31
0.0
  0
LINE
  5
170
330
161
100
AcDbEntity
  8
0
 62
0
370
-2
100
AcDbLine
 10
349.8
 20
214.84000000000003
 30
0.0
 11
421.8
 21
214.84000000000003
 31
0.0
  0
TEXT
  5
171
330
161
100
AcDbEntity
  8
0
 62
0
370
-2
100
AcDbText
 10
357.86
 20
222.28000000000003
 30
0.0
 40
0.992
  1
PROJECT
  7
BR-STD
 72
1
 11
357.86
 21
222.28000000000003
 31
0.0
100
AcDbText
 73
2
  0
ATTDEF
  5
172
330
161
100
AcDbEntity
  8
0
 62
0
370
-2
100
AcDbText
 10
351.66
 20
218.25000000000003
 30
0.0
 40
1.8599999999999999
  1
PROJECT NAME
  7
BR-STD
 11
351.66
 21
218.25000000000003
 31
0.0
100
AcDbAttributeDefinition
  3
Project name
  2
PROJECT
 70
0
 74
2
 71
1
 72
0
 11
351.66
 21
218.25000000000003
 31
0.0
  0
LINE
  5
173
330
161
100
AcDbEntity
  8
0
 62
0
370
-2
100
AcDbLine
 10
349.8
 20
204.92000000000004
 30
0.0
 11
421.8
 21
204.92000000000004
 31
0.0
  0
TEXT
  5
174
330
161
100
AcDbEntity
  8
0
 62
0
370
-2
100
AcDbText
 10
357.86
 20
212.36000000000004
 30
0.0
 40
0.992
  1
LOCATION
  7
BR-STD
 72
1
 11
357.86
 21
212.36000000000004
 31
0.0
100
AcDbText
 73
2
  0
ATTDEF
  5
175
330
161
100
AcDbEntity
  8
0
 62
0
370
-2
100
AcDbText
 10
351.66
 20
208.33000000000004
 30
0.0
 40
1.364
  1
CALGARY, ALBERTA
  7
BR-STD
 11
351.66
 21
208.33000000000004
 31
0.0
100
AcDbAttributeDefinition
  3
Location
  2
LOCATION
 70
0
 74
2
 71
1
 72
0
 11
351.66
 21
208.33000000000004
 31
0.0
  0
LINE
  5
176
330
161
100
AcDbEntity
  8
0
 62
0
370
-2
100
AcDbLine
 10
349.8
 20
195.00000000000006
 30
0.0
 11
421.8
 21
195.00000000000006
 31
0.0
  0
TEXT
  5
177
330
161
100
AcDbEntity
  8
0
 62
0
370
-2
100
AcDbText
 10
357.86
 20
202.44000000000005
 30
0.0
 40
0.992
  1
DWG TITLE
  7
BR-STD
 72
1
 11
357.86
 21
202.44000000000005
 31
0.0
100
AcDbText
 73
2
  0
ATTDEF
  5
178
330
161
100
AcDbEntity
  8
0
 62
0
370
-2
100
AcDbText
 10
351.66
 20
198.41000000000005
 30
0.0
 40
2.17
  1
DRAWING TITLE
  7
BR-STD
 11
351.66
 21
198.41000000000005
 31
0.0
100
AcDbAttributeDefinition
  3
Drawing title
  2
DWG_TITLE
 70
0
 74
2
 71
1
 72
0
 11
351.66
 21
198.41000000000005
 31
0.0
  0
LINE
  5
179
330
161
100
AcDbEntity
  8
0
 62
0
370
-2
100
AcDbLine
 10
349.8
 20
190.04000000000005
 30
0.0
 11
421.8
 21
190.04000000000005
 31
0.0
  0
TEXT
  5
17A
330
161
100
AcDbEntity
  8
0
 62
0
370
-2
100
AcDbText
 10
380.04
 20
192.52000000000004
 30
0.0
 40
1.116
  1
REV   DATE         DESCRIPTION
  7
BR-STD
 72
1
 11
380.04
 21
192.52000000000004
 31
0.0
100
AcDbText
 73
2
  0
LINE
  5
17B
330
161
100
AcDbEntity
  8
0
 62
0
370
-2
100
AcDbLine
 10
349.8
 20
185.70000000000005
 30
0.0
 11
421.8
 21
185.70000000000005
 31
0.0
  0
ATTDEF
  5
17C
330
161
100
AcDbEntity
  8
0
 62
0
370
-2
100
AcDbText
 10
351.66
 20
187.87000000000003
 30
0.0
 40
1.116
  1

  7
BR-STD
 11
351.66
 21
187.87000000000003
 31
0.0
100
AcDbAttributeDefinition
  3
Revision 1
  2
REV1
 70
0
 74
2
 71
1
 72
0
 11
351.66
 21
187.87000000000003
 31
0.0
  0
LINE
  5
17D
330
161
100
AcDbEntity
  8
0
 62
0
370
-2
100
AcDbLine
 10
349.8
 20
181.36000000000004
 30
0.0
 11
421.8
 21
181.36000000000004
 31
0.0
  0
ATTDEF
  5
17E
330
161
100
AcDbEntity
  8
0
 62
0
370
-2
100
AcDbText
 10
351.66
 20
183.53000000000003
 30
0.0
 40
1.116
  1

  7
BR-STD
 11
351.66
 21
183.53000000000003
 31
0.0
100
AcDbAttributeDefinition
  3
Revision 2
  2
REV2
 70
0
 74
2
 71
1
 72
0
 11
351.66
 21
183.53000000000003
 31
0.0
  0
LINE
  5
17F
330
161
100
AcDbEntity
  8
0
 62
0
370
-2
100
AcDbLine
 10
349.8
 20
177.02000000000004
 30
0.0
 11
421.8
 21
177.02000000000004
 31
0.0
  0
ATTDEF
  5
180
330
161
100
AcDbEntity
  8
0
 62
0
370
-2
100
AcDbText
 10
351.66
 20
179.19000000000003
 30
0.0
 40
1.116
  1

  7
BR-STD
 11
351.66
 21
179.19000000000003
 31
0.0
100
AcDbAttributeDefinition
  3
Revision 3
  2
REV3
 70
0
 74
2
 71
1
 72
0
 11
351.66
 21
179.19000000000003
 31
0.0
  0
LINE
  5
181
330
161
100
AcDbEntity
  8
0
 62
0
370
-2
100
AcDbLine
 10
349.8
 20
170.20000000000005
 30
0.0
 11
421.8
 21
170.20000000000005
 31
0.0
  0
TEXT
  5
182
330
161
100
AcDbEntity
  8
0
 62
0
370
-2
100
AcDbText
 10
359.1
 20
175.16000000000005
 30
0.0
 40
0.9299999999999999
  1
PROJECT NO.
  7
BR-STD
 72
1
 11
359.1
 21
175.16000000000005
 31
0.0
100
AcDbText
 73
2
  0
ATTDEF
  5
183
330
161
100
AcDbEntity
  8
0
 62
0
370
-2
100
AcDbText
 10
351.66
 20
172.37000000000003
 30
0.0
 40
1.24
  1
BR-26-000
  7
BR-STD
 11
351.66
 21
172.37000000000003
 31
0.0
100
AcDbAttributeDefinition
  3
Project no.
  2
PROJ_NO
 70
0
 74
2
 71
1
 72
0
 11
351.66
 21
172.37000000000003
 31
0.0
  0
LINE
  5
184
330
161
100
AcDbEntity
  8
0
 62
0
370
-2
100
AcDbLine
 10
349.8
 20
163.38000000000005
 30
0.0
 11
421.8
 21
163.38000000000005
 31
0.0
  0
TEXT
  5
185
330
161
100
AcDbEntity
  8
0
 62
0
370
-2
100
AcDbText
 10
359.1
 20
168.34000000000006
 30
0.0
 40
0.9299999999999999
  1
SCALE
  7
BR-STD
 72
1
 11
359.1
 21
168.34000000000006
 31
0.0
100
AcDbText
 73
2
  0
ATTDEF
  5
186
330
161
100
AcDbEntity
  8
0
 62
0
370
-2
100
AcDbText
 10
351.66
 20
165.55000000000004
 30
0.0
 40
1.24
  1
1:500
  7
BR-STD
 11
351.66
 21
165.55000000000004
 31
0.0
100
AcDbAttributeDefinition
  3
Scale
  2
SCALE
 70
0
 74
2
 71
1
 72
0
 11
351.66
 21
165.55000000000004
 31
0.0
  0
LINE
  5
187
330
161
100
AcDbEntity
  8
0
 62
0
370
-2
100
AcDbLine
 10
349.8
 20
156.56000000000006
 30
0.0
 11
421.8
 21
156.56000000000006
 31
0.0
  0
TEXT
  5
188
330
161
100
AcDbEntity
  8
0
 62
0
370
-2
100
AcDbText
 10
359.1
 20
161.52000000000007
 30
0.0
 40
0.9299999999999999
  1
DATE
  7
BR-STD
 72
1
 11
359.1
 21
161.52000000000007
 31
0.0
100
AcDbText
 73
2
  0
ATTDEF
  5
189
330
161
100
AcDbEntity
  8
0
 62
0
370
-2
100
AcDbText
 10
351.66
 20
158.73000000000005
 30
0.0
 40
1.24
  1
2026-09-16
  7
BR-STD
 11
351.66
 21
158.73000000000005
 31
0.0
100
AcDbAttributeDefinition
  3
Date
  2
DATE
 70
0
 74
2
 71
1
 72
0
 11
351.66
 21
158.73000000000005
 31
0.0
  0
LINE
  5
18A
330
161
100
AcDbEntity
  8
0
 62
0
370
-2
100
AcDbLine
 10
349.8
 20
149.74000000000007
 30
0.0
 11
421.8
 21
149.74000000000007
 31
0.0
  0
TEXT
  5
18B
330
161
100
AcDbEntity
  8
0
 62
0
370
-2
100
AcDbText
 10
359.1
 20
154.70000000000007
 30
0.0
 40
0.9299999999999999
  1
DRAWN BY
  7
BR-STD
 72
1
 11
359.1
 21
154.70000000000007
 31
0.0
100
AcDbText
 73
2
  0
ATTDEF
  5
18C
330
161
100
AcDbEntity
  8
0
 62
0
370
-2
100
AcDbText
 10
351.66
 20
151.91000000000005
 30
0.0
 40
1.24
  1
XX
  7
BR-STD
 11
351.66
 21
151.91000000000005
 31
0.0
100
AcDbAttributeDefinition
  3
Drawn by
  2
DRAWN
 70
0
 74
2
 71
1
 72
0
 11
351.66
 21
151.91000000000005
 31
0.0
  0
LINE
  5
18D
330
161
100
AcDbEntity
  8
0
 62
0
370
-2
100
AcDbLine
 10
349.8
 20
142.92000000000007
 30
0.0
 11
421.8
 21
142.92000000000007
 31
0.0
  0
TEXT
  5
18E
330
161
100
AcDbEntity
  8
0
 62
0
370
-2
100
AcDbText
 10
359.1
 20
147.88000000000008
 30
0.0
 40
0.9299999999999999
  1
CHECKED BY
  7
BR-STD
 72
1
 11
359.1
 21
147.88000000000008
 31
0.0
100
AcDbText
 73
2
  0
ATTDEF
  5
18F
330
161
100
AcDbEntity
  8
0
 62
0
370
-2
100
AcDbText
 10
351.66
 20
145.09000000000006
 30
0.0
 40
1.24
  1
XX
  7
BR-STD
 11
351.66
 21
145.09000000000006
 31
0.0
100
AcDbAttributeDefinition
  3
Checked by
  2
CHECKED
 70
0
 74
2
 71
1
 72
0
 11
351.66
 21
145.09000000000006
 31
0.0
  0
LINE
  5
190
330
161
100
AcDbEntity
  8
0
 62
0
370
-2
100
AcDbLine
 10
349.8
 20
136.10000000000008
 30
0.0
 11
421.8
 21
136.10000000000008
 31
0.0
  0
TEXT
  5
191
330
161
100
AcDbEntity
  8
0
 62
0
370
-2
100
AcDbText
 10
359.1
 20
141.0600000000001
 30
0.0
 40
0.9299999999999999
  1
COORDINATE SYSTEM
  7
BR-STD
 72
1
 11
359.1
 21
141.0600000000001
 31
0.0
100
AcDbText
 73
2
  0
ATTDEF
  5
192
330
161
100
AcDbEntity
  8
0
 62
0
370
-2
100
AcDbText
 10
351.66
 20
138.27000000000007
 30
0.0
 40
1.24
  1
NAD83(CSRS)v7 3TM 114W / CGVD2013
  7
BR-STD
 11
351.66
 21
138.27000000000007
 31
0.0
100
AcDbAttributeDefinition
  3
Coordinate system
  2
CRS
 70
0
 74
2
 71
1
 72
0
 11
351.66
 21
138.27000000000007
 31
0.0
  0
LINE
  5
193
330
161
100
AcDbEntity
  8
0
 62
0
370
-2
100
AcDbLine
 10
349.8
 20
102.00000000000009
 30
0.0
 11
421.8
 21
102.00000000000009
 31
0.0
  0
TEXT
  5
194
330
161
100
AcDbEntity
  8
0
 62
0
370
-2
100
AcDbText
 10
356.0
 20
133.6200000000001
 30
0.0
 40
1.116
  1
KEY PLAN
  7
BR-STD
 72
1
 11
356.0
 21
133.6200000000001
 31
0.0
100
AcDbText
 73
2
  0
LWPOLYLINE
  5
195
330
161
100
AcDbEntity
  8
0
 62
0
370
-2
100
AcDbPolyline
 90
4
 70
1
 10
354.76
 20
104.48000000000009
 10
416.84000000000003
 20
104.48000000000009
 10
416.84000000000003
 20
131.1400000000001
 10
354.76
 20
131.1400000000001
  0
TEXT
  5
196
330
161
100
AcDbEntity
  8
0
 62
0
370
-2
100
AcDbText
 10
358.48
 20
99.52000000000008
 30
0.0
 40
1.116
  1
GENERAL NOTES
  7
BR-STD
 72
1
 11
358.48
 21
99.52000000000008
 31
0.0
100
AcDbText
 73
2
  0
LINE
  5
197
330
161
100
AcDbEntity
  8
0
 62
0
370
-2
100
AcDbLine
 10
349.8
 20
22.4
 30
0.0
 11
421.8
 21
22.4
 31
0.0
  0
TEXT
  5
198
330
161
100
AcDbEntity
  8
0
 62
0
370
-2
100
AcDbText
 10
364.2
 20
19.299999999999997
 30
0.0
 40
1.116
  1
SHEET
  7
BR-STD
 72
1
 11
364.2
 21
19.299999999999997
 31
0.0
100
AcDbText
 73
2
  0
ATTDEF
  5
199
330
161
100
AcDbEntity
  8
0
 62
0
370
-2
100
AcDbText
 10
364.2
 20
14.339999999999998
 30
0.0
 40
3.7199999999999998
  1
L-101
  7
BR-TITLE
 72
1
 11
364.2
 21
14.339999999999998
 31
0.0
100
AcDbAttributeDefinition
  3
Sheet number
  2
SHEET_NO
 70
0
 74
2
 71
1
 72
0
 11
364.2
 21
14.339999999999998
 31
0.0
  0
ATTDEF
  5
19A
330
161
100
AcDbEntity
  8
0
 62
0
370
-2
100
AcDbText
 10
401.64
 20
16.2
 30
0.0
 40
1.55
  1
1 OF 1
  7
BR-STD
 72
1
 11
401.64
 21
16.2
 31
0.0
100
AcDbAttributeDefinition
  3
Sheet x of y
  2
SHEETS
 70
0
 74
2
 71
1
 72
0
 11
401.64
 21
16.2
 31
0.0
  0
ENDBLK
  5
163
330
161
100
AcDbEntity
  8
0
100
AcDbBlockEnd
  0
BLOCK
  5
19C
330
19B
100
AcDbEntity
  8
0
100
AcDbBlockBegin
  2
*Paper_Space1
 70
0
 10
0.0
 20
0.0
 30
0.0
  3
*Paper_Space1
  1

  0
VIEWPORT
  5
19F
330
19B
100
AcDbEntity
 67
1
  8
VIEWPORTS
100
AcDbViewport
 10
215.9
 20
139.7
 30
0.0
 40
474.9800000000001
 41
307.34
 68
1
 69
1
 12
215.9
 22
139.7
 13
0.0
 23
0.0
 14
10.0
 24
10.0
 15
10.0
 25
10.0
 16
0.0
 26
0.0
 36
1.0
 17
0.0
 27
0.0
 37
0.0
 42
50.0
 43
0.0
 44
0.0
 45
307.34
 50
0.0
 51
0.0
 72
100
 90
557088
  1

281
0
 71
0
 74
0
110
0.0
120
0.0
130
0.0
111
1.0
121
0.0
131
0.0
112
0.0
122
1.0
132
0.0
 79
0
146
0.0
282
0
  0
INSERT
  5
1A0
330
19B
100
AcDbEntity
 67
1
  8
G-ANNO-TTLB
100
AcDbBlockReference
 66
1
  2
TB-11X17
 10
0.0
 20
0.0
 30
0.0
  0
ATTRIB
  5
1A2
330
1A0
100
AcDbEntity
 67
1
  8
0
 62
0
370
-2
100
AcDbText
 10
351.66
 20
228.17000000000002
 30
0.0
 40
1.364
  1
PORTFOLIO STUDY (NOT A CLIENT PROJECT)
  7
BR-STD
 11
351.66
 21
228.17000000000002
 31
0.0
100
AcDbAttribute
  2
CLIENT
 70
0
 74
2
 71
1
 72
0
 11
351.66
 21
228.17000000000002
 31
0.0
  0
ATTRIB
  5
1A3
330
1A0
100
AcDbEntity
 67
1
  8
0
 62
0
370
-2
100
AcDbText
 10
351.66
 20
218.25000000000003
 30
0.0
 40
1.8599999999999999
  1
PROJECT NAME
  7
BR-STD
 11
351.66
 21
218.25000000000003
 31
0.0
100
AcDbAttribute
  2
PROJECT
 70
0
 74
2
 71
1
 72
0
 11
351.66
 21
218.25000000000003
 31
0.0
  0
ATTRIB
  5
1A4
330
1A0
100
AcDbEntity
 67
1
  8
0
 62
0
370
-2
100
AcDbText
 10
351.66
 20
208.33000000000004
 30
0.0
 40
1.364
  1
CALGARY, ALBERTA
  7
BR-STD
 11
351.66
 21
208.33000000000004
 31
0.0
100
AcDbAttribute
  2
LOCATION
 70
0
 74
2
 71
1
 72
0
 11
351.66
 21
208.33000000000004
 31
0.0
  0
ATTRIB
  5
1A5
330
1A0
100
AcDbEntity
 67
1
  8
0
 62
0
370
-2
100
AcDbText
 10
351.66
 20
198.41000000000005
 30
0.0
 40
2.17
  1
DRAWING TITLE
  7
BR-STD
 11
351.66
 21
198.41000000000005
 31
0.0
100
AcDbAttribute
  2
DWG_TITLE
 70
0
 74
2
 71
1
 72
0
 11
351.66
 21
198.41000000000005
 31
0.0
  0
ATTRIB
  5
1A6
330
1A0
100
AcDbEntity
 67
1
  8
0
 62
0
370
-2
100
AcDbText
 10
351.66
 20
187.87000000000003
 30
0.0
 40
1.116
  1

  7
BR-STD
 11
351.66
 21
187.87000000000003
 31
0.0
100
AcDbAttribute
  2
REV1
 70
0
 74
2
 71
1
 72
0
 11
351.66
 21
187.87000000000003
 31
0.0
  0
ATTRIB
  5
1A7
330
1A0
100
AcDbEntity
 67
1
  8
0
 62
0
370
-2
100
AcDbText
 10
351.66
 20
183.53000000000003
 30
0.0
 40
1.116
  1

  7
BR-STD
 11
351.66
 21
183.53000000000003
 31
0.0
100
AcDbAttribute
  2
REV2
 70
0
 74
2
 71
1
 72
0
 11
351.66
 21
183.53000000000003
 31
0.0
  0
ATTRIB
  5
1A8
330
1A0
100
AcDbEntity
 67
1
  8
0
 62
0
370
-2
100
AcDbText
 10
351.66
 20
179.19000000000003
 30
0.0
 40
1.116
  1

  7
BR-STD
 11
351.66
 21
179.19000000000003
 31
0.0
100
AcDbAttribute
  2
REV3
 70
0
 74
2
 71
1
 72
0
 11
351.66
 21
179.19000000000003
 31
0.0
  0
ATTRIB
  5
1A9
330
1A0
100
AcDbEntity
 67
1
  8
0
 62
0
370
-2
100
AcDbText
 10
351.66
 20
172.37000000000003
 30
0.0
 40
1.24
  1
BR-26-000
  7
BR-STD
 11
351.66
 21
172.37000000000003
 31
0.0
100
AcDbAttribute
  2
PROJ_NO
 70
0
 74
2
 71
1
 72
0
 11
351.66
 21
172.37000000000003
 31
0.0
  0
ATTRIB
  5
1AA
330
1A0
100
AcDbEntity
 67
1
  8
0
 62
0
370
-2
100
AcDbText
 10
351.66
 20
165.55000000000004
 30
0.0
 40
1.24
  1
1:500
  7
BR-STD
 11
351.66
 21
165.55000000000004
 31
0.0
100
AcDbAttribute
  2
SCALE
 70
0
 74
2
 71
1
 72
0
 11
351.66
 21
165.55000000000004
 31
0.0
  0
ATTRIB
  5
1AB
330
1A0
100
AcDbEntity
 67
1
  8
0
 62
0
370
-2
100
AcDbText
 10
351.66
 20
158.73000000000005
 30
0.0
 40
1.24
  1
2026-09-16
  7
BR-STD
 11
351.66
 21
158.73000000000005
 31
0.0
100
AcDbAttribute
  2
DATE
 70
0
 74
2
 71
1
 72
0
 11
351.66
 21
158.73000000000005
 31
0.0
  0
ATTRIB
  5
1AC
330
1A0
100
AcDbEntity
 67
1
  8
0
 62
0
370
-2
100
AcDbText
 10
351.66
 20
151.91000000000005
 30
0.0
 40
1.24
  1
XX
  7
BR-STD
 11
351.66
 21
151.91000000000005
 31
0.0
100
AcDbAttribute
  2
DRAWN
 70
0
 74
2
 71
1
 72
0
 11
351.66
 21
151.91000000000005
 31
0.0
  0
ATTRIB
  5
1AD
330
1A0
100
AcDbEntity
 67
1
  8
0
 62
0
370
-2
100
AcDbText
 10
351.66
 20
145.09000000000006
 30
0.0
 40
1.24
  1
XX
  7
BR-STD
 11
351.66
 21
145.09000000000006
 31
0.0
100
AcDbAttribute
  2
CHECKED
 70
0
 74
2
 71
1
 72
0
 11
351.66
 21
145.09000000000006
 31
0.0
  0
ATTRIB
  5
1AE
330
1A0
100
AcDbEntity
 67
1
  8
0
 62
0
370
-2
100
AcDbText
 10
351.66
 20
138.27000000000007
 30
0.0
 40
1.24
  1
NAD83(CSRS)v7 3TM 114W / CGVD2013
  7
BR-STD
 11
351.66
 21
138.27000000000007
 31
0.0
100
AcDbAttribute
  2
CRS
 70
0
 74
2
 71
1
 72
0
 11
351.66
 21
138.27000000000007
 31
0.0
  0
ATTRIB
  5
1AF
330
1A0
100
AcDbEntity
 67
1
  8
0
 62
0
370
-2
100
AcDbText
 10
364.2
 20
14.339999999999998
 30
0.0
 40
3.7199999999999998
  1
L-101
  7
BR-TITLE
 72
1
 11
364.2
 21
14.339999999999998
 31
0.0
100
AcDbAttribute
  2
SHEET_NO
 70
0
 74
2
 71
1
 72
0
 11
364.2
 21
14.339999999999998
 31
0.0
  0
ATTRIB
  5
1B0
330
1A0
100
AcDbEntity
 67
1
  8
0
 62
0
370
-2
100
AcDbText
 10
401.64
 20
16.2
 30
0.0
 40
1.55
  1
1 OF 1
  7
BR-STD
 72
1
 11
401.64
 21
16.2
 31
0.0
100
AcDbAttribute
  2
SHEETS
 70
0
 74
2
 71
1
 72
0
 11
401.64
 21
16.2
 31
0.0
  0
SEQEND
  5
1A1
330
1A0
100
AcDbEntity
 67
1
  8
G-ANNO-TTLB
  0
VIEWPORT
  5
1B1
330
19B
100
AcDbEntity
 67
1
  8
G-VPRT
100
AcDbViewport
 10
179.9
 20
139.7
 30
0.0
 40
329.8
 41
249.39999999999998
 68
2
 69
3
 12
0.0
 22
0.0
 13
0.0
 23
0.0
 14
10.0
 24
10.0
 15
10.0
 25
10.0
 16
0.0
 26
0.0
 36
1.0
 17
0.0
 27
0.0
 37
0.0
 42
50.0
 43
0.0
 44
0.0
 45
124.69999999999999
 50
0.0
 51
0.0
 72
100
 90
0
  1

281
0
 71
0
 74
0
110
0.0
120
0.0
130
0.0
111
1.0
121
0.0
131
0.0
112
0.0
122
1.0
132
0.0
 79
0
146
0.0
282
0
  0
INSERT
  5
1B2
330
19B
100
AcDbEntity
 67
1
  8
G-ANNO-WMRK
100
AcDbBlockReference
  2
WATERMARK-SAMPLE
 10
179.9
 20
139.7
 30
0.0
 41
0.62
 42
0.62
 50
30.0
  0
INSERT
  5
1B4
330
19B
100
AcDbEntity
 67
1
  8
G-ANNO-NRTH
100
AcDbBlockReference
  2
NORTH-ARROW
 10
337.40000000000003
 20
253.89999999999998
 30
0.0
 41
0.62
 42
0.62
  0
ENDBLK
  5
19D
330
19B
100
AcDbEntity
  8
0
100
AcDbBlockEnd
  0
BLOCK
  5
1B7
330
1B6
100
AcDbEntity
  8
0
100
AcDbBlockBegin
  2
*Paper_Space2
 70
0
 10
0.0
 20
0.0
 30
0.0
  3
*Paper_Space2
  1

  0
VIEWPORT
  5
1BA
330
1B6
100
AcDbEntity
 67
1
  8
VIEWPORTS
100
AcDbViewport
 10
215.9
 20
139.7
 30
0.0
 40
474.9800000000001
 41
307.34
 68
1
 69
1
 12
215.9
 22
139.7
 13
0.0
 23
0.0
 14
10.0
 24
10.0
 15
10.0
 25
10.0
 16
0.0
 26
0.0
 36
1.0
 17
0.0
 27
0.0
 37
0.0
 42
50.0
 43
0.0
 44
0.0
 45
307.34
 50
0.0
 51
0.0
 72
100
 90
557088
  1

281
0
 71
0
 74
0
110
0.0
120
0.0
130
0.0
111
1.0
121
0.0
131
0.0
112
0.0
122
1.0
132
0.0
 79
0
146
0.0
282
0
  0
TEXT
  5
1BB
330
1B6
100
AcDbEntity
 67
1
  8
G-ANNO-LEGN
100
AcDbText
 10
15.0
 20
265.0
 30
0.0
 40
4.0
  1
BOW RIDGE CAD STANDARD - SYMBOLS & LAYERS (FICTITIOUS FIRM - PORTFOLIO SAMPLE)
  7
BR-TITLE
 11
15.0
 21
265.0
 31
0.0
100
AcDbText
 73
2
  0
INSERT
  5
1BC
330
1B6
100
AcDbEntity
 67
1
  8
G-ANNO-LEGN
100
AcDbBlockReference
  2
CTRL-TRIANGLE
 10
25.0
 20
245.0
 30
0.0
  0
TEXT
  5
1BE
330
1B6
100
AcDbEntity
 67
1
  8
G-ANNO-LEGN
100
AcDbText
 10
30.0
 20
245.0
 30
0.0
 40
1.8
  1
CTRL-TRIANGLE
  7
BR-STD
 11
30.0
 21
245.0
 31
0.0
100
AcDbText
 73
2
  0
INSERT
  5
1BF
330
1B6
100
AcDbEntity
 67
1
  8
G-ANNO-LEGN
100
AcDbBlockReference
  2
CTRL-BM
 10
70.0
 20
245.0
 30
0.0
  0
TEXT
  5
1C1
330
1B6
100
AcDbEntity
 67
1
  8
G-ANNO-LEGN
100
AcDbText
 10
75.0
 20
245.0
 30
0.0
 40
1.8
  1
CTRL-BM
  7
BR-STD
 11
75.0
 21
245.0
 31
0.0
100
AcDbText
 73
2
  0
INSERT
  5
1C2
330
1B6
100
AcDbEntity
 67
1
  8
G-ANNO-LEGN
100
AcDbBlockReference
  2
CTRL-ASCM
 10
115.0
 20
245.0
 30
0.0
  0
TEXT
  5
1C4
330
1B6
100
AcDbEntity
 67
1
  8
G-ANNO-LEGN
100
AcDbText
 10
120.0
 20
245.0
 30
0.0
 40
1.8
  1
CTRL-ASCM
  7
BR-STD
 11
120.0
 21
245.0
 31
0.0
100
AcDbText
 73
2
  0
INSERT
  5
1C5
330
1B6
100
AcDbEntity
 67
1
  8
G-ANNO-LEGN
100
AcDbBlockReference
  2
SITE-BENCH
 10
25.0
 20
233.0
 30
0.0
  0
TEXT
  5
1C7
330
1B6
100
AcDbEntity
 67
1
  8
G-ANNO-LEGN
100
AcDbText
 10
30.0
 20
233.0
 30
0.0
 40
1.8
  1
SITE-BENCH
  7
BR-STD
 11
30.0
 21
233.0
 31
0.0
100
AcDbText
 73
2
  0
INSERT
  5
1C8
330
1B6
100
AcDbEntity
 67
1
  8
G-ANNO-LEGN
100
AcDbBlockReference
  2
SITE-TABLE
 10
70.0
 20
233.0
 30
0.0
  0
TEXT
  5
1CA
330
1B6
100
AcDbEntity
 67
1
  8
G-ANNO-LEGN
100
AcDbText
 10
75.0
 20
233.0
 30
0.0
 40
1.8
  1
SITE-TABLE
  7
BR-STD
 11
75.0
 21
233.0
 31
0.0
100
AcDbText
 73
2
  0
INSERT
  5
1CB
330
1B6
100
AcDbEntity
 67
1
  8
G-ANNO-LEGN
100
AcDbBlockReference
  2
SITE-BIN
 10
115.0
 20
233.0
 30
0.0
  0
TEXT
  5
1CD
330
1B6
100
AcDbEntity
 67
1
  8
G-ANNO-LEGN
100
AcDbText
 10
120.0
 20
233.0
 30
0.0
 40
1.8
  1
SITE-BIN
  7
BR-STD
 11
120.0
 21
233.0
 31
0.0
100
AcDbText
 73
2
  0
INSERT
  5
1CE
330
1B6
100
AcDbEntity
 67
1
  8
G-ANNO-LEGN
100
AcDbBlockReference
  2
SITE-BOLLARD
 10
25.0
 20
221.0
 30
0.0
  0
TEXT
  5
1D0
330
1B6
100
AcDbEntity
 67
1
  8
G-ANNO-LEGN
100
AcDbText
 10
30.0
 20
221.0
 30
0.0
 40
1.8
  1
SITE-BOLLARD
  7
BR-STD
 11
30.0
 21
221.0
 31
0.0
100
AcDbText
 73
2
  0
INSERT
  5
1D1
330
1B6
100
AcDbEntity
 67
1
  8
G-ANNO-LEGN
100
AcDbBlockReference
  2
SITE-SIGN
 10
70.0
 20
221.0
 30
0.0
  0
TEXT
  5
1D3
330
1B6
100
AcDbEntity
 67
1
  8
G-ANNO-LEGN
100
AcDbText
 10
75.0
 20
221.0
 30
0.0
 40
1.8
  1
SITE-SIGN
  7
BR-STD
 11
75.0
 21
221.0
 31
0.0
100
AcDbText
 73
2
  0
INSERT
  5
1D4
330
1B6
100
AcDbEntity
 67
1
  8
G-ANNO-LEGN
100
AcDbBlockReference
  2
SITE-CMB
 10
115.0
 20
221.0
 30
0.0
  0
TEXT
  5
1D6
330
1B6
100
AcDbEntity
 67
1
  8
G-ANNO-LEGN
100
AcDbText
 10
120.0
 20
221.0
 30
0.0
 40
1.8
  1
SITE-CMB
  7
BR-STD
 11
120.0
 21
221.0
 31
0.0
100
AcDbText
 73
2
  0
INSERT
  5
1D7
330
1B6
100
AcDbEntity
 67
1
  8
G-ANNO-LEGN
100
AcDbBlockReference
  2
VEG-TREE-DECID
 10
25.0
 20
209.0
 30
0.0
  0
TEXT
  5
1D9
330
1B6
100
AcDbEntity
 67
1
  8
G-ANNO-LEGN
100
AcDbText
 10
30.0
 20
209.0
 30
0.0
 40
1.8
  1
VEG-TREE-DECID
  7
BR-STD
 11
30.0
 21
209.0
 31
0.0
100
AcDbText
 73
2
  0
INSERT
  5
1DA
330
1B6
100
AcDbEntity
 67
1
  8
G-ANNO-LEGN
100
AcDbBlockReference
  2
VEG-TREE-CONIF
 10
70.0
 20
209.0
 30
0.0
  0
TEXT
  5
1DC
330
1B6
100
AcDbEntity
 67
1
  8
G-ANNO-LEGN
100
AcDbText
 10
75.0
 20
209.0
 30
0.0
 40
1.8
  1
VEG-TREE-CONIF
  7
BR-STD
 11
75.0
 21
209.0
 31
0.0
100
AcDbText
 73
2
  0
INSERT
  5
1DD
330
1B6
100
AcDbEntity
 67
1
  8
G-ANNO-LEGN
100
AcDbBlockReference
  2
VEG-SHRUB
 10
115.0
 20
209.0
 30
0.0
  0
TEXT
  5
1DF
330
1B6
100
AcDbEntity
 67
1
  8
G-ANNO-LEGN
100
AcDbText
 10
120.0
 20
209.0
 30
0.0
 40
1.8
  1
VEG-SHRUB
  7
BR-STD
 11
120.0
 21
209.0
 31
0.0
100
AcDbText
 73
2
  0
INSERT
  5
1E0
330
1B6
100
AcDbEntity
 67
1
  8
G-ANNO-LEGN
100
AcDbBlockReference
  2
UTIL-LIGHT
 10
25.0
 20
197.0
 30
0.0
  0
TEXT
  5
1E2
330
1B6
100
AcDbEntity
 67
1
  8
G-ANNO-LEGN
100
AcDbText
 10
30.0
 20
197.0
 30
0.0
 40
1.8
  1
UTIL-LIGHT
  7
BR-STD
 11
30.0
 21
197.0
 31
0.0
100
AcDbText
 73
2
  0
INSERT
  5
1E3
330
1B6
100
AcDbEntity
 67
1
  8
G-ANNO-LEGN
100
AcDbBlockReference
  2
UTIL-POLE
 10
70.0
 20
197.0
 30
0.0
  0
TEXT
  5
1E5
330
1B6
100
AcDbEntity
 67
1
  8
G-ANNO-LEGN
100
AcDbText
 10
75.0
 20
197.0
 30
0.0
 40
1.8
  1
UTIL-POLE
  7
BR-STD
 11
75.0
 21
197.0
 31
0.0
100
AcDbText
 73
2
  0
INSERT
  5
1E6
330
1B6
100
AcDbEntity
 67
1
  8
G-ANNO-LEGN
100
AcDbBlockReference
  2
UTIL-XFMR
 10
115.0
 20
197.0
 30
0.0
  0
TEXT
  5
1E8
330
1B6
100
AcDbEntity
 67
1
  8
G-ANNO-LEGN
100
AcDbText
 10
120.0
 20
197.0
 30
0.0
 40
1.8
  1
UTIL-XFMR
  7
BR-STD
 11
120.0
 21
197.0
 31
0.0
100
AcDbText
 73
2
  0
INSERT
  5
1E9
330
1B6
100
AcDbEntity
 67
1
  8
G-ANNO-LEGN
100
AcDbBlockReference
  2
UTIL-TELPED
 10
25.0
 20
185.0
 30
0.0
  0
TEXT
  5
1EB
330
1B6
100
AcDbEntity
 67
1
  8
G-ANNO-LEGN
100
AcDbText
 10
30.0
 20
185.0
 30
0.0
 40
1.8
  1
UTIL-TELPED
  7
BR-STD
 11
30.0
 21
185.0
 31
0.0
100
AcDbText
 73
2
  0
INSERT
  5
1EC
330
1B6
100
AcDbEntity
 67
1
  8
G-ANNO-LEGN
100
AcDbBlockReference
  2
UTIL-HYDRANT
 10
70.0
 20
185.0
 30
0.0
  0
TEXT
  5
1EE
330
1B6
100
AcDbEntity
 67
1
  8
G-ANNO-LEGN
100
AcDbText
 10
75.0
 20
185.0
 30
0.0
 40
1.8
  1
UTIL-HYDRANT
  7
BR-STD
 11
75.0
 21
185.0
 31
0.0
100
AcDbText
 73
2
  0
INSERT
  5
1EF
330
1B6
100
AcDbEntity
 67
1
  8
G-ANNO-LEGN
100
AcDbBlockReference
  2
UTIL-WV
 10
115.0
 20
185.0
 30
0.0
  0
TEXT
  5
1F1
330
1B6
100
AcDbEntity
 67
1
  8
G-ANNO-LEGN
100
AcDbText
 10
120.0
 20
185.0
 30
0.0
 40
1.8
  1
UTIL-WV
  7
BR-STD
 11
120.0
 21
185.0
 31
0.0
100
AcDbText
 73
2
  0
INSERT
  5
1F2
330
1B6
100
AcDbEntity
 67
1
  8
G-ANNO-LEGN
100
AcDbBlockReference
  2
UTIL-MH-SAN
 10
25.0
 20
173.0
 30
0.0
  0
TEXT
  5
1F4
330
1B6
100
AcDbEntity
 67
1
  8
G-ANNO-LEGN
100
AcDbText
 10
30.0
 20
173.0
 30
0.0
 40
1.8
  1
UTIL-MH-SAN
  7
BR-STD
 11
30.0
 21
173.0
 31
0.0
100
AcDbText
 73
2
  0
INSERT
  5
1F5
330
1B6
100
AcDbEntity
 67
1
  8
G-ANNO-LEGN
100
AcDbBlockReference
  2
UTIL-MH-STM
 10
70.0
 20
173.0
 30
0.0
  0
TEXT
  5
1F7
330
1B6
100
AcDbEntity
 67
1
  8
G-ANNO-LEGN
100
AcDbText
 10
75.0
 20
173.0
 30
0.0
 40
1.8
  1
UTIL-MH-STM
  7
BR-STD
 11
75.0
 21
173.0
 31
0.0
100
AcDbText
 73
2
  0
INSERT
  5
1F8
330
1B6
100
AcDbEntity
 67
1
  8
G-ANNO-LEGN
100
AcDbBlockReference
  2
UTIL-CB
 10
115.0
 20
173.0
 30
0.0
  0
TEXT
  5
1FA
330
1B6
100
AcDbEntity
 67
1
  8
G-ANNO-LEGN
100
AcDbText
 10
120.0
 20
173.0
 30
0.0
 40
1.8
  1
UTIL-CB
  7
BR-STD
 11
120.0
 21
173.0
 31
0.0
100
AcDbText
 73
2
  0
INSERT
  5
1FB
330
1B6
100
AcDbEntity
 67
1
  8
G-ANNO-LEGN
100
AcDbBlockReference
  2
UTIL-IRR
 10
25.0
 20
161.0
 30
0.0
  0
TEXT
  5
1FD
330
1B6
100
AcDbEntity
 67
1
  8
G-ANNO-LEGN
100
AcDbText
 10
30.0
 20
161.0
 30
0.0
 40
1.8
  1
UTIL-IRR
  7
BR-STD
 11
30.0
 21
161.0
 31
0.0
100
AcDbText
 73
2
  0
INSERT
  5
1FE
330
1B6
100
AcDbEntity
 67
1
  8
G-ANNO-LEGN
100
AcDbBlockReference
  2
NORTH-ARROW
 10
70.0
 20
161.0
 30
0.0
 41
0.35
 42
0.35
  0
TEXT
  5
200
330
1B6
100
AcDbEntity
 67
1
  8
G-ANNO-LEGN
100
AcDbText
 10
75.0
 20
161.0
 30
0.0
 40
1.8
  1
NORTH-ARROW
  7
BR-STD
 11
75.0
 21
161.0
 31
0.0
100
AcDbText
 73
2
  0
LINE
  5
201
330
1B6
100
AcDbEntity
 67
1
  8
V-CTRL
100
AcDbLine
 10
170.0
 20
250.0
 30
0.0
 11
188.0
 21
250.0
 31
0.0
  0
TEXT
  5
202
330
1B6
100
AcDbEntity
 67
1
  8
G-ANNO-LEGN
100
AcDbText
 10
191.0
 20
250.0
 30
0.0
 40
1.6
  1
V-CTRL  (0.35)
  7
BR-STD
 11
191.0
 21
250.0
 31
0.0
100
AcDbText
 73
2
  0
LINE
  5
203
330
1B6
100
AcDbEntity
 67
1
  8
V-CTRL-TEXT
100
AcDbLine
 10
170.0
 20
240.5
 30
0.0
 11
188.0
 21
240.5
 31
0.0
  0
TEXT
  5
204
330
1B6
100
AcDbEntity
 67
1
  8
G-ANNO-LEGN
100
AcDbText
 10
191.0
 20
240.5
 30
0.0
 40
1.6
  1
V-CTRL-TEXT  (0.18)
  7
BR-STD
 11
191.0
 21
240.5
 31
0.0
100
AcDbText
 73
2
  0
LINE
  5
205
330
1B6
100
AcDbEntity
 67
1
  8
V-TOPO-GS
100
AcDbLine
 10
170.0
 20
231.0
 30
0.0
 11
188.0
 21
231.0
 31
0.0
  0
TEXT
  5
206
330
1B6
100
AcDbEntity
 67
1
  8
G-ANNO-LEGN
100
AcDbText
 10
191.0
 20
231.0
 30
0.0
 40
1.6
  1
V-TOPO-GS  (0.13)
  7
BR-STD
 11
191.0
 21
231.0
 31
0.0
100
AcDbText
 73
2
  0
LINE
  5
207
330
1B6
100
AcDbEntity
 67
1
  8
V-TOPO-SPOT
100
AcDbLine
 10
170.0
 20
221.5
 30
0.0
 11
188.0
 21
221.5
 31
0.0
  0
TEXT
  5
208
330
1B6
100
AcDbEntity
 67
1
  8
G-ANNO-LEGN
100
AcDbText
 10
191.0
 20
221.5
 30
0.0
 40
1.6
  1
V-TOPO-SPOT  (0.13)
  7
BR-STD
 11
191.0
 21
221.5
 31
0.0
100
AcDbText
 73
2
  0
LINE
  5
209
330
1B6
100
AcDbEntity
 67
1
  8
V-TOPO-MAJR
100
AcDbLine
 10
170.0
 20
212.0
 30
0.0
 11
188.0
 21
212.0
 31
0.0
  0
TEXT
  5
20A
330
1B6
100
AcDbEntity
 67
1
  8
G-ANNO-LEGN
100
AcDbText
 10
191.0
 20
212.0
 30
0.0
 40
1.6
  1
V-TOPO-MAJR  (0.35)
  7
BR-STD
 11
191.0
 21
212.0
 31
0.0
100
AcDbText
 73
2
  0
LINE
  5
20B
330
1B6
100
AcDbEntity
 67
1
  8
V-TOPO-MINR
100
AcDbLine
 10
170.0
 20
202.5
 30
0.0
 11
188.0
 21
202.5
 31
0.0
  0
TEXT
  5
20C
330
1B6
100
AcDbEntity
 67
1
  8
G-ANNO-LEGN
100
AcDbText
 10
191.0
 20
202.5
 30
0.0
 40
1.6
  1
V-TOPO-MINR  (0.13)
  7
BR-STD
 11
191.0
 21
202.5
 31
0.0
100
AcDbText
 73
2
  0
LINE
  5
20D
330
1B6
100
AcDbEntity
 67
1
  8
V-TOPO-CTXT
100
AcDbLine
 10
170.0
 20
193.0
 30
0.0
 11
188.0
 21
193.0
 31
0.0
  0
TEXT
  5
20E
330
1B6
100
AcDbEntity
 67
1
  8
G-ANNO-LEGN
100
AcDbText
 10
191.0
 20
193.0
 30
0.0
 40
1.6
  1
V-TOPO-CTXT  (0.18)
  7
BR-STD
 11
191.0
 21
193.0
 31
0.0
100
AcDbText
 73
2
  0
LINE
  5
20F
330
1B6
100
AcDbEntity
 67
1
  8
V-TOPO-LIMIT
100
AcDbLine
 10
170.0
 20
183.5
 30
0.0
 11
188.0
 21
183.5
 31
0.0
  0
TEXT
  5
210
330
1B6
100
AcDbEntity
 67
1
  8
G-ANNO-LEGN
100
AcDbText
 10
191.0
 20
183.5
 30
0.0
 40
1.6
  1
V-TOPO-LIMIT  (0.35)
  7
BR-STD
 11
191.0
 21
183.5
 31
0.0
100
AcDbText
 73
2
  0
LINE
  5
211
330
1B6
100
AcDbEntity
 67
1
  8
V-TOPO-BRK
100
AcDbLine
 10
170.0
 20
174.0
 30
0.0
 11
188.0
 21
174.0
 31
0.0
  0
TEXT
  5
212
330
1B6
100
AcDbEntity
 67
1
  8
G-ANNO-LEGN
100
AcDbText
 10
191.0
 20
174.0
 30
0.0
 40
1.6
  1
V-TOPO-BRK  (0.13)
  7
BR-STD
 11
191.0
 21
174.0
 31
0.0
100
AcDbText
 73
2
  0
LINE
  5
213
330
1B6
100
AcDbEntity
 67
1
  8
V-TOPO-SLOPE
100
AcDbLine
 10
170.0
 20
164.5
 30
0.0
 11
188.0
 21
164.5
 31
0.0
  0
TEXT
  5
214
330
1B6
100
AcDbEntity
 67
1
  8
G-ANNO-LEGN
100
AcDbText
 10
191.0
 20
164.5
 30
0.0
 40
1.6
  1
V-TOPO-SLOPE  (0.25)
  7
BR-STD
 11
191.0
 21
164.5
 31
0.0
100
AcDbText
 73
2
  0
LINE
  5
215
330
1B6
100
AcDbEntity
 67
1
  8
V-TOPO-DRAIN
100
AcDbLine
 10
170.0
 20
155.0
 30
0.0
 11
188.0
 21
155.0
 31
0.0
  0
TEXT
  5
216
330
1B6
100
AcDbEntity
 67
1
  8
G-ANNO-LEGN
100
AcDbText
 10
191.0
 20
155.0
 30
0.0
 40
1.6
  1
V-TOPO-DRAIN  (0.25)
  7
BR-STD
 11
191.0
 21
155.0
 31
0.0
100
AcDbText
 73
2
  0
LINE
  5
217
330
1B6
100
AcDbEntity
 67
1
  8
V-ROAD-CL
100
AcDbLine
 10
170.0
 20
145.5
 30
0.0
 11
188.0
 21
145.5
 31
0.0
  0
TEXT
  5
218
330
1B6
100
AcDbEntity
 67
1
  8
G-ANNO-LEGN
100
AcDbText
 10
191.0
 20
145.5
 30
0.0
 40
1.6
  1
V-ROAD-CL  (0.18)
  7
BR-STD
 11
191.0
 21
145.5
 31
0.0
100
AcDbText
 73
2
  0
LINE
  5
219
330
1B6
100
AcDbEntity
 67
1
  8
V-ROAD-EP
100
AcDbLine
 10
170.0
 20
136.0
 30
0.0
 11
188.0
 21
136.0
 31
0.0
  0
TEXT
  5
21A
330
1B6
100
AcDbEntity
 67
1
  8
G-ANNO-LEGN
100
AcDbText
 10
191.0
 20
136.0
 30
0.0
 40
1.6
  1
V-ROAD-EP  (0.35)
  7
BR-STD
 11
191.0
 21
136.0
 31
0.0
100
AcDbText
 73
2
  0
LINE
  5
21B
330
1B6
100
AcDbEntity
 67
1
  8
V-ROAD-CURB
100
AcDbLine
 10
170.0
 20
126.5
 30
0.0
 11
188.0
 21
126.5
 31
0.0
  0
TEXT
  5
21C
330
1B6
100
AcDbEntity
 67
1
  8
G-ANNO-LEGN
100
AcDbText
 10
191.0
 20
126.5
 30
0.0
 40
1.6
  1
V-ROAD-CURB  (0.25)
  7
BR-STD
 11
191.0
 21
126.5
 31
0.0
100
AcDbText
 73
2
  0
LINE
  5
21D
330
1B6
100
AcDbEntity
 67
1
  8
V-ROAD-SW
100
AcDbLine
 10
170.0
 20
117.0
 30
0.0
 11
188.0
 21
117.0
 31
0.0
  0
TEXT
  5
21E
330
1B6
100
AcDbEntity
 67
1
  8
G-ANNO-LEGN
100
AcDbText
 10
191.0
 20
117.0
 30
0.0
 40
1.6
  1
V-ROAD-SW  (0.25)
  7
BR-STD
 11
191.0
 21
117.0
 31
0.0
100
AcDbText
 73
2
  0
LINE
  5
21F
330
1B6
100
AcDbEntity
 67
1
  8
V-ROAD-DW
100
AcDbLine
 10
170.0
 20
107.5
 30
0.0
 11
188.0
 21
107.5
 31
0.0
  0
TEXT
  5
220
330
1B6
100
AcDbEntity
 67
1
  8
G-ANNO-LEGN
100
AcDbText
 10
191.0
 20
107.5
 30
0.0
 40
1.6
  1
V-ROAD-DW  (0.18)
  7
BR-STD
 11
191.0
 21
107.5
 31
0.0
100
AcDbText
 73
2
  0
LINE
  5
221
330
1B6
100
AcDbEntity
 67
1
  8
V-ROAD-LANE
100
AcDbLine
 10
170.0
 20
98.0
 30
0.0
 11
188.0
 21
98.0
 31
0.0
  0
TEXT
  5
222
330
1B6
100
AcDbEntity
 67
1
  8
G-ANNO-LEGN
100
AcDbText
 10
191.0
 20
98.0
 30
0.0
 40
1.6
  1
V-ROAD-LANE  (0.18)
  7
BR-STD
 11
191.0
 21
98.0
 31
0.0
100
AcDbText
 73
2
  0
LINE
  5
223
330
1B6
100
AcDbEntity
 67
1
  8
V-SITE-PATH
100
AcDbLine
 10
170.0
 20
88.5
 30
0.0
 11
188.0
 21
88.5
 31
0.0
  0
TEXT
  5
224
330
1B6
100
AcDbEntity
 67
1
  8
G-ANNO-LEGN
100
AcDbText
 10
191.0
 20
88.5
 30
0.0
 40
1.6
  1
V-SITE-PATH  (0.25)
  7
BR-STD
 11
191.0
 21
88.5
 31
0.0
100
AcDbText
 73
2
  0
LINE
  5
225
330
1B6
100
AcDbEntity
 67
1
  8
V-SITE-HARD
100
AcDbLine
 10
170.0
 20
79.0
 30
0.0
 11
188.0
 21
79.0
 31
0.0
  0
TEXT
  5
226
330
1B6
100
AcDbEntity
 67
1
  8
G-ANNO-LEGN
100
AcDbText
 10
191.0
 20
79.0
 30
0.0
 40
1.6
  1
V-SITE-HARD  (0.18)
  7
BR-STD
 11
191.0
 21
79.0
 31
0.0
100
AcDbText
 73
2
  0
LINE
  5
227
330
1B6
100
AcDbEntity
 67
1
  8
V-SITE-WALL
100
AcDbLine
 10
170.0
 20
69.5
 30
0.0
 11
188.0
 21
69.5
 31
0.0
  0
TEXT
  5
228
330
1B6
100
AcDbEntity
 67
1
  8
G-ANNO-LEGN
100
AcDbText
 10
191.0
 20
69.5
 30
0.0
 40
1.6
  1
V-SITE-WALL  (0.35)
  7
BR-STD
 11
191.0
 21
69.5
 31
0.0
100
AcDbText
 73
2
  0
LINE
  5
229
330
1B6
100
AcDbEntity
 67
1
  8
V-SITE-FENCE
100
AcDbLine
 10
170.0
 20
60.0
 30
0.0
 11
188.0
 21
60.0
 31
0.0
  0
TEXT
  5
22A
330
1B6
100
AcDbEntity
 67
1
  8
G-ANNO-LEGN
100
AcDbText
 10
191.0
 20
60.0
 30
0.0
 40
1.6
  1
V-SITE-FENCE  (0.18)
  7
BR-STD
 11
191.0
 21
60.0
 31
0.0
100
AcDbText
 73
2
  0
LINE
  5
22B
330
1B6
100
AcDbEntity
 67
1
  8
V-SITE-PLAY
100
AcDbLine
 10
170.0
 20
50.5
 30
0.0
 11
188.0
 21
50.5
 31
0.0
  0
TEXT
  5
22C
330
1B6
100
AcDbEntity
 67
1
  8
G-ANNO-LEGN
100
AcDbText
 10
191.0
 20
50.5
 30
0.0
 40
1.6
  1
V-SITE-PLAY  (0.18)
  7
BR-STD
 11
191.0
 21
50.5
 31
0.0
100
AcDbText
 73
2
  0
LINE
  5
22D
330
1B6
100
AcDbEntity
 67
1
  8
V-SITE-COURT
100
AcDbLine
 10
170.0
 20
41.0
 30
0.0
 11
188.0
 21
41.0
 31
0.0
  0
TEXT
  5
22E
330
1B6
100
AcDbEntity
 67
1
  8
G-ANNO-LEGN
100
AcDbText
 10
191.0
 20
41.0
 30
0.0
 40
1.6
  1
V-SITE-COURT  (0.18)
  7
BR-STD
 11
191.0
 21
41.0
 31
0.0
100
AcDbText
 73
2
  0
LINE
  5
22F
330
1B6
100
AcDbEntity
 67
1
  8
V-SITE-FIELD
100
AcDbLine
 10
170.0
 20
31.5
 30
0.0
 11
188.0
 21
31.5
 31
0.0
  0
TEXT
  5
230
330
1B6
100
AcDbEntity
 67
1
  8
G-ANNO-LEGN
100
AcDbText
 10
191.0
 20
31.5
 30
0.0
 40
1.6
  1
V-SITE-FIELD  (0.18)
  7
BR-STD
 11
191.0
 21
31.5
 31
0.0
100
AcDbText
 73
2
  0
LINE
  5
231
330
1B6
100
AcDbEntity
 67
1
  8
V-SITE-FURN
100
AcDbLine
 10
170.0
 20
22.0
 30
0.0
 11
188.0
 21
22.0
 31
0.0
  0
TEXT
  5
232
330
1B6
100
AcDbEntity
 67
1
  8
G-ANNO-LEGN
100
AcDbText
 10
191.0
 20
22.0
 30
0.0
 40
1.6
  1
V-SITE-FURN  (0.18)
  7
BR-STD
 11
191.0
 21
22.0
 31
0.0
100
AcDbText
 73
2
  0
LINE
  5
233
330
1B6
100
AcDbEntity
 67
1
  8
V-SITE-SIGN
100
AcDbLine
 10
258.0
 20
250.0
 30
0.0
 11
276.0
 21
250.0
 31
0.0
  0
TEXT
  5
234
330
1B6
100
AcDbEntity
 67
1
  8
G-ANNO-LEGN
100
AcDbText
 10
279.0
 20
250.0
 30
0.0
 40
1.6
  1
V-SITE-SIGN  (0.18)
  7
BR-STD
 11
279.0
 21
250.0
 31
0.0
100
AcDbText
 73
2
  0
LINE
  5
235
330
1B6
100
AcDbEntity
 67
1
  8
V-BLDG
100
AcDbLine
 10
258.0
 20
240.5
 30
0.0
 11
276.0
 21
240.5
 31
0.0
  0
TEXT
  5
236
330
1B6
100
AcDbEntity
 67
1
  8
G-ANNO-LEGN
100
AcDbText
 10
279.0
 20
240.5
 30
0.0
 40
1.6
  1
V-BLDG  (0.50)
  7
BR-STD
 11
279.0
 21
240.5
 31
0.0
100
AcDbText
 73
2
  0
LINE
  5
237
330
1B6
100
AcDbEntity
 67
1
  8
V-BLDG-MISC
100
AcDbLine
 10
258.0
 20
231.0
 30
0.0
 11
276.0
 21
231.0
 31
0.0
  0
TEXT
  5
238
330
1B6
100
AcDbEntity
 67
1
  8
G-ANNO-LEGN
100
AcDbText
 10
279.0
 20
231.0
 30
0.0
 40
1.6
  1
V-BLDG-MISC  (0.18)
  7
BR-STD
 11
279.0
 21
231.0
 31
0.0
100
AcDbText
 73
2
  0
LINE
  5
239
330
1B6
100
AcDbEntity
 67
1
  8
V-VEG-TREE
100
AcDbLine
 10
258.0
 20
221.5
 30
0.0
 11
276.0
 21
221.5
 31
0.0
  0
TEXT
  5
23A
330
1B6
100
AcDbEntity
 67
1
  8
G-ANNO-LEGN
100
AcDbText
 10
279.0
 20
221.5
 30
0.0
 40
1.6
  1
V-VEG-TREE  (0.18)
  7
BR-STD
 11
279.0
 21
221.5
 31
0.0
100
AcDbText
 73
2
  0
LINE
  5
23B
330
1B6
100
AcDbEntity
 67
1
  8
V-VEG-CANOPY
100
AcDbLine
 10
258.0
 20
212.0
 30
0.0
 11
276.0
 21
212.0
 31
0.0
  0
TEXT
  5
23C
330
1B6
100
AcDbEntity
 67
1
  8
G-ANNO-LEGN
100
AcDbText
 10
279.0
 20
212.0
 30
0.0
 40
1.6
  1
V-VEG-CANOPY  (0.13)
  7
BR-STD
 11
279.0
 21
212.0
 31
0.0
100
AcDbText
 73
2
  0
LINE
  5
23D
330
1B6
100
AcDbEntity
 67
1
  8
V-VEG-SHRUB
100
AcDbLine
 10
258.0
 20
202.5
 30
0.0
 11
276.0
 21
202.5
 31
0.0
  0
TEXT
  5
23E
330
1B6
100
AcDbEntity
 67
1
  8
G-ANNO-LEGN
100
AcDbText
 10
279.0
 20
202.5
 30
0.0
 40
1.6
  1
V-VEG-SHRUB  (0.13)
  7
BR-STD
 11
279.0
 21
202.5
 31
0.0
100
AcDbText
 73
2
  0
LINE
  5
23F
330
1B6
100
AcDbEntity
 67
1
  8
V-VEG-HEDGE
100
AcDbLine
 10
258.0
 20
193.0
 30
0.0
 11
276.0
 21
193.0
 31
0.0
  0
TEXT
  5
240
330
1B6
100
AcDbEntity
 67
1
  8
G-ANNO-LEGN
100
AcDbText
 10
279.0
 20
193.0
 30
0.0
 40
1.6
  1
V-VEG-HEDGE  (0.18)
  7
BR-STD
 11
279.0
 21
193.0
 31
0.0
100
AcDbText
 73
2
  0
LINE
  5
241
330
1B6
100
AcDbEntity
 67
1
  8
V-VEG-BED
100
AcDbLine
 10
258.0
 20
183.5
 30
0.0
 11
276.0
 21
183.5
 31
0.0
  0
TEXT
  5
242
330
1B6
100
AcDbEntity
 67
1
  8
G-ANNO-LEGN
100
AcDbText
 10
279.0
 20
183.5
 30
0.0
 40
1.6
  1
V-VEG-BED  (0.18)
  7
BR-STD
 11
279.0
 21
183.5
 31
0.0
100
AcDbText
 73
2
  0
LINE
  5
243
330
1B6
100
AcDbEntity
 67
1
  8
V-VEG-TL
100
AcDbLine
 10
258.0
 20
174.0
 30
0.0
 11
276.0
 21
174.0
 31
0.0
  0
TEXT
  5
244
330
1B6
100
AcDbEntity
 67
1
  8
G-ANNO-LEGN
100
AcDbText
 10
279.0
 20
174.0
 30
0.0
 40
1.6
  1
V-VEG-TL  (0.18)
  7
BR-STD
 11
279.0
 21
174.0
 31
0.0
100
AcDbText
 73
2
  0
LINE
  5
245
330
1B6
100
AcDbEntity
 67
1
  8
V-UTIL-ELEC
100
AcDbLine
 10
258.0
 20
164.5
 30
0.0
 11
276.0
 21
164.5
 31
0.0
  0
TEXT
  5
246
330
1B6
100
AcDbEntity
 67
1
  8
G-ANNO-LEGN
100
AcDbText
 10
279.0
 20
164.5
 30
0.0
 40
1.6
  1
V-UTIL-ELEC  (0.18)
  7
BR-STD
 11
279.0
 21
164.5
 31
0.0
100
AcDbText
 73
2
  0
LINE
  5
247
330
1B6
100
AcDbEntity
 67
1
  8
V-UTIL-ELEC-OH
100
AcDbLine
 10
258.0
 20
155.0
 30
0.0
 11
276.0
 21
155.0
 31
0.0
  0
TEXT
  5
248
330
1B6
100
AcDbEntity
 67
1
  8
G-ANNO-LEGN
100
AcDbText
 10
279.0
 20
155.0
 30
0.0
 40
1.6
  1
V-UTIL-ELEC-OH  (0.18)
  7
BR-STD
 11
279.0
 21
155.0
 31
0.0
100
AcDbText
 73
2
  0
LINE
  5
249
330
1B6
100
AcDbEntity
 67
1
  8
V-UTIL-COMM
100
AcDbLine
 10
258.0
 20
145.5
 30
0.0
 11
276.0
 21
145.5
 31
0.0
  0
TEXT
  5
24A
330
1B6
100
AcDbEntity
 67
1
  8
G-ANNO-LEGN
100
AcDbText
 10
279.0
 20
145.5
 30
0.0
 40
1.6
  1
V-UTIL-COMM  (0.18)
  7
BR-STD
 11
279.0
 21
145.5
 31
0.0
100
AcDbText
 73
2
  0
LINE
  5
24B
330
1B6
100
AcDbEntity
 67
1
  8
V-UTIL-WATER
100
AcDbLine
 10
258.0
 20
136.0
 30
0.0
 11
276.0
 21
136.0
 31
0.0
  0
TEXT
  5
24C
330
1B6
100
AcDbEntity
 67
1
  8
G-ANNO-LEGN
100
AcDbText
 10
279.0
 20
136.0
 30
0.0
 40
1.6
  1
V-UTIL-WATER  (0.18)
  7
BR-STD
 11
279.0
 21
136.0
 31
0.0
100
AcDbText
 73
2
  0
LINE
  5
24D
330
1B6
100
AcDbEntity
 67
1
  8
V-UTIL-SAN
100
AcDbLine
 10
258.0
 20
126.5
 30
0.0
 11
276.0
 21
126.5
 31
0.0
  0
TEXT
  5
24E
330
1B6
100
AcDbEntity
 67
1
  8
G-ANNO-LEGN
100
AcDbText
 10
279.0
 20
126.5
 30
0.0
 40
1.6
  1
V-UTIL-SAN  (0.18)
  7
BR-STD
 11
279.0
 21
126.5
 31
0.0
100
AcDbText
 73
2
  0
LINE
  5
24F
330
1B6
100
AcDbEntity
 67
1
  8
V-UTIL-STM
100
AcDbLine
 10
258.0
 20
117.0
 30
0.0
 11
276.0
 21
117.0
 31
0.0
  0
TEXT
  5
250
330
1B6
100
AcDbEntity
 67
1
  8
G-ANNO-LEGN
100
AcDbText
 10
279.0
 20
117.0
 30
0.0
 40
1.6
  1
V-UTIL-STM  (0.18)
  7
BR-STD
 11
279.0
 21
117.0
 31
0.0
100
AcDbText
 73
2
  0
LINE
  5
251
330
1B6
100
AcDbEntity
 67
1
  8
V-UTIL-IRR
100
AcDbLine
 10
258.0
 20
107.5
 30
0.0
 11
276.0
 21
107.5
 31
0.0
  0
TEXT
  5
252
330
1B6
100
AcDbEntity
 67
1
  8
G-ANNO-LEGN
100
AcDbText
 10
279.0
 20
107.5
 30
0.0
 40
1.6
  1
V-UTIL-IRR  (0.13)
  7
BR-STD
 11
279.0
 21
107.5
 31
0.0
100
AcDbText
 73
2
  0
LINE
  5
253
330
1B6
100
AcDbEntity
 67
1
  8
V-UTIL-MARK
100
AcDbLine
 10
258.0
 20
98.0
 30
0.0
 11
276.0
 21
98.0
 31
0.0
  0
TEXT
  5
254
330
1B6
100
AcDbEntity
 67
1
  8
G-ANNO-LEGN
100
AcDbText
 10
279.0
 20
98.0
 30
0.0
 40
1.6
  1
V-UTIL-MARK  (0.13)
  7
BR-STD
 11
279.0
 21
98.0
 31
0.0
100
AcDbText
 73
2
  0
LINE
  5
255
330
1B6
100
AcDbEntity
 67
1
  8
V-PROP-LINE
100
AcDbLine
 10
258.0
 20
88.5
 30
0.0
 11
276.0
 21
88.5
 31
0.0
  0
TEXT
  5
256
330
1B6
100
AcDbEntity
 67
1
  8
G-ANNO-LEGN
100
AcDbText
 10
279.0
 20
88.5
 30
0.0
 40
1.6
  1
V-PROP-LINE  (0.50)
  7
BR-STD
 11
279.0
 21
88.5
 31
0.0
100
AcDbText
 73
2
  0
LINE
  5
257
330
1B6
100
AcDbEntity
 67
1
  8
V-PROP-TEXT
100
AcDbLine
 10
258.0
 20
79.0
 30
0.0
 11
276.0
 21
79.0
 31
0.0
  0
TEXT
  5
258
330
1B6
100
AcDbEntity
 67
1
  8
G-ANNO-LEGN
100
AcDbText
 10
279.0
 20
79.0
 30
0.0
 40
1.6
  1
V-PROP-TEXT  (0.18)
  7
BR-STD
 11
279.0
 21
79.0
 31
0.0
100
AcDbText
 73
2
  0
LINE
  5
259
330
1B6
100
AcDbEntity
 67
1
  8
V-PROP-SETBACK
100
AcDbLine
 10
258.0
 20
69.5
 30
0.0
 11
276.0
 21
69.5
 31
0.0
  0
TEXT
  5
25A
330
1B6
100
AcDbEntity
 67
1
  8
G-ANNO-LEGN
100
AcDbText
 10
279.0
 20
69.5
 30
0.0
 40
1.6
  1
V-PROP-SETBACK  (0.18)
  7
BR-STD
 11
279.0
 21
69.5
 31
0.0
100
AcDbText
 73
2
  0
LINE
  5
25B
330
1B6
100
AcDbEntity
 67
1
  8
V-ANNO-DIMS
100
AcDbLine
 10
258.0
 20
60.0
 30
0.0
 11
276.0
 21
60.0
 31
0.0
  0
TEXT
  5
25C
330
1B6
100
AcDbEntity
 67
1
  8
G-ANNO-LEGN
100
AcDbText
 10
279.0
 20
60.0
 30
0.0
 40
1.6
  1
V-ANNO-DIMS  (0.18)
  7
BR-STD
 11
279.0
 21
60.0
 31
0.0
100
AcDbText
 73
2
  0
LINE
  5
25D
330
1B6
100
AcDbEntity
 67
1
  8
V-ANNO-TEXT
100
AcDbLine
 10
258.0
 20
50.5
 30
0.0
 11
276.0
 21
50.5
 31
0.0
  0
TEXT
  5
25E
330
1B6
100
AcDbEntity
 67
1
  8
G-ANNO-LEGN
100
AcDbText
 10
279.0
 20
50.5
 30
0.0
 40
1.6
  1
V-ANNO-TEXT  (0.18)
  7
BR-STD
 11
279.0
 21
50.5
 31
0.0
100
AcDbText
 73
2
  0
LINE
  5
25F
330
1B6
100
AcDbEntity
 67
1
  8
L-SITE-LIMIT
100
AcDbLine
 10
258.0
 20
41.0
 30
0.0
 11
276.0
 21
41.0
 31
0.0
  0
TEXT
  5
260
330
1B6
100
AcDbEntity
 67
1
  8
G-ANNO-LEGN
100
AcDbText
 10
279.0
 20
41.0
 30
0.0
 40
1.6
  1
L-SITE-LIMIT  (0.50)
  7
BR-STD
 11
279.0
 21
41.0
 31
0.0
100
AcDbText
 73
2
  0
LINE
  5
261
330
1B6
100
AcDbEntity
 67
1
  8
L-HARD-PAVE
100
AcDbLine
 10
258.0
 20
31.5
 30
0.0
 11
276.0
 21
31.5
 31
0.0
  0
TEXT
  5
262
330
1B6
100
AcDbEntity
 67
1
  8
G-ANNO-LEGN
100
AcDbText
 10
279.0
 20
31.5
 30
0.0
 40
1.6
  1
L-HARD-PAVE  (0.35)
  7
BR-STD
 11
279.0
 21
31.5
 31
0.0
100
AcDbText
 73
2
  0
LINE
  5
263
330
1B6
100
AcDbEntity
 67
1
  8
L-HARD-PATT
100
AcDbLine
 10
258.0
 20
22.0
 30
0.0
 11
276.0
 21
22.0
 31
0.0
  0
TEXT
  5
264
330
1B6
100
AcDbEntity
 67
1
  8
G-ANNO-LEGN
100
AcDbText
 10
279.0
 20
22.0
 30
0.0
 40
1.6
  1
L-HARD-PATT  (0.13)
  7
BR-STD
 11
279.0
 21
22.0
 31
0.0
100
AcDbText
 73
2
  0
LINE
  5
265
330
1B6
100
AcDbEntity
 67
1
  8
L-HARD-WALL
100
AcDbLine
 10
346.0
 20
250.0
 30
0.0
 11
364.0
 21
250.0
 31
0.0
  0
TEXT
  5
266
330
1B6
100
AcDbEntity
 67
1
  8
G-ANNO-LEGN
100
AcDbText
 10
367.0
 20
250.0
 30
0.0
 40
1.6
  1
L-HARD-WALL  (0.50)
  7
BR-STD
 11
367.0
 21
250.0
 31
0.0
100
AcDbText
 73
2
  0
LINE
  5
267
330
1B6
100
AcDbEntity
 67
1
  8
L-SITE-FURN
100
AcDbLine
 10
346.0
 20
240.5
 30
0.0
 11
364.0
 21
240.5
 31
0.0
  0
TEXT
  5
268
330
1B6
100
AcDbEntity
 67
1
  8
G-ANNO-LEGN
100
AcDbText
 10
367.0
 20
240.5
 30
0.0
 40
1.6
  1
L-SITE-FURN  (0.25)
  7
BR-STD
 11
367.0
 21
240.5
 31
0.0
100
AcDbText
 73
2
  0
LINE
  5
269
330
1B6
100
AcDbEntity
 67
1
  8
L-GRAD-CONT
100
AcDbLine
 10
346.0
 20
231.0
 30
0.0
 11
364.0
 21
231.0
 31
0.0
  0
TEXT
  5
26A
330
1B6
100
AcDbEntity
 67
1
  8
G-ANNO-LEGN
100
AcDbText
 10
367.0
 20
231.0
 30
0.0
 40
1.6
  1
L-GRAD-CONT  (0.25)
  7
BR-STD
 11
367.0
 21
231.0
 31
0.0
100
AcDbText
 73
2
  0
LINE
  5
26B
330
1B6
100
AcDbEntity
 67
1
  8
L-GRAD-SPOT
100
AcDbLine
 10
346.0
 20
221.5
 30
0.0
 11
364.0
 21
221.5
 31
0.0
  0
TEXT
  5
26C
330
1B6
100
AcDbEntity
 67
1
  8
G-ANNO-LEGN
100
AcDbText
 10
367.0
 20
221.5
 30
0.0
 40
1.6
  1
L-GRAD-SPOT  (0.18)
  7
BR-STD
 11
367.0
 21
221.5
 31
0.0
100
AcDbText
 73
2
  0
LINE
  5
26D
330
1B6
100
AcDbEntity
 67
1
  8
L-GRAD-SLOPE
100
AcDbLine
 10
346.0
 20
212.0
 30
0.0
 11
364.0
 21
212.0
 31
0.0
  0
TEXT
  5
26E
330
1B6
100
AcDbEntity
 67
1
  8
G-ANNO-LEGN
100
AcDbText
 10
367.0
 20
212.0
 30
0.0
 40
1.6
  1
L-GRAD-SLOPE  (0.18)
  7
BR-STD
 11
367.0
 21
212.0
 31
0.0
100
AcDbText
 73
2
  0
LINE
  5
26F
330
1B6
100
AcDbEntity
 67
1
  8
L-GRAD-DRAIN
100
AcDbLine
 10
346.0
 20
202.5
 30
0.0
 11
364.0
 21
202.5
 31
0.0
  0
TEXT
  5
270
330
1B6
100
AcDbEntity
 67
1
  8
G-ANNO-LEGN
100
AcDbText
 10
367.0
 20
202.5
 30
0.0
 40
1.6
  1
L-GRAD-DRAIN  (0.25)
  7
BR-STD
 11
367.0
 21
202.5
 31
0.0
100
AcDbText
 73
2
  0
LINE
  5
271
330
1B6
100
AcDbEntity
 67
1
  8
L-PLNT-TREE
100
AcDbLine
 10
346.0
 20
193.0
 30
0.0
 11
364.0
 21
193.0
 31
0.0
  0
TEXT
  5
272
330
1B6
100
AcDbEntity
 67
1
  8
G-ANNO-LEGN
100
AcDbText
 10
367.0
 20
193.0
 30
0.0
 40
1.6
  1
L-PLNT-TREE  (0.35)
  7
BR-STD
 11
367.0
 21
193.0
 31
0.0
100
AcDbText
 73
2
  0
LINE
  5
273
330
1B6
100
AcDbEntity
 67
1
  8
L-PLNT-SHRB
100
AcDbLine
 10
346.0
 20
183.5
 30
0.0
 11
364.0
 21
183.5
 31
0.0
  0
TEXT
  5
274
330
1B6
100
AcDbEntity
 67
1
  8
G-ANNO-LEGN
100
AcDbText
 10
367.0
 20
183.5
 30
0.0
 40
1.6
  1
L-PLNT-SHRB  (0.25)
  7
BR-STD
 11
367.0
 21
183.5
 31
0.0
100
AcDbText
 73
2
  0
LINE
  5
275
330
1B6
100
AcDbEntity
 67
1
  8
L-PLNT-GRND
100
AcDbLine
 10
346.0
 20
174.0
 30
0.0
 11
364.0
 21
174.0
 31
0.0
  0
TEXT
  5
276
330
1B6
100
AcDbEntity
 67
1
  8
G-ANNO-LEGN
100
AcDbText
 10
367.0
 20
174.0
 30
0.0
 40
1.6
  1
L-PLNT-GRND  (0.13)
  7
BR-STD
 11
367.0
 21
174.0
 31
0.0
100
AcDbText
 73
2
  0
LINE
  5
277
330
1B6
100
AcDbEntity
 67
1
  8
L-PLNT-PROT
100
AcDbLine
 10
346.0
 20
164.5
 30
0.0
 11
364.0
 21
164.5
 31
0.0
  0
TEXT
  5
278
330
1B6
100
AcDbEntity
 67
1
  8
G-ANNO-LEGN
100
AcDbText
 10
367.0
 20
164.5
 30
0.0
 40
1.6
  1
L-PLNT-PROT  (0.35)
  7
BR-STD
 11
367.0
 21
164.5
 31
0.0
100
AcDbText
 73
2
  0
LINE
  5
279
330
1B6
100
AcDbEntity
 67
1
  8
L-PLNT-REMV
100
AcDbLine
 10
346.0
 20
155.0
 30
0.0
 11
364.0
 21
155.0
 31
0.0
  0
TEXT
  5
27A
330
1B6
100
AcDbEntity
 67
1
  8
G-ANNO-LEGN
100
AcDbText
 10
367.0
 20
155.0
 30
0.0
 40
1.6
  1
L-PLNT-REMV  (0.25)
  7
BR-STD
 11
367.0
 21
155.0
 31
0.0
100
AcDbText
 73
2
  0
LINE
  5
27B
330
1B6
100
AcDbEntity
 67
1
  8
L-PLNT-TEXT
100
AcDbLine
 10
346.0
 20
145.5
 30
0.0
 11
364.0
 21
145.5
 31
0.0
  0
TEXT
  5
27C
330
1B6
100
AcDbEntity
 67
1
  8
G-ANNO-LEGN
100
AcDbText
 10
367.0
 20
145.5
 30
0.0
 40
1.6
  1
L-PLNT-TEXT  (0.18)
  7
BR-STD
 11
367.0
 21
145.5
 31
0.0
100
AcDbText
 73
2
  0
LINE
  5
27D
330
1B6
100
AcDbEntity
 67
1
  8
L-IRRG
100
AcDbLine
 10
346.0
 20
136.0
 30
0.0
 11
364.0
 21
136.0
 31
0.0
  0
TEXT
  5
27E
330
1B6
100
AcDbEntity
 67
1
  8
G-ANNO-LEGN
100
AcDbText
 10
367.0
 20
136.0
 30
0.0
 40
1.6
  1
L-IRRG  (0.18)
  7
BR-STD
 11
367.0
 21
136.0
 31
0.0
100
AcDbText
 73
2
  0
LINE
  5
27F
330
1B6
100
AcDbEntity
 67
1
  8
L-DETL
100
AcDbLine
 10
346.0
 20
126.5
 30
0.0
 11
364.0
 21
126.5
 31
0.0
  0
TEXT
  5
280
330
1B6
100
AcDbEntity
 67
1
  8
G-ANNO-LEGN
100
AcDbText
 10
367.0
 20
126.5
 30
0.0
 40
1.6
  1
L-DETL  (0.25)
  7
BR-STD
 11
367.0
 21
126.5
 31
0.0
100
AcDbText
 73
2
  0
LINE
  5
281
330
1B6
100
AcDbEntity
 67
1
  8
L-ANNO-DIMS
100
AcDbLine
 10
346.0
 20
117.0
 30
0.0
 11
364.0
 21
117.0
 31
0.0
  0
TEXT
  5
282
330
1B6
100
AcDbEntity
 67
1
  8
G-ANNO-LEGN
100
AcDbText
 10
367.0
 20
117.0
 30
0.0
 40
1.6
  1
L-ANNO-DIMS  (0.18)
  7
BR-STD
 11
367.0
 21
117.0
 31
0.0
100
AcDbText
 73
2
  0
LINE
  5
283
330
1B6
100
AcDbEntity
 67
1
  8
L-ANNO-TEXT
100
AcDbLine
 10
346.0
 20
107.5
 30
0.0
 11
364.0
 21
107.5
 31
0.0
  0
TEXT
  5
284
330
1B6
100
AcDbEntity
 67
1
  8
G-ANNO-LEGN
100
AcDbText
 10
367.0
 20
107.5
 30
0.0
 40
1.6
  1
L-ANNO-TEXT  (0.18)
  7
BR-STD
 11
367.0
 21
107.5
 31
0.0
100
AcDbText
 73
2
  0
LINE
  5
285
330
1B6
100
AcDbEntity
 67
1
  8
L-ANNO-SCHD
100
AcDbLine
 10
346.0
 20
98.0
 30
0.0
 11
364.0
 21
98.0
 31
0.0
  0
TEXT
  5
286
330
1B6
100
AcDbEntity
 67
1
  8
G-ANNO-LEGN
100
AcDbText
 10
367.0
 20
98.0
 30
0.0
 40
1.6
  1
L-ANNO-SCHD  (0.18)
  7
BR-STD
 11
367.0
 21
98.0
 31
0.0
100
AcDbText
 73
2
  0
LINE
  5
287
330
1B6
100
AcDbEntity
 67
1
  8
G-ANNO-TTLB
100
AcDbLine
 10
346.0
 20
88.5
 30
0.0
 11
364.0
 21
88.5
 31
0.0
  0
TEXT
  5
288
330
1B6
100
AcDbEntity
 67
1
  8
G-ANNO-LEGN
100
AcDbText
 10
367.0
 20
88.5
 30
0.0
 40
1.6
  1
G-ANNO-TTLB  (0.35)
  7
BR-STD
 11
367.0
 21
88.5
 31
0.0
100
AcDbText
 73
2
  0
LINE
  5
289
330
1B6
100
AcDbEntity
 67
1
  8
G-ANNO-TTLB-TEXT
100
AcDbLine
 10
346.0
 20
79.0
 30
0.0
 11
364.0
 21
79.0
 31
0.0
  0
TEXT
  5
28A
330
1B6
100
AcDbEntity
 67
1
  8
G-ANNO-LEGN
100
AcDbText
 10
367.0
 20
79.0
 30
0.0
 40
1.6
  1
G-ANNO-TTLB-TEXT  (0.18)
  7
BR-STD
 11
367.0
 21
79.0
 31
0.0
100
AcDbText
 73
2
  0
LINE
  5
28B
330
1B6
100
AcDbEntity
 67
1
  8
G-ANNO-NOTE
100
AcDbLine
 10
346.0
 20
69.5
 30
0.0
 11
364.0
 21
69.5
 31
0.0
  0
TEXT
  5
28C
330
1B6
100
AcDbEntity
 67
1
  8
G-ANNO-LEGN
100
AcDbText
 10
367.0
 20
69.5
 30
0.0
 40
1.6
  1
G-ANNO-NOTE  (0.18)
  7
BR-STD
 11
367.0
 21
69.5
 31
0.0
100
AcDbText
 73
2
  0
LINE
  5
28D
330
1B6
100
AcDbEntity
 67
1
  8
G-ANNO-LEGN
100
AcDbLine
 10
346.0
 20
60.0
 30
0.0
 11
364.0
 21
60.0
 31
0.0
  0
TEXT
  5
28E
330
1B6
100
AcDbEntity
 67
1
  8
G-ANNO-LEGN
100
AcDbText
 10
367.0
 20
60.0
 30
0.0
 40
1.6
  1
G-ANNO-LEGN  (0.18)
  7
BR-STD
 11
367.0
 21
60.0
 31
0.0
100
AcDbText
 73
2
  0
LINE
  5
28F
330
1B6
100
AcDbEntity
 67
1
  8
G-ANNO-NRTH
100
AcDbLine
 10
346.0
 20
50.5
 30
0.0
 11
364.0
 21
50.5
 31
0.0
  0
TEXT
  5
290
330
1B6
100
AcDbEntity
 67
1
  8
G-ANNO-LEGN
100
AcDbText
 10
367.0
 20
50.5
 30
0.0
 40
1.6
  1
G-ANNO-NRTH  (0.25)
  7
BR-STD
 11
367.0
 21
50.5
 31
0.0
100
AcDbText
 73
2
  0
LINE
  5
291
330
1B6
100
AcDbEntity
 67
1
  8
G-ANNO-WMRK
100
AcDbLine
 10
346.0
 20
41.0
 30
0.0
 11
364.0
 21
41.0
 31
0.0
  0
TEXT
  5
292
330
1B6
100
AcDbEntity
 67
1
  8
G-ANNO-LEGN
100
AcDbText
 10
367.0
 20
41.0
 30
0.0
 40
1.6
  1
G-ANNO-WMRK  (0.35)
  7
BR-STD
 11
367.0
 21
41.0
 31
0.0
100
AcDbText
 73
2
  0
LINE
  5
293
330
1B6
100
AcDbEntity
 67
1
  8
G-VPRT
100
AcDbLine
 10
346.0
 20
31.5
 30
0.0
 11
364.0
 21
31.5
 31
0.0
  0
TEXT
  5
294
330
1B6
100
AcDbEntity
 67
1
  8
G-ANNO-LEGN
100
AcDbText
 10
367.0
 20
31.5
 30
0.0
 40
1.6
  1
G-VPRT  (0.13)
  7
BR-STD
 11
367.0
 21
31.5
 31
0.0
100
AcDbText
 73
2
  0
ENDBLK
  5
1B8
330
1B6
100
AcDbEntity
  8
0
100
AcDbBlockEnd
  0
BLOCK
  5
147
330
146
100
AcDbEntity
  8
0
100
AcDbBlockBegin
  2
*Paper_Space
 70
0
 10
0.0
 20
0.0
 30
0.0
  3
*Paper_Space
  1

  0
ENDBLK
  5
148
330
146
100
AcDbEntity
  8
0
100
AcDbBlockEnd
  0
ENDSEC
  0
SECTION
  2
ENTITIES
  0
LWPOLYLINE
  5
2B5
330
17
100
AcDbEntity
  8
V-ROAD-CURB
100
AcDbPolyline
 90
49
 70
0
 10
-6550.602
 20
5654785.952
 10
-6546.096
 20
5654784.669
 10
-6545.002
 20
5654784.215
 10
-6543.513
 20
5654783.388
 10
-6542.868
 20
5654782.872
 10
-6542.477
 20
5654782.28
 10
-6542.004
 20
5654781.128
 10
-6541.748
 20
5654779.95
 10
-6541.68
 20
5654778.723
 10
-6541.747
 20
5654777.548
 10
-6541.996
 20
5654775.852
 10
-6542.715
 20
5654769.216
 10
-6543.428
 20
5654762.583
 10
-6544.007
 20
5654755.828
 10
-6544.205
 20
5654750.66
 10
-6544.404
 20
5654745.487
 10
-6544.384
 20
5654740.568
 10
-6544.199
 20
5654736.265
 10
-6543.77
 20
5654730.13
 10
-6543.352
 20
5654725.308
 10
-6542.723
 20
5654719.873
 10
-6541.749
 20
5654713.983
 10
-6540.665
 20
5654708.941
 10
-6539.462
 20
5654703.922
 10
-6538.352
 20
5654699.664
 10
-6537.227
 20
5654695.777
 10
-6535.647
 20
5654690.747
 10
-6534.09
 20
5654686.3
 10
-6532.762
 20
5654682.879
 10
-6530.954
 20
5654678.673
 10
-6527.032
 20
5654670.551
 10
-6525.005
 20
5654666.696
 10
-6522.882
 20
5654662.892
 10
-6518.645
 20
5654655.873
 10
-6515.85
 20
5654651.621
 10
-6513.424
 20
5654648.118
 10
-6508.77
 20
5654641.811
 10
-6507.096
 20
5654639.294
 10
-6506.116
 20
5654638.249
 10
-6505.506
 20
5654637.189
 10
-6505.142
 20
5654636.311
 10
-6504.643
 20
5654634.359
 10
-6504.166
 20
5654631.494
 10
-6504.187
 20
5654628.528
 10
-6504.333
 20
5654627.222
 10
-6505.314
 20
5654623.666
 10
-6505.564
 20
5654623.011
 10
-6506.37
 20
5654621.484
 10
-6508.908
 20
5654617.424
  0
LWPOLYLINE
  5
2B6
330
17
100
AcDbEntity
  8
V-ROAD-CURB
100
AcDbPolyline
 90
3
 70
0
 10
-6534.055
 20
5654759.749
 10
-6534.736
 20
5654752.145
 10
-6534.813
 20
5654746.343
  0
LWPOLYLINE
  5
2B7
330
17
100
AcDbEntity
  8
V-ROAD-CURB
100
AcDbPolyline
 90
2
 70
0
 10
-6534.554
 20
5654732.993
 10
-6534.134
 20
5654727.662
  0
LWPOLYLINE
  5
2B8
330
17
100
AcDbEntity
  8
V-ROAD-CURB
100
AcDbPolyline
 90
40
 70
0
 10
-6392.244
 20
5654757.705
 10
-6393.814
 20
5654755.466
 10
-6396.021
 20
5654752.808
 10
-6396.906
 20
5654751.946
 10
-6397.958
 20
5654751.292
 10
-6399.773
 20
5654750.501
 10
-6402.032
 20
5654749.98
 10
-6404.587
 20
5654749.909
 10
-6406.439
 20
5654750.087
 10
-6408.135
 20
5654750.632
 10
-6414.443
 20
5654753.456
 10
-6423.313
 20
5654757.683
 10
-6432.192
 20
5654761.911
 10
-6441.065
 20
5654766.134
 10
-6448.411
 20
5654769.461
 10
-6455.753
 20
5654772.785
 10
-6458.406
 20
5654773.868
 10
-6462.195
 20
5654775.21
 10
-6471.507
 20
5654778.045
 10
-6474.658
 20
5654778.859
 10
-6479.826
 20
5654779.96
 10
-6486.099
 20
5654781.002
 10
-6492.36
 20
5654782.054
 10
-6499.68
 20
5654782.674
 10
-6506.983
 20
5654783.292
 10
-6514.19
 20
5654783.284
 10
-6517.154
 20
5654783.364
 10
-6518.159
 20
5654783.473
 10
-6519.755
 20
5654783.841
 10
-6520.733
 20
5654784.189
 10
-6521.655
 20
5654784.663
 10
-6523.458
 20
5654785.884
 10
-6524.358
 20
5654786.696
 10
-6525.155
 20
5654787.566
 10
-6526.285
 20
5654789.306
 10
-6526.783
 20
5654790.416
 10
-6527.152
 20
5654791.554
 10
-6527.536
 20
5654793.503
 10
-6527.611
 20
5654795.82
 10
-6527.329
 20
5654798.468
  0
LWPOLYLINE
  5
2B9
330
17
100
AcDbEntity
  8
V-ROAD-CURB
100
AcDbPolyline
 90
2
 70
0
 10
-6525.376
 20
5654794.844
 10
-6524.983
 20
5654798.669
  0
LWPOLYLINE
  5
2BA
330
17
100
AcDbEntity
  8
V-ROAD-CURB
100
AcDbPolyline
 90
34
 70
0
 10
-6399.02
 20
5654753.263
 10
-6400.834
 20
5654752.546
 10
-6402.379
 20
5654752.256
 10
-6403.723
 20
5654752.124
 10
-6405.601
 20
5654752.234
 10
-6407.487
 20
5654752.749
 10
-6408.549
 20
5654753.186
 10
-6413.64
 20
5654755.594
 10
-6418.717
 20
5654758.008
 10
-6423.73
 20
5654760.286
 10
-6428.739
 20
5654762.566
 10
-6436.733
 20
5654766.358
 10
-6444.73
 20
5654770.156
 10
-6452.721
 20
5654773.947
 10
-6456.504
 20
5654775.471
 10
-6460.933
 20
5654777.098
 10
-6468.404
 20
5654779.443
 10
-6473.286
 20
5654780.789
 10
-6478.143
 20
5654781.921
 10
-6485.154
 20
5654783.267
 10
-6489.736
 20
5654783.988
 10
-6494.489
 20
5654784.437
 10
-6500.027
 20
5654785.084
 10
-6506.968
 20
5654785.565
 10
-6509.859
 20
5654785.669
 10
-6516.09
 20
5654785.623
 10
-6517.568
 20
5654785.689
 10
-6518.356
 20
5654785.836
 10
-6520.566
 20
5654786.65
 10
-6521.513
 20
5654787.162
 10
-6522.002
 20
5654787.542
 10
-6522.696
 20
5654788.29
 10
-6523.222
 20
5654788.987
 10
-6525.026
 20
5654791.892
  0
LWPOLYLINE
  5
2BB
330
17
100
AcDbEntity
  8
V-ROAD-CURB
100
AcDbPolyline
 90
31
 70
0
 10
-6502.383
 20
5654610.724
 10
-6501.203
 20
5654612.709
 10
-6498.821
 20
5654615.016
 10
-6497.381
 20
5654616.206
 10
-6496.75
 20
5654616.47
 10
-6496.18
 20
5654616.581
 10
-6492.673
 20
5654617.016
 10
-6491.093
 20
5654617.061
 10
-6488.457
 20
5654616.719
 10
-6485.298
 20
5654616.178
 10
-6483.219
 20
5654615.595
 10
-6479.678
 20
5654614.895
 10
-6476.702
 20
5654614.395
 10
-6474.644
 20
5654614.227
 10
-6469.011
 20
5654614.125
 10
-6465.355
 20
5654614.231
 10
-6457.915
 20
5654614.93
 10
-6456.048
 20
5654615.228
 10
-6451.17
 20
5654616.346
 10
-6448.702
 20
5654616.989
 10
-6446.864
 20
5654617.563
 10
-6444.153
 20
5654618.659
 10
-6435.457
 20
5654622.804
 10
-6432.854
 20
5654624.232
 10
-6427.409
 20
5654627.42
 10
-6425.22
 20
5654628.441
 10
-6423.272
 20
5654628.962
 10
-6420.124
 20
5654629.276
 10
-6418.947
 20
5654629.253
 10
-6418.057
 20
5654629.13
 10
-6415.43
 20
5654628.481
  0
LWPOLYLINE
  5
2BC
330
17
100
AcDbEntity
  8
V-ROAD-CURB
100
AcDbPolyline
 90
4
 70
0
 10
-6500.643
 20
5654609.165
 10
-6499.072
 20
5654611.553
 10
-6498.278
 20
5654612.371
 10
-6496.782
 20
5654613.556
  0
LWPOLYLINE
  5
2BD
330
17
100
AcDbEntity
  8
V-ROAD-CURB
100
AcDbPolyline
 90
3
 70
0
 10
-6514.325
 20
5654666.762
 10
-6512.291
 20
5654663.291
 10
-6510.195
 20
5654660.039
  0
LWPOLYLINE
  5
2BE
330
17
100
AcDbEntity
  8
V-ROAD-CURB
100
AcDbPolyline
 90
26
 70
0
 10
-6494.82
 20
5654614.431
 10
-6492.661
 20
5654614.796
 10
-6491.847
 20
5654614.884
 10
-6491.167
 20
5654614.844
 10
-6489.631
 20
5654614.549
 10
-6486.36
 20
5654614.11
 10
-6478.211
 20
5654612.515
 10
-6476.111
 20
5654612.25
 10
-6472.655
 20
5654612.007
 10
-6470.28
 20
5654611.94
 10
-6464.124
 20
5654612.016
 10
-6460.07
 20
5654612.352
 10
-6457.493
 20
5654612.705
 10
-6453.442
 20
5654613.424
 10
-6450.185
 20
5654614.207
 10
-6446.919
 20
5654615.251
 10
-6443.676
 20
5654616.469
 10
-6440.15
 20
5654617.988
 10
-6437.041
 20
5654619.519
 10
-6431.001
 20
5654622.802
 10
-6424.962
 20
5654626.083
 10
-6423.496
 20
5654626.759
 10
-6422.311
 20
5654627.0
 10
-6420.073
 20
5654627.045
 10
-6418.318
 20
5654626.916
 10
-6416.731
 20
5654626.567
  0
LWPOLYLINE
  5
2BF
330
17
100
AcDbEntity
  8
V-ROAD-CURB
100
AcDbPolyline
 90
101
 70
0
 10
-6492.366
 20
5654635.511
 10
-6495.978
 20
5654639.806
 10
-6498.127
 20
5654642.491
 10
-6502.782
 20
5654648.875
 10
-6507.438
 20
5654655.259
 10
-6512.6
 20
5654663.276
 10
-6515.343
 20
5654667.874
 10
-6517.687
 20
5654672.076
 10
-6519.939
 20
5654676.425
 10
-6521.962
 20
5654680.697
 10
-6523.931
 20
5654685.273
 10
-6525.251
 20
5654688.584
 10
-6526.492
 20
5654691.969
 10
-6528.2
 20
5654697.129
 10
-6529.68
 20
5654702.226
 10
-6530.776
 20
5654706.438
 10
-6532.072
 20
5654712.095
 10
-6533.244
 20
5654718.24
 10
-6534.098
 20
5654724.337
 10
-6534.521
 20
5654728.522
 10
-6535.015
 20
5654735.265
 10
-6535.219
 20
5654740.686
 10
-6535.082
 20
5654749.069
 10
-6534.822
 20
5654753.84
 10
-6534.417
 20
5654759.439
 10
-6534.001
 20
5654763.386
 10
-6533.525
 20
5654766.367
 10
-6533.139
 20
5654767.602
 10
-6532.671
 20
5654768.566
 10
-6531.839
 20
5654769.883
 10
-6530.329
 20
5654771.745
 10
-6529.852
 20
5654772.143
 10
-6528.894
 20
5654772.772
 10
-6527.652
 20
5654773.316
 10
-6526.713
 20
5654773.617
 10
-6524.485
 20
5654773.97
 10
-6521.121
 20
5654774.198
 10
-6515.704
 20
5654774.14
 10
-6510.291
 20
5654774.081
 10
-6503.05
 20
5654773.736
 10
-6495.608
 20
5654773.055
 10
-6490.772
 20
5654772.418
 10
-6485.719
 20
5654771.648
 10
-6481.787
 20
5654770.954
 10
-6479.537
 20
5654770.469
 10
-6477.01
 20
5654769.878
 10
-6472.656
 20
5654768.693
 10
-6464.257
 20
5654766.138
 10
-6461.388
 20
5654765.125
 10
-6457.746
 20
5654763.547
 10
-6448.77
 20
5654759.325
 10
-6439.793
 20
5654755.112
 10
-6430.817
 20
5654750.9
 10
-6424.677
 20
5654748.098
 10
-6418.535
 20
5654745.293
 10
-6412.395
 20
5654742.483
 10
-6411.501
 20
5654741.95
 10
-6410.145
 20
5654740.921
 10
-6408.972
 20
5654739.691
 10
-6407.454
 20
5654737.225
 10
-6406.933
 20
5654736.092
 10
-6406.533
 20
5654734.904
 10
-6406.095
 20
5654730.03
 10
-6406.195
 20
5654725.136
 10
-6406.515
 20
5654720.221
 10
-6407.015
 20
5654717.186
 10
-6408.57
 20
5654708.883
 10
-6410.122
 20
5654700.583
 10
-6410.557
 20
5654697.925
 10
-6411.046
 20
5654694.119
 10
-6411.602
 20
5654688.74
 10
-6412.154
 20
5654683.364
 10
-6412.414
 20
5654677.666
 10
-6412.666
 20
5654671.974
 10
-6412.759
 20
5654667.535
 10
-6412.724
 20
5654664.363
 10
-6412.347
 20
5654655.79
 10
-6412.339
 20
5654653.774
 10
-6412.764
 20
5654651.541
 10
-6413.311
 20
5654649.861
 10
-6414.078
 20
5654648.404
 10
-6415.478
 20
5654646.44
 10
-6416.623
 20
5654645.292
 10
-6418.25
 20
5654643.951
 10
-6422.981
 20
5654640.808
 10
-6427.706
 20
5654637.674
 10
-6433.399
 20
5654634.651
 10
-6439.109
 20
5654631.625
 10
-6445.357
 20
5654628.41
 10
-6448.47
 20
5654627.03
 10
-6461.253
 20
5654623.693
 10
-6463.754
 20
5654623.504
 10
-6468.994
 20
5654623.274
 10
-6475.249
 20
5654623.553
 10
-6476.9
 20
5654623.775
 10
-6480.248
 20
5654624.819
 10
-6481.233
 20
5654625.249
 10
-6482.34
 20
5654625.862
 10
-6484.355
 20
5654627.364
 10
-6488.301
 20
5654630.996
 10
-6491.19
 20
5654634.149
  0
LWPOLYLINE
  5
2C0
330
17
100
AcDbEntity
  8
V-ROAD-CURB
100
AcDbPolyline
 90
3
 70
0
 10
-6465.598
 20
5654766.24
 10
-6474.666
 20
5654768.982
 10
-6478.071
 20
5654769.8
  0
LWPOLYLINE
  5
2C1
330
17
100
AcDbEntity
  8
V-ROAD-CURB
100
AcDbPolyline
 90
2
 70
0
 10
-6475.104
 20
5654779.295
 10
-6468.408
 20
5654777.442
  0
LWPOLYLINE
  5
2C2
330
17
100
AcDbEntity
  8
V-ROAD-CURB
100
AcDbPolyline
 90
5
 70
0
 10
-6415.587
 20
5654626.213
 10
-6413.798
 20
5654625.381
 10
-6410.541
 20
5654623.122
 10
-6409.644
 20
5654622.154
 10
-6408.732
 20
5654620.701
  0
LWPOLYLINE
  5
2C3
330
17
100
AcDbEntity
  8
V-ROAD-CURB
100
AcDbPolyline
 90
6
 70
0
 10
-6414.194
 20
5654628.087
 10
-6412.31
 20
5654627.246
 10
-6410.797
 20
5654626.374
 10
-6409.935
 20
5654625.773
 10
-6409.229
 20
5654625.102
 10
-6406.636
 20
5654622.07
  0
LWPOLYLINE
  5
2C4
330
17
100
AcDbEntity
  8
V-ROAD-CURB
100
AcDbPolyline
 90
2
 70
0
 10
-6393.925
 20
5654759.287
 10
-6396.47
 20
5654755.509
  0
LWPOLYLINE
  5
2C5
330
17
100
AcDbEntity
  8
V-ROAD-CURB
100
AcDbPolyline
 90
21
 70
0
 10
-6396.506
 20
5654631.102
 10
-6397.445
 20
5654635.576
 10
-6398.601
 20
5654642.088
 10
-6399.712
 20
5654647.374
 10
-6400.198
 20
5654650.802
 10
-6400.522
 20
5654654.629
 10
-6400.963
 20
5654662.228
 10
-6401.297
 20
5654670.377
 10
-6401.068
 20
5654676.596
 10
-6400.845
 20
5654682.813
 10
-6400.506
 20
5654687.105
 10
-6399.552
 20
5654694.201
 10
-6398.305
 20
5654701.112
 10
-6397.057
 20
5654708.013
 10
-6395.549
 20
5654715.597
 10
-6394.268
 20
5654721.039
 10
-6391.947
 20
5654728.312
 10
-6391.347
 20
5654729.968
 10
-6389.313
 20
5654735.184
 10
-6387.267
 20
5654740.396
 10
-6384.635
 20
5654746.553
  0
LWPOLYLINE
  5
2C6
330
17
100
AcDbEntity
  8
V-ROAD-CURB
100
AcDbPolyline
 90
21
 70
0
 10
-6398.302
 20
5654629.037
 10
-6400.011
 20
5654635.971
 10
-6401.156
 20
5654641.68
 10
-6402.404
 20
5654649.2
 10
-6402.753
 20
5654652.036
 10
-6403.045
 20
5654655.399
 10
-6403.327
 20
5654662.047
 10
-6403.399
 20
5654668.169
 10
-6403.461
 20
5654674.278
 10
-6403.15
 20
5654681.461
 10
-6402.751
 20
5654686.567
 10
-6402.35
 20
5654691.673
 10
-6401.448
 20
5654698.223
 10
-6400.215
 20
5654705.051
 10
-6397.941
 20
5654714.638
 10
-6396.709
 20
5654719.579
 10
-6395.485
 20
5654724.522
 10
-6393.48
 20
5654730.67
 10
-6391.422
 20
5654736.238
 10
-6388.664
 20
5654742.729
 10
-6385.906
 20
5654749.221
  0
LWPOLYLINE
  5
2C7
330
17
100
AcDbEntity
  8
V-ROAD-SW
100
AcDbPolyline
 90
3
 70
0
 10
-6527.98
 20
5654668.44
 10
-6531.494
 20
5654675.28
 10
-6534.72
 20
5654683.163
  0
LWPOLYLINE
  5
2C8
330
17
100
AcDbEntity
  8
V-ROAD-SW
100
AcDbPolyline
 90
5
 70
0
 10
-6536.937
 20
5654688.924
 10
-6538.002
 20
5654692.088
 10
-6540.825
 20
5654701.479
 10
-6542.267
 20
5654707.6
 10
-6543.807
 20
5654715.449
  0
LWPOLYLINE
  5
2C9
330
17
100
AcDbEntity
  8
V-ROAD-SW
100
AcDbPolyline
 90
8
 70
0
 10
-6544.652
 20
5654720.667
 10
-6545.191
 20
5654725.032
 10
-6545.58
 20
5654729.471
 10
-6546.011
 20
5654736.501
 10
-6546.22
 20
5654742.692
 10
-6546.167
 20
5654750.319
 10
-6545.76
 20
5654755.421
 10
-6545.352
 20
5654760.531
  0
LWPOLYLINE
  5
2CA
330
17
100
AcDbEntity
  8
V-ROAD-SW
100
AcDbPolyline
 90
10
 70
0
 10
-6545.061
 20
5654763.91
 10
-6544.474
 20
5654769.266
 10
-6543.889
 20
5654774.621
 10
-6543.262
 20
5654779.101
 10
-6543.276
 20
5654779.735
 10
-6543.484
 20
5654780.454
 10
-6543.708
 20
5654780.895
 10
-6544.421
 20
5654781.751
 10
-6545.755
 20
5654782.545
 10
-6551.883
 20
5654784.345
  0
LWPOLYLINE
  5
2CB
330
17
100
AcDbEntity
  8
V-ROAD-SW
100
AcDbPolyline
 90
2
 70
0
 10
-6509.231
 20
5654617.785
 10
-6507.327
 20
5654620.901
  0
LWPOLYLINE
  5
2CC
330
17
100
AcDbEntity
  8
V-ROAD-SW
100
AcDbPolyline
 90
3
 70
0
 10
-6534.812
 20
5654746.347
 10
-6534.858
 20
5654738.67
 10
-6534.551
 20
5654732.989
  0
LWPOLYLINE
  5
2CD
330
17
100
AcDbEntity
  8
V-ROAD-SW
100
AcDbPolyline
 90
13
 70
0
 10
-6534.139
 20
5654727.664
 10
-6533.646
 20
5654723.329
 10
-6533.112
 20
5654719.724
 10
-6531.577
 20
5654711.554
 10
-6530.604
 20
5654707.415
 10
-6529.162
 20
5654701.793
 10
-6527.262
 20
5654695.295
 10
-6525.29
 20
5654689.659
 10
-6524.308
 20
5654687.085
 10
-6521.8
 20
5654681.097
 10
-6519.483
 20
5654676.376
 10
-6516.912
 20
5654671.564
 10
-6514.32
 20
5654666.763
  0
LWPOLYLINE
  5
2CE
330
17
100
AcDbEntity
  8
V-ROAD-SW
100
AcDbPolyline
 90
18
 70
0
 10
-6478.069
 20
5654769.796
 10
-6486.263
 20
5654771.356
 10
-6491.991
 20
5654772.286
 10
-6497.962
 20
5654772.883
 10
-6503.932
 20
5654773.481
 10
-6510.853
 20
5654773.683
 10
-6517.76
 20
5654773.884
 10
-6523.792
 20
5654773.703
 10
-6525.594
 20
5654773.483
 10
-6527.589
 20
5654772.964
 10
-6528.51
 20
5654772.525
 10
-6529.209
 20
5654772.066
 10
-6530.71
 20
5654770.796
 10
-6531.424
 20
5654769.993
 10
-6532.199
 20
5654768.889
 10
-6532.724
 20
5654767.855
 10
-6533.221
 20
5654766.32
 10
-6534.062
 20
5654759.744
  0
LWPOLYLINE
  5
2CF
330
17
100
AcDbEntity
  8
V-ROAD-SW
100
AcDbPolyline
 90
2
 70
0
 10
-6527.081
 20
5654798.501
 10
-6527.276
 20
5654795.548
  0
LWPOLYLINE
  5
2D0
330
17
100
AcDbEntity
  8
V-ROAD-SW
100
AcDbPolyline
 90
9
 70
0
 10
-6508.171
 20
5654621.52
 10
-6506.664
 20
5654625.177
 10
-6506.342
 20
5654626.271
 10
-6505.922
 20
5654629.619
 10
-6505.901
 20
5654631.108
 10
-6506.058
 20
5654632.454
 10
-6506.658
 20
5654635.058
 10
-6507.125
 20
5654636.316
 10
-6511.769
 20
5654642.905
  0
LWPOLYLINE
  5
2D1
330
17
100
AcDbEntity
  8
V-ROAD-SW
100
AcDbPolyline
 90
2
 70
0
 10
-6514.192
 20
5654646.247
 10
-6519.211
 20
5654653.717
  0
LWPOLYLINE
  5
2D2
330
17
100
AcDbEntity
  8
V-ROAD-SW
100
AcDbPolyline
 90
15
 70
0
 10
-6523.692
 20
5654798.732
 10
-6524.009
 20
5654796.843
 10
-6524.19
 20
5654794.909
 10
-6524.156
 20
5654793.69
 10
-6523.942
 20
5654792.8
 10
-6523.21
 20
5654791.092
 10
-6522.274
 20
5654789.611
 10
-6521.187
 20
5654788.42
 10
-6520.039
 20
5654787.562
 10
-6518.757
 20
5654787.059
 10
-6516.902
 20
5654786.808
 10
-6514.531
 20
5654786.759
 10
-6511.297
 20
5654786.887
 10
-6508.223
 20
5654786.844
 10
-6500.355
 20
5654786.31
  0
LWPOLYLINE
  5
2D3
330
17
100
AcDbEntity
  8
V-ROAD-SW
100
AcDbPolyline
 90
7
 70
0
 10
-6492.894
 20
5654785.381
 10
-6487.539
 20
5654784.845
 10
-6484.854
 20
5654784.483
 10
-6479.808
 20
5654783.496
 10
-6474.774
 20
5654782.498
 10
-6470.562
 20
5654781.48
 10
-6464.565
 20
5654779.725
  0
LWPOLYLINE
  5
2D4
330
17
100
AcDbEntity
  8
V-ROAD-SW
100
AcDbPolyline
 90
2
 70
0
 10
-6460.832
 20
5654778.531
 10
-6458.559
 20
5654777.656
  0
LWPOLYLINE
  5
2D5
330
17
100
AcDbEntity
  8
V-ROAD-SW
100
AcDbPolyline
 90
18
 70
0
 10
-6454.929
 20
5654776.177
 10
-6452.254
 20
5654775.039
 10
-6444.487
 20
5654771.44
 10
-6436.72
 20
5654767.838
 10
-6428.952
 20
5654764.241
 10
-6421.187
 20
5654760.642
 10
-6415.037
 20
5654757.698
 10
-6408.884
 20
5654754.757
 10
-6407.018
 20
5654754.103
 10
-6404.913
 20
5654753.674
 10
-6403.088
 20
5654753.622
 10
-6402.105
 20
5654753.72
 10
-6401.162
 20
5654753.918
 10
-6399.682
 20
5654754.518
 10
-6398.842
 20
5654755.083
 10
-6397.681
 20
5654756.314
 10
-6396.135
 20
5654758.473
 10
-6395.089
 20
5654760.248
  0
LWPOLYLINE
  5
2D6
330
17
100
AcDbEntity
  8
V-ROAD-SW
100
AcDbPolyline
 90
15
 70
0
 10
-6525.024
 20
5654791.893
 10
-6526.534
 20
5654790.815
 10
-6526.238
 20
5654790.118
 10
-6525.519
 20
5654788.849
 10
-6524.389
 20
5654787.356
 10
-6523.056
 20
5654786.043
 10
-6521.69
 20
5654785.079
 10
-6520.126
 20
5654784.356
 10
-6518.568
 20
5654783.966
 10
-6516.437
 20
5654783.718
 10
-6514.185
 20
5654783.648
 10
-6510.871
 20
5654783.778
 10
-6507.507
 20
5654783.784
 10
-6505.738
 20
5654783.695
 10
-6502.252
 20
5654783.344
  0
LWPOLYLINE
  5
2D7
330
17
100
AcDbEntity
  8
V-ROAD-SW
100
AcDbPolyline
 90
4
 70
0
 10
-6493.841
 20
5654782.709
 10
-6486.914
 20
5654781.612
 10
-6479.993
 20
5654780.512
 10
-6475.104
 20
5654779.294
  0
LWPOLYLINE
  5
2D8
330
17
100
AcDbEntity
  8
V-ROAD-SW
100
AcDbPolyline
 90
4
 70
0
 10
-6498.565
 20
5654614.269
 10
-6499.543
 20
5654613.729
 10
-6500.772
 20
5654612.162
 10
-6501.985
 20
5654610.346
  0
LWPOLYLINE
  5
2D9
330
17
100
AcDbEntity
  8
V-ROAD-SW
100
AcDbPolyline
 90
9
 70
0
 10
-6417.319
 20
5654625.403
 10
-6418.488
 20
5654625.593
 10
-6419.946
 20
5654625.574
 10
-6422.074
 20
5654625.317
 10
-6423.571
 20
5654624.967
 10
-6427.634
 20
5654622.992
 10
-6431.645
 20
5654620.716
 10
-6434.761
 20
5654619.385
 10
-6438.734
 20
5654617.25
  0
LWPOLYLINE
  5
2DA
330
17
100
AcDbEntity
  8
V-ROAD-SW
100
AcDbPolyline
 90
18
 70
0
 10
-6449.105
 20
5654613.327
 10
-6452.243
 20
5654612.375
 10
-6453.889
 20
5654611.966
 10
-6457.798
 20
5654611.338
 10
-6462.285
 20
5654610.897
 10
-6464.92
 20
5654610.745
 10
-6471.683
 20
5654610.666
 10
-6474.69
 20
5654610.832
 10
-6478.431
 20
5654611.277
 10
-6484.34
 20
5654612.35
 10
-6490.244
 20
5654613.408
 10
-6491.794
 20
5654613.494
 10
-6493.029
 20
5654613.464
 10
-6494.762
 20
5654613.11
 10
-6495.663
 20
5654612.765
 10
-6496.558
 20
5654612.275
 10
-6497.983
 20
5654610.965
 10
-6499.724
 20
5654608.39
  0
LWPOLYLINE
  5
2DB
330
17
100
AcDbEntity
  8
V-ROAD-SW
100
AcDbPolyline
 90
6
 70
0
 10
-6510.195
 20
5654660.043
 10
-6505.978
 20
5654654.058
 10
-6501.119
 20
5654647.532
 10
-6496.249
 20
5654641.008
 10
-6494.667
 20
5654638.938
 10
-6493.19
 20
5654637.208
  0
LWPOLYLINE
  5
2DC
330
17
100
AcDbEntity
  8
V-ROAD-SW
100
AcDbPolyline
 90
28
 70
0
 10
-6415.75
 20
5654628.146
 10
-6417.536
 20
5654628.594
 10
-6419.266
 20
5654628.786
 10
-6420.604
 20
5654628.777
 10
-6422.324
 20
5654628.641
 10
-6424.387
 20
5654628.253
 10
-6428.724
 20
5654626.143
 10
-6435.328
 20
5654622.266
 10
-6439.724
 20
5654620.159
 10
-6443.792
 20
5654618.346
 10
-6447.598
 20
5654616.853
 10
-6450.358
 20
5654615.942
 10
-6452.374
 20
5654615.446
 10
-6456.375
 20
5654614.67
 10
-6460.578
 20
5654614.156
 10
-6464.111
 20
5654613.885
 10
-6469.953
 20
5654613.621
 10
-6472.682
 20
5654613.613
 10
-6476.082
 20
5654613.979
 10
-6480.455
 20
5654614.702
 10
-6483.267
 20
5654615.221
 10
-6485.54
 20
5654615.808
 10
-6487.023
 20
5654616.103
 10
-6489.791
 20
5654616.407
 10
-6492.465
 20
5654616.478
 10
-6493.978
 20
5654616.377
 10
-6494.773
 20
5654616.077
 10
-6494.821
 20
5654614.431
  0
LWPOLYLINE
  5
2DD
330
17
100
AcDbEntity
  8
V-ROAD-SW
100
AcDbPolyline
 90
59
 70
0
 10
-6491.267
 20
5654635.155
 10
-6485.977
 20
5654629.601
 10
-6483.402
 20
5654627.323
 10
-6482.184
 20
5654626.445
 10
-6481.094
 20
5654625.797
 10
-6479.763
 20
5654625.122
 10
-6478.382
 20
5654624.576
 10
-6477.226
 20
5654624.303
 10
-6473.578
 20
5654623.77
 10
-6467.55
 20
5654623.684
 10
-6465.63
 20
5654623.77
 10
-6460.576
 20
5654624.234
 10
-6458.083
 20
5654624.644
 10
-6454.29
 20
5654625.583
 10
-6451.302
 20
5654626.472
 10
-6448.124
 20
5654627.654
 10
-6445.48
 20
5654628.84
 10
-6438.799
 20
5654632.309
 10
-6432.123
 20
5654635.781
 10
-6430.234
 20
5654636.875
 10
-6426.572
 20
5654639.199
 10
-6422.52
 20
5654641.574
 10
-6418.967
 20
5654643.947
 10
-6417.791
 20
5654644.902
 10
-6416.543
 20
5654646.102
 10
-6415.278
 20
5654647.683
 10
-6414.146
 20
5654649.402
 10
-6413.405
 20
5654650.907
 10
-6412.893
 20
5654652.485
 10
-6412.78
 20
5654653.136
 10
-6412.704
 20
5654655.161
 10
-6413.104
 20
5654663.611
 10
-6413.272
 20
5654670.051
 10
-6412.914
 20
5654677.011
 10
-6412.568
 20
5654683.964
 10
-6412.093
 20
5654689.043
 10
-6411.618
 20
5654694.12
 10
-6411.304
 20
5654696.565
 10
-6409.673
 20
5654705.94
 10
-6408.406
 20
5654712.259
 10
-6407.152
 20
5654718.587
 10
-6406.902
 20
5654721.026
 10
-6406.586
 20
5654727.747
 10
-6406.541
 20
5654732.208
 10
-6406.859
 20
5654734.625
 10
-6407.073
 20
5654735.384
 10
-6407.745
 20
5654737.02
 10
-6408.615
 20
5654738.601
 10
-6409.794
 20
5654739.945
 10
-6411.571
 20
5654741.406
 10
-6413.645
 20
5654742.638
 10
-6420.92
 20
5654745.934
 10
-6428.324
 20
5654749.391
 10
-6435.739
 20
5654752.85
 10
-6443.15
 20
5654756.304
 10
-6450.563
 20
5654759.767
 10
-6457.973
 20
5654763.228
 10
-6461.205
 20
5654764.608
 10
-6465.598
 20
5654766.232
  0
LWPOLYLINE
  5
2DE
330
17
100
AcDbEntity
  8
V-ROAD-SW
100
AcDbPolyline
 90
2
 70
0
 10
-6468.409
 20
5654777.433
 10
-6466.223
 20
5654776.86
  0
LWPOLYLINE
  5
2DF
330
17
100
AcDbEntity
  8
V-ROAD-SW
100
AcDbPolyline
 90
2
 70
0
 10
-6461.613
 20
5654775.377
 10
-6459.806
 20
5654774.749
  0
LWPOLYLINE
  5
2E0
330
17
100
AcDbEntity
  8
V-ROAD-SW
100
AcDbPolyline
 90
3
 70
0
 10
-6455.414
 20
5654773.084
 10
-6448.393
 20
5654769.9
 10
-6441.368
 20
5654766.718
  0
LWPOLYLINE
  5
2E1
330
17
100
AcDbEntity
  8
V-ROAD-SW
100
AcDbPolyline
 90
13
 70
0
 10
-6436.546
 20
5654764.467
 10
-6427.992
 20
5654760.289
 10
-6422.55
 20
5654757.813
 10
-6417.116
 20
5654755.326
 10
-6408.789
 20
5654751.338
 10
-6407.717
 20
5654750.932
 10
-6405.924
 20
5654750.497
 10
-6404.579
 20
5654750.381
 10
-6402.015
 20
5654750.496
 10
-6400.53
 20
5654750.759
 10
-6399.698
 20
5654751.013
 10
-6398.106
 20
5654751.677
 10
-6399.022
 20
5654753.26
  0
LWPOLYLINE
  5
2E2
330
17
100
AcDbEntity
  8
V-ROAD-SW
100
AcDbPolyline
 90
5
 70
0
 10
-6409.443
 20
5654620.265
 10
-6410.602
 20
5654621.521
 10
-6412.12
 20
5654622.7
 10
-6415.844
 20
5654624.868
 10
-6416.865
 20
5654625.269
  0
LWPOLYLINE
  5
2E3
330
17
100
AcDbEntity
  8
V-ROAD-SW
100
AcDbPolyline
 90
5
 70
0
 10
-6407.067
 20
5654621.788
 10
-6408.115
 20
5654623.033
 10
-6411.215
 20
5654626.021
 10
-6412.673
 20
5654626.921
 10
-6414.669
 20
5654627.79
  0
LWPOLYLINE
  5
2E4
330
17
100
AcDbEntity
  8
V-ROAD-SW
100
AcDbPolyline
 90
22
 70
0
 10
-6385.708
 20
5654748.829
 10
-6386.86
 20
5654746.345
 10
-6389.473
 20
5654739.898
 10
-6391.49
 20
5654735.185
 10
-6392.875
 20
5654731.201
 10
-6394.393
 20
5654726.425
 10
-6395.911
 20
5654721.629
 10
-6397.764
 20
5654713.795
 10
-6399.376
 20
5654706.57
 10
-6400.46
 20
5654700.069
 10
-6401.548
 20
5654693.562
 10
-6402.148
 20
5654689.404
 10
-6402.712
 20
5654681.314
 10
-6402.949
 20
5654674.388
 10
-6402.956
 20
5654668.833
 10
-6402.966
 20
5654663.283
 10
-6402.842
 20
5654658.921
 10
-6402.543
 20
5654655.815
 10
-6401.599
 20
5654648.832
 10
-6400.648
 20
5654641.845
 10
-6399.219
 20
5654634.559
 10
-6397.94
 20
5654629.42
  0
LWPOLYLINE
  5
2E5
330
17
100
AcDbEntity
  8
V-ROAD-SW
100
AcDbPolyline
 90
3
 70
0
 10
-6395.07
 20
5654754.523
 10
-6393.462
 20
5654756.571
 10
-6392.557
 20
5654758.016
  0
LWPOLYLINE
  5
2E6
330
17
100
AcDbEntity
  8
V-ROAD-SW
100
AcDbPolyline
 90
3
 70
0
 10
-6383.986
 20
5654744.968
 10
-6387.243
 20
5654737.253
 10
-6388.941
 20
5654732.722
  0
LWPOLYLINE
  5
2E7
330
17
100
AcDbEntity
  8
V-ROAD-SW
100
AcDbPolyline
 90
5
 70
0
 10
-6390.084
 20
5654729.512
 10
-6391.745
 20
5654724.758
 10
-6392.754
 20
5654721.558
 10
-6393.85
 20
5654717.329
 10
-6394.873
 20
5654712.712
  0
LWPOLYLINE
  5
2E8
330
17
100
AcDbEntity
  8
V-ROAD-SW
100
AcDbPolyline
 90
5
 70
0
 10
-6395.639
 20
5654709.081
 10
-6396.513
 20
5654705.097
 10
-6397.225
 20
5654701.263
 10
-6398.274
 20
5654694.693
 10
-6399.025
 20
5654688.558
  0
LWPOLYLINE
  5
2E9
330
17
100
AcDbEntity
  8
V-ROAD-SW
100
AcDbPolyline
 90
3
 70
0
 10
-6399.346
 20
5654684.884
 10
-6399.886
 20
5654676.017
 10
-6399.925
 20
5654669.598
  0
LWPOLYLINE
  5
2EA
330
17
100
AcDbEntity
  8
V-ROAD-SW
100
AcDbPolyline
 90
5
 70
0
 10
-6399.837
 20
5654665.729
 10
-6399.437
 20
5654659.266
 10
-6399.042
 20
5654652.802
 10
-6398.794
 20
5654650.177
 10
-6398.379
 20
5654647.3
  0
LWPOLYLINE
  5
2EB
330
17
100
AcDbEntity
  8
V-ROAD-SW
100
AcDbPolyline
 90
3
 70
0
 10
-6397.816
 20
5654643.972
 10
-6396.696
 20
5654638.013
 10
-6395.405
 20
5654632.533
  0
LWPOLYLINE
  5
2EC
330
17
100
AcDbEntity
  8
V-ROAD-DW
100
AcDbPolyline
 90
2
 70
0
 10
-6512.175
 20
5654642.963
 10
-6515.02
 20
5654640.686
  0
LWPOLYLINE
  5
2ED
330
17
100
AcDbEntity
  8
V-ROAD-DW
100
AcDbPolyline
 90
2
 70
0
 10
-6517.075
 20
5654643.483
 10
-6514.245
 20
5654645.813
  0
LWPOLYLINE
  5
2EE
330
17
100
AcDbEntity
  8
V-ROAD-DW
100
AcDbPolyline
 90
2
 70
0
 10
-6519.631
 20
5654653.8
 10
-6522.871
 20
5654651.634
  0
LWPOLYLINE
  5
2EF
330
17
100
AcDbEntity
  8
V-ROAD-DW
100
AcDbPolyline
 90
2
 70
0
 10
-6527.357
 20
5654658.714
 10
-6524.276
 20
5654661.142
  0
LWPOLYLINE
  5
2F0
330
17
100
AcDbEntity
  8
V-ROAD-DW
100
AcDbPolyline
 90
2
 70
0
 10
-6524.949
 20
5654662.311
 10
-6528.326
 20
5654660.329
  0
LWPOLYLINE
  5
2F1
330
17
100
AcDbEntity
  8
V-ROAD-DW
100
AcDbPolyline
 90
2
 70
0
 10
-6531.299
 20
5654665.716
 10
-6528.085
 20
5654668.008
  0
LWPOLYLINE
  5
2F2
330
17
100
AcDbEntity
  8
V-ROAD-DW
100
AcDbPolyline
 90
4
 70
0
 10
-6541.0
 20
5654687.226
 10
-6540.266
 20
5654687.315
 10
-6538.78
 20
5654687.82
 10
-6537.114
 20
5654688.528
  0
LWPOLYLINE
  5
2F3
330
17
100
AcDbEntity
  8
V-ROAD-DW
100
AcDbPolyline
 90
3
 70
0
 10
-6535.101
 20
5654683.293
 10
-6537.216
 20
5654682.197
 10
-6539.585
 20
5654683.449
  0
LWPOLYLINE
  5
2F4
330
17
100
AcDbEntity
  8
V-ROAD-DW
100
AcDbPolyline
 90
2
 70
0
 10
-6549.204
 20
5654720.478
 10
-6544.912
 20
5654720.377
  0
LWPOLYLINE
  5
2F5
330
17
100
AcDbEntity
  8
V-ROAD-DW
100
AcDbPolyline
 90
2
 70
0
 10
-6544.168
 20
5654715.744
 10
-6548.484
 20
5654715.799
  0
LWPOLYLINE
  5
2F6
330
17
100
AcDbEntity
  8
V-ROAD-DW
100
AcDbPolyline
 90
2
 70
0
 10
-6547.336
 20
5654763.73
 10
-6545.394
 20
5654763.627
  0
LWPOLYLINE
  5
2F7
330
17
100
AcDbEntity
  8
V-ROAD-DW
100
AcDbPolyline
 90
2
 70
0
 10
-6545.629
 20
5654760.838
 10
-6549.838
 20
5654760.87
  0
LWPOLYLINE
  5
2F8
330
17
100
AcDbEntity
  8
V-ROAD-DW
100
AcDbPolyline
 90
2
 70
0
 10
-6549.476
 20
5654763.73
 10
-6547.336
 20
5654763.721
  0
LWPOLYLINE
  5
2F9
330
17
100
AcDbEntity
  8
V-ROAD-DW
100
AcDbPolyline
 90
2
 70
0
 10
-6465.739
 20
5654777.044
 10
-6464.967
 20
5654778.062
  0
LWPOLYLINE
  5
2FA
330
17
100
AcDbEntity
  8
V-ROAD-DW
100
AcDbPolyline
 90
2
 70
0
 10
-6461.667
 20
5654777.03
 10
-6461.85
 20
5654775.775
  0
LWPOLYLINE
  5
2FB
330
17
100
AcDbEntity
  8
V-ROAD-DW
100
AcDbPolyline
 90
2
 70
0
 10
-6501.715
 20
5654783.604
 10
-6500.665
 20
5654784.831
  0
LWPOLYLINE
  5
2FC
330
17
100
AcDbEntity
  8
V-ROAD-DW
100
AcDbPolyline
 90
2
 70
0
 10
-6494.421
 20
5654784.129
 10
-6494.202
 20
5654783.064
  0
LWPOLYLINE
  5
2FD
330
17
100
AcDbEntity
  8
V-ROAD-DW
100
AcDbPolyline
 90
2
 70
0
 10
-6492.276
 20
5654788.405
 10
-6493.114
 20
5654785.712
  0
LWPOLYLINE
  5
2FE
330
17
100
AcDbEntity
  8
V-ROAD-DW
100
AcDbPolyline
 90
4
 70
0
 10
-6499.96
 20
5654786.57
 10
-6499.494
 20
5654788.014
 10
-6500.653
 20
5654788.484
 10
-6500.361
 20
5654789.22
  0
LWPOLYLINE
  5
2FF
330
17
100
AcDbEntity
  8
V-ROAD-DW
100
AcDbPolyline
 90
2
 70
0
 10
-6440.869
 20
5654766.826
 10
-6440.105
 20
5654767.621
  0
LWPOLYLINE
  5
300
330
17
100
AcDbEntity
  8
V-ROAD-DW
100
AcDbPolyline
 90
2
 70
0
 10
-6435.995
 20
5654765.679
 10
-6436.628
 20
5654764.851
  0
LWPOLYLINE
  5
301
330
17
100
AcDbEntity
  8
V-ROAD-DW
100
AcDbPolyline
 90
2
 70
0
 10
-6459.384
 20
5654774.933
 10
-6458.856
 20
5654776.024
  0
LWPOLYLINE
  5
302
330
17
100
AcDbEntity
  8
V-ROAD-DW
100
AcDbPolyline
 90
2
 70
0
 10
-6455.693
 20
5654774.832
 10
-6455.688
 20
5654773.553
  0
LWPOLYLINE
  5
303
330
17
100
AcDbEntity
  8
V-ROAD-DW
100
AcDbPolyline
 90
2
 70
0
 10
-6460.364
 20
5654780.771
 10
-6461.015
 20
5654778.915
  0
LWPOLYLINE
  5
304
330
17
100
AcDbEntity
  8
V-ROAD-DW
100
AcDbPolyline
 90
2
 70
0
 10
-6464.173
 20
5654779.92
 10
-6463.492
 20
5654781.834
  0
LWPOLYLINE
  5
305
330
17
100
AcDbEntity
  8
V-ROAD-DW
100
AcDbPolyline
 90
2
 70
0
 10
-6454.573
 20
5654778.546
 10
-6455.122
 20
5654776.584
  0
LWPOLYLINE
  5
306
330
17
100
AcDbEntity
  8
V-ROAD-DW
100
AcDbPolyline
 90
2
 70
0
 10
-6458.181
 20
5654777.83
 10
-6457.512
 20
5654779.681
  0
LWPOLYLINE
  5
307
330
17
100
AcDbEntity
  8
V-SITE-HARD
100
AcDbPolyline
 90
5
 70
1
 10
-6439.846
 20
5654618.136
 10
-6448.013
 20
5654614.883
 10
-6448.09
 20
5654616.684
 10
-6439.83
 20
5654620.116
 10
-6439.846
 20
5654618.136
  0
LWPOLYLINE
  5
308
330
17
100
AcDbEntity
  8
V-SITE-HARD
100
AcDbPolyline
 90
5
 70
1
 10
-6475.209
 20
5654739.616
 10
-6474.584
 20
5654737.915
 10
-6476.156
 20
5654737.325
 10
-6476.783
 20
5654739.029
 10
-6475.209
 20
5654739.616
  0
LWPOLYLINE
  5
309
330
17
100
AcDbEntity
  8
V-SITE-HARD
100
AcDbPolyline
 90
6
 70
1
 10
-6402.512
 20
5654684.451
 10
-6402.21
 20
5654688.743
 10
-6401.987
 20
5654690.616
 10
-6400.36
 20
5654688.285
 10
-6400.698
 20
5654685.095
 10
-6402.512
 20
5654684.451
  0
LWPOLYLINE
  5
30A
330
17
100
AcDbEntity
  8
V-BLDG
100
AcDbPolyline
 90
5
 70
1
 10
-6508.553
 20
5654755.515
 10
-6506.375
 20
5654753.211
 10
-6510.005
 20
5654749.786
 10
-6512.193
 20
5654752.085
 10
-6508.553
 20
5654755.515
  0
LWPOLYLINE
  5
30B
330
17
100
AcDbEntity
  8
V-TOPO-LIMIT
100
AcDbPolyline
 90
222
 70
1
 10
-6396.984979019984
 20
5654761.697494178
 10
-6396.013979020046
 20
5654760.9894941775
 10
-6394.188273710701
 20
5654759.52251994
 10
-6393.293173711403
 20
5654758.731519939
 10
-6391.542443507785
 20
5654757.024850984
 10
-6390.7155435071645
 20
5654756.135850984
 10
-6388.577881832018
 20
5654753.499336556
 10
-6387.840881832469
 20
5654752.452336556
 10
-6386.030805054587
 20
5654749.454874274
 10
-6385.448705053968
 20
5654748.317874275
 10
-6384.590857881818
 20
5654746.458185789
 10
-6384.045957881566
 20
5654745.137185789
 10
-6383.768475381422
 20
5654744.3248941135
 10
-6384.3249278294625
 20
5654743.063182539
 10
-6386.337247177371
 20
5654738.115584353
 10
-6388.21634587122
 20
5654733.123327189
 10
-6389.948207888244
 20
5654728.075269792
 10
-6391.532819098788
 20
5654722.982535781
 10
-6392.977207596923
 20
5654717.834009933
 10
-6394.281331725174
 20
5654712.663063432
 10
-6395.410021011121
 20
5654707.5475191455
 10
-6396.405459766864
 20
5654702.409562673
 10
-6397.253618089903
 20
5654697.249176576
 10
-6397.961510316209
 20
5654692.066369463
 10
-6398.011136902324
 20
5654691.643727106
 10
-6398.5578423262195
 20
5654686.33835898
 10
-6398.94322267274
 20
5654681.021667449
 10
-6399.153247869333
 20
5654675.693635105
 10
-6399.187917374143
 20
5654670.354261933
 10
-6399.0542316784395
 20
5654665.014680377
 10
-6398.745161678795
 20
5654659.6860055365
 10
-6398.267721650734
 20
5654654.36824612
 10
-6397.621897311595
 20
5654649.072525946
 10
-6396.800673318893
 20
5654643.798836397
 10
-6395.811063988394
 20
5654638.547186231
 10
-6394.695626477894
 20
5654633.500757996
 10
-6394.8470903859525
 20
5654633.282595745
 10
-6395.7204009187735
 20
5654632.100468866
 10
-6396.528400917415
 20
5654631.0714688655
 10
-6397.949591869437
 20
5654629.4157484975
 10
-6398.844591870278
 20
5654628.460748498
 10
-6400.344720702648
 20
5654626.98920521
 10
-6401.300720703072
 20
5654626.127205207
 10
-6402.369942740488
 20
5654625.2162501
 10
-6403.367942740015
 20
5654624.413250101
 10
-6404.534910773659
 20
5654623.529312192
 10
-6405.577910773453
 20
5654622.786312192
 10
-6406.299804702165
 20
5654622.290881969
 10
-6407.328804702403
 20
5654621.61088197
 10
-6407.596347486901
 20
5654621.436524837
 10
-6408.6311474868635
 20
5654620.771524837
 10
-6409.076990660339
 20
5654620.491598394
 10
-6410.12709066021
 20
5654619.847598393
 10
-6410.531648207085
 20
5654619.604717287
 10
-6411.450648206572
 20
5654619.06471729
 10
-6411.615056236572
 20
5654618.96895168
 10
-6411.822965812815
 20
5654618.848904226
 10
-6412.060284779121
 20
5654619.300926133
 10
-6412.739470777444
 20
5654620.314032931
 10
-6413.530990909875
 20
5654621.249412723
 10
-6414.427857899269
 20
5654622.084809324
 10
-6415.402012309084
 20
5654622.820187963
 10
-6416.460482832001
 20
5654623.444433624
 10
-6417.575223880826
 20
5654623.946387756
 10
-6418.746249335485
 20
5654624.31492663
 10
-6419.945499842796
 20
5654624.550015432
 10
-6421.165946818933
 20
5654624.662769233
 10
-6422.393588275192
 20
5654624.630923086
 10
-6423.607365919991
 20
5654624.465574607
 10
-6424.793250130717
 20
5654624.166706348
 10
-6425.944226134298
 20
5654623.734309572
 10
-6427.032220745572
 20
5654623.179473126
 10
-6431.391866898177
 20
5654620.437321393
 10
-6435.989870785515
 20
5654617.81783173
 10
-6439.41521813294
 20
5654616.142406669
 10
-6442.931525312307
 20
5654614.656201563
 10
-6446.517761274869
 20
5654613.348066581
 10
-6450.166883066227
 20
5654612.240240649
 10
-6453.871875428265
 20
5654611.33271514
 10
-6457.618722105321
 20
5654610.614348878
 10
-6461.393379046198
 20
5654610.096248183
 10
-6465.195845818245
 20
5654609.778413117
 10
-6469.01209223112
 20
5654609.660826183
 10
-6472.821059281813
 20
5654609.754584821
 10
-6476.622760440538
 20
5654610.048565251
 10
-6480.41018038961
 20
5654610.542758663
 10
-6484.898640603038
 20
5654611.393795374
 10
-6489.323602383867
 20
5654612.5339746205
 10
-6490.599988120776
 20
5654612.791424214
 10
-6491.9116995717995
 20
5654612.848690398
 10
-6493.202631873085
 20
5654612.694578937
 10
-6494.458755433487
 20
5654612.3290721895
 10
-6495.644968068154
 20
5654611.774373582
 10
-6496.719180631304
 20
5654611.030430163
 10
-6497.660306611283
 20
5654610.130586711
 10
-6498.447287402984
 20
5654609.085940459
 10
-6499.174432558792
 20
5654607.940581984
 10
-6499.535481700571
 20
5654608.228529036
 10
-6500.309481700782
 20
5654608.878529035
 10
-6500.648780873397
 20
5654609.168675564
 10
-6501.406780873425
 20
5654609.828675566
 10
-6501.945141149897
 20
5654610.311295429
 10
-6502.683041150053
 20
5654610.99229543
 10
-6503.329473215853
 20
5654611.610659928
 10
-6504.042573214825
 20
5654612.3176599275
 10
-6504.454720134036
 20
5654612.735993982
 10
-6505.223620134389
 20
5654613.534993984
 10
-6505.277905800912
 20
5654613.591582123
 10
-6506.0439058015
 20
5654614.39258212
 10
-6506.099195278455
 20
5654614.450583691
 10
-6506.86219527852
 20
5654615.253583692
 10
-6506.9049639778805
 20
5654615.298706753
 10
-6507.666063977564
 20
5654616.103706756
 10
-6507.745188759442
 20
5654616.187783473
 10
-6508.502088759587
 20
5654616.99578347
 10
-6508.5426512790655
 20
5654617.039187701
 10
-6509.2651629488555
 20
5654617.814160541
 10
-6509.929436522534
 20
5654618.521061297
 10
-6510.632130498148
 20
5654619.260149782
 10
-6510.810167882479
 20
5654619.449367499
 10
-6511.554167883878
 20
5654620.248367498
 10
-6511.958397931906
 20
5654620.693079917
 10
-6512.682397930369
 20
5654621.509079917
 10
-6513.30336407567
 20
5654622.236519865
 10
-6513.633198734592
 20
5654622.638223259
 10
-6512.120275349752
 20
5654625.021281882
 10
-6511.339776578704
 20
5654626.488638007
 10
-6510.783627434043
 20
5654628.056390889
 10
-6510.472914326685
 20
5654629.691195662
 10
-6510.414693915658
 20
5654631.359689826
 10
-6510.6020071555
 20
5654633.01736947
 10
-6511.034909860466
 20
5654634.61973956
 10
-6511.7064150028855
 20
5654636.14454379
 10
-6512.602548782423
 20
5654637.54726951
 10
-6515.389898014132
 20
5654641.166011828
 10
-6518.078937527166
 20
5654644.862498187
 10
-6520.767959155693
 20
5654648.570109738
 10
-6523.351684433985
 20
5654652.333208745
 10
-6525.823070601258
 20
5654656.174033727
 10
-6528.196147417062
 20
5654660.0926022455
 10
-6532.535389741474
 20
5654667.962599715
 10
-6536.432391785779
 20
5654676.06564115
 10
-6536.558320348078
 20
5654676.332771218
 10
-6539.495819424965
 20
5654683.222109295
 10
-6542.124505962259
 20
5654690.23341989
 10
-6544.401940374081
 20
5654697.644743413
 10
-6546.328504018009
 20
5654705.15573771
 10
-6547.325962696267
 20
5654709.617638792
 10
-6548.19712620803
 20
5654714.101627668
 10
-6548.94899550691
 20
5654718.618836931
 10
-6549.574584358098
 20
5654723.1470101075
 10
-6550.066878371951
 20
5654727.686138259
 10
-6550.439893221218
 20
5654732.247362896
 10
-6550.679628001604
 20
5654736.808418678
 10
-6550.793083669163
 20
5654741.380438243
 10
-6550.787289346053
 20
5654745.952306706
 10
-6550.648230074759
 20
5654750.512882521
 10
-6550.382892691887
 20
5654755.084422121
 10
-6549.991319825254
 20
5654759.633554221
 10
-6549.020457486205
 20
5654767.407850241
 10
-6547.6848924382175
 20
5654775.137189369
 10
-6547.669256695769
 20
5654776.405281161
 10
-6548.1167005765865
 20
5654777.584969314
 10
-6548.96427517512
 20
5654778.531564972
 10
-6550.099929289626
 20
5654779.100317109
 10
-6554.272121239851
 20
5654780.30697497
 10
-6554.408607962738
 20
5654780.343845408
 10
-6553.461183766768
 20
5654782.037474077
 10
-6552.371366745348
 20
5654783.670171475
 10
-6551.553366744908
 20
5654784.797171475
 10
-6549.6755100972605
 20
5654787.085960656
 10
-6548.83951009803
 20
5654787.989960658
 10
-6546.652644403331
 20
5654790.08458865
 10
-6545.7126444021815
 20
5654790.881588649
 10
-6543.662795013369
 20
5654792.445304138
 10
-6542.6017950135065
 20
5654793.171304138
 10
-6540.704826683657
 20
5654794.348533232
 10
-6538.710397609346
 20
5654795.351832714
 10
-6537.5503976091895
 20
5654795.871832714
 10
-6535.663948425711
 20
5654796.626985812
 10
-6533.7224029178815
 20
5654797.226442033
 10
-6532.50240291842
 20
5654797.549442031
 10
-6530.45744554003
 20
5654798.000131854
 10
-6529.230345538997
 20
5654798.217131855
 10
-6527.085966952318
 20
5654798.501308806
 10
-6525.845966952628
 20
5654798.611308807
 10
-6524.677733412508
 20
5654798.687423523
 10
-6523.189833412709
 20
5654798.749423521
 10
-6522.970703451994
 20
5654798.7575920215
 10
-6522.70357745913
 20
5654798.766376702
 10
-6522.68456757642
 20
5654797.41989422
 10
-6522.279965373709
 20
5654795.639577848
 10
-6521.524477119445
 20
5654793.98118042
 10
-6520.43906222283
 20
5654792.511471246
 10
-6519.079753388294
 20
5654791.297263924
 10
-6517.49558291959
 20
5654790.394239426
 10
-6515.756669273396
 20
5654789.82473392
 10
-6513.933117010544
 20
5654789.622207272
 10
-6507.858458517475
 20
5654789.603431314
 10
-6501.791122472685
 20
5654789.339948414
 10
-6496.488604643807
 20
5654788.899453305
 10
-6491.207353347495
 20
5654788.281009771
 10
-6485.947382007087
 20
5654787.473493977
 10
-6480.722705380544
 20
5654786.488047223
 10
-6475.533322948872
 20
5654785.324669399
 10
-6470.386262765517
 20
5654783.972245415
 10
-6465.288525026874
 20
5654782.441907687
 10
-6460.247123895678
 20
5654780.7336648395
 10
-6453.726628815916
 20
5654778.222667313
 10
-6447.318736491799
 20
5654775.411476284
 10
-6440.693701672703
 20
5654772.3441755725
 10
-6408.227403344342
 20
5654757.320082656
 10
-6406.853147116268
 20
5654756.817808692
 10
-6405.401370740414
 20
5654756.604657434
 10
-6403.942221230757
 20
5654756.680715859
 10
-6402.517800676282
 20
5654757.0349123385
 10
-6401.198256064941
 20
5654757.667333719
 10
-6400.025730718921
 20
5654758.533536962
 10
-6399.049341211842
 20
5654759.622458991
 10
-6398.304215984719
 20
5654760.8896480445
 10
-6397.655187198969
 20
5654762.152396177
 10
-6396.984979019984
 20
5654761.697494178
  0
LWPOLYLINE
  5
30C
330
17
100
AcDbEntity
  8
V-TOPO-MINR
100
AcDbPolyline
 90
18
 70
0
 10
-6408.432864406779
 20
5654620.896291526
 10
-6408.591047413793
 20
5654621.233741379
 10
-6409.205402390438
 20
5654622.406143427
 10
-6409.717413284133
 20
5654623.0917859785
 10
-6410.88358563536
 20
5654624.595524862
 10
-6412.057076923077
 20
5654625.812355312
 10
-6412.74723857868
 20
5654626.819375634
 10
-6412.817960893854
 20
5654626.984111732
 10
-6412.981953124999
 20
5654627.15784375
 10
-6413.076744186049
 20
5654627.588267442
 10
-6412.416404886562
 20
5654627.696602095
 10
-6411.919220183486
 20
5654627.737284404
 10
-6411.342447698743
 20
5654627.393175733
 10
-6409.5235
 20
5654626.843250001
 10
-6408.619648648648
 20
5654626.543189189
 10
-6408.015874598071
 20
5654626.185418006
 10
-6406.167224390244
 20
5654625.17557561
 10
-6400.032907692311
 20
5654627.590007692
  0
LWPOLYLINE
  5
30D
330
17
100
AcDbEntity
  8
V-TOPO-MAJR
100
AcDbPolyline
 90
26
 70
0
 10
-6413.457230872484
 20
5654622.964736913
 10
-6413.29343902439
 20
5654623.00850813
 10
-6413.1551054313095
 20
5654623.302607029
 10
-6414.260452054794
 20
5654625.265047945
 10
-6414.706261538461
 20
5654625.803400001
 10
-6415.190027027027
 20
5654626.8949459465
 10
-6415.7029111111115
 20
5654627.587577778
 10
-6415.900923076923
 20
5654627.9030769225
 10
-6416.164607142859
 20
5654628.249999999
 10
-6416.705192660551
 20
5654628.549422018
 10
-6418.017784946236
 20
5654629.089655913
 10
-6418.093795652175
 20
5654629.119530435
 10
-6418.151393939394
 20
5654629.143045454
 10
-6417.961966101694
 20
5654629.260342373
 10
-6414.996914285714
 20
5654630.411342857
 10
-6414.135975359343
 20
5654630.757767967
 10
-6413.176439790575
 20
5654630.915188482
 10
-6409.127935779817
 20
5654631.246458715
 10
-6405.781470588236
 20
5654629.249921569
 10
-6404.490814814815
 20
5654629.895074073
 10
-6399.217202185792
 20
5654632.750289617
 10
-6398.928243902439
 20
5654632.808121951
 10
-6398.725826271187
 20
5654632.577436442
 10
-6397.562067114095
 20
5654632.447677853
 10
-6396.726493927126
 20
5654632.152574899
 10
-6396.085881578947
 20
5654631.648039473
  0
TEXT
  5
30E
330
17
100
AcDbEntity
  8
V-TOPO-CTXT
100
AcDbText
 10
-6410.645965954259
 20
5654631.122245374
 30
0.0
 40
1.0
  1
1080.0
 50
4.677825471085268
  7
BR-STD
 72
1
 11
-6410.645965954259
 21
5654631.122245374
 31
0.0
100
AcDbText
 73
2
  0
LWPOLYLINE
  5
30F
330
17
100
AcDbEntity
  8
V-TOPO-MINR
100
AcDbPolyline
 90
36
 70
0
 10
-6417.299848322148
 20
5654623.725475168
 10
-6416.665390243902
 20
5654623.895025745
 10
-6416.195811764705
 20
5654624.893355293
 10
-6416.168910891088
 20
5654624.9239207925
 10
-6416.220984615384
 20
5654625.016061539
 10
-6416.634171806168
 20
5654625.439502204
 10
-6416.827878378378
 20
5654625.6285810815
 10
-6417.103284023669
 20
5654625.830029586
 10
-6418.167465753426
 20
5654626.688013699
 10
-6418.328388888889
 20
5654626.835150001
 10
-6418.379751724138
 20
5654626.865096552
 10
-6418.509138613861
 20
5654626.930049505
 10
-6419.452230769231
 20
5654628.384230769
 10
-6419.821784615385
 20
5654628.782261538
 10
-6420.480756756757
 20
5654628.905121623
 10
-6421.128149377592
 20
5654628.986165975
 10
-6421.578957983193
 20
5654629.13087395
 10
-6420.570097560976
 20
5654631.154292682
 10
-6420.026221804512
 20
5654632.026090225
 10
-6414.864270742358
 20
5654633.731908296
 10
-6414.567898305084
 20
5654633.915427119
 10
-6414.1766761904755
 20
5654634.067295237
 10
-6414.063080082135
 20
5654634.113004107
 10
-6413.936474694589
 20
5654634.133774869
 10
-6406.336651376147
 20
5654634.755633027
 10
-6406.207941176471
 20
5654634.678843137
 10
-6405.534555555556
 20
5654635.015444444
 10
-6400.361957854407
 20
5654637.720885057
 10
-6400.183162162162
 20
5654637.558567568
 10
-6399.824896
 20
5654637.648264
 10
-6398.150353790613
 20
5654636.956537907
 10
-6397.689847222221
 20
5654636.955277778
 10
-6397.208269430052
 20
5654636.346243524
 10
-6396.1042916666665
 20
5654635.501333334
 10
-6396.106708955223
 20
5654635.862261194
 10
-6395.968108325873
 20
5654636.266525514
  0
LWPOLYLINE
  5
310
330
17
100
AcDbEntity
  8
V-TOPO-MINR
100
AcDbPolyline
 90
39
 70
0
 10
-6421.142465771813
 20
5654624.486213423
 10
-6420.037341463414
 20
5654624.78154336
 10
-6419.860517647056
 20
5654625.15747294
 10
-6419.553399339933
 20
5654625.506429043
 10
-6419.570584033614
 20
5654625.536836134
 10
-6419.561618181817
 20
5654625.579009091
 10
-6419.7832
 20
5654625.7082
 10
-6419.965486772488
 20
5654625.799708995
 10
-6421.102453376205
 20
5654626.155996785
 10
-6422.297099378882
 20
5654627.000279503
 10
-6422.302985915493
 20
5654627.008342723
 10
-6422.311108333332
 20
5654627.013675
 10
-6423.0658510638295
 20
5654627.449734042
 10
-6423.751308139534
 20
5654628.372558139
 10
-6424.049314285714
 20
5654628.467725715
 10
-6424.953012820513
 20
5654628.380743589
 10
-6425.4621460177
 20
5654628.328057522
 10
-6425.582191780823
 20
5654628.932164383
 10
-6425.503789954339
 20
5654629.494995434
 10
-6424.983860759495
 20
5654632.325493671
 10
-6422.516516431924
 20
5654633.552751173
 10
-6421.583955654102
 20
5654635.4231396895
 10
-6421.438815789475
 20
5654635.655789473
 10
-6419.580092409242
 20
5654636.270023102
 10
-6417.7602333333325
 20
5654642.862733333
 10
-6415.937993079584
 20
5654642.4493944645
 10
-6410.158392857144
 20
5654641.6183690475
 10
-6407.316868131869
 20
5654642.02610989
 10
-6403.560274611398
 20
5654643.120777202
 10
-6401.867669421488
 20
5654645.968264462
 10
-6401.282834024896
 20
5654643.72766805
 10
-6400.8049611650495
 20
5654642.998194174
 10
-6400.281555555555
 20
5654643.412022222
 10
-6399.657647058824
 20
5654643.326617647
 10
-6398.770225165562
 20
5654642.893152318
 10
-6398.482993464053
 20
5654642.371215687
 10
-6397.228903225806
 20
5654640.848330645
 10
-6397.231242537313
 20
5654641.197615672
 10
-6396.8705255147715
 20
5654642.249739481
  0
LWPOLYLINE
  5
311
330
17
100
AcDbEntity
  8
V-TOPO-MINR
100
AcDbPolyline
 90
48
 70
0
 10
-6424.970985018728
 20
5654624.286475656
 10
-6425.748516129033
 20
5654625.173149193
 10
-6425.946033482144
 20
5654625.548372768
 10
-6426.5048426966305
 20
5654626.107606742
 10
-6427.216102649005
 20
5654626.876609271
 10
-6427.827409090909
 20
5654627.013681818
 10
-6427.987752711496
 20
5654627.081145336
 10
-6430.138545454545
 20
5654626.870761904
 10
-6430.5065841874075
 20
5654627.272259151
 10
-6430.680359223301
 20
5654629.00167961
 10
-6430.058642857143
 20
5654630.1985
 10
-6428.50145323741
 20
5654630.307827339
 10
-6429.204109589042
 20
5654633.843808219
 10
-6428.7807397260285
 20
5654636.88309589
 10
-6429.209811320756
 20
5654636.875471698
 10
-6429.818955223882
 20
5654637.006179104
 10
-6429.898316666668
 20
5654637.088033333
 10
-6427.251303571428
 20
5654640.173349703
 10
-6425.570450819672
 20
5654641.176635246
 10
-6423.575833333333
 20
5654642.771
 10
-6422.296278089888
 20
5654643.747727528
 10
-6420.50860034904
 20
5654646.877853403
 10
-6419.694886894074
 20
5654647.347278276
 10
-6418.566739299611
 20
5654647.81781323
 10
-6417.574613545818
 20
5654648.837282869
 10
-6416.142162637363
 20
5654649.887345055
 10
-6414.277454545454
 20
5654652.987939394
 10
-6414.153340255591
 20
5654653.152717252
 10
-6414.045689189189
 20
5654653.21890991
 10
-6412.9043076923035
 20
5654654.833615385
 10
-6412.706714285714
 20
5654655.088678572
 10
-6412.383100000001
 20
5654653.710200001
 10
-6412.387882352942
 20
5654653.660264706
 10
-6412.370481481482
 20
5654653.608592592
 10
-6411.474268292674
 20
5654653.236780488
 10
-6405.8492401960775
 20
5654651.011627451
 10
-6404.915941176468
 20
5654650.898941177
 10
-6402.682637096774
 20
5654651.464225806
 10
-6402.30221875
 20
5654650.7844375
 10
-6401.892354581672
 20
5654651.002015937
 10
-6400.548250000002
 20
5654650.3095
 10
-6400.112621621622
 20
5654650.199783783
 10
-6399.2728
 20
5654648.715043137
 10
-6398.483915730337
 20
5654648.02733146
 10
-6398.493750000001
 20
5654648.252269231
 10
-6398.255164179103
 20
5654647.134985074
 10
-6398.150802065404
 20
5654647.130829603
 10
-6397.77294270367
 20
5654648.232953446
  0
LWPOLYLINE
  5
312
330
17
100
AcDbEntity
  8
V-TOPO-MAJR
100
AcDbPolyline
 90
47
 70
0
 10
-6429.066500000001
 20
5654622.179142857
 10
-6428.896625000001
 20
5654622.92075
 10
-6429.316011160716
 20
5654623.71745759
 10
-6429.946833333333
 20
5654624.34875926
 10
-6430.443174147217
 20
5654625.133727109
 10
-6430.674651465798
 20
5654625.240410423
 10
-6430.9405726681125
 20
5654625.352295011
 10
-6431.786272727273
 20
5654625.269571429
 10
-6433.99450512445
 20
5654627.678554905
 10
-6434.569368972747
 20
5654633.399637315
 10
-6435.02057099698
 20
5654633.791652568
 10
-6435.192639575973
 20
5654633.873091873
 10
-6435.284337047354
 20
5654634.136877438
 10
-6434.270897959184
 20
5654635.876408163
 10
-6433.207300518135
 20
5654637.9209740935
 10
-6431.643269151138
 20
5654639.098287785
 10
-6430.461742753623
 20
5654640.482081521
 10
-6428.809339285714
 20
5654642.408096727
 10
-6426.057686915888
 20
5654644.05053271
 10
-6423.606082949309
 20
5654647.823235023
 10
-6422.252492146596
 20
5654650.193298429
 10
-6422.016700179533
 20
5654650.329324956
 10
-6421.689793774318
 20
5654650.465673152
 10
-6421.402302788843
 20
5654650.7610876495
 10
-6420.987217582417
 20
5654651.065367032
 10
-6420.446876033056
 20
5654651.96383471
 10
-6417.501982428115
 20
5654655.873563898
 10
-6414.947716216217
 20
5654657.444135135
 10
-6414.374979118329
 20
5654658.25438283
 10
-6413.19625263158
 20
5654663.497747368
 10
-6413.15297265625
 20
5654663.739132812
 10
-6413.112647058823
 20
5654663.942470588
 10
-6413.081
 20
5654663.872599999
 10
-6412.971
 20
5654663.8741999995
 10
-6412.7006619047625
 20
5654663.832290476
 10
-6411.33052380953
 20
5654662.829
 10
-6407.915349282296
 20
5654660.608488038
 10
-6407.386970588235
 20
5654659.857352941
 10
-6403.147891891892
 20
5654657.8246216215
 10
-6402.858147727273
 20
5654658.640840909
 10
-6402.817083333333
 20
5654658.662166666
 10
-6402.68120792079
 20
5654658.623534653
 10
-6400.662522033898
 20
5654657.050376271
 10
-6400.187606557377
 20
5654656.058108197
 10
-6399.098199186992
 20
5654653.721674797
 10
-6398.84830636833
 20
5654653.711724613
 10
-6398.67535989257
 20
5654654.216167413
  0
TEXT
  5
313
330
17
100
AcDbEntity
  8
V-TOPO-CTXT
100
AcDbText
 10
-6421.7080555717175
 20
5654650.458056406
 30
0.0
 40
1.0
  1
1081.0
 50
40.24557050672249
  7
BR-STD
 72
1
 11
-6421.7080555717175
 21
5654650.458056406
 31
0.0
100
AcDbText
 73
2
  0
LWPOLYLINE
  5
314
330
17
100
AcDbEntity
  8
V-TOPO-MINR
100
AcDbPolyline
 90
50
 70
0
 10
-6433.41896039604
 20
5654619.958252475
 10
-6433.217981132077
 20
5654620.787259433
 10
-6432.610808102346
 20
5654621.927
 10
-6432.885581881534
 20
5654622.568550522
 10
-6433.407267504489
 20
5654623.393601436
 10
-6433.724848
 20
5654623.539968
 10
-6434.053287958115
 20
5654623.574073298
 10
-6435.435864253393
 20
5654625.852235294
 10
-6437.482426061493
 20
5654628.084850659
 10
-6437.682052410901
 20
5654630.071545073
 10
-6439.129390410959
 20
5654631.329027398
 10
-6439.2803586497885
 20
5654631.536824895
 10
-6439.288659436008
 20
5654631.5464642085
 10
-6439.59966994106
 20
5654631.893265226
 10
-6439.442257534246
 20
5654632.560938356
 10
-6438.573160305344
 20
5654634.05378626
 10
-6437.429571428573
 20
5654636.016714286
 10
-6434.8018601036265
 20
5654641.067994818
 10
-6430.937782608696
 20
5654643.976652173
 10
-6430.699967391305
 20
5654644.255179348
 10
-6430.367375
 20
5654644.64284375
 10
-6429.813528037383
 20
5654644.973429906
 10
-6428.432284360186
 20
5654647.098985782
 10
-6426.456309392264
 20
5654651.034132596
 10
-6424.9609450101825
 20
5654653.761478615
 10
-6422.641551330798
 20
5654656.216722433
 10
-6420.850624600638
 20
5654658.594410543
 10
-6418.105038461538
 20
5654660.282620879
 10
-6417.419680000001
 20
5654662.180286666
 10
-6414.932713675214
 20
5654668.295282051
 10
-6414.921764705882
 20
5654668.315052632
 10
-6416.076577878106
 20
5654671.164582392
 10
-6413.0120861538435
 20
5654676.984387692
 10
-6412.9388108108105
 20
5654677.084737452
 10
-6412.90520338983
 20
5654677.187771186
 10
-6412.851500000002
 20
5654677.092875
 10
-6412.619734375001
 20
5654676.527734375
 10
-6412.487499999999
 20
5654676.005833333
 10
-6410.098330708664
 20
5654673.6935433075
 10
-6406.136657534246
 20
5654671.992712328
 10
-6404.936277108434
 20
5654670.685518072
 10
-6403.431679802956
 20
5654671.389014779
 10
-6403.175823529412
 20
5654671.2031764705
 10
-6402.953259259259
 20
5654671.007973544
 10
-6402.059897810219
 20
5654669.666985402
 10
-6401.109124999999
 20
5654665.793187501
 10
-6400.447355140186
 20
5654663.831261682
 10
-6399.597824742268
 20
5654661.864525774
 10
-6399.516631799163
 20
5654660.951974896
 10
-6399.429480932204
 20
5654661.382741525
  0
LWPOLYLINE
  5
315
330
17
100
AcDbEntity
  8
V-TOPO-MINR
100
AcDbPolyline
 90
55
 70
0
 10
-6436.101784679089
 20
5654618.664492753
 10
-6436.20707003891
 20
5654619.469988327
 10
-6435.830424307036
 20
5654620.177
 10
-6436.156263736264
 20
5654620.93778022
 10
-6437.152754716981
 20
5654621.391396226
 10
-6437.771571955719
 20
5654621.369258302
 10
-6437.72048943662
 20
5654621.412676057
 10
-6438.131292887028
 20
5654621.529282426
 10
-6439.712621169917
 20
5654621.380760445
 10
-6440.042271966528
 20
5654622.407535564
 10
-6441.485021341463
 20
5654628.339881098
 10
-6442.575717299578
 20
5654629.841149789
 10
-6442.743648590021
 20
5654630.036160521
 10
-6442.881104125736
 20
5654630.189434186
 10
-6442.078558904109
 20
5654633.593472603
 10
-6440.772998330552
 20
5654635.836033389
 10
-6440.427415492959
 20
5654638.441316901
 10
-6437.505276595744
 20
5654642.083446808
 10
-6436.396419689118
 20
5654644.215015544
 10
-6434.828058823527
 20
5654645.395588235
 10
-6432.95147826087
 20
5654649.043130435
 10
-6432.3337583892635
 20
5654650.670067114
 10
-6430.971023255814
 20
5654652.69455814
 10
-6428.33416293279
 20
5654657.50384114
 10
-6426.652973684209
 20
5654659.283500001
 10
-6424.62702727273
 20
5654666.504245454
 10
-6424.154210526317
 20
5654667.965789474
 10
-6423.685617977528
 20
5654669.085573033
 10
-6421.612941176473
 20
5654672.828210526
 10
-6421.871160270883
 20
5654673.46537246
 10
-6421.185932307695
 20
5654674.766695384
 10
-6415.006378378377
 20
5654683.229525097
 10
-6414.950127659573
 20
5654683.401978724
 10
-6414.7738095238055
 20
5654683.916619048
 10
-6414.761886792448
 20
5654684.127566038
 10
-6413.718383333333
 20
5654689.287769444
 10
-6413.390300341297
 20
5654690.060737201
 10
-6412.0632000000005
 20
5654691.94011
 10
-6411.846863636364
 20
5654691.673809091
 10
-6411.666721428572
 20
5654691.109657142
 10
-6411.473296296296
 20
5654689.985138889
 10
-6410.97321212121
 20
5654689.193535354
 10
-6410.150239436618
 20
5654687.646338029
 10
-6408.714919540233
 20
5654685.033885057
 10
-6407.2266272727275
 20
5654683.673145454
 10
-6404.0272561983475
 20
5654679.998438017
 10
-6403.2452612612615
 20
5654679.260801802
 10
-6402.961666666667
 20
5654678.968666667
 10
-6402.798080188679
 20
5654678.798424528
 10
-6401.838979310344
 20
5654678.808579311
 10
-6400.9581159420295
 20
5654679.659449276
 10
-6400.229128440367
 20
5654678.44859633
 10
-6399.791135135136
 20
5654677.574716216
 10
-6399.800751072961
 20
5654672.87825751
 10
-6399.381281779661
 20
5654674.951597458
  0
LWPOLYLINE
  5
316
330
17
100
AcDbEntity
  8
V-TOPO-MINR
100
AcDbPolyline
 90
62
 70
0
 10
-6438.158202898552
 20
5654617.55942029
 10
-6438.2096194690275
 20
5654617.952787611
 10
-6439.593652631578
 20
5654618.261968421
 10
-6439.832684551098
 20
5654618.3581149215
 10
-6439.844161341649
 20
5654618.363533971
 10
-6439.859942390804
 20
5654618.369932195
 10
-6441.74198425197
 20
5654619.259637795
 10
-6441.687701244815
 20
5654619.286082988
 10
-6441.741147375344
 20
5654619.321925208
 10
-6442.348036082476
 20
5654619.267335052
 10
-6442.679410041843
 20
5654619.361395398
 10
-6443.0663816156
 20
5654619.32505014
 10
-6444.965700000001
 20
5654625.240925
 10
-6445.8736255319145
 20
5654628.180978724
 10
-6445.9403135135135
 20
5654628.250627028
 10
-6446.174383838383
 20
5654628.528525253
 10
-6445.719294117647
 20
5654630.365647058
 10
-6444.714860273972
 20
5654634.626006849
 10
-6444.188273789649
 20
5654635.530524207
 10
-6443.362714788733
 20
5654641.754257041
 10
-6441.15374125874
 20
5654644.5075034965
 10
-6439.5464050343235
 20
5654648.03091762
 10
-6438.259675000001
 20
5654652.8138999995
 10
-6438.082080536914
 20
5654653.281644295
 10
-6437.735349112429
 20
5654653.796751479
 10
-6434.4088999999985
 20
5654659.7738542855
 10
-6433.48687434555
 20
5654662.176971204
 10
-6431.344009389672
 20
5654666.520450705
 10
-6430.539659442724
 20
5654669.006811146
 10
-6429.952564102564
 20
5654670.409777777
 10
-6426.843083743843
 20
5654675.005724138
 10
-6422.485294605809
 20
5654681.787170124
 10
-6420.66402605863
 20
5654684.267957655
 10
-6420.4225499999975
 20
5654685.462075
 10
-6418.349344709899
 20
5654690.346573379
 10
-6416.67027983539
 20
5654692.724380659
 10
-6414.7201896333745
 20
5654695.703471554
 10
-6412.582106060607
 20
5654697.834942425
 10
-6412.339073170732
 20
5654698.592219513
 10
-6409.71429113924
 20
5654705.702658229
 10
-6409.696025641025
 20
5654705.665282051
 10
-6409.335369863013
 20
5654704.789849315
 10
-6408.606450980392
 20
5654700.8485294115
 10
-6408.5851250000005
 20
5654700.2875
 10
-6407.656733333333
 20
5654698.651133333
 10
-6404.408677777779
 20
5654694.852038889
 10
-6403.631599999998
 20
5654691.8707
 10
-6402.402511904762
 20
5654691.004357143
 10
-6402.3209433962265
 20
5654691.064886793
 10
-6402.298723076924
 20
5654691.097023077
 10
-6402.245258433093
 20
5654691.107025072
 10
-6402.012223848552
 20
5654690.404142295
 10
-6401.980700820022
 20
5654690.606975176
 10
-6402.158227261618
 20
5654691.1233065855
 10
-6401.8927368421055
 20
5654691.172973685
 10
-6401.4000982708285
 20
5654691.454581407
 10
-6400.096053333333
 20
5654690.217560001
 10
-6400.036190954774
 20
5654690.599512562
 10
-6399.049858490566
 20
5654688.824179246
 10
-6399.004592391304
 20
5654688.724711956
 10
-6399.054032520326
 20
5654687.55555691
 10
-6398.900523510972
 20
5654688.324103449
  0
LWPOLYLINE
  5
317
330
17
100
AcDbEntity
  8
V-TOPO-MAJR
100
AcDbPolyline
 90
71
 70
0
 10
-6442.121985480944
 20
5654615.968439202
 10
-6443.979913486004
 20
5654616.2931119595
 10
-6443.977037974683
 20
5654616.355936708
 10
-6443.963556368326
 20
5654616.364374934
 10
-6443.381289912901
 20
5654616.727857709
 10
-6444.967284702279
 20
5654617.352838026
 10
-6446.079349753697
 20
5654617.448729064
 10
-6445.912634000859
 20
5654617.527087811
 10
-6445.969349533179
 20
5654617.565122567
 10
-6446.403694136336
 20
5654617.5260529
 10
-6446.832292397661
 20
5654617.575818713
 10
-6447.338000000002
 20
5654619.456588235
 10
-6448.392566037735
 20
5654623.296867924
 10
-6449.0646545454565
 20
5654626.350990909
 10
-6449.244727272729
 20
5654626.827757576
 10
-6449.3286885245925
 20
5654626.816508196
 10
-6449.369576470589
 20
5654626.852752941
 10
-6449.626327272727
 20
5654627.095236364
 10
-6449.18802698145
 20
5654627.79781113
 10
-6448.986757855822
 20
5654628.948713494
 10
-6447.453206563707
 20
5654635.177793437
 10
-6447.713102040816
 20
5654636.606959184
 10
-6446.913338983052
 20
5654643.280694915
 10
-6446.592556561088
 20
5654644.840846154
 10
-6444.570602649006
 20
5654650.549251655
 10
-6443.768372997712
 20
5654652.307805493
 10
-6443.572519855596
 20
5654653.035823105
 10
-6442.7642187500005
 20
5654656.175437501
 10
-6441.586382978723
 20
5654661.033095744
 10
-6439.8187000000025
 20
5654666.365499999
 10
-6439.809519607847
 20
5654666.918705882
 10
-6439.485977528092
 20
5654667.389730337
 10
-6438.605098765432
 20
5654669.279925926
 10
-6436.305511999999
 20
5654673.444368
 10
-6432.902538461533
 20
5654675.714820513
 10
-6431.368824858756
 20
5654676.496169491
 10
-6431.05345971564
 20
5654677.141374407
 10
-6426.471188829785
 20
5654685.160457447
 10
-6423.742044247789
 20
5654689.610712389
 10
-6423.308389078499
 20
5654690.632409557
 10
-6423.081802469136
 20
5654690.9532901235
 10
-6418.656978508216
 20
5654697.712953223
 10
-6415.984403470715
 20
5654700.377262473
 10
-6414.7541908646
 20
5654701.642978793
 10
-6413.578277173913
 20
5654703.358611413
 10
-6411.972629778673
 20
5654707.864442656
 10
-6410.542503816795
 20
5654711.3806234095
 10
-6409.985750000001
 20
5654713.459701613
 10
-6407.39188010899
 20
5654718.511408719
 10
-6407.113621917808
 20
5654720.888183561
 10
-6407.045902642559
 20
5654721.079317107
 10
-6406.9837548387095
 20
5654721.353445161
 10
-6406.87752112676
 20
5654721.546640845
 10
-6406.834373913044
 20
5654721.419130434
 10
-6406.8133125
 20
5654720.841520833
 10
-6406.986380000001
 20
5654719.01184
 10
-6406.818278688525
 20
5654718.38009836
 10
-6405.94747058824
 20
5654716.886235294
 10
-6406.644161290324
 20
5654715.392193548
 10
-6406.612962162163
 20
5654714.642502703
 10
-6406.57164367816
 20
5654714.4623563215
 10
-6404.1980769230795
 20
5654711.299000001
 10
-6399.9088846153845
 20
5654706.341557693
 10
-6399.76323076923
 20
5654705.868923077
 10
-6399.770181818181
 20
5654704.206
 10
-6398.749073170734
 20
5654703.37507317
 10
-6398.136619047618
 20
5654702.043087301
 10
-6398.0400956521735
 20
5654701.701086956
 10
-6397.338684210525
 20
5654701.247105264
 10
-6397.253739726027
 20
5654701.083
 10
-6397.238297805643
 20
5654701.160310346
  0
TEXT
  5
318
330
17
100
AcDbEntity
  8
V-TOPO-CTXT
100
AcDbText
 10
-6430.146043420164
 20
5654678.729374507
 30
0.0
 40
1.0
  1
1082.0
 50
60.25545415290508
  7
BR-STD
 72
1
 11
-6430.146043420164
 21
5654678.729374507
 31
0.0
100
AcDbText
 73
2
  0
LWPOLYLINE
  5
319
330
17
100
AcDbEntity
  8
V-TOPO-MINR
100
AcDbPolyline
 90
79
 70
0
 10
-6446.827520871142
 20
5654614.188493648
 10
-6447.433475826971
 20
5654614.294384223
 10
-6447.409448717948
 20
5654614.8193333335
 10
-6447.31047260274
 20
5654615.125863014
 10
-6447.231242372031
 20
5654615.175453732
 10
-6447.147468085136
 20
5654615.227750252
 10
-6447.375654993832
 20
5654615.317670048
 10
-6447.744078949625
 20
5654615.349438474
 10
-6447.8374017783535
 20
5654615.402780682
 10
-6447.856904296248
 20
5654615.397817024
 10
-6448.038882688103
 20
5654615.48838599
 10
-6449.386
 20
5654616.26
 10
-6449.358150943396
 20
5654616.272022641
 10
-6449.678615384615
 20
5654616.371538461
 10
-6449.954147058823
 20
5654616.662772059
 10
-6450.018891566266
 20
5654617.700530121
 10
-6450.969913357401
 20
5654619.354963899
 10
-6451.817684848485
 20
5654623.207430303
 10
-6452.831427609429
 20
5654625.891450056
 10
-6453.304098360657
 20
5654625.828120219
 10
-6453.344816326531
 20
5654625.864214285
 10
-6452.339871313672
 20
5654627.191217158
 10
-6451.745784148397
 20
5654628.143510962
 10
-6451.060695009242
 20
5654632.061005546
 10
-6450.404461389962
 20
5654634.726538611
 10
-6451.466503401362
 20
5654640.56670975
 10
-6451.222131355934
 20
5654642.605906779
 10
-6450.185316742083
 20
5654647.648538461
 10
-6448.5827109375
 20
5654652.173035156
 10
-6447.1420398773025
 20
5654660.922297546
 10
-6447.174674556215
 20
5654661.691189349
 10
-6447.225535714288
 20
5654664.253374999
 10
-6447.174715686277
 20
5654667.315764706
 10
-6443.615752808989
 20
5654672.497033708
 10
-6442.282818681317
 20
5654675.357252747
 10
-6437.828086092715
 20
5654679.073320089
 10
-6434.719107344632
 20
5654680.657186441
 10
-6432.271040624998
 20
5654685.66568125
 10
-6430.61102484472
 20
5654688.041534161
 10
-6428.215836012863
 20
5654691.348672026
 10
-6426.792797266515
 20
5654694.5321959
 10
-6424.07646557377
 20
5654697.457363934
 10
-6422.593767383059
 20
5654699.722434892
 10
-6421.8634707158335
 20
5654700.450472886
 10
-6418.004598694943
 20
5654704.420711257
 10
-6414.316048913043
 20
5654709.802225542
 10
-6414.30965191147
 20
5654709.8201770615
 10
-6414.303954198474
 20
5654709.83418575
 10
-6412.767
 20
5654715.573612903
 10
-6412.004959128065
 20
5654717.057730245
 10
-6411.923210958903
 20
5654717.755991781
 10
-6410.316417246175
 20
5654722.291069541
 10
-6409.605283687943
 20
5654725.427812057
 10
-6408.315010224947
 20
5654731.874591002
 10
-6408.213585585585
 20
5654732.592265264
 10
-6408.048649122807
 20
5654733.402526315
 10
-6407.934932098766
 20
5654733.5647777775
 10
-6407.76401111111
 20
5654733.973633333
 10
-6407.406128205128
 20
5654736.195008546
 10
-6406.985688172043
 20
5654735.825548387
 10
-6406.544111111111
 20
5654734.937
 10
-6406.51399390244
 20
5654734.920432927
 10
-6406.482795321639
 20
5654734.8921345025
 10
-6403.892163090127
 20
5654730.799248927
 10
-6397.4061587301585
 20
5654728.269349206
 10
-6394.92681124498
 20
5654728.026562248
 10
-6396.094381526104
 20
5654724.446401605
 10
-6396.799
 20
5654721.402744681
 10
-6399.621673267326
 20
5654719.769693069
 10
-6397.402
 20
5654716.7996875
 10
-6397.261034883721
 20
5654716.552488372
 10
-6396.604106870229
 20
5654718.698725191
 10
-6396.170754385963
 20
5654715.091175439
 10
-6395.8279364161845
 20
5654714.194179191
 10
-6395.124843137255
 20
5654713.786803922
 10
-6394.75151875
 20
5654713.26026875
 10
-6394.614502840909
 20
5654713.6188181825
 10
-6394.790908396948
 20
5654712.200236642
 10
-6394.546934782609
 20
5654712.935510869
  0
LWPOLYLINE
  5
31A
330
17
100
AcDbEntity
  8
V-TOPO-MINR
100
AcDbPolyline
 90
83
 70
0
 10
-6450.29910619469
 20
5654612.964734513
 10
-6450.129411764706
 20
5654614.161705883
 10
-6450.121384937239
 20
5654614.226799163
 10
-6450.106705479451
 20
5654614.2320273975
 10
-6450.192521739131
 20
5654614.282434783
 10
-6451.609870967741
 20
5654615.634000001
 10
-6451.8350666666665
 20
5654615.848857144
 10
-6453.346338461539
 20
5654615.8472
 10
-6453.556882882883
 20
5654617.592216216
 10
-6454.318288808665
 20
5654618.916787003
 10
-6454.570715151515
 20
5654620.063869697
 10
-6456.418127946128
 20
5654624.955142536
 10
-6456.783417142858
 20
5654624.9062
 10
-6456.921306273062
 20
5654624.931590406
 10
-6454.646446808509
 20
5654628.025808511
 10
-6454.368642180094
 20
5654628.482836493
 10
-6453.72765822785
 20
5654633.647886077
 10
-6453.5792804878065
 20
5654634.753280489
 10
-6454.904451612904
 20
5654641.319537635
 10
-6454.84445011601
 20
5654642.833593967
 10
-6454.1390471204195
 20
5654648.700623036
 10
-6453.7780769230785
 20
5654650.45623077
 10
-6453.506539062502
 20
5654651.2228398435
 10
-6453.2624386503085
 20
5654652.705273006
 10
-6453.621420118341
 20
5654661.16308284
 10
-6453.646872340424
 20
5654662.445265958
 10
-6451.636201834863
 20
5654668.946889908
 10
-6449.386553191489
 20
5654673.313404255
 10
-6448.286102102102
 20
5654675.872462462
 10
-6447.409953177257
 20
5654676.933745819
 10
-6446.659968992248
 20
5654678.667364341
 10
-6439.0226516853945
 20
5654684.058089888
 10
-6438.17742384106
 20
5654684.763165564
 10
-6438.069389830508
 20
5654684.81820339
 10
-6437.984321874999
 20
5654684.992243751
 10
-6437.736320754717
 20
5654685.3471886795
 10
-6434.020614035089
 20
5654692.499017544
 10
-6431.944948630137
 20
5654693.672222603
 10
-6430.076315789473
 20
5654698.735438596
 10
-6429.777681415929
 20
5654699.096238937
 10
-6425.882109215016
 20
5654702.182286689
 10
-6421.2920599078325
 20
5654707.151474655
 10
-6421.208434210526
 20
5654707.2638157895
 10
-6417.628568306012
 20
5654712.400546448
 10
-6416.442008968609
 20
5654716.14103139
 10
-6415.609567474048
 20
5654718.174183391
 10
-6414.907231638417
 20
5654719.776355932
 10
-6413.586931849792
 20
5654723.502821975
 10
-6413.263971631205
 20
5654724.927368794
 10
-6412.6779959100195
 20
5654727.855163598
 10
-6411.758630630629
 20
5654734.360533534
 10
-6410.628939040209
 20
5654739.910216602
 10
-6410.51846923077
 20
5654740.540638462
 10
-6410.64047457627
 20
5654741.089516949
 10
-6410.791465116278
 20
5654741.411569768
 10
-6408.933791666667
 20
5654740.803694445
 10
-6408.277421052631
 20
5654740.43654386
 10
-6407.921934065934
 20
5654740.12054945
 10
-6402.715381578946
 20
5654739.2575394735
 10
-6402.04837671233
 20
5654739.185938356
 10
-6401.762469512196
 20
5654739.028664634
 10
-6399.145961783439
 20
5654736.655382166
 10
-6391.502567901232
 20
5654736.196481482
 10
-6391.435999999999
 20
5654736.200122449
 10
-6391.4295555555545
 20
5654736.121
 10
-6391.259485714284
 20
5654735.723628571
 10
-6391.094181818181
 20
5654735.184818182
 10
-6389.922265822785
 20
5654734.756556962
 10
-6391.190538461542
 20
5654730.36923077
 10
-6391.228672131149
 20
5654730.103442623
 10
-6391.3029418604665
 20
5654729.952093024
 10
-6391.647
 20
5654729.140000001
 10
-6391.971637168141
 20
5654728.388699115
 10
-6392.051828571427
 20
5654728.231128572
 10
-6392.000976744184
 20
5654728.142860465
 10
-6392.842448430492
 20
5654723.140318385
 10
-6392.8443880597015
 20
5654721.527014925
 10
-6392.828940170941
 20
5654721.268837607
 10
-6392.736189320389
 20
5654721.259878641
 10
-6391.712010416668
 20
5654724.245390625
 10
-6391.213224431819
 20
5654725.550636364
 10
-6391.2571933842255
 20
5654725.19705598
 10
-6389.996663043478
 20
5654728.995972826
  0
LWPOLYLINE
  5
31B
330
17
100
AcDbEntity
  8
V-TOPO-MINR
100
AcDbPolyline
 90
9
 70
0
 10
-6388.431296874998
 20
5654752.60134375
 10
-6391.430636842106
 20
5654756.4421999995
 10
-6393.02459310345
 20
5654755.272455173
 10
-6395.316638297868
 20
5654753.656297873
 10
-6395.751849056602
 20
5654753.2933773585
 10
-6396.073773584903
 20
5654755.229943396
 10
-6395.926385542165
 20
5654755.70092771
 10
-6393.881786666667
 20
5654759.033506666
 10
-6393.843847457626
 20
5654759.211601694
  0
LWPOLYLINE
  5
31C
330
17
100
AcDbEntity
  8
V-TOPO-MINR
100
AcDbPolyline
 90
7
 70
0
 10
-6392.841803278683
 20
5654747.50852459
 10
-6394.478457142859
 20
5654750.7347428575
 10
-6394.841862068957
 20
5654751.994896552
 10
-6389.592594594594
 20
5654750.620562162
 10
-6387.264341463415
 20
5654748.752878048
 10
-6388.948899999999
 20
5654745.67865
 10
-6392.841803278683
 20
5654747.50852459
  0
LWPOLYLINE
  5
31D
330
17
100
AcDbEntity
  8
V-TOPO-MINR
100
AcDbPolyline
 90
81
 70
0
 10
-6452.870047619048
 20
5654612.219190476
 10
-6452.552419354839
 20
5654612.645709678
 10
-6452.39575698324
 20
5654613.675522346
 10
-6452.9887896678965
 20
5654614.28204428
 10
-6456.056689922483
 20
5654614.534775194
 10
-6456.4237601246095
 20
5654614.584299065
 10
-6456.54264102564
 20
5654614.649498575
 10
-6456.766999999998
 20
5654614.736181818
 10
-6457.394272108844
 20
5654615.013115646
 10
-6457.432529729731
 20
5654615.772383783
 10
-6457.5449133489465
 20
5654619.1107283365
 10
-6459.175922077922
 20
5654621.824194806
 10
-6460.004828282828
 20
5654624.018835017
 10
-6460.099131428571
 20
5654624.0062
 10
-6460.167212598424
 20
5654624.018736221
 10
-6460.645793814433
 20
5654624.178226804
 10
-6460.718511210762
 20
5654624.201264574
 10
-6460.727771771772
 20
5654624.220066067
 10
-6460.60114619883
 20
5654624.501777778
 10
-6459.571234756097
 20
5654626.766631098
 10
-6458.405964454976
 20
5654628.683665877
 10
-6458.154873417721
 20
5654630.706957806
 10
-6457.417695121952
 20
5654636.198837979
 10
-6458.094543778803
 20
5654639.552640554
 10
-6457.927396751741
 20
5654643.770368909
 10
-6457.250438152013
 20
5654649.400818182
 10
-6457.637200779727
 20
5654651.438637426
 10
-6457.480441818183
 20
5654653.729972728
 10
-6457.843144981411
 20
5654660.148527881
 10
-6457.698623126338
 20
5654663.188308351
 10
-6456.072895734598
 20
5654668.61421801
 10
-6455.525452344933
 20
5654670.904676247
 10
-6454.15867586207
 20
5654675.443234484
 10
-6454.105171171173
 20
5654675.567657658
 10
-6450.491056856186
 20
5654679.945451505
 10
-6448.5845529411745
 20
5654684.352411765
 10
-6448.120895196505
 20
5654685.256633188
 10
-6446.586870129871
 20
5654686.8648441555
 10
-6442.453289999999
 20
5654689.032465
 10
-6440.633018433179
 20
5654693.069529954
 10
-6438.493140495868
 20
5654694.980446282
 10
-6434.894863013699
 20
5654697.014260274
 10
-6434.102631578948
 20
5654699.160877193
 10
-6430.41042477876
 20
5654703.6216814155
 10
-6428.779720136517
 20
5654704.913515358
 10
-6426.858304147463
 20
5654706.993640553
 10
-6421.548072368421
 20
5654714.127302632
 10
-6420.951428051002
 20
5654714.983424407
 10
-6420.7536681614365
 20
5654715.606838565
 10
-6418.495813148789
 20
5654721.121415225
 10
-6417.112187499999
 20
5654724.277749999
 10
-6416.771811764705
 20
5654725.740364706
 10
-6415.303675675674
 20
5654736.128801801
 10
-6414.567330739301
 20
5654739.746143969
 10
-6414.369497659905
 20
5654740.875124806
 10
-6414.587613636362
 20
5654742.274477273
 10
-6415.09036423841
 20
5654743.292834438
 10
-6415.682499999998
 20
5654743.7442499995
 10
-6416.455322580645
 20
5654744.341225807
 10
-6414.155258064517
 20
5654746.000225807
 10
-6414.111812499999
 20
5654750.22725
 10
-6414.180166666664
 20
5654753.338333334
 10
-6414.151985294116
 20
5654753.3469852945
 10
-6412.505896193768
 20
5654753.1181107275
 10
-6410.466691689007
 20
5654752.809914209
 10
-6408.651400000001
 20
5654752.39752
 10
-6407.7951656804735
 20
5654752.415035503
 10
-6407.538396648045
 20
5654752.34296648
 10
-6405.8470000000025
 20
5654752.301173913
 10
-6405.707275000002
 20
5654752.374175
 10
-6405.413363636362
 20
5654752.626727273
 10
-6404.641
 20
5654753.319714285
 10
-6404.217761904762
 20
5654753.654190476
 10
-6403.193154605263
 20
5654753.71124671
 10
-6402.42668224299
 20
5654753.905887851
 10
-6401.632782208589
 20
5654754.110285276
 10
-6400.6983778409085
 20
5654754.724394887
 10
-6400.378377483443
 20
5654755.226441059
 10
-6399.162046025104
 20
5654756.200087867
 10
-6397.7549886202005
 20
5654757.997261736
 10
-6397.046223463687
 20
5654759.398522345
  0
LWPOLYLINE
  5
31E
330
17
100
AcDbEntity
  8
V-TOPO-MINR
100
AcDbPolyline
 90
4
 70
0
 10
-6384.1605847953215
 20
5654745.394374269
 10
-6384.7845502645505
 20
5654743.855238096
 10
-6385.931740259743
 20
5654740.35903896
 10
-6384.9436890756315
 20
5654742.601126051
  0
LWPOLYLINE
  5
31F
330
17
100
AcDbEntity
  8
V-TOPO-MAJR
100
AcDbPolyline
 90
80
 70
0
 10
-6456.979448717949
 20
5654611.469504274
 10
-6457.0694716981125
 20
5654611.605650944
 10
-6456.8575
 20
5654612.311000001
 10
-6456.290359375
 20
5654612.918453125
 10
-6457.294476635514
 20
5654613.053925233
 10
-6459.53623076923
 20
5654614.28340171
 10
-6459.795293918919
 20
5654614.383493243
 10
-6461.3101091703065
 20
5654614.6110240165
 10
-6460.662227272727
 20
5654619.185136364
 10
-6460.681915690868
 20
5654619.769978923
 10
-6461.1224336734695
 20
5654620.502857143
 10
-6462.349057142854
 20
5654621.576299999
 10
-6463.961122377622
 20
5654622.3043461535
 10
-6464.241322330097
 20
5654623.366561165
 10
-6464.288104683195
 20
5654623.480556473
 10
-6464.385018181818
 20
5654623.593472727
 10
-6464.522066066065
 20
5654623.8717177175
 10
-6463.54634567901
 20
5654626.042462963
 10
-6462.020444444444
 20
5654628.700222222
 10
-6462.072370422535
 20
5654629.5871746475
 10
-6461.37891
 20
5654636.72955
 10
-6461.256109756098
 20
5654637.64439547
 10
-6461.284635944701
 20
5654637.785743471
 10
-6461.010343387471
 20
5654644.707143851
 10
-6460.691943368109
 20
5654647.355363636
 10
-6461.564588693956
 20
5654651.95325731
 10
-6461.210896363636
 20
5654657.123154545
 10
-6461.315263940519
 20
5654658.9700892195
 10
-6460.9775310492505
 20
5654666.073747324
 10
-6460.803345971565
 20
5654666.6550947875
 10
-6459.292093797278
 20
5654672.978049925
 10
-6458.5645155038765
 20
5654675.3940678295
 10
-6456.8199270516725
 20
5654678.506227964
 10
-6453.819879245283
 20
5654682.657094339
 10
-6453.572160535116
 20
5654682.957157191
 10
-6453.444111764705
 20
5654683.253147058
 10
-6451.370531295487
 20
5654687.2970262
 10
-6447.431041666665
 20
5654691.427030702
 10
-6446.854101666665
 20
5654692.679206667
 10
-6445.444199535963
 20
5654694.965085846
 10
-6438.536206896552
 20
5654700.715645321
 10
-6437.599471502591
 20
5654700.613440415
 10
-6432.538820512819
 20
5654706.746820512
 10
-6431.057448763251
 20
5654709.227597173
 10
-6426.470237288137
 20
5654715.921791768
 10
-6425.156163934427
 20
5654718.3573770495
 10
-6422.441595505617
 20
5654723.115146067
 10
-6422.2126601941745
 20
5654724.958912621
 10
-6420.916314685314
 20
5654727.112090909
 10
-6419.53259607843
 20
5654733.058011765
 10
-6418.84872072072
 20
5654737.897070071
 10
-6418.505722438391
 20
5654739.582071336
 10
-6418.413569422775
 20
5654740.107964119
 10
-6418.515170454544
 20
5654740.759799242
 10
-6420.956106194691
 20
5654745.704088496
 10
-6421.057995623632
 20
5654745.845614879
 10
-6421.151375000001
 20
5654746.042031251
 10
-6421.3753939393955
 20
5654746.1963030305
 10
-6423.086660714285
 20
5654747.371705357
 10
-6421.9463333333315
 20
5654748.321
 10
-6420.025954128441
 20
5654752.344192661
 10
-6419.426559322035
 20
5654754.359630508
 10
-6420.332098360655
 20
5654756.26245082
 10
-6419.7344507042235
 20
5654756.321915493
 10
-6419.561299999999
 20
5654756.44515
 10
-6417.560722222222
 20
5654756.071
 10
-6413.766925000003
 20
5654755.6543499995
 10
-6413.680105263158
 20
5654755.654401913
 10
-6411.007777419354
 20
5654755.772119354
 10
-6408.070653758543
 20
5654754.989036446
 10
-6406.508362204725
 20
5654754.6594094485
 10
-6405.175113074205
 20
5654754.515325088
 10
-6404.204256578947
 20
5654754.569388159
 10
-6403.767024922117
 20
5654754.680420561
 10
-6403.314147239264
 20
5654754.797018405
 10
-6402.781119318181
 20
5654755.147335228
 10
-6402.59857615894
 20
5654755.433725827
 10
-6401.904723849371
 20
5654755.989139469
 10
-6401.1020725462295
 20
5654757.014331437
 10
-6400.697759776535
 20
5654757.813675977
  0
TEXT
  5
320
330
17
100
AcDbEntity
  8
V-TOPO-CTXT
100
AcDbText
 10
-6445.220994879695
 20
5654695.150892595
 30
0.0
 40
1.0
  1
1083.0
 50
46.338290776719965
  7
BR-STD
 72
1
 11
-6445.220994879695
 21
5654695.150892595
 31
0.0
100
AcDbText
 73
2
  0
LWPOLYLINE
  5
321
330
17
100
AcDbEntity
  8
V-TOPO-MINR
100
AcDbPolyline
 90
65
 70
0
 10
-6460.707312903227
 20
5654611.0520612905
 10
-6460.664630872483
 20
5654611.961395973
 10
-6460.991363636363
 20
5654612.275636364
 10
-6462.511103678929
 20
5654612.989377926
 10
-6464.114443243243
 20
5654613.389967567
 10
-6464.7660526315785
 20
5654613.85539817
 10
-6465.366820051413
 20
5654614.229431876
 10
-6465.370758620689
 20
5654614.230543103
 10
-6465.377628820959
 20
5654614.263139738
 10
-6467.534040776699
 20
5654622.437920388
 10
-6467.896920110193
 20
5654623.3221542705
 10
-6467.98347035573
 20
5654623.422996047
 10
-6467.885474747473
 20
5654623.588747475
 10
-6467.921699731902
 20
5654623.689302949
 10
-6467.6726350515455
 20
5654623.879096908
 10
-6466.8781408450695
 20
5654624.8857370885
 10
-6464.870007490637
 20
5654628.383430712
 10
-6465.067792957745
 20
5654631.761822536
 10
-6464.593904918032
 20
5654636.642686885
 10
-6464.919070686072
 20
5654641.222442827
 10
-6464.236340740741
 20
5654645.4603925925
 10
-6464.545424657535
 20
5654646.158579908
 10
-6466.228328912465
 20
5654651.24627321
 10
-6465.902655882352
 20
5654654.94035
 10
-6465.644432024168
 20
5654659.750371601
 10
-6465.665925373134
 20
5654663.609800994
 10
-6466.26291011236
 20
5654668.053932585
 10
-6463.188071129707
 20
5654674.510292887
 10
-6463.058735249622
 20
5654675.051423601
 10
-6463.00734496124
 20
5654675.222071704
 10
-6459.496978723403
 20
5654681.484191489
 10
-6458.178386768446
 20
5654683.30859542
 10
-6455.345792507204
 20
5654687.922311239
 10
-6454.620167394469
 20
5654689.337419214
 10
-6453.378958333332
 20
5654690.638653508
 10
-6451.217018333333
 20
5654695.330873333
 10
-6445.933758700696
 20
5654703.896640371
 10
-6444.105172413794
 20
5654705.418847291
 10
-6439.620196891192
 20
5654704.929502591
 10
-6438.51317948718
 20
5654706.271179488
 10
-6434.595158878508
 20
5654712.832485981
 10
-6435.9155555555535
 20
5654716.7800555555
 10
-6433.599690265488
 20
5654718.345752212
 10
-6430.9562399999995
 20
5654719.380826667
 10
-6429.581368852459
 20
5654721.929098361
 10
-6429.223196629212
 20
5654722.55685955
 10
-6428.1525873786395
 20
5654731.179179613
 10
-6424.085015873012
 20
5654737.935253968
 10
-6422.890718614716
 20
5654739.639311688
 10
-6425.370358862145
 20
5654743.083579869
 10
-6428.328766169154
 20
5654749.306363184
 10
-6428.413871794869
 20
5654749.323897435
 10
-6428.372149350647
 20
5654749.413461039
 10
-6428.403142857141
 20
5654749.438904762
 10
-6429.3366047430845
 20
5654750.224418973
 10
-6428.900048245616
 20
5654750.615065791
 10
-6428.382191489363
 20
5654753.100867022
 10
-6426.6355441176465
 20
5654756.643094118
 10
-6426.249544270832
 20
5654759.081322917
 10
-6426.129270142179
 20
5654759.251540285
 10
-6425.95125
 20
5654759.3605
 10
-6423.074444444444
 20
5654758.912111111
 10
-6419.136937172776
 20
5654758.198827226
 10
-6418.940276836159
 20
5654758.246101696
 10
-6416.426663461539
 20
5654758.363230769
  0
LWPOLYLINE
  5
322
330
17
100
AcDbEntity
  8
V-TOPO-MINR
100
AcDbPolyline
 90
12
 70
0
 10
-6411.579403100777
 20
5654756.973325581
 10
-6406.1703120728935
 20
5654755.531177676
 10
-6405.78444488189
 20
5654755.4497637795
 10
-6405.455148409894
 20
5654755.414176678
 10
-6405.215358552631
 20
5654755.427529605
 10
-6405.107367601245
 20
5654755.454953271
 10
-6404.9955122699375
 20
5654755.483751534
 10
-6404.863860795454
 20
5654755.5702755675
 10
-6404.818774834435
 20
5654755.641010596
 10
-6404.647401673639
 20
5654755.778191075
 10
-6404.449156472259
 20
5654756.031401137
 10
-6404.349296089384
 20
5654756.228829609
  0
LWPOLYLINE
  5
323
330
17
100
AcDbEntity
  8
V-TOPO-MINR
100
AcDbPolyline
 90
68
 70
0
 10
-6464.697564935066
 20
5654610.757831168
 10
-6464.8385196850395
 20
5654610.875102363
 10
-6466.078830083567
 20
5654611.991866295
 10
-6466.76092857143
 20
5654612.742071428
 10
-6468.108157894738
 20
5654613.704368422
 10
-6468.321832904885
 20
5654613.837401029
 10
-6469.125000000001
 20
5654614.06400637
 10
-6469.19455
 20
5654614.099400001
 10
-6469.464504237289
 20
5654614.133211864
 10
-6470.915050209204
 20
5654620.913142259
 10
-6470.948365079364
 20
5654621.762285714
 10
-6471.687985148514
 20
5654623.394163366
 10
-6471.90500729927
 20
5654623.5889781015
 10
-6471.961914209117
 20
5654623.746943699
 10
-6469.005624742267
 20
5654625.999715464
 10
-6468.6410516431915
 20
5654626.461636933
 10
-6467.719570536829
 20
5654628.066639202
 10
-6468.063215492957
 20
5654633.936470423
 10
-6467.908659016393
 20
5654635.528342623
 10
-6468.522488372093
 20
5654644.173744186
 10
-6468.6319808917215
 20
5654644.763216561
 10
-6468.681951048952
 20
5654644.943573426
 10
-6471.125433234421
 20
5654650.42141543
 10
-6470.649751445087
 20
5654659.183682081
 10
-6471.384240506329
 20
5654660.698822785
 10
-6471.844607305935
 20
5654662.790315069
 10
-6472.89542264151
 20
5654667.803116981
 10
-6472.129738853504
 20
5654671.902382165
 10
-6470.58278280543
 20
5654673.072570136
 10
-6469.122733727812
 20
5654676.320260355
 10
-6466.024275510203
 20
5654680.420045918
 10
-6464.485225563909
 20
5654684.192627819
 10
-6461.549236151603
 20
5654685.369600583
 10
-6458.326015424165
 20
5654690.522053985
 10
-6457.936891891892
 20
5654693.473027026
 10
-6455.760625
 20
5654697.590375
 10
-6455.579935
 20
5654697.98254
 10
-6455.2243195266265
 20
5654698.559100592
 10
-6455.54009090909
 20
5654699.692545454
 10
-6455.4774375
 20
5654709.41025
 10
-6456.006588888889
 20
5654711.264888888
 10
-6455.1651345291475
 20
5654717.278946188
 10
-6455.502415730337
 20
5654718.058595506
 10
-6455.539999999998
 20
5654721.980555555
 10
-6455.6611358024675
 20
5654725.130283951
 10
-6455.299384615381
 20
5654725.559813187
 10
-6452.769
 20
5654728.278666668
 10
-6448.051307692312
 20
5654732.862923076
 10
-6447.180750000003
 20
5654734.454999999
 10
-6446.271888888889
 20
5654737.170444444
 10
-6443.229304347831
 20
5654740.231434783
 10
-6439.232142857143
 20
5654741.135714286
 10
-6437.70131799163
 20
5654748.14707113
 10
-6434.786999999999
 20
5654751.370626087
 10
-6434.390818181818
 20
5654752.221090909
 10
-6434.613971428571
 20
5654752.404285714
 10
-6435.609271186441
 20
5654753.14877966
 10
-6434.728748175183
 20
5654754.017810219
 10
-6433.506032786885
 20
5654755.057008197
 10
-6432.194545454546
 20
5654760.795454545
 10
-6432.030143229164
 20
5654761.833927084
 10
-6432.022057803467
 20
5654761.8453699425
 10
-6431.595969543147
 20
5654762.049274111
 10
-6428.430169611307
 20
5654761.624625442
 10
-6425.686640625001
 20
5654761.176625
 10
-6425.005732899023
 20
5654761.252205212
 10
-6423.339912772585
 20
5654761.639853583
 10
-6422.87444
 20
5654761.626246316
  0
LWPOLYLINE
  5
324
330
17
100
AcDbEntity
  8
V-TOPO-MINR
100
AcDbPolyline
 90
75
 70
0
 10
-6468.800946731237
 20
5654610.699665859
 10
-6470.318756906078
 20
5654611.904806631
 10
-6470.380635593222
 20
5654611.942838984
 10
-6470.38353448276
 20
5654612.012112069
 10
-6471.32361883408
 20
5654613.616982063
 10
-6471.609681578946
 20
5654613.762557895
 10
-6474.194375000002
 20
5654614.086291666
 10
-6475.0035
 20
5654614.165
 10
-6475.329999999998
 20
5654614.283
 10
-6475.586906976744
 20
5654621.423232558
 10
-6475.623099616858
 20
5654623.246716475
 10
-6475.600276595744
 20
5654623.600234043
 10
-6475.683505494506
 20
5654623.717835166
 10
-6476.054018099549
 20
5654624.131764706
 10
-6472.607743119268
 20
5654626.5795596335
 10
-6470.94822943723
 20
5654627.71204762
 10
-6471.071178010472
 20
5654628.60186911
 10
-6472.246818181817
 20
5654635.231727272
 10
-6473.000526315788
 20
5654638.287552632
 10
-6474.100133757963
 20
5654644.207484078
 10
-6475.711671328671
 20
5654650.023993008
 10
-6475.95777744807
 20
5654650.575718101
 10
-6475.909867052022
 20
5654651.458248556
 10
-6479.095533333338
 20
5654658.0298
 10
-6479.31467052023
 20
5654658.5240173405
 10
-6479.321323907454
 20
5654658.557858611
 10
-6479.318893719806
 20
5654658.607483092
 10
-6479.505821917807
 20
5654666.530162427
 10
-6479.98068224299
 20
5654668.633598131
 10
-6478.593838235293
 20
5654676.396522059
 10
-6477.531870689655
 20
5654678.314327586
 10
-6474.985920000001
 20
5654679.77992
 10
-6473.28580392157
 20
5654685.124603922
 10
-6472.413505747127
 20
5654687.476514367
 10
-6470.886839552239
 20
5654687.240253732
 10
-6462.927090909081
 20
5654690.7138311695
 10
-6462.4712478134115
 20
5654690.8965685135
 10
-6462.420488431878
 20
5654690.977709511
 10
-6462.351928571431
 20
5654691.497642857
 10
-6462.722052631576
 20
5654696.692315789
 10
-6462.163758620688
 20
5654698.401310345
 10
-6461.991528089886
 20
5654699.434831461
 10
-6460.702482084688
 20
5654707.206736157
 10
-6460.685946874998
 20
5654707.28123125
 10
-6463.068579096046
 20
5654716.142265537
 10
-6463.531974545455
 20
5654717.143752728
 10
-6464.991029339853
 20
5654723.323022005
 10
-6464.344557971014
 20
5654730.005978261
 10
-6464.278302439025
 20
5654731.663497561
 10
-6463.047106382979
 20
5654733.001053191
 10
-6458.054582417581
 20
5654736.622648351
 10
-6458.265645833331
 20
5654740.933499999
 10
-6458.342480519477
 20
5654744.99090909
 10
-6453.411892857142
 20
5654746.101107143
 10
-6452.335846153846
 20
5654746.465153846
 10
-6447.84602919708
 20
5654748.215452556
 10
-6446.525109170303
 20
5654749.284475982
 10
-6443.39331967213
 20
5654751.827745901
 10
-6442.284583333333
 20
5654754.2716666665
 10
-6441.247559386972
 20
5654755.417340996
 10
-6441.670269736842
 20
5654755.778578946
 10
-6441.811637566138
 20
5654756.059367725
 10
-6441.257474940334
 20
5654756.654577565
 10
-6437.992242105264
 20
5654762.035694737
 10
-6438.522232142857
 20
5654763.663714286
 10
-6439.169796116503
 20
5654765.232
 10
-6437.675749999998
 20
5654764.88375
 10
-6436.594756756756
 20
5654764.695324324
 10
-6436.4702375
 20
5654764.63365
 10
-6432.300062730628
 20
5654764.093782287
 10
-6432.766280303029
 20
5654764.476363637
 10
-6429.891986577182
 20
5654764.496744967
 10
-6429.422787878789
 20
5654764.459000001
 10
-6429.0970519480525
 20
5654764.434324676
 10
-6427.614439999999
 20
5654764.390983158
  0
LWPOLYLINE
  5
325
330
17
100
AcDbEntity
  8
V-TOPO-MAJR
100
AcDbPolyline
 90
16
 70
0
 10
-6509.4870394736845
 20
5654618.1882220395
 10
-6508.547971830987
 20
5654620.191707746
 10
-6507.668524663677
 20
5654620.342076233
 10
-6507.617091743119
 20
5654620.263018348
 10
-6507.2348
 20
5654620.100592593
 10
-6504.533954397391
 20
5654618.050768729
 10
-6501.270022624434
 20
5654615.12181448
 10
-6499.530145038168
 20
5654614.329183206
 10
-6500.178033557046
 20
5654613.338798657
 10
-6500.0902890625
 20
5654613.031195313
 10
-6499.198807692308
 20
5654612.138846153
 10
-6498.90691089109
 20
5654611.723079208
 10
-6498.953507772021
 20
5654611.489020726
 10
-6499.082807692308
 20
5654610.22076923
 10
-6499.220404958678
 20
5654609.1348347105
 10
-6498.678613935971
 20
5654609.062843692
  0
LWPOLYLINE
  5
326
330
17
100
AcDbEntity
  8
V-TOPO-MAJR
100
AcDbPolyline
 90
81
 70
0
 10
-6475.215052631578
 20
5654610.894456141
 10
-6475.458108108107
 20
5654611.598486487
 10
-6475.423842105261
 20
5654612.20168421
 10
-6475.437092485547
 20
5654612.517872833
 10
-6476.10567027027
 20
5654612.567762163
 10
-6477.410425619836
 20
5654613.065512396
 10
-6479.383615000001
 20
5654614.5248650005
 10
-6480.140347107437
 20
5654614.780157024
 10
-6482.825555555555
 20
5654615.517222222
 10
-6481.675
 20
5654617.5755
 10
-6480.4943046875005
 20
5654619.318484375
 10
-6480.624572413794
 20
5654619.504731034
 10
-6480.415014285716
 20
5654620.366771428
 10
-6480.512461538461
 20
5654621.526653847
 10
-6480.843581395348
 20
5654625.079
 10
-6480.461553398058
 20
5654625.065873787
 10
-6479.813172413792
 20
5654625.090655173
 10
-6479.724280373833
 20
5654625.10669159
 10
-6478.9914100719425
 20
5654625.390417267
 10
-6478.638223796034
 20
5654625.545351274
 10
-6476.291844155845
 20
5654627.1465714285
 10
-6477.223664921466
 20
5654633.890481675
 10
-6477.544915433403
 20
5654635.702128964
 10
-6478.978740458016
 20
5654641.515412213
 10
-6479.5545465994965
 20
5654643.771652393
 10
-6480.551664122138
 20
5654646.114709923
 10
-6482.5456898734155
 20
5654651.695974683
 10
-6483.523485549132
 20
5654653.9011849705
 10
-6484.361812339332
 20
5654658.16518509
 10
-6484.055608695651
 20
5654664.417869566
 10
-6484.12910958904
 20
5654667.533097847
 10
-6485.441905263157
 20
5654673.348242106
 10
-6485.837186666668
 20
5654674.349733334
 10
-6485.657153846154
 20
5654674.717717949
 10
-6480.896218430034
 20
5654683.529044368
 10
-6480.790815047022
 20
5654685.278094044
 10
-6478.152150537635
 20
5654691.129376343
 10
-6477.3330459770095
 20
5654693.337864942
 10
-6475.581562499996
 20
5654693.0668125
 10
-6471.1685
 20
5654694.868538462
 10
-6469.638559681696
 20
5654699.551840848
 10
-6468.6382977528065
 20
5654705.554213483
 10
-6468.409322475567
 20
5654706.934749186
 10
-6467.014853125
 20
5654713.21716875
 10
-6467.518437853108
 20
5654715.090005649
 10
-6470.439430379748
 20
5654721.402835444
 10
-6470.981862068965
 20
5654722.405086207
 10
-6471.051207999998
 20
5654722.671456
 10
-6470.695367601247
 20
5654731.326535826
 10
-6470.203970749544
 20
5654733.749559415
 10
-6470.280505649719
 20
5654734.580550848
 10
-6470.364081784388
 20
5654735.028197026
 10
-6470.177994285714
 20
5654736.593777143
 10
-6467.220854166662
 20
5654739.943395833
 10
-6465.206947735191
 20
5654742.432411149
 10
-6465.518770348837
 20
5654746.99556686
 10
-6461.202237288136
 20
5654749.932610169
 10
-6457.207109756098
 20
5654751.624862805
 10
-6453.277176470588
 20
5654752.320554987
 10
-6451.006763925729
 20
5654753.242087534
 10
-6448.714074999999
 20
5654755.351637499
 10
-6447.965079999999
 20
5654756.411266667
 10
-6447.151707964602
 20
5654758.17340708
 10
-6447.700707964605
 20
5654758.750207964
 10
-6447.74880687831
 20
5654758.845743386
 10
-6445.564754176609
 20
5654761.191570405
 10
-6444.743557894735
 20
5654762.544905263
 10
-6445.148014925372
 20
5654763.787313433
 10
-6445.148577039275
 20
5654767.98345015
 10
-6444.778294736841
 20
5654768.046189474
 10
-6444.475211538461
 20
5654768.1254230775
 10
-6442.307182186234
 20
5654767.678412956
 10
-6440.383288135592
 20
5654767.4220338985
 10
-6440.278232558139
 20
5654767.4407383725
 10
-6440.272892376681
 20
5654767.360941704
 10
-6439.2726708860755
 20
5654767.309246835
 10
-6438.736458947367
 20
5654767.309498948
 10
-6436.722547297299
 20
5654767.548
 10
-6435.961508417509
 20
5654767.486777778
 10
-6435.396342657344
 20
5654767.443965035
 10
-6432.752193687232
 20
5654767.1283916775
  0
TEXT
  5
327
330
17
100
AcDbEntity
  8
V-TOPO-CTXT
100
AcDbText
 10
-6471.133216017353
 20
5654694.976546309
 30
0.0
 40
1.0
  1
1084.0
 50
50.0710767999162
  7
BR-STD
 72
1
 11
-6471.133216017353
 21
5654694.976546309
 31
0.0
100
AcDbText
 73
2
  0
LWPOLYLINE
  5
328
330
17
100
AcDbEntity
  8
V-TOPO-MINR
100
AcDbPolyline
 90
78
 70
0
 10
-6509.836820175438
 20
5654618.73907182
 10
-6508.520472727272
 20
5654621.5474779215
 10
-6508.425449398444
 20
5654622.0615881095
 10
-6506.873063583815
 20
5654624.66967052
 10
-6506.402613861387
 20
5654624.662306931
 10
-6506.264000000001
 20
5654624.729296297
 10
-6505.786548387097
 20
5654624.863459677
 10
-6504.983130177516
 20
5654624.865360946
 10
-6504.392086956522
 20
5654624.386141304
 10
-6501.181076470588
 20
5654621.582670588
 10
-6496.817857142858
 20
5654620.383182266
 10
-6494.690922779924
 20
5654620.014100386
 10
-6494.814021505377
 20
5654619.418634409
 10
-6493.021852459016
 20
5654618.537311476
 10
-6491.729518518519
 20
5654618.167203704
 10
-6491.3715510204065
 20
5654620.431857143
 10
-6490.080585106381
 20
5654624.468861703
 10
-6487.569475177304
 20
5654630.278375886
 10
-6487.432383647798
 20
5654630.196503144
 10
-6485.58891411043
 20
5654629.065766872
 10
-6485.238580882353
 20
5654628.947749999
 10
-6484.3112417582415
 20
5654631.314923077
 10
-6483.143124481327
 20
5654635.188975103
 10
-6484.086804511279
 20
5654640.72262406
 10
-6484.929861460959
 20
5654644.026060453
 10
-6486.38977443609
 20
5654647.456609023
 10
-6487.490287081339
 20
5654651.79700957
 10
-6488.587775684931
 20
5654656.545626712
 10
-6489.433398907106
 20
5654658.01915847
 10
-6489.840256849315
 20
5654661.642623288
 10
-6489.438048689137
 20
5654667.955254681
 10
-6491.427400000001
 20
5654673.9614
 10
-6491.963853333335
 20
5654675.320566667
 10
-6490.176384615384
 20
5654678.974128205
 10
-6487.713197952218
 20
5654683.532883959
 10
-6487.220282131661
 20
5654691.712263322
 10
-6487.204314159293
 20
5654691.747672566
 10
-6484.053451882847
 20
5654700.341677825
 10
-6483.63673684211
 20
5654700.616596492
 10
-6478.259025089605
 20
5654702.911512545
 10
-6474.695418666664
 20
5654707.782304
 10
-6473.869881215469
 20
5654711.674756907
 10
-6473.959535064934
 20
5654715.2158285715
 10
-6475.833155172413
 20
5654718.677715518
 10
-6477.196850467289
 20
5654723.915906542
 10
-6477.228491712707
 20
5654724.414883979
 10
-6477.193194690265
 20
5654724.904955752
 10
-6475.393641681903
 20
5654733.778352834
 10
-6475.700703389832
 20
5654737.112330509
 10
-6475.767623529413
 20
5654737.470764706
 10
-6475.709888000001
 20
5654738.485368
 10
-6475.5828249999995
 20
5654739.4765875
 10
-6475.471909333333
 20
5654739.679282667
 10
-6475.389919678714
 20
5654739.9066847395
 10
-6472.28346494465
 20
5654746.769256458
 10
-6471.408613293051
 20
5654748.30431722
 10
-6468.295807486627
 20
5654749.957721924
 10
-6462.02427118644
 20
5654754.224983051
 10
-6456.925911330047
 20
5654756.384541873
 10
-6454.582546925565
 20
5654758.148647249
 10
-6452.712814814816
 20
5654760.771117284
 10
-6453.242373015875
 20
5654761.177
 10
-6453.86049863014
 20
5654761.719394521
 10
-6451.978169329075
 20
5654763.60057508
 10
-6451.045433823529
 20
5654764.592044118
 10
-6450.978607655503
 20
5654767.65184689
 10
-6450.898585526316
 20
5654770.587223684
 10
-6450.471882857143
 20
5654770.527197143
 10
-6450.045
 20
5654770.649176471
 10
-6449.08694092827
 20
5654770.548886077
 10
-6446.863395604395
 20
5654770.006901099
 10
-6444.008599190283
 20
5654769.418291498
 10
-6443.183470031546
 20
5654769.308334386
 10
-6442.945406315789
 20
5654769.308446316
 10
-6442.133486238532
 20
5654769.404599389
 10
-6441.568889830508
 20
5654770.086706215
 10
-6440.3581227436825
 20
5654770.071137184
 10
-6438.364460545194
 20
5654769.833197991
  0
LWPOLYLINE
  5
329
330
17
100
AcDbEntity
  8
V-TOPO-MINR
100
AcDbPolyline
 90
29
 70
0
 10
-6478.683521367527
 20
5654611.322854701
 10
-6481.558778443114
 20
5654612.490167664
 10
-6481.391533568905
 20
5654612.860431096
 10
-6481.55903875969
 20
5654613.170310078
 10
-6484.309988372092
 20
5654614.8463604655
 10
-6484.968083870968
 20
5654615.660303226
 10
-6485.484482352941
 20
5654615.892882354
 10
-6486.198298804782
 20
5654616.138856573
 10
-6487.2686142857165
 20
5654616.515480952
 10
-6488.303911917098
 20
5654617.542155441
 10
-6490.440276190475
 20
5654616.976314286
 10
-6490.877382165605
 20
5654616.952694267
 10
-6491.5176666666675
 20
5654616.880547619
 10
-6492.588102040816
 20
5654616.796408163
 10
-6493.279976744185
 20
5654616.718790697
 10
-6494.65328
 20
5654616.439560001
 10
-6495.134800000001
 20
5654616.206599999
 10
-6495.1916363636365
 20
5654615.017363636
 10
-6495.169291666667
 20
5654614.7991527775
 10
-6495.437766129032
 20
5654614.155798387
 10
-6496.278746031746
 20
5654613.200259259
 10
-6496.648853146853
 20
5654612.794566434
 10
-6496.995543859648
 20
5654612.299421053
 10
-6497.165720588236
 20
5654611.71632353
 10
-6496.988714285715
 20
5654611.736428572
 10
-6496.80347887324
 20
5654611.750492957
 10
-6496.519318181819
 20
5654611.7033409085
 10
-6496.312612456748
 20
5654611.647567473
 10
-6494.94509227872
 20
5654611.465856874
  0
LWPOLYLINE
  5
32A
330
17
100
AcDbEntity
  8
V-TOPO-MINR
100
AcDbPolyline
 90
78
 70
0
 10
-6510.186600877194
 20
5654619.2899216
 10
-6509.106836363636
 20
5654621.593581818
 10
-6508.852377919321
 20
5654622.970292993
 10
-6507.3784516129035
 20
5654625.446559678
 10
-6506.990526315789
 20
5654626.329859649
 10
-6505.958493150684
 20
5654629.5958062615
 10
-6505.906727272726
 20
5654630.70190909
 10
-6505.0335
 20
5654631.301
 10
-6504.250716417909
 20
5654631.536985074
 10
-6504.177267716535
 20
5654631.561677165
 10
-6504.135459302327
 20
5654631.538075581
 10
-6501.092575
 20
5654628.21754
 10
-6499.150791208793
 20
5654627.6152747255
 10
-6495.302789473684
 20
5654626.706315789
 10
-6494.212327272728
 20
5654629.0524
 10
-6494.278271186441
 20
5654630.421525423
 10
-6494.1565434782615
 20
5654635.268130435
 10
-6493.992100000001
 20
5654635.4816
 10
-6493.621234042552
 20
5654637.003588652
 10
-6492.686444444444
 20
5654636.170944445
 10
-6491.45327118644
 20
5654635.215338983
 10
-6491.260937007874
 20
5654635.075787403
 10
-6491.135177777778
 20
5654634.970155556
 10
-6491.027633484163
 20
5654634.903687783
 10
-6490.915057142858
 20
5654635.135457143
 10
-6491.0022
 20
5654635.753866667
 10
-6491.098225806452
 20
5654639.667032259
 10
-6490.576506276153
 20
5654643.221849373
 10
-6490.162479224378
 20
5654646.679717451
 10
-6491.311259968102
 20
5654651.210486443
 10
-6491.826217465754
 20
5654653.438606164
 10
-6494.5426885245915
 20
5654658.1721639335
 10
-6494.585310810811
 20
5654658.551756755
 10
-6495.078365949119
 20
5654667.5385459885
 10
-6495.360508982036
 20
5654672.819155688
 10
-6496.591638297872
 20
5654679.02206383
 10
-6494.83675609756
 20
5654682.942048781
 10
-6494.695615384615
 20
5654683.230538461
 10
-6494.530177474402
 20
5654683.5367235495
 10
-6494.496842696629
 20
5654684.089876404
 10
-6493.346499999998
 20
5654691.098233577
 10
-6490.841559999999
 20
5654696.4123525005
 10
-6489.673857881136
 20
5654699.829930233
 10
-6486.759275000001
 20
5654708.235275
 10
-6486.569274509804
 20
5654708.747117647
 10
-6486.543149905124
 20
5654708.879119544
 10
-6486.404
 20
5654709.142353846
 10
-6481.193615384615
 20
5654715.9021025635
 10
-6480.569291793313
 20
5654716.999787234
 10
-6481.05123572744
 20
5654724.599966851
 10
-6480.46196845426
 20
5654732.781485805
 10
-6480.314507177035
 20
5654733.767114833
 10
-6480.205142857143
 20
5654734.381071429
 10
-6479.9784788732395
 20
5654735.593366197
 10
-6479.099050847458
 20
5654740.205284745
 10
-6478.931242666667
 20
5654740.511949333
 10
-6477.770441767068
 20
5654743.731483936
 10
-6476.285309963099
 20
5654747.012337638
 10
-6471.938824773414
 20
5654754.638909365
 10
-6470.783874999997
 20
5654755.252374999
 10
-6462.712339100346
 20
5654759.271619378
 10
-6458.530595628415
 20
5654763.208109289
 10
-6458.387358974359
 20
5654763.404923078
 10
-6459.141736842106
 20
5654763.975122808
 10
-6459.6940465116295
 20
5654764.391046512
 10
-6457.89342635659
 20
5654769.875387597
 10
-6456.637543715847
 20
5654772.6729426235
 10
-6456.801362903225
 20
5654773.212959677
 10
-6455.728687022901
 20
5654773.072267176
 10
-6455.423670588235
 20
5654773.100552941
 10
-6455.360496688743
 20
5654773.101145695
 10
-6451.369641350211
 20
5654772.683379747
 10
-6448.670767123289
 20
5654772.025534246
 10
-6448.122388679245
 20
5654772.546864151
 10
-6447.827952205882
 20
5654772.988099265
 10
-6445.278505
 20
5654772.607659999
 10
-6444.473646209386
 20
5654772.5973104695
 10
-6443.976727403155
 20
5654772.538004303
  0
LWPOLYLINE
  5
32B
330
17
100
AcDbEntity
  8
V-TOPO-MINR
100
AcDbPolyline
 90
8
 70
0
 10
-6490.201525179857
 20
5654613.4003884895
 10
-6490.075130434786
 20
5654613.438521739
 10
-6487.771019607841
 20
5654614.299372548
 10
-6489.155327044026
 20
5654614.832433962
 10
-6489.662351351351
 20
5654614.913067568
 10
-6490.47145283019
 20
5654614.710415093
 10
-6490.280919999999
 20
5654613.46544
 10
-6490.2827499999985
 20
5654613.41015
  0
LWPOLYLINE
  5
32C
330
17
100
AcDbEntity
  8
V-TOPO-MINR
100
AcDbPolyline
 90
79
 70
0
 10
-6510.536381578948
 20
5654619.840771382
 10
-6509.6932
 20
5654621.639685714
 10
-6509.279306440198
 20
5654623.878997877
 10
-6508.168774193548
 20
5654625.744745161
 10
-6507.876491228069
 20
5654626.410269006
 10
-6507.098904109589
 20
5654628.871001957
 10
-6507.045115727004
 20
5654630.020320475
 10
-6506.944143157894
 20
5654631.318812631
 10
-6507.203097472924
 20
5654633.587906137
 10
-6506.699622119817
 20
5654635.080691244
 10
-6506.708945454546
 20
5654635.195236363
 10
-6506.241663636363
 20
5654636.313772727
 10
-6506.038273972601
 20
5654636.901986301
 10
-6505.993999999998
 20
5654638.0370000005
 10
-6505.289551724126
 20
5654638.687827586
 10
-6499.923629213481
 20
5654644.340213483
 10
-6499.099128514055
 20
5654643.824204819
 10
-6498.741956521739
 20
5654643.5270948615
 10
-6496.479805687204
 20
5654641.317194313
 10
-6496.424051136364
 20
5654644.700869318
 10
-6495.499739130435
 20
5654650.293565217
 10
-6495.392651465799
 20
5654650.904257329
 10
-6498.148567619048
 20
5654655.711057143
 10
-6497.678435825106
 20
5654659.304138223
 10
-6498.1484782608695
 20
5654663.630043479
 10
-6498.371908023482
 20
5654667.702440312
 10
-6498.49374251497
 20
5654669.982703593
 10
-6501.074794326242
 20
5654682.9870461
 10
-6500.5627358490565
 20
5654684.130861635
 10
-6499.424166666666
 20
5654689.42952381
 10
-6499.0464620060775
 20
5654691.74319453
 10
-6497.106847290638
 20
5654695.747374385
 10
-6496.498231092437
 20
5654699.4957479
 10
-6493.9196220735785
 20
5654701.997147158
 10
-6491.660233115468
 20
5654708.083718955
 10
-6490.908425047439
 20
5654711.882440228
 10
-6488.474698795182
 20
5654716.4863975905
 10
-6487.894601941748
 20
5654718.157116504
 10
-6485.813978947368
 20
5654722.200410526
 10
-6484.820811550153
 20
5654723.946595744
 10
-6484.873979742173
 20
5654724.785049724
 10
-6484.808971608834
 20
5654725.687637225
 10
-6483.637473684212
 20
5654733.517912282
 10
-6482.768634920634
 20
5654738.3954563495
 10
-6482.230220994475
 20
5654741.275121547
 10
-6480.3949874476975
 20
5654746.765882845
 10
-6480.309418006431
 20
5654747.348980708
 10
-6480.150161290322
 20
5654747.613973791
 10
-6479.93245945946
 20
5654748.192864865
 10
-6476.144427251732
 20
5654756.309115473
 10
-6471.978592677346
 20
5654760.209086956
 10
-6465.728202054795
 20
5654763.547143836
 10
-6464.212310880828
 20
5654764.482176166
 10
-6463.481372727272
 20
5654765.449527273
 10
-6464.29390825688
 20
5654766.140587157
 10
-6464.29459813084
 20
5654766.140859813
 10
-6464.322960732982
 20
5654766.158065446
 10
-6464.31906413994
 20
5654766.18283382
 10
-6464.175700000002
 20
5654766.387000001
 10
-6462.0852151898725
 20
5654770.019135021
 10
-6461.150521857922
 20
5654772.101221312
 10
-6461.26529752066
 20
5654772.479570247
 10
-6462.195
 20
5654775.21
 10
-6461.872505415163
 20
5654775.7915126365
 10
-6461.847623376624
 20
5654775.791298701
 10
-6461.839811111112
 20
5654775.789700001
 10
-6461.466215859031
 20
5654775.748493392
 10
-6460.30610625
 20
5654775.79136875
 10
-6459.0523687150835
 20
5654775.7604525145
 10
-6458.975852760736
 20
5654775.776349694
 10
-6458.777462264151
 20
5654775.647716981
 10
-6457.001569620253
 20
5654775.051649789
 10
-6456.2840347826095
 20
5654774.953973914
 10
-6455.73043076923
 20
5654774.861492308
 10
-6455.073841463416
 20
5654774.894853659
 10
-6454.582289256199
 20
5654775.826834711
 10
-6454.483166666667
 20
5654775.987333334
 10
-6452.623020100503
 20
5654775.597065327
 10
-6448.019986547085
 20
5654774.7115904335
  0
LWPOLYLINE
  5
32D
330
17
100
AcDbEntity
  8
V-TOPO-MAJR
100
AcDbPolyline
 90
79
 70
0
 10
-6510.886162280702
 20
5654620.391621162
 10
-6510.2795636363635
 20
5654621.685789609
 10
-6509.706234961075
 20
5654624.787702761
 10
-6508.959096774193
 20
5654626.042930646
 10
-6508.76245614035
 20
5654626.490678363
 10
-6508.239315068493
 20
5654628.146197652
 10
-6508.20312759644
 20
5654628.919430267
 10
-6508.135195789473
 20
5654629.793023158
 10
-6508.742206979542
 20
5654635.111973525
 10
-6508.433877112136
 20
5654636.026159754
 10
-6508.490518456376
 20
5654636.72204698
 10
-6510.771265625
 20
5654641.489394532
 10
-6510.732649193547
 20
5654642.104173387
 10
-6510.923128205129
 20
5654642.596435897
 10
-6512.254278074866
 20
5654646.532818181
 10
-6509.827777777778
 20
5654646.302407407
 10
-6505.10704918033
 20
5654649.337808743
 10
-6504.2866829268305
 20
5654650.938121951
 10
-6503.766813953491
 20
5654650.472087209
 10
-6502.536208333333
 20
5654649.435416667
 10
-6501.767454545455
 20
5654650.972818182
 10
-6501.45861237785
 20
5654652.734061889
 10
-6501.736186666666
 20
5654653.218200001
 10
-6500.790212976022
 20
5654660.448002821
 10
-6501.438382352941
 20
5654666.413249999
 10
-6502.20732142857
 20
5654667.694008929
 10
-6502.497803738317
 20
5654669.244383178
 10
-6505.295023529412
 20
5654680.900825882
 10
-6507.95666812227
 20
5654684.364606988
 10
-6506.9056949806945
 20
5654690.172050193
 10
-6506.239626556016
 20
5654692.963356847
 10
-6505.695606796118
 20
5654696.449800971
 10
-6504.883161616164
 20
5654700.5181010105
 10
-6502.229525641025
 20
5654703.119974359
 10
-6497.882999999998
 20
5654707.320630058
 10
-6496.596702623907
 20
5654708.732446064
 10
-6495.626382352941
 20
5654713.103735294
 10
-6495.273700189752
 20
5654714.885760911
 10
-6495.110240963854
 20
5654715.194981927
 10
-6492.2641407767
 20
5654723.391946603
 10
-6491.309359621453
 20
5654725.247381704
 10
-6487.341606451614
 20
5654730.721
 10
-6486.960440191388
 20
5654733.2687097285
 10
-6485.8276747967475
 20
5654739.627902439
 10
-6485.744521739129
 20
5654742.355478261
 10
-6485.117333333334
 20
5654745.019111112
 10
-6484.5762990353705
 20
5654748.705893892
 10
-6482.521129032259
 20
5654752.125566533
 10
-6480.631277372262
 20
5654757.150872262
 10
-6480.457882352941
 20
5654758.201137254
 10
-6479.591733606558
 20
5654758.759307377
 10
-6473.285375000001
 20
5654764.65225
 10
-6472.392525597269
 20
5654765.38134471
 10
-6468.958223350253
 20
5654767.2560710665
 10
-6469.345156363637
 20
5654767.54232
 10
-6469.819688481676
 20
5654767.830185864
 10
-6469.4910758017495
 20
5654769.918985423
 10
-6468.388274725276
 20
5654771.489494505
 10
-6468.928823529413
 20
5654772.308529412
 10
-6468.9624418604635
 20
5654777.270319767
 10
-6469.120016393443
 20
5654777.573459016
 10
-6469.079450000001
 20
5654777.57265
 10
-6469.088062500002
 20
5654777.630195312
 10
-6468.683713043479
 20
5654777.63117826
 10
-6468.407620437957
 20
5654777.631875913
 10
-6466.984346456693
 20
5654777.7616771655
 10
-6465.165734177215
 20
5654777.871810127
 10
-6465.08468292683
 20
5654777.906817073
 10
-6464.714999999998
 20
5654777.802727273
 10
-6464.685682310468
 20
5654777.855592057
 10
-6464.296268292681
 20
5654777.852243902
 10
-6463.927309278347
 20
5654777.813546392
 10
-6462.613974999998
 20
5654777.625625
 10
-6462.138087557602
 20
5654777.969631337
 10
-6462.105261306531
 20
5654778.119025126
 10
-6460.98524778761
 20
5654778.255734513
 10
-6460.836357142857
 20
5654778.5401428575
 10
-6460.8311875
 20
5654778.534888889
 10
-6457.603225589226
 20
5654779.71586532
  0
TEXT
  5
32E
330
17
100
AcDbEntity
  8
V-TOPO-CTXT
100
AcDbText
 10
-6501.325603194887
 20
5654703.9935610555
 30
0.0
 40
1.0
  1
1085.0
 50
44.02226003512451
  7
BR-STD
 72
1
 11
-6501.325603194887
 21
5654703.9935610555
 31
0.0
100
AcDbText
 73
2
  0
LWPOLYLINE
  5
32F
330
17
100
AcDbEntity
  8
V-TOPO-MAJR
100
AcDbPolyline
 90
6
 70
0
 10
-6457.305944649446
 20
5654779.601424355
 10
-6457.231526315789
 20
5654778.018421053
 10
-6454.935167539266
 20
5654777.251696335
 10
-6454.758739130435
 20
5654777.3100000005
 10
-6453.59412562814
 20
5654777.065658291
 10
-6451.283439461883
 20
5654776.6211569505
  0
LWPOLYLINE
  5
330
330
17
100
AcDbEntity
  8
V-TOPO-MINR
100
AcDbPolyline
 90
86
 70
0
 10
-6511.235942982456
 20
5654620.942470943
 10
-6510.865927272727
 20
5654621.731893506
 10
-6510.1331634819535
 20
5654625.696407644
 10
-6509.749419354838
 20
5654626.341116129
 10
-6509.648421052631
 20
5654626.571087719
 10
-6509.379726027398
 20
5654627.421393346
 10
-6509.361139465876
 20
5654627.818540059
 10
-6509.326248421054
 20
5654628.267233685
 10
-6510.281316486162
 20
5654636.636040914
 10
-6510.168132104454
 20
5654636.971628264
 10
-6510.188924496644
 20
5654637.227080536
 10
-6511.427750000001
 20
5654639.816544117
 10
-6512.632685286104
 20
5654642.315483651
 10
-6512.863241912799
 20
5654642.412164558
 10
-6513.802027027028
 20
5654643.135664093
 10
-6514.8745955056165
 20
5654645.29464045
 10
-6514.6231141045955
 20
5654645.702389857
 10
-6514.6726762481085
 20
5654646.02471407
 10
-6517.654304812834
 20
5654651.400101604
 10
-6518.090666666667
 20
5654653.018333334
 10
-6518.833666666667
 20
5654655.154333333
 10
-6518.9173238095245
 20
5654655.300457142
 10
-6519.28288671875
 20
5654656.469878906
 10
-6519.5103028169015
 20
5654657.306457747
 10
-6518.969755725191
 20
5654656.776870228
 10
-6517.208073770494
 20
5654657.632729508
 10
-6510.530749999998
 20
5654660.062288793
 10
-6509.6154034090905
 20
5654659.034113636
 10
-6509.705591715976
 20
5654659.1937692305
 10
-6509.409223602484
 20
5654658.927782608
 10
-6508.208742857141
 20
5654657.913142857
 10
-6505.991219512192
 20
5654660.393853659
 10
-6507.210000000003
 20
5654660.649617647
 10
-6505.025431818183
 20
5654662.587363636
 10
-6507.758660714286
 20
5654667.139879464
 10
-6509.259485981309
 20
5654675.150146418
 10
-6509.377376470588
 20
5654675.641414118
 10
-6509.5859591836725
 20
5654675.912857143
 10
-6512.447166666667
 20
5654680.897078432
 10
-6512.989434494196
 20
5654683.969013267
 10
-6513.516663239075
 20
5654688.146568123
 10
-6512.811225626741
 20
5654693.011646239
 10
-6512.321328358211
 20
5654699.416746269
 10
-6511.818330396476
 20
5654701.669964758
 10
-6510.765181818181
 20
5654706.044545455
 10
-6509.561529801329
 20
5654707.543801324
 10
-6505.241243401759
 20
5654710.735906159
 10
-6502.040952941176
 20
5654713.394088235
 10
-6500.915215743442
 20
5654714.629676385
 10
-6500.708872727275
 20
5654715.55925091
 10
-6499.964241025645
 20
5654717.805025641
 10
-6497.974547038328
 20
5654728.375428571
 10
-6494.421107142863
 20
5654732.100464285
 10
-6494.309497797361
 20
5654732.319753304
 10
-6494.1229450549445
 20
5654732.968263737
 10
-6491.642040816328
 20
5654742.265012245
 10
-6491.529847826087
 20
5654745.945152174
 10
-6491.119844594596
 20
5654747.686412162
 10
-6486.651621621627
 20
5654754.157621621
 10
-6485.507915451898
 20
5654756.23993586
 10
-6485.216928571431
 20
5654756.7025
 10
-6484.721566265061
 20
5654758.383590361
 10
-6484.0440168067225
 20
5654762.48755182
 10
-6481.830230088497
 20
5654763.914176991
 10
-6478.687952380952
 20
5654765.916380952
 10
-6474.716044117646
 20
5654768.993970588
 10
-6474.713291666666
 20
5654768.993361111
 10
-6474.7454576271175
 20
5654769.012372881
 10
-6475.615741573034
 20
5654769.498533707
 10
-6475.524059907835
 20
5654770.242064516
 10
-6475.682633663368
 20
5654774.946485149
 10
-6475.680266666669
 20
5654777.101095238
 10
-6475.78930348259
 20
5654779.100014926
 10
-6475.508465753425
 20
5654779.153438356
 10
-6475.390758620688
 20
5654779.359413792
 10
-6475.42235348837
 20
5654779.373311628
 10
-6475.546443438914
 20
5654779.405135746
 10
-6475.253336609337
 20
5654779.424041769
 10
-6474.925764705883
 20
5654779.441470589
 10
-6471.3348000000005
 20
5654779.450200001
 10
-6468.456494623655
 20
5654779.457473118
 10
-6468.4355036496345
 20
5654779.472737227
 10
-6467.1886875
 20
5654780.492812499
 10
-6465.928747572814
 20
5654781.711990291
 10
-6465.6746212534035
 20
5654781.962457766
 10
-6464.86913207547
 20
5654782.1483807275
  0
LWPOLYLINE
  5
331
330
17
100
AcDbEntity
  8
V-TOPO-MINR
100
AcDbPolyline
 90
6
 70
0
 10
-6454.594690036901
 20
5654778.554376383
 10
-6454.594099415204
 20
5654778.541812865
 10
-6454.57587434555
 20
5654778.535727749
 10
-6454.574474120083
 20
5654778.536190476
 10
-6454.565231155779
 20
5654778.534251256
 10
-6454.546892376683
 20
5654778.530723468
  0
LWPOLYLINE
  5
332
330
17
100
AcDbEntity
  8
V-TOPO-MINR
100
AcDbPolyline
 90
4
 70
0
 10
-6462.931171717172
 20
5654781.643411616
 10
-6460.760207865169
 20
5654779.641411985
 10
-6460.6280625
 20
5654779.507111112
 10
-6458.803562289562
 20
5654780.174619528
  0
LWPOLYLINE
  5
333
330
17
100
AcDbEntity
  8
V-TOPO-MINR
100
AcDbPolyline
 90
11
 70
0
 10
-6512.198949238579
 20
5654638.363730964
 10
-6513.739974114442
 20
5654641.55969346
 10
-6513.863593530239
 20
5654641.611531646
 10
-6516.166891891891
 20
5654643.386629343
 10
-6516.464483146066
 20
5654643.985651685
 10
-6515.577947702061
 20
5654645.4230713155
 10
-6515.604219364599
 20
5654645.5939273825
 10
-6518.175658227848
 20
5654650.229810127
 10
-6521.366582822086
 20
5654652.490202453
 10
-6521.461389610389
 20
5654652.576350649
 10
-6524.639011764706
 20
5654654.42435294
  0
LWPOLYLINE
  5
334
330
17
100
AcDbEntity
  8
V-TOPO-MINR
100
AcDbPolyline
 90
9
 70
0
 10
-6511.58572368421
 20
5654621.493320723
 10
-6511.45229090909
 20
5654621.777997402
 10
-6510.560092002831
 20
5654626.6051125275
 10
-6510.539741935484
 20
5654626.639301613
 10
-6510.534385964913
 20
5654626.651497076
 10
-6510.520136986302
 20
5654626.6965890415
 10
-6510.519151335312
 20
5654626.717649852
 10
-6510.517301052632
 20
5654626.741444211
 10
-6510.653411764706
 20
5654627.934117647
  0
LWPOLYLINE
  5
335
330
17
100
AcDbEntity
  8
V-TOPO-MINR
100
AcDbPolyline
 90
4
 70
0
 10
-6460.956424242425
 20
5654780.972325757
 10
-6460.455432584269
 20
5654780.510325843
 10
-6460.4249375
 20
5654780.479333333
 10
-6460.0038989898985
 20
5654780.633373737
  0
LWPOLYLINE
  5
336
330
17
100
AcDbEntity
  8
V-TOPO-MINR
100
AcDbPolyline
 90
64
 70
0
 10
-6527.86752173913
 20
5654659.564869565
 10
-6525.414330434782
 20
5654660.407678261
 10
-6524.72229787234
 20
5654660.879212767
 10
-6525.104869565217
 20
5654661.198391304
 10
-6525.609717391305
 20
5654661.923217392
 10
-6525.981822580647
 20
5654663.756806452
 10
-6526.363766233767
 20
5654666.500707792
 10
-6526.476337579617
 20
5654667.322751593
 10
-6526.280000000001
 20
5654667.443428572
 10
-6526.039183673471
 20
5654668.662836734
 10
-6521.041250000003
 20
5654666.6495
 10
-6520.207962962964
 20
5654666.056530864
 10
-6519.776647398844
 20
5654665.668971098
 10
-6518.741978021974
 20
5654666.172736264
 10
-6518.417321428568
 20
5654667.003047619
 10
-6517.09358227848
 20
5654671.012202531
 10
-6516.432070588235
 20
5654670.435294118
 10
-6516.08
 20
5654670.022938272
 10
-6515.764797101448
 20
5654670.672840579
 10
-6516.190377358489
 20
5654671.941343397
 10
-6514.931455414013
 20
5654674.942656051
 10
-6515.655499999999
 20
5654676.203941176
 10
-6516.930562189056
 20
5654683.427139304
 10
-6517.800869158879
 20
5654690.323112149
 10
-6518.165121693123
 20
5654691.675031746
 10
-6518.145963718823
 20
5654692.0343741495
 10
-6518.122494699647
 20
5654692.553515901
 10
-6517.920062730628
 20
5654693.035287823
 10
-6517.557354838709
 20
5654694.661698924
 10
-6515.9719647577085
 20
5654701.763577092
 10
-6515.418054644808
 20
5654704.0644153
 10
-6516.026099273611
 20
5654707.70494431
 10
-6515.418680952383
 20
5654711.508019048
 10
-6510.399965217393
 20
5654717.035773912
 10
-6509.14461971831
 20
5654718.600760563
 10
-6506.797960937503
 20
5654720.277242187
 10
-6505.332602739727
 20
5654728.3245479455
 10
-6503.44293598234
 20
5654731.375280353
 10
-6501.651387978142
 20
5654739.6250710385
 10
-6501.565175652174
 20
5654740.223297391
 10
-6501.346923076923
 20
5654741.4327692315
 10
-6498.438452830189
 20
5654747.678704402
 10
-6495.525465517241
 20
5654754.069413792
 10
-6494.037069970846
 20
5654756.779294461
 10
-6490.836214285713
 20
5654761.8675
 10
-6490.37424719101
 20
5654763.435258428
 10
-6486.404019559902
 20
5654766.972738385
 10
-6485.517696385543
 20
5654767.124910843
 10
-6480.87284660767
 20
5654770.32980531
 10
-6481.2170875912425
 20
5654770.776496351
 10
-6481.337000000001
 20
5654770.856999999
 10
-6481.425763157895
 20
5654772.613
 10
-6481.671282828284
 20
5654777.357252525
 10
-6481.810316326531
 20
5654780.289612245
 10
-6481.189775999999
 20
5654780.608039999
 10
-6481.33875
 20
5654780.725888889
 10
-6480.500809236948
 20
5654780.783074298
 10
-6479.505634408602
 20
5654780.883188172
 10
-6477.120044226045
 20
5654781.037063882
 10
-6474.865123152711
 20
5654781.1570394095
 10
-6474.162857142857
 20
5654781.796089286
 10
-6473.5705714285705
 20
5654782.207142858
 10
-6473.359907356947
 20
5654782.414773842
 10
-6469.718188679244
 20
5654783.255355122
  0
LWPOLYLINE
  5
337
330
17
100
AcDbEntity
  8
V-TOPO-MINR
100
AcDbPolyline
 90
4
 70
0
 10
-6514.639304568528
 20
5654640.372614212
 10
-6514.84726294278
 20
5654640.80390327
 10
-6514.863945147679
 20
5654640.810898734
 10
-6515.435259067357
 20
5654641.251196891
  0
LWPOLYLINE
  5
338
330
17
100
AcDbEntity
  8
V-TOPO-MINR
100
AcDbPolyline
 90
60
 70
0
 10
-6532.786230769233
 20
5654668.898846154
 10
-6532.970762711866
 20
5654677.141311864
 10
-6533.002762500002
 20
5654677.21589375
 10
-6532.926403973512
 20
5654677.224192053
 10
-6532.963678160921
 20
5654677.484839081
 10
-6532.45614035088
 20
5654677.631070176
 10
-6532.656438356165
 20
5654680.702726027
 10
-6533.5242748091605
 20
5654682.989564885
 10
-6533.467499999999
 20
5654684.69640625
 10
-6530.708414634142
 20
5654685.745
 10
-6525.040325153374
 20
5654686.601883436
 10
-6524.266121951219
 20
5654685.093731707
 10
-6523.1255
 20
5654683.401000001
 10
-6522.580366197184
 20
5654682.626239437
 10
-6522.4037777777785
 20
5654682.538555556
 10
-6521.943499999999
 20
5654685.074
 10
-6522.790783068782
 20
5654688.21868254
 10
-6522.667505668935
 20
5654690.530972789
 10
-6522.516487632509
 20
5654693.871537102
 10
-6521.2138819188185
 20
5654696.971634686
 10
-6520.200443820222
 20
5654701.51597191
 10
-6521.2076407767
 20
5654706.313524271
 10
-6521.223241379311
 20
5654707.4960344825
 10
-6521.329255172414
 20
5654708.849448276
 10
-6520.397588785047
 20
5654714.883009345
 10
-6520.130202531645
 20
5654716.054546835
 10
-6519.5439032258055
 20
5654717.180967742
 10
-6513.619905660379
 20
5654724.560475472
 10
-6512.4338459915625
 20
5654725.333691983
 10
-6510.234931677018
 20
5654728.002807453
 10
-6507.612362030906
 20
5654732.236759382
 10
-6507.145923497268
 20
5654734.38463388
 10
-6506.28995826087
 20
5654740.324166957
 10
-6505.217854961832
 20
5654746.2653511455
 10
-6505.115876404494
 20
5654748.171808989
 10
-6503.457128000001
 20
5654754.196536
 10
-6502.585540284361
 20
5654756.147971565
 10
-6499.129637744035
 20
5654759.705744035
 10
-6496.707352422907
 20
5654763.629004406
 10
-6494.080101472995
 20
5654766.128211129
 10
-6492.2617058823525
 20
5654767.764549021
 10
-6488.723465116278
 20
5654771.127972093
 10
-6487.002980861244
 20
5654771.476143541
 10
-6487.114349650351
 20
5654771.556517482
 10
-6487.153802469137
 20
5654771.866641975
 10
-6487.486739393939
 20
5654778.452812121
 10
-6487.192489361702
 20
5654780.802276596
 10
-6487.239479553902
 20
5654781.193628253
 10
-6487.8726591760305
 20
5654781.689805243
 10
-6487.941031545743
 20
5654781.774646688
 10
-6487.270543010753
 20
5654781.912193548
 10
-6486.577739837398
 20
5654781.928199187
 10
-6483.091672690763
 20
5654782.166106425
 10
-6480.682240384615
 20
5654782.40849359
 10
-6480.340180995473
 20
5654783.47320362
 10
-6480.317229357797
 20
5654783.595605505
 10
-6480.249079439252
 20
5654783.623887851
 10
-6480.101364705881
 20
5654783.611505882
 10
-6477.97042614145
 20
5654783.576807519
 10
-6474.567245283018
 20
5654784.362329515
  0
LWPOLYLINE
  5
339
330
17
100
AcDbEntity
  8
V-TOPO-MINR
100
AcDbPolyline
 90
6
 70
0
 10
-6517.998999999997
 20
5654646.519027027
 10
-6516.727258064515
 20
5654644.828430107
 10
-6516.532781299525
 20
5654645.143752773
 10
-6516.5357624810895
 20
5654645.163140696
 10
-6516.827556962025
 20
5654645.689198312
 10
-6517.998999999997
 20
5654646.519027027
  0
LWPOLYLINE
  5
33A
330
17
100
AcDbEntity
  8
V-TOPO-MAJR
100
AcDbPolyline
 90
63
 70
0
 10
-6538.68794017094
 20
5654681.529188034
 10
-6538.712288135593
 20
5654682.616735593
 10
-6538.91817037037
 20
5654683.096585185
 10
-6538.683455026455
 20
5654683.417634921
 10
-6538.639401273883
 20
5654687.6469936315
 10
-6538.646635071088
 20
5654687.776777252
 10
-6538.682951456309
 20
5654687.861242718
 10
-6538.694279069767
 20
5654687.871348837
 10
-6538.196499999995
 20
5654691.021000001
 10
-6538.207818181814
 20
5654691.654090909
 10
-6538.430285714279
 20
5654691.3934285715
 10
-6538.037287499999
 20
5654692.2053875
 10
-6537.461189349112
 20
5654696.148136094
 10
-6537.521642857142
 20
5654696.795023809
 10
-6537.134613095238
 20
5654695.986589286
 10
-6535.835005263158
 20
5654693.506963158
 10
-6532.131838235304
 20
5654694.67282353
 10
-6527.59
 20
5654695.286142857
 10
-6527.076457831325
 20
5654694.493554217
 10
-6526.9464800000005
 20
5654694.39324
 10
-6526.9104805653715
 20
5654695.189558304
 10
-6524.922833333325
 20
5654699.92
 10
-6524.606838709674
 20
5654700.875580645
 10
-6524.516641025639
 20
5654701.426025641
 10
-6524.585310344826
 20
5654706.631091954
 10
-6525.112013793103
 20
5654713.355195401
 10
-6524.806467289719
 20
5654715.333943926
 10
-6523.345392405065
 20
5654721.735559494
 10
-6521.773380952382
 20
5654724.755768708
 10
-6521.226783475783
 20
5654726.314501424
 10
-6519.794033492823
 20
5654727.054698565
 10
-6516.6833185654
 20
5654729.082637131
 10
-6514.343706070287
 20
5654731.922536742
 10
-6512.5645971831
 20
5654735.977138028
 10
-6511.268162679426
 20
5654738.666545454
 10
-6511.014740869565
 20
5654740.425036523
 10
-6510.845081424935
 20
5654741.365223918
 10
-6510.477533707865
 20
5654748.236415731
 10
-6510.384034632035
 20
5654748.576012988
 10
-6508.143460451976
 20
5654755.980299435
 10
-6506.560568296796
 20
5654758.395370996
 10
-6503.402968
 20
5654763.045612
 10
-6502.9382060737535
 20
5654763.524073753
 10
-6502.686427312775
 20
5654763.931867842
 10
-6496.305960720131
 20
5654770.001369885
 10
-6493.589535433071
 20
5654772.445826772
 10
-6493.74782857143
 20
5654772.659514286
 10
-6493.9177475728175
 20
5654772.832359223
 10
-6492.952768292684
 20
5654778.336060976
 10
-6492.7715167173255
 20
5654779.783279635
 10
-6492.9005
 20
5654780.8575
 10
-6493.135971731448
 20
5654782.119724382
 10
-6493.2486
 20
5654782.447
 10
-6493.403965299685
 20
5654782.639788643
 10
-6489.167048387097
 20
5654783.508967742
 10
-6487.008619047617
 20
5654783.558833333
 10
-6486.568360465114
 20
5654784.202790698
 10
-6486.483101123595
 20
5654784.70264045
 10
-6485.763000000001
 20
5654784.868971428
 10
-6485.261345794393
 20
5654785.077158879
 10
-6483.4350545454545
 20
5654784.924072728
 10
-6481.887615040286
 20
5654784.898875559
 10
-6479.416301886791
 20
5654785.469303908
  0
TEXT
  5
33B
330
17
100
AcDbEntity
  8
V-TOPO-CTXT
100
AcDbText
 10
-6514.103503821321
 20
5654732.469959306
 30
0.0
 40
1.0
  1
1086.0
 50
63.15231892354584
  7
BR-STD
 72
1
 11
-6514.103503821321
 21
5654732.469959306
 31
0.0
100
AcDbText
 73
2
  0
LWPOLYLINE
  5
33C
330
17
100
AcDbEntity
  8
V-TOPO-MINR
100
AcDbPolyline
 90
53
 70
0
 10
-6543.840816586922
 20
5654698.071891546
 10
-6542.289923076924
 20
5654704.217960499
 10
-6541.697789473685
 20
5654705.183815789
 10
-6541.3949792746125
 20
5654706.456580311
 10
-6541.4163805309745
 20
5654708.312035399
 10
-6541.1283225806455
 20
5654711.096048387
 10
-6539.525009259258
 20
5654710.551611111
 10
-6535.920947916657
 20
5654710.682270833
 10
-6532.988279411763
 20
5654708.529161764
 10
-6531.308602739727
 20
5654708.762794521
 10
-6531.182929577466
 20
5654709.260633803
 10
-6530.972162162163
 20
5654708.981108108
 10
-6530.427704980841
 20
5654710.665019156
 10
-6530.35588505747
 20
5654712.611471264
 10
-6529.442895899052
 20
5654717.237785488
 10
-6528.45612
 20
5654721.902360001
 10
-6527.802620224718
 20
5654723.602788764
 10
-6526.793720588236
 20
5654729.397735294
 10
-6526.501712250713
 20
5654730.23045584
 10
-6524.938316901411
 20
5654731.038147887
 10
-6521.933144876324
 20
5654733.685219081
 10
-6519.1293941908725
 20
5654739.589273859
 10
-6517.790114068442
 20
5654740.7538327
 10
-6516.66945
 20
5654744.587825
 10
-6515.501289473684
 20
5654747.415447368
 10
-6515.3858613861385
 20
5654749.300386138
 10
-6514.613549999997
 20
5654751.810249999
 10
-6513.37012072893
 20
5654755.508387243
 10
-6511.228782426778
 20
5654759.103209205
 10
-6509.934514333895
 20
5654761.077917369
 10
-6508.6640262390665
 20
5654762.948982508
 10
-6505.5761875
 20
5654766.822367022
 10
-6503.653524663677
 20
5654768.681336323
 10
-6499.28407612457
 20
5654773.0154290665
 10
-6499.365586206899
 20
5654773.118310345
 10
-6499.436543352604
 20
5654773.40534104
 10
-6499.366138686132
 20
5654777.60959124
 10
-6498.977202531645
 20
5654779.942962024
 10
-6499.596067264576
 20
5654782.633466368
 10
-6499.602402826857
 20
5654782.667427561
 10
-6499.604819742491
 20
5654782.674450643
 10
-6499.5785555555585
 20
5654782.681222222
 10
-6494.3814896907215
 20
5654783.936860825
 10
-6494.3443962264155
 20
5654783.94145283
 10
-6493.640166666665
 20
5654784.1055000005
 10
-6493.336757575757
 20
5654784.328151516
 10
-6493.4503953488365
 20
5654785.051697675
 10
-6493.077333333333
 20
5654785.656833334
 10
-6492.852148984199
 20
5654785.585785553
 10
-6489.109666666667
 20
5654786.432863905
 10
-6486.768744385026
 20
5654786.236639572
 10
-6485.804803939122
 20
5654786.220943599
 10
-6484.265358490566
 20
5654786.576278302
  0
LWPOLYLINE
  5
33D
330
17
100
AcDbEntity
  8
V-TOPO-MINR
100
AcDbPolyline
 90
61
 70
0
 10
-6546.824867623606
 20
5654709.464634769
 10
-6546.270692307694
 20
5654711.660787942
 10
-6545.857364741643
 20
5654712.334984803
 10
-6545.1329536082485
 20
5654715.548226804
 10
-6545.2411675675685
 20
5654715.757675676
 10
-6545.083260273974
 20
5654720.15750685
 10
-6545.177876106197
 20
5654720.3832566375
 10
-6546.279684848485
 20
5654720.599418182
 10
-6544.854554140127
 20
5654722.307350319
 10
-6543.853041666667
 20
5654723.51928125
 10
-6543.1580583333325
 20
5654723.632208333
 10
-6542.2069274193545
 20
5654721.790701613
 10
-6537.535500000001
 20
5654722.557869565
 10
-6533.682336283186
 20
5654721.369433628
 10
-6533.630499999999
 20
5654722.149801725
 10
-6533.454884210526
 20
5654722.0387894735
 10
-6532.9464404494365
 20
5654723.361777529
 10
-6532.766091286305
 20
5654724.397672199
 10
-6531.69230769231
 20
5654728.839095385
 10
-6530.895778301887
 20
5654731.921912735
 10
-6528.699667844523
 20
5654736.855127209
 10
-6528.266807197943
 20
5654738.1394164525
 10
-6528.143030769232
 20
5654738.403138462
 10
-6526.852378947369
 20
5654739.960747369
 10
-6522.50114068441
 20
5654743.744326996
 10
-6521.228517241378
 20
5654748.098199507
 10
-6519.199177606179
 20
5654752.974602316
 10
-6518.667387243737
 20
5654754.556223234
 10
-6517.092680000002
 20
5654757.1998
 10
-6514.176951573849
 20
5654762.758602906
 10
-6512.739207077326
 20
5654764.166418087
 10
-6511.353166259169
 20
5654765.9221784845
 10
-6508.060562500001
 20
5654770.052420213
 10
-6504.497441176472
 20
5654773.497503268
 10
-6504.538774809162
 20
5654773.538251908
 10
-6504.911322884014
 20
5654773.824683386
 10
-6505.3469498069535
 20
5654775.989891892
 10
-6505.539368580061
 20
5654780.433087613
 10
-6507.844774058577
 20
5654782.659807531
 10
-6508.482442953017
 20
5654783.29033557
 10
-6508.5585294117645
 20
5654783.488941177
 10
-6508.668669064749
 20
5654783.781928057
 10
-6507.833289017341
 20
5654784.04550289
 10
-6507.410462686567
 20
5654784.102985075
 10
-6506.077868421053
 20
5654784.211710527
 10
-6504.367699248121
 20
5654784.340388471
 10
-6502.251469387756
 20
5654785.0157483
 10
-6502.073705128206
 20
5654785.225833333
 10
-6500.855142857143
 20
5654786.2536554625
 10
-6500.853676056338
 20
5654786.34384507
 10
-6500.3887358490565
 20
5654786.556113208
 10
-6499.988285714287
 20
5654786.648122449
 10
-6499.848159999999
 20
5654786.916560001
 10
-6499.047544600939
 20
5654787.694924883
 10
-6499.033087452472
 20
5654787.847695818
 10
-6492.611611793612
 20
5654787.326476659
 10
-6492.503390519187
 20
5654787.292331828
 10
-6491.026333333333
 20
5654787.6266508885
 10
-6490.102434224598
 20
5654787.549206417
 10
-6489.721992837958
 20
5654787.543011638
 10
-6489.114415094339
 20
5654787.683252695
  0
LWPOLYLINE
  5
33E
330
17
100
AcDbEntity
  8
V-TOPO-MINR
100
AcDbPolyline
 90
46
 70
0
 10
-6549.157975119617
 20
5654723.993115789
 10
-6549.107556142668
 20
5654724.540626155
 10
-6545.951711206897
 20
5654730.945442528
 10
-6545.821709459459
 20
5654733.4135
 10
-6545.0885342465735
 20
5654734.353328766
 10
-6544.5387500000015
 20
5654736.309249999
 10
-6544.2212
 20
5654736.78136
 10
-6544.0627323943645
 20
5654736.620774647
 10
-6538.688599999983
 20
5654735.664999999
 10
-6535.084292929293
 20
5654735.017020202
 10
-6534.974173553719
 20
5654734.707727272
 10
-6534.9228
 20
5654734.8106
 10
-6534.9070930232565
 20
5654734.735697674
 10
-6534.646575471698
 20
5654734.757613207
 10
-6533.368349614394
 20
5654738.550084832
 10
-6532.775723076922
 20
5654739.812753847
 10
-6528.847895238091
 20
5654744.553009524
 10
-6527.482222222221
 20
5654746.362225589
 10
-6527.254802992517
 20
5654746.810910225
 10
-6526.787902325581
 20
5654747.846232559
 10
-6523.902480662985
 20
5654755.443425415
 10
-6522.133966507177
 20
5654758.292961722
 10
-6519.995779342724
 20
5654762.057173709
 10
-6519.247169491524
 20
5654763.484389831
 10
-6515.001330275229
 20
5654767.641844037
 10
-6510.908178484107
 20
5654772.826823961
 10
-6510.5449375
 20
5654773.282473404
 10
-6510.151852941178
 20
5654773.662535948
 10
-6510.457045454545
 20
5654773.963409091
 10
-6510.463643939393
 20
5654774.047219697
 10
-6510.598288209606
 20
5654774.0843493445
 10
-6511.668761245676
 20
5654779.158823529
 10
-6511.912403846156
 20
5654780.398148351
 10
-6514.3795737704895
 20
5654783.067940984
 10
-6514.5477241379285
 20
5654783.293655173
 10
-6516.437
 20
5654783.718
 10
-6514.511381118881
 20
5654783.986374126
 10
-6511.999701030929
 20
5654784.668917526
 10
-6510.093666666667
 20
5654785.230507247
 10
-6509.532710982659
 20
5654785.40749711
 10
-6508.079923076923
 20
5654785.605
 10
-6507.7864782608685
 20
5654786.399130435
 10
-6507.779732394364
 20
5654786.813915492
 10
-6507.254039999996
 20
5654787.053919999
 10
-6507.355468965513
 20
5654787.10617931
 10
-6504.971611764704
 20
5654788.613952941
  0
LWPOLYLINE
  5
33F
330
17
100
AcDbEntity
  8
V-TOPO-MAJR
100
AcDbPolyline
 90
57
 70
0
 10
-6549.078070813397
 20
5654730.095747368
 10
-6548.940118890357
 20
5654731.593796566
 10
-6547.071323275863
 20
5654735.386534482
 10
-6546.917770072992
 20
5654738.3017116785
 10
-6546.561249406176
 20
5654742.5739334915
 10
-6546.436784203102
 20
5654742.96154866
 10
-6546.196887218046
 20
5654746.018060151
 10
-6544.664443181817
 20
5654746.200818181
 10
-6544.334081081081
 20
5654747.304540541
 10
-6544.139000000001
 20
5654746.059599999
 10
-6542.6715
 20
5654744.8335
 10
-6538.373750000007
 20
5654745.515999999
 10
-6535.1213986928105
 20
5654746.658202615
 10
-6534.840760683761
 20
5654745.956196581
 10
-6534.814945945946
 20
5654746.011194594
 10
-6534.815813471502
 20
5654745.710564767
 10
-6534.756583333333
 20
5654745.837250001
 10
-6534.371111111109
 20
5654746.3479158245
 10
-6532.309665835413
 20
5654750.415024938
 10
-6530.220516129035
 20
5654755.047580645
 10
-6529.328032786885
 20
5654756.741918033
 10
-6529.036028037383
 20
5654757.282411216
 10
-6525.102094339622
 20
5654763.551867925
 10
-6524.981790190736
 20
5654763.772362398
 10
-6524.954913043479
 20
5654763.80724041
 10
-6524.932658536585
 20
5654763.827536586
 10
-6524.7709152542375
 20
5654763.984813559
 10
-6522.523349206348
 20
5654766.907530612
 10
-6519.052771428572
 20
5654769.3652
 10
-6517.263453473131
 20
5654771.117269986
 10
-6515.5744915254245
 20
5654773.256754237
 10
-6515.716771704178
 20
5654773.824540192
 10
-6515.4018295964115
 20
5654773.823766816
 10
-6516.258793650794
 20
5654774.070920635
 10
-6516.481122362871
 20
5654774.148320675
 10
-6516.889920000003
 20
5654776.15144
 10
-6517.417211538463
 20
5654778.833587912
 10
-6517.764819672131
 20
5654779.209744262
 10
-6518.067058201058
 20
5654779.615449736
 10
-6518.286995
 20
5654779.58068
 10
-6518.80225409836
 20
5654780.34604918
 10
-6519.604844155841
 20
5654781.565207792
 10
-6521.245908163266
 20
5654783.725040817
 10
-6521.972376963352
 20
5654784.286884816
 10
-6522.093112149534
 20
5654784.959691588
 10
-6521.674782608695
 20
5654784.898130435
 10
-6521.348214285716
 20
5654784.761142857
 10
-6521.326279069768
 20
5654784.910860466
 10
-6520.2485316455695
 20
5654784.994835443
 10
-6519.553352941176
 20
5654784.834823529
 10
-6518.460113879004
 20
5654784.917637011
 10
-6517.909013824885
 20
5654785.10143318
 10
-6517.309685185184
 20
5654785.238833332
 10
-6516.310850574711
 20
5654785.632862069
 10
-6516.844000000001
 20
5654786.723357143
 10
-6516.8643650793665
 20
5654786.807222223
 10
-6515.316609625667
 20
5654787.594839572
  0
TEXT
  5
340
330
17
100
AcDbEntity
  8
V-TOPO-CTXT
100
AcDbText
 10
-6528.8116902878555
 20
5654757.63993524
 30
0.0
 40
1.0
  1
1087.0
 50
58.9694072544854
  7
BR-STD
 72
1
 11
-6528.8116902878555
 21
5654757.63993524
 31
0.0
100
AcDbText
 73
2
  0
LWPOLYLINE
  5
341
330
17
100
AcDbEntity
  8
V-TOPO-MINR
100
AcDbPolyline
 90
61
 70
0
 10
-6548.998166507177
 20
5654736.198378947
 10
-6548.772681638045
 20
5654738.646966975
 10
-6548.190935344827
 20
5654739.827626436
 10
-6548.1431350364965
 20
5654740.735105839
 10
-6548.032152019003
 20
5654742.065026129
 10
-6547.3711988716495
 20
5654744.123396333
 10
-6546.988223958333
 20
5654749.002854167
 10
-6547.115929098966
 20
5654753.046363368
 10
-6546.809662721893
 20
5654756.823553255
 10
-6545.8940910683
 20
5654760.571964974
 10
-6545.946806629834
 20
5654760.840416207
 10
-6545.944256756756
 20
5654761.370445946
 10
-6545.500533333334
 20
5654762.362653334
 10
-6544.045824561406
 20
5654762.093175439
 10
-6543.790164705884
 20
5654762.196741177
 10
-6543.487006369427
 20
5654761.894592356
 10
-6537.882769230757
 20
5654760.648230769
 10
-6535.478428571429
 20
5654760.076142857
 10
-6534.3354313725495
 20
5654760.212921568
 10
-6534.219777777778
 20
5654759.608444445
 10
-6534.17566666667
 20
5654759.645666666
 10
-6534.083198529412
 20
5654759.531757352
 10
-6534.080222222223
 20
5654759.4673703695
 10
-6534.026688311688
 20
5654759.570883117
 10
-6533.956588785045
 20
5654759.700635514
 10
-6533.879452830185
 20
5654759.823566037
 10
-6530.751544959127
 20
5654765.5564223435
 10
-6530.052739130433
 20
5654766.46325064
 10
-6529.474121951219
 20
5654766.99095122
 10
-6526.183482758615
 20
5654770.190724138
 10
-6526.0004345549705
 20
5654770.3479842935
 10
-6525.944824175822
 20
5654770.451351649
 10
-6525.780719298243
 20
5654770.632964913
 10
-6525.682614035086
 20
5654770.697385965
 10
-6525.59489473684
 20
5654770.804
 10
-6525.3114242424235
 20
5654771.146636363
 10
-6524.731057142859
 20
5654771.5318
 10
-6522.275714285714
 20
5654773.500428571
 10
-6522.431843137253
 20
5654773.743813725
 10
-6522.470860215053
 20
5654773.947838709
 10
-6522.671078431372
 20
5654774.092941176
 10
-6522.717464052288
 20
5654775.715209151
 10
-6523.62660952381
 20
5654778.948555555
 10
-6524.807770408164
 20
5654780.503102042
 10
-6525.024078534032
 20
5654780.67039267
 10
-6525.215600000001
 20
5654781.737661818
 10
-6525.4450588235295
 20
5654782.503613446
 10
-6525.716643902439
 20
5654783.495409756
 10
-6526.859999999999
 20
5654787.436326923
 10
-6525.977573529411
 20
5654788.832617646
 10
-6525.41803649635
 20
5654788.493131387
 10
-6524.954
 20
5654788.1025
 10
-6523.717090909091
 20
5654788.295060605
 10
-6522.775696969698
 20
5654788.395606061
 10
-6522.676990990991
 20
5654788.349504504
 10
-6521.366740157479
 20
5654788.616937008
 10
-6520.669966197183
 20
5654788.774047887
 10
-6520.114049079755
 20
5654788.989423313
 10
-6519.668329268294
 20
5654789.882922256
 10
-6519.485420437957
 20
5654790.455759125
 10
-6518.484390374331
 20
5654790.965160428
  0
LWPOLYLINE
  5
342
330
17
100
AcDbEntity
  8
V-TOPO-MINR
100
AcDbPolyline
 90
34
 70
0
 10
-6544.9078431372545
 20
5654775.860333334
 10
-6544.238874999999
 20
5654776.10675
 10
-6543.399939999999
 20
5654778.1154000005
 10
-6542.852411764705
 20
5654778.049852941
 10
-6541.817031250001
 20
5654777.071
 10
-6540.861983050851
 20
5654776.53498305
 10
-6535.527132231406
 20
5654774.649966942
 10
-6532.785941176468
 20
5654776.289921568
 10
-6532.258753138074
 20
5654779.26894979
 10
-6530.094304182512
 20
5654783.41648289
 10
-6531.165555555557
 20
5654787.108869659
 10
-6530.731054216868
 20
5654787.796394578
 10
-6530.557333333335
 20
5654788.383892361
 10
-6530.471665399242
 20
5654789.034821292
 10
-6530.519965065501
 20
5654793.139886463
 10
-6530.907166666666
 20
5654793.891511364
 10
-6529.83976282051
 20
5654795.02625641
 10
-6530.180389937108
 20
5654795.639144654
 10
-6527.721021276597
 20
5654797.770439716
 10
-6527.4659130434775
 20
5654797.182376811
 10
-6527.355013605442
 20
5654797.114904762
 10
-6527.184636363636
 20
5654796.931573426
 10
-6526.170741007193
 20
5654797.052366907
 10
-6525.242596330276
 20
5654796.142394495
 10
-6525.149188340807
 20
5654795.175672645
 10
-6525.149804123711
 20
5654794.856396906
 10
-6525.105700598802
 20
5654794.588323353
 10
-6524.59678125
 20
5654792.777460938
 10
-6524.365391304347
 20
5654792.445086956
 10
-6523.29043956044
 20
5654791.279692308
 10
-6523.268682634731
 20
5654791.320562875
 10
-6522.445768292683
 20
5654792.9701935975
 10
-6522.079216058395
 20
5654794.118167884
 10
-6521.652171122995
 20
5654794.335481283
  0
LWPOLYLINE
  5
343
330
17
100
AcDbEntity
  8
V-TOPO-MINR
100
AcDbPolyline
 90
13
 70
0
 10
-6548.918262200957
 20
5654742.301010526
 10
-6548.779295138889
 20
5654743.810083333
 10
-6548.305613540197
 20
5654745.285244005
 10
-6548.161401041666
 20
5654747.1226458335
 10
-6548.471542097489
 20
5654756.94259675
 10
-6548.317798816568
 20
5654758.838715976
 10
-6547.858189141856
 20
5654760.720388792
 10
-6547.884651933702
 20
5654760.855149172
 10
-6547.873813084112
 20
5654763.108168225
 10
-6547.906115830116
 20
5654763.723397683
 10
-6547.868885375495
 20
5654763.73
 10
-6546.5696391437305
 20
5654766.946636085
 10
-6544.840497816594
 20
5654772.766200874
  0
LWPOLYLINE
  5
344
330
17
100
AcDbEntity
  8
V-TOPO-MINR
100
AcDbPolyline
 90
7
 70
0
 10
-6540.595350515464
 20
5654771.093536083
 10
-6540.387219354843
 20
5654771.119116128
 10
-6540.34720895523
 20
5654771.136253732
 10
-6539.873000000016
 20
5654771.527266666
 10
-6540.780407407404
 20
5654771.927518518
 10
-6540.637126984126
 20
5654771.180587302
 10
-6540.595350515464
 20
5654771.093536083
  0
LWPOLYLINE
  5
345
330
17
100
AcDbEntity
  8
V-TOPO-MINR
100
AcDbPolyline
 90
4
 70
0
 10
-6551.438888888887
 20
5654783.804777778
 10
-6550.819979591833
 20
5654784.032755101
 10
-6551.300875739643
 20
5654784.377591715
 10
-6551.719263157894
 20
5654784.550406015
  0
LWPOLYLINE
  5
346
330
17
100
AcDbEntity
  8
V-TOPO-MINR
100
AcDbPolyline
 90
7
 70
0
 10
-6549.818831683169
 20
5654760.575287129
 10
-6549.827155096012
 20
5654760.838830133
 10
-6549.825934911243
 20
5654760.853878699
 10
-6549.822287215412
 20
5654760.868812609
 10
-6549.822497237569
 20
5654760.869882136
 10
-6549.822411214954
 20
5654760.88776324
 10
-6549.826322580645
 20
5654760.962258064
  0
INSERT
  5
347
330
17
100
AcDbEntity
  8
V-CTRL
100
AcDbBlockReference
  2
CTRL-TRIANGLE
 10
-6477.49
 20
5654775.189
 30
0.0
 41
0.5
 42
0.5
  0
TEXT
  5
349
330
17
100
AcDbEntity
  8
V-CTRL-TEXT
100
AcDbText
 10
-6475.99
 20
5654776.189
 30
0.0
 40
1.1
  1
CP1
  7
BR-TITLE
 11
-6475.99
 21
5654776.189
 31
0.0
100
AcDbText
 73
2
  0
INSERT
  5
34A
330
17
100
AcDbEntity
  8
V-CTRL
100
AcDbBlockReference
  2
CTRL-TRIANGLE
 10
-6408.915
 20
5654665.965
 30
0.0
 41
0.5
 42
0.5
  0
TEXT
  5
34C
330
17
100
AcDbEntity
  8
V-CTRL-TEXT
100
AcDbText
 10
-6407.415
 20
5654666.965
 30
0.0
 40
1.1
  1
CP2
  7
BR-TITLE
 11
-6407.415
 21
5654666.965
 31
0.0
100
AcDbText
 73
2
  0
INSERT
  5
34D
330
17
100
AcDbEntity
  8
V-CTRL
100
AcDbBlockReference
  2
CTRL-TRIANGLE
 10
-6523.263
 20
5654672.64
 30
0.0
 41
0.5
 42
0.5
  0
TEXT
  5
34F
330
17
100
AcDbEntity
  8
V-CTRL-TEXT
100
AcDbText
 10
-6521.763
 20
5654673.64
 30
0.0
 40
1.1
  1
CP3
  7
BR-TITLE
 11
-6521.763
 21
5654673.64
 31
0.0
100
AcDbText
 73
2
  0
INSERT
  5
350
330
17
100
AcDbEntity
  8
V-CTRL
100
AcDbBlockReference
  2
CTRL-BM
 10
-6474.49
 20
5654778.189
 30
0.0
 41
0.5
 42
0.5
  0
TEXT
  5
352
330
17
100
AcDbEntity
  8
V-CTRL-TEXT
100
AcDbText
 10
-6472.99
 20
5654779.189
 30
0.0
 40
1.1
  1
BM1
  7
BR-TITLE
 11
-6472.99
 21
5654779.189
 31
0.0
100
AcDbText
 73
2
  0
INSERT
  5
353
330
17
100
AcDbEntity
  8
V-VEG-TREE
100
AcDbBlockReference
  2
VEG-TREE-DECID
 10
-6450.698
 20
5654635.928
 30
0.0
 41
0.5
 42
0.5
  0
CIRCLE
  5
355
330
17
100
AcDbEntity
  8
V-VEG-CANOPY
100
AcDbCircle
 10
-6450.698
 20
5654635.928
 30
0.0
 40
5.5
  0
INSERT
  5
356
330
17
100
AcDbEntity
  8
V-VEG-TREE
100
AcDbBlockReference
  2
VEG-TREE-DECID
 10
-6436.074
 20
5654729.023
 30
0.0
 41
0.5
 42
0.5
  0
CIRCLE
  5
358
330
17
100
AcDbEntity
  8
V-VEG-CANOPY
100
AcDbCircle
 10
-6436.074
 20
5654729.023
 30
0.0
 40
6.5
  0
INSERT
  5
359
330
17
100
AcDbEntity
  8
V-VEG-TREE
100
AcDbBlockReference
  2
VEG-TREE-DECID
 10
-6437.51
 20
5654638.046
 30
0.0
 41
0.5
 42
0.5
  0
CIRCLE
  5
35B
330
17
100
AcDbEntity
  8
V-VEG-CANOPY
100
AcDbCircle
 10
-6437.51
 20
5654638.046
 30
0.0
 40
4.5
  0
INSERT
  5
35C
330
17
100
AcDbEntity
  8
V-VEG-TREE
100
AcDbBlockReference
  2
VEG-TREE-DECID
 10
-6509.041
 20
5654770.928
 30
0.0
 41
0.5
 42
0.5
  0
CIRCLE
  5
35E
330
17
100
AcDbEntity
  8
V-VEG-CANOPY
100
AcDbCircle
 10
-6509.041
 20
5654770.928
 30
0.0
 40
0.5
  0
INSERT
  5
35F
330
17
100
AcDbEntity
  8
V-VEG-TREE
100
AcDbBlockReference
  2
VEG-TREE-DECID
 10
-6502.444
 20
5654770.075
 30
0.0
 41
0.5
 42
0.5
  0
CIRCLE
  5
361
330
17
100
AcDbEntity
  8
V-VEG-CANOPY
100
AcDbCircle
 10
-6502.444
 20
5654770.075
 30
0.0
 40
0.5
  0
INSERT
  5
362
330
17
100
AcDbEntity
  8
V-VEG-TREE
100
AcDbBlockReference
  2
VEG-TREE-DECID
 10
-6441.728
 20
5654747.86
 30
0.0
 41
0.5
 42
0.5
  0
CIRCLE
  5
364
330
17
100
AcDbEntity
  8
V-VEG-CANOPY
100
AcDbCircle
 10
-6441.728
 20
5654747.86
 30
0.0
 40
5.0
  0
INSERT
  5
365
330
17
100
AcDbEntity
  8
V-VEG-TREE
100
AcDbBlockReference
  2
VEG-TREE-DECID
 10
-6531.768
 20
5654751.556
 30
0.0
 41
0.5
 42
0.5
  0
CIRCLE
  5
367
330
17
100
AcDbEntity
  8
V-VEG-CANOPY
100
AcDbCircle
 10
-6531.768
 20
5654751.556
 30
0.0
 40
6.5
  0
INSERT
  5
368
330
17
100
AcDbEntity
  8
V-VEG-TREE
100
AcDbBlockReference
  2
VEG-TREE-DECID
 10
-6488.869
 20
5654752.348
 30
0.0
 41
0.5
 42
0.5
  0
CIRCLE
  5
36A
330
17
100
AcDbEntity
  8
V-VEG-CANOPY
100
AcDbCircle
 10
-6488.869
 20
5654752.348
 30
0.0
 40
1.0
  0
INSERT
  5
36B
330
17
100
AcDbEntity
  8
V-VEG-TREE
100
AcDbBlockReference
  2
VEG-TREE-DECID
 10
-6488.609
 20
5654752.526
 30
0.0
 41
0.5
 42
0.5
  0
CIRCLE
  5
36D
330
17
100
AcDbEntity
  8
V-VEG-CANOPY
100
AcDbCircle
 10
-6488.609
 20
5654752.526
 30
0.0
 40
1.0
  0
INSERT
  5
36E
330
17
100
AcDbEntity
  8
V-VEG-TREE
100
AcDbBlockReference
  2
VEG-TREE-DECID
 10
-6521.13
 20
5654733.564
 30
0.0
 41
0.5
 42
0.5
  0
CIRCLE
  5
370
330
17
100
AcDbEntity
  8
V-VEG-CANOPY
100
AcDbCircle
 10
-6521.13
 20
5654733.564
 30
0.0
 40
4.5
  0
INSERT
  5
371
330
17
100
AcDbEntity
  8
V-VEG-TREE
100
AcDbBlockReference
  2
VEG-TREE-CONIF
 10
-6542.211
 20
5654696.498
 30
0.0
 41
0.5
 42
0.5
  0
CIRCLE
  5
373
330
17
100
AcDbEntity
  8
V-VEG-CANOPY
100
AcDbCircle
 10
-6542.211
 20
5654696.498
 30
0.0
 40
2.5
  0
INSERT
  5
374
330
17
100
AcDbEntity
  8
V-VEG-TREE
100
AcDbBlockReference
  2
VEG-TREE-DECID
 10
-6531.763
 20
5654758.121
 30
0.0
 41
0.5
 42
0.5
  0
CIRCLE
  5
376
330
17
100
AcDbEntity
  8
V-VEG-CANOPY
100
AcDbCircle
 10
-6531.763
 20
5654758.121
 30
0.0
 40
0.5
  0
INSERT
  5
377
330
17
100
AcDbEntity
  8
V-VEG-TREE
100
AcDbBlockReference
  2
VEG-TREE-DECID
 10
-6416.665
 20
5654662.035
 30
0.0
 41
0.5
 42
0.5
  0
CIRCLE
  5
379
330
17
100
AcDbEntity
  8
V-VEG-CANOPY
100
AcDbCircle
 10
-6416.665
 20
5654662.035
 30
0.0
 40
6.5
  0
INSERT
  5
37A
330
17
100
AcDbEntity
  8
V-VEG-TREE
100
AcDbBlockReference
  2
VEG-TREE-DECID
 10
-6459.595
 20
5654718.705
 30
0.0
 41
0.5
 42
0.5
  0
CIRCLE
  5
37C
330
17
100
AcDbEntity
  8
V-VEG-CANOPY
100
AcDbCircle
 10
-6459.595
 20
5654718.705
 30
0.0
 40
2.5
  0
INSERT
  5
37D
330
17
100
AcDbEntity
  8
V-VEG-TREE
100
AcDbBlockReference
  2
VEG-TREE-DECID
 10
-6429.143
 20
5654662.325
 30
0.0
 41
0.5
 42
0.5
  0
CIRCLE
  5
37F
330
17
100
AcDbEntity
  8
V-VEG-CANOPY
100
AcDbCircle
 10
-6429.143
 20
5654662.325
 30
0.0
 40
5.5
  0
INSERT
  5
380
330
17
100
AcDbEntity
  8
V-VEG-TREE
100
AcDbBlockReference
  2
VEG-TREE-DECID
 10
-6445.492
 20
5654723.932
 30
0.0
 41
0.5
 42
0.5
  0
CIRCLE
  5
382
330
17
100
AcDbEntity
  8
V-VEG-CANOPY
100
AcDbCircle
 10
-6445.492
 20
5654723.932
 30
0.0
 40
6.0
  0
INSERT
  5
383
330
17
100
AcDbEntity
  8
V-VEG-TREE
100
AcDbBlockReference
  2
VEG-TREE-DECID
 10
-6473.753
 20
5654684.684
 30
0.0
 41
0.5
 42
0.5
  0
CIRCLE
  5
385
330
17
100
AcDbEntity
  8
V-VEG-CANOPY
100
AcDbCircle
 10
-6473.753
 20
5654684.684
 30
0.0
 40
2.0
  0
INSERT
  5
386
330
17
100
AcDbEntity
  8
V-VEG-TREE
100
AcDbBlockReference
  2
VEG-TREE-DECID
 10
-6469.029
 20
5654687.174
 30
0.0
 41
0.5
 42
0.5
  0
CIRCLE
  5
388
330
17
100
AcDbEntity
  8
V-VEG-CANOPY
100
AcDbCircle
 10
-6469.029
 20
5654687.174
 30
0.0
 40
2.5
  0
INSERT
  5
389
330
17
100
AcDbEntity
  8
V-VEG-TREE
100
AcDbBlockReference
  2
VEG-TREE-DECID
 10
-6492.488
 20
5654681.08
 30
0.0
 41
0.5
 42
0.5
  0
CIRCLE
  5
38B
330
17
100
AcDbEntity
  8
V-VEG-CANOPY
100
AcDbCircle
 10
-6492.488
 20
5654681.08
 30
0.0
 40
2.5
  0
INSERT
  5
38C
330
17
100
AcDbEntity
  8
V-VEG-TREE
100
AcDbBlockReference
  2
VEG-TREE-DECID
 10
-6477.905
 20
5654696.78
 30
0.0
 41
0.5
 42
0.5
  0
CIRCLE
  5
38E
330
17
100
AcDbEntity
  8
V-VEG-CANOPY
100
AcDbCircle
 10
-6477.905
 20
5654696.78
 30
0.0
 40
5.5
  0
INSERT
  5
38F
330
17
100
AcDbEntity
  8
V-VEG-TREE
100
AcDbBlockReference
  2
VEG-TREE-DECID
 10
-6445.546
 20
5654683.051
 30
0.0
 41
0.5
 42
0.5
  0
CIRCLE
  5
391
330
17
100
AcDbEntity
  8
V-VEG-CANOPY
100
AcDbCircle
 10
-6445.546
 20
5654683.051
 30
0.0
 40
4.5
  0
INSERT
  5
392
330
17
100
AcDbEntity
  8
V-VEG-TREE
100
AcDbBlockReference
  2
VEG-TREE-DECID
 10
-6514.953
 20
5654736.108
 30
0.0
 41
0.5
 42
0.5
  0
CIRCLE
  5
394
330
17
100
AcDbEntity
  8
V-VEG-CANOPY
100
AcDbCircle
 10
-6514.953
 20
5654736.108
 30
0.0
 40
6.5
  0
INSERT
  5
395
330
17
100
AcDbEntity
  8
V-VEG-TREE
100
AcDbBlockReference
  2
VEG-TREE-DECID
 10
-6482.276
 20
5654748.422
 30
0.0
 41
0.5
 42
0.5
  0
CIRCLE
  5
397
330
17
100
AcDbEntity
  8
V-VEG-CANOPY
100
AcDbCircle
 10
-6482.276
 20
5654748.422
 30
0.0
 40
3.0
  0
INSERT
  5
398
330
17
100
AcDbEntity
  8
V-VEG-TREE
100
AcDbBlockReference
  2
VEG-TREE-DECID
 10
-6417.478
 20
5654668.289
 30
0.0
 41
0.5
 42
0.5
  0
CIRCLE
  5
39A
330
17
100
AcDbEntity
  8
V-VEG-CANOPY
100
AcDbCircle
 10
-6417.478
 20
5654668.289
 30
0.0
 40
0.5
  0
INSERT
  5
39B
330
17
100
AcDbEntity
  8
V-VEG-TREE
100
AcDbBlockReference
  2
VEG-TREE-DECID
 10
-6406.243
 20
5654752.324
 30
0.0
 41
0.5
 42
0.5
  0
CIRCLE
  5
39D
330
17
100
AcDbEntity
  8
V-VEG-CANOPY
100
AcDbCircle
 10
-6406.243
 20
5654752.324
 30
0.0
 40
4.0
  0
INSERT
  5
39E
330
17
100
AcDbEntity
  8
V-VEG-TREE
100
AcDbBlockReference
  2
VEG-TREE-DECID
 10
-6396.283
 20
5654721.511
 30
0.0
 41
0.5
 42
0.5
  0
CIRCLE
  5
3A0
330
17
100
AcDbEntity
  8
V-VEG-CANOPY
100
AcDbCircle
 10
-6396.283
 20
5654721.511
 30
0.0
 40
3.5
  0
INSERT
  5
3A1
330
17
100
AcDbEntity
  8
V-VEG-TREE
100
AcDbBlockReference
  2
VEG-TREE-DECID
 10
-6483.996
 20
5654683.264
 30
0.0
 41
0.5
 42
0.5
  0
CIRCLE
  5
3A3
330
17
100
AcDbEntity
  8
V-VEG-CANOPY
100
AcDbCircle
 10
-6483.996
 20
5654683.264
 30
0.0
 40
1.0
  0
INSERT
  5
3A4
330
17
100
AcDbEntity
  8
V-VEG-TREE
100
AcDbBlockReference
  2
VEG-TREE-CONIF
 10
-6491.007
 20
5654667.066
 30
0.0
 41
0.5
 42
0.5
  0
CIRCLE
  5
3A6
330
17
100
AcDbEntity
  8
V-VEG-CANOPY
100
AcDbCircle
 10
-6491.007
 20
5654667.066
 30
0.0
 40
5.5
  0
INSERT
  5
3A7
330
17
100
AcDbEntity
  8
V-VEG-TREE
100
AcDbBlockReference
  2
VEG-TREE-CONIF
 10
-6456.041
 20
5654637.263
 30
0.0
 41
0.5
 42
0.5
  0
CIRCLE
  5
3A9
330
17
100
AcDbEntity
  8
V-VEG-CANOPY
100
AcDbCircle
 10
-6456.041
 20
5654637.263
 30
0.0
 40
4.0
  0
INSERT
  5
3AA
330
17
100
AcDbEntity
  8
V-VEG-TREE
100
AcDbBlockReference
  2
VEG-TREE-DECID
 10
-6421.35
 20
5654673.92
 30
0.0
 41
0.5
 42
0.5
  0
CIRCLE
  5
3AC
330
17
100
AcDbEntity
  8
V-VEG-CANOPY
100
AcDbCircle
 10
-6421.35
 20
5654673.92
 30
0.0
 40
3.5
  0
INSERT
  5
3AD
330
17
100
AcDbEntity
  8
V-VEG-TREE
100
AcDbBlockReference
  2
VEG-TREE-CONIF
 10
-6488.57
 20
5654651.932
 30
0.0
 41
0.5
 42
0.5
  0
CIRCLE
  5
3AF
330
17
100
AcDbEntity
  8
V-VEG-CANOPY
100
AcDbCircle
 10
-6488.57
 20
5654651.932
 30
0.0
 40
4.0
  0
INSERT
  5
3B0
330
17
100
AcDbEntity
  8
V-VEG-TREE
100
AcDbBlockReference
  2
VEG-TREE-DECID
 10
-6422.007
 20
5654654.005
 30
0.0
 41
0.5
 42
0.5
  0
CIRCLE
  5
3B2
330
17
100
AcDbEntity
  8
V-VEG-CANOPY
100
AcDbCircle
 10
-6422.007
 20
5654654.005
 30
0.0
 40
6.5
  0
INSERT
  5
3B3
330
17
100
AcDbEntity
  8
V-VEG-TREE
100
AcDbBlockReference
  2
VEG-TREE-DECID
 10
-6480.118
 20
5654629.925
 30
0.0
 41
0.5
 42
0.5
  0
CIRCLE
  5
3B5
330
17
100
AcDbEntity
  8
V-VEG-CANOPY
100
AcDbCircle
 10
-6480.118
 20
5654629.925
 30
0.0
 40
6.0
  0
INSERT
  5
3B6
330
17
100
AcDbEntity
  8
V-VEG-TREE
100
AcDbBlockReference
  2
VEG-TREE-DECID
 10
-6418.801
 20
5654692.652
 30
0.0
 41
0.5
 42
0.5
  0
CIRCLE
  5
3B8
330
17
100
AcDbEntity
  8
V-VEG-CANOPY
100
AcDbCircle
 10
-6418.801
 20
5654692.652
 30
0.0
 40
5.0
  0
INSERT
  5
3B9
330
17
100
AcDbEntity
  8
V-VEG-TREE
100
AcDbBlockReference
  2
VEG-TREE-DECID
 10
-6431.365
 20
5654714.722
 30
0.0
 41
0.5
 42
0.5
  0
CIRCLE
  5
3BB
330
17
100
AcDbEntity
  8
V-VEG-CANOPY
100
AcDbCircle
 10
-6431.365
 20
5654714.722
 30
0.0
 40
3.0
  0
INSERT
  5
3BC
330
17
100
AcDbEntity
  8
V-VEG-TREE
100
AcDbBlockReference
  2
VEG-TREE-CONIF
 10
-6420.781
 20
5654679.852
 30
0.0
 41
0.5
 42
0.5
  0
CIRCLE
  5
3BE
330
17
100
AcDbEntity
  8
V-VEG-CANOPY
100
AcDbCircle
 10
-6420.781
 20
5654679.852
 30
0.0
 40
3.0
  0
INSERT
  5
3BF
330
17
100
AcDbEntity
  8
V-VEG-TREE
100
AcDbBlockReference
  2
VEG-TREE-CONIF
 10
-6466.18
 20
5654664.7
 30
0.0
 41
0.5
 42
0.5
  0
CIRCLE
  5
3C1
330
17
100
AcDbEntity
  8
V-VEG-CANOPY
100
AcDbCircle
 10
-6466.18
 20
5654664.7
 30
0.0
 40
1.5
  0
INSERT
  5
3C2
330
17
100
AcDbEntity
  8
V-VEG-TREE
100
AcDbBlockReference
  2
VEG-TREE-DECID
 10
-6412.23
 20
5654723.16
 30
0.0
 41
0.5
 42
0.5
  0
CIRCLE
  5
3C4
330
17
100
AcDbEntity
  8
V-VEG-CANOPY
100
AcDbCircle
 10
-6412.23
 20
5654723.16
 30
0.0
 40
5.0
  0
INSERT
  5
3C5
330
17
100
AcDbEntity
  8
V-VEG-TREE
100
AcDbBlockReference
  2
VEG-TREE-DECID
 10
-6450.386
 20
5654740.262
 30
0.0
 41
0.5
 42
0.5
  0
CIRCLE
  5
3C7
330
17
100
AcDbEntity
  8
V-VEG-CANOPY
100
AcDbCircle
 10
-6450.386
 20
5654740.262
 30
0.0
 40
4.0
  0
INSERT
  5
3C8
330
17
100
AcDbEntity
  8
V-VEG-TREE
100
AcDbBlockReference
  2
VEG-TREE-DECID
 10
-6439.847
 20
5654767.25
 30
0.0
 41
0.5
 42
0.5
  0
CIRCLE
  5
3CA
330
17
100
AcDbEntity
  8
V-VEG-CANOPY
100
AcDbCircle
 10
-6439.847
 20
5654767.25
 30
0.0
 40
3.5
  0
INSERT
  5
3CB
330
17
100
AcDbEntity
  8
V-VEG-TREE
100
AcDbBlockReference
  2
VEG-TREE-DECID
 10
-6433.128
 20
5654641.097
 30
0.0
 41
0.5
 42
0.5
  0
CIRCLE
  5
3CD
330
17
100
AcDbEntity
  8
V-VEG-CANOPY
100
AcDbCircle
 10
-6433.128
 20
5654641.097
 30
0.0
 40
4.5
  0
INSERT
  5
3CE
330
17
100
AcDbEntity
  8
V-VEG-TREE
100
AcDbBlockReference
  2
VEG-TREE-DECID
 10
-6471.191
 20
5654613.5
 30
0.0
 41
0.5
 42
0.5
  0
CIRCLE
  5
3D0
330
17
100
AcDbEntity
  8
V-VEG-CANOPY
100
AcDbCircle
 10
-6471.191
 20
5654613.5
 30
0.0
 40
7.5
  0
INSERT
  5
3D1
330
17
100
AcDbEntity
  8
V-VEG-TREE
100
AcDbBlockReference
  2
VEG-TREE-DECID
 10
-6454.26
 20
5654615.205
 30
0.0
 41
0.5
 42
0.5
  0
CIRCLE
  5
3D3
330
17
100
AcDbEntity
  8
V-VEG-CANOPY
100
AcDbCircle
 10
-6454.26
 20
5654615.205
 30
0.0
 40
7.0
  0
INSERT
  5
3D4
330
17
100
AcDbEntity
  8
V-VEG-TREE
100
AcDbBlockReference
  2
VEG-TREE-DECID
 10
-6486.392
 20
5654685.122
 30
0.0
 41
0.5
 42
0.5
  0
CIRCLE
  5
3D6
330
17
100
AcDbEntity
  8
V-VEG-CANOPY
100
AcDbCircle
 10
-6486.392
 20
5654685.122
 30
0.0
 40
1.0
  0
INSERT
  5
3D7
330
17
100
AcDbEntity
  8
V-VEG-TREE
100
AcDbBlockReference
  2
VEG-TREE-DECID
 10
-6488.938
 20
5654783.51
 30
0.0
 41
0.5
 42
0.5
  0
CIRCLE
  5
3D9
330
17
100
AcDbEntity
  8
V-VEG-CANOPY
100
AcDbCircle
 10
-6488.938
 20
5654783.51
 30
0.0
 40
3.0
  0
INSERT
  5
3DA
330
17
100
AcDbEntity
  8
V-VEG-TREE
100
AcDbBlockReference
  2
VEG-TREE-DECID
 10
-6386.165
 20
5654748.091
 30
0.0
 41
0.5
 42
0.5
  0
CIRCLE
  5
3DC
330
17
100
AcDbEntity
  8
V-VEG-CANOPY
100
AcDbCircle
 10
-6386.165
 20
5654748.091
 30
0.0
 40
3.0
  0
INSERT
  5
3DD
330
17
100
AcDbEntity
  8
V-VEG-TREE
100
AcDbBlockReference
  2
VEG-TREE-CONIF
 10
-6414.13
 20
5654729.972
 30
0.0
 41
0.5
 42
0.5
  0
CIRCLE
  5
3DF
330
17
100
AcDbEntity
  8
V-VEG-CANOPY
100
AcDbCircle
 10
-6414.13
 20
5654729.972
 30
0.0
 40
2.5
  0
INSERT
  5
3E0
330
17
100
AcDbEntity
  8
V-VEG-TREE
100
AcDbBlockReference
  2
VEG-TREE-CONIF
 10
-6483.947
 20
5654704.902
 30
0.0
 41
0.5
 42
0.5
  0
CIRCLE
  5
3E2
330
17
100
AcDbEntity
  8
V-VEG-CANOPY
100
AcDbCircle
 10
-6483.947
 20
5654704.902
 30
0.0
 40
2.0
  0
INSERT
  5
3E3
330
17
100
AcDbEntity
  8
V-VEG-TREE
100
AcDbBlockReference
  2
VEG-TREE-DECID
 10
-6450.73
 20
5654696.612
 30
0.0
 41
0.5
 42
0.5
  0
CIRCLE
  5
3E5
330
17
100
AcDbEntity
  8
V-VEG-CANOPY
100
AcDbCircle
 10
-6450.73
 20
5654696.612
 30
0.0
 40
4.0
  0
INSERT
  5
3E6
330
17
100
AcDbEntity
  8
V-VEG-TREE
100
AcDbBlockReference
  2
VEG-TREE-DECID
 10
-6483.906
 20
5654755.286
 30
0.0
 41
0.5
 42
0.5
  0
CIRCLE
  5
3E8
330
17
100
AcDbEntity
  8
V-VEG-CANOPY
100
AcDbCircle
 10
-6483.906
 20
5654755.286
 30
0.0
 40
3.0
  0
INSERT
  5
3E9
330
17
100
AcDbEntity
  8
V-VEG-TREE
100
AcDbBlockReference
  2
VEG-TREE-DECID
 10
-6402.118
 20
5654651.514
 30
0.0
 41
0.5
 42
0.5
  0
CIRCLE
  5
3EB
330
17
100
AcDbEntity
  8
V-VEG-CANOPY
100
AcDbCircle
 10
-6402.118
 20
5654651.514
 30
0.0
 40
3.0
  0
INSERT
  5
3EC
330
17
100
AcDbEntity
  8
V-VEG-TREE
100
AcDbBlockReference
  2
VEG-TREE-DECID
 10
-6462.839
 20
5654632.656
 30
0.0
 41
0.5
 42
0.5
  0
CIRCLE
  5
3EE
330
17
100
AcDbEntity
  8
V-VEG-CANOPY
100
AcDbCircle
 10
-6462.839
 20
5654632.656
 30
0.0
 40
0.5
  0
INSERT
  5
3EF
330
17
100
AcDbEntity
  8
V-VEG-TREE
100
AcDbBlockReference
  2
VEG-TREE-CONIF
 10
-6464.528
 20
5654756.609
 30
0.0
 41
0.5
 42
0.5
  0
CIRCLE
  5
3F1
330
17
100
AcDbEntity
  8
V-VEG-CANOPY
100
AcDbCircle
 10
-6464.528
 20
5654756.609
 30
0.0
 40
3.0
  0
INSERT
  5
3F2
330
17
100
AcDbEntity
  8
V-VEG-TREE
100
AcDbBlockReference
  2
VEG-TREE-DECID
 10
-6472.713
 20
5654628.545
 30
0.0
 41
0.5
 42
0.5
  0
CIRCLE
  5
3F4
330
17
100
AcDbEntity
  8
V-VEG-CANOPY
100
AcDbCircle
 10
-6472.713
 20
5654628.545
 30
0.0
 40
6.0
  0
INSERT
  5
3F5
330
17
100
AcDbEntity
  8
V-VEG-TREE
100
AcDbBlockReference
  2
VEG-TREE-DECID
 10
-6402.571
 20
5654686.074
 30
0.0
 41
0.5
 42
0.5
  0
CIRCLE
  5
3F7
330
17
100
AcDbEntity
  8
V-VEG-CANOPY
100
AcDbCircle
 10
-6402.571
 20
5654686.074
 30
0.0
 40
3.5
  0
INSERT
  5
3F8
330
17
100
AcDbEntity
  8
V-VEG-TREE
100
AcDbBlockReference
  2
VEG-TREE-DECID
 10
-6402.4
 20
5654654.721
 30
0.0
 41
0.5
 42
0.5
  0
CIRCLE
  5
3FA
330
17
100
AcDbEntity
  8
V-VEG-CANOPY
100
AcDbCircle
 10
-6402.4
 20
5654654.721
 30
0.0
 40
2.5
  0
INSERT
  5
3FB
330
17
100
AcDbEntity
  8
V-VEG-TREE
100
AcDbBlockReference
  2
VEG-TREE-CONIF
 10
-6481.213
 20
5654760.191
 30
0.0
 41
0.5
 42
0.5
  0
CIRCLE
  5
3FD
330
17
100
AcDbEntity
  8
V-VEG-CANOPY
100
AcDbCircle
 10
-6481.213
 20
5654760.191
 30
0.0
 40
3.0
  0
INSERT
  5
3FE
330
17
100
AcDbEntity
  8
V-VEG-TREE
100
AcDbBlockReference
  2
VEG-TREE-DECID
 10
-6401.553
 20
5654692.301
 30
0.0
 41
0.5
 42
0.5
  0
CIRCLE
  5
400
330
17
100
AcDbEntity
  8
V-VEG-CANOPY
100
AcDbCircle
 10
-6401.553
 20
5654692.301
 30
0.0
 40
6.5
  0
INSERT
  5
401
330
17
100
AcDbEntity
  8
V-VEG-TREE
100
AcDbBlockReference
  2
VEG-TREE-DECID
 10
-6427.545
 20
5654744.835
 30
0.0
 41
0.5
 42
0.5
  0
CIRCLE
  5
403
330
17
100
AcDbEntity
  8
V-VEG-CANOPY
100
AcDbCircle
 10
-6427.545
 20
5654744.835
 30
0.0
 40
1.0
  0
INSERT
  5
404
330
17
100
AcDbEntity
  8
V-VEG-TREE
100
AcDbBlockReference
  2
VEG-TREE-CONIF
 10
-6494.737
 20
5654787.362
 30
0.0
 41
0.5
 42
0.5
  0
CIRCLE
  5
406
330
17
100
AcDbEntity
  8
V-VEG-CANOPY
100
AcDbCircle
 10
-6494.737
 20
5654787.362
 30
0.0
 40
5.5
  0
INSERT
  5
407
330
17
100
AcDbEntity
  8
V-VEG-TREE
100
AcDbBlockReference
  2
VEG-TREE-DECID
 10
-6447.082
 20
5654750.383
 30
0.0
 41
0.5
 42
0.5
  0
CIRCLE
  5
409
330
17
100
AcDbEntity
  8
V-VEG-CANOPY
100
AcDbCircle
 10
-6447.082
 20
5654750.383
 30
0.0
 40
4.0
  0
INSERT
  5
40A
330
17
100
AcDbEntity
  8
V-VEG-TREE
100
AcDbBlockReference
  2
VEG-TREE-DECID
 10
-6432.587
 20
5654624.308
 30
0.0
 41
0.5
 42
0.5
  0
CIRCLE
  5
40C
330
17
100
AcDbEntity
  8
V-VEG-CANOPY
100
AcDbCircle
 10
-6432.587
 20
5654624.308
 30
0.0
 40
8.0
  0
INSERT
  5
40D
330
17
100
AcDbEntity
  8
V-VEG-TREE
100
AcDbBlockReference
  2
VEG-TREE-CONIF
 10
-6459.747
 20
5654752.497
 30
0.0
 41
0.5
 42
0.5
  0
CIRCLE
  5
40F
330
17
100
AcDbEntity
  8
V-VEG-CANOPY
100
AcDbCircle
 10
-6459.747
 20
5654752.497
 30
0.0
 40
6.5
  0
INSERT
  5
410
330
17
100
AcDbEntity
  8
V-VEG-TREE
100
AcDbBlockReference
  2
VEG-TREE-DECID
 10
-6476.415
 20
5654780.899
 30
0.0
 41
0.5
 42
0.5
  0
CIRCLE
  5
412
330
17
100
AcDbEntity
  8
V-VEG-CANOPY
100
AcDbCircle
 10
-6476.415
 20
5654780.899
 30
0.0
 40
4.5
  0
INSERT
  5
413
330
17
100
AcDbEntity
  8
V-VEG-TREE
100
AcDbBlockReference
  2
VEG-TREE-DECID
 10
-6492.126
 20
5654644.499
 30
0.0
 41
0.5
 42
0.5
  0
CIRCLE
  5
415
330
17
100
AcDbEntity
  8
V-VEG-CANOPY
100
AcDbCircle
 10
-6492.126
 20
5654644.499
 30
0.0
 40
5.5
  0
INSERT
  5
416
330
17
100
AcDbEntity
  8
V-VEG-TREE
100
AcDbBlockReference
  2
VEG-TREE-DECID
 10
-6423.127
 20
5654758.748
 30
0.0
 41
0.5
 42
0.5
  0
CIRCLE
  5
418
330
17
100
AcDbEntity
  8
V-VEG-CANOPY
100
AcDbCircle
 10
-6423.127
 20
5654758.748
 30
0.0
 40
4.0
  0
INSERT
  5
419
330
17
100
AcDbEntity
  8
V-VEG-TREE
100
AcDbBlockReference
  2
VEG-TREE-DECID
 10
-6478.448
 20
5654750.177
 30
0.0
 41
0.5
 42
0.5
  0
CIRCLE
  5
41B
330
17
100
AcDbEntity
  8
V-VEG-CANOPY
100
AcDbCircle
 10
-6478.448
 20
5654750.177
 30
0.0
 40
3.0
  0
INSERT
  5
41C
330
17
100
AcDbEntity
  8
V-VEG-TREE
100
AcDbBlockReference
  2
VEG-TREE-DECID
 10
-6430.147
 20
5654671.927
 30
0.0
 41
0.5
 42
0.5
  0
CIRCLE
  5
41E
330
17
100
AcDbEntity
  8
V-VEG-CANOPY
100
AcDbCircle
 10
-6430.147
 20
5654671.927
 30
0.0
 40
1.5
  0
INSERT
  5
41F
330
17
100
AcDbEntity
  8
V-VEG-TREE
100
AcDbBlockReference
  2
VEG-TREE-DECID
 10
-6397.31
 20
5654716.737
 30
0.0
 41
0.5
 42
0.5
  0
CIRCLE
  5
421
330
17
100
AcDbEntity
  8
V-VEG-CANOPY
100
AcDbCircle
 10
-6397.31
 20
5654716.737
 30
0.0
 40
5.0
  0
INSERT
  5
422
330
17
100
AcDbEntity
  8
V-VEG-TREE
100
AcDbBlockReference
  2
VEG-TREE-DECID
 10
-6488.133
 20
5654728.072
 30
0.0
 41
0.5
 42
0.5
  0
CIRCLE
  5
424
330
17
100
AcDbEntity
  8
V-VEG-CANOPY
100
AcDbCircle
 10
-6488.133
 20
5654728.072
 30
0.0
 40
1.5
  0
INSERT
  5
425
330
17
100
AcDbEntity
  8
V-VEG-TREE
100
AcDbBlockReference
  2
VEG-TREE-DECID
 10
-6423.58
 20
5654731.685
 30
0.0
 41
0.5
 42
0.5
  0
CIRCLE
  5
427
330
17
100
AcDbEntity
  8
V-VEG-CANOPY
100
AcDbCircle
 10
-6423.58
 20
5654731.685
 30
0.0
 40
5.5
  0
INSERT
  5
428
330
17
100
AcDbEntity
  8
V-VEG-TREE
100
AcDbBlockReference
  2
VEG-TREE-DECID
 10
-6483.753
 20
5654752.559
 30
0.0
 41
0.5
 42
0.5
  0
CIRCLE
  5
42A
330
17
100
AcDbEntity
  8
V-VEG-CANOPY
100
AcDbCircle
 10
-6483.753
 20
5654752.559
 30
0.0
 40
2.5
  0
INSERT
  5
42B
330
17
100
AcDbEntity
  8
V-VEG-TREE
100
AcDbBlockReference
  2
VEG-TREE-DECID
 10
-6483.206
 20
5654719.75
 30
0.0
 41
0.5
 42
0.5
  0
CIRCLE
  5
42D
330
17
100
AcDbEntity
  8
V-VEG-CANOPY
100
AcDbCircle
 10
-6483.206
 20
5654719.75
 30
0.0
 40
2.5
  0
INSERT
  5
42E
330
17
100
AcDbEntity
  8
V-VEG-TREE
100
AcDbBlockReference
  2
VEG-TREE-DECID
 10
-6400.001
 20
5654638.858
 30
0.0
 41
0.5
 42
0.5
  0
CIRCLE
  5
430
330
17
100
AcDbEntity
  8
V-VEG-CANOPY
100
AcDbCircle
 10
-6400.001
 20
5654638.858
 30
0.0
 40
3.0
  0
INSERT
  5
431
330
17
100
AcDbEntity
  8
V-VEG-TREE
100
AcDbBlockReference
  2
VEG-TREE-DECID
 10
-6389.644
 20
5654739.206
 30
0.0
 41
0.5
 42
0.5
  0
CIRCLE
  5
433
330
17
100
AcDbEntity
  8
V-VEG-CANOPY
100
AcDbCircle
 10
-6389.644
 20
5654739.206
 30
0.0
 40
2.0
  0
INSERT
  5
434
330
17
100
AcDbEntity
  8
V-VEG-TREE
100
AcDbBlockReference
  2
VEG-TREE-CONIF
 10
-6492.077
 20
5654743.122
 30
0.0
 41
0.5
 42
0.5
  0
CIRCLE
  5
436
330
17
100
AcDbEntity
  8
V-VEG-CANOPY
100
AcDbCircle
 10
-6492.077
 20
5654743.122
 30
0.0
 40
6.0
  0
INSERT
  5
437
330
17
100
AcDbEntity
  8
V-VEG-TREE
100
AcDbBlockReference
  2
VEG-TREE-DECID
 10
-6390.241
 20
5654737.515
 30
0.0
 41
0.5
 42
0.5
  0
CIRCLE
  5
439
330
17
100
AcDbEntity
  8
V-VEG-CANOPY
100
AcDbCircle
 10
-6390.241
 20
5654737.515
 30
0.0
 40
2.0
  0
INSERT
  5
43A
330
17
100
AcDbEntity
  8
V-VEG-TREE
100
AcDbBlockReference
  2
VEG-TREE-DECID
 10
-6400.636
 20
5654641.702
 30
0.0
 41
0.5
 42
0.5
  0
CIRCLE
  5
43C
330
17
100
AcDbEntity
  8
V-VEG-CANOPY
100
AcDbCircle
 10
-6400.636
 20
5654641.702
 30
0.0
 40
3.0
  0
INSERT
  5
43D
330
17
100
AcDbEntity
  8
V-VEG-TREE
100
AcDbBlockReference
  2
VEG-TREE-CONIF
 10
-6441.409
 20
5654689.77
 30
0.0
 41
0.5
 42
0.5
  0
CIRCLE
  5
43F
330
17
100
AcDbEntity
  8
V-VEG-CANOPY
100
AcDbCircle
 10
-6441.409
 20
5654689.77
 30
0.0
 40
8.0
  0
INSERT
  5
440
330
17
100
AcDbEntity
  8
V-VEG-TREE
100
AcDbBlockReference
  2
VEG-TREE-DECID
 10
-6402.587
 20
5654662.461
 30
0.0
 41
0.5
 42
0.5
  0
CIRCLE
  5
442
330
17
100
AcDbEntity
  8
V-VEG-CANOPY
100
AcDbCircle
 10
-6402.587
 20
5654662.461
 30
0.0
 40
5.0
  0
INSERT
  5
443
330
17
100
AcDbEntity
  8
V-VEG-TREE
100
AcDbBlockReference
  2
VEG-TREE-DECID
 10
-6450.641
 20
5654772.104
 30
0.0
 41
0.5
 42
0.5
  0
CIRCLE
  5
445
330
17
100
AcDbEntity
  8
V-VEG-CANOPY
100
AcDbCircle
 10
-6450.641
 20
5654772.104
 30
0.0
 40
8.0
  0
INSERT
  5
446
330
17
100
AcDbEntity
  8
V-VEG-TREE
100
AcDbBlockReference
  2
VEG-TREE-DECID
 10
-6480.277
 20
5654614.248
 30
0.0
 41
0.5
 42
0.5
  0
CIRCLE
  5
448
330
17
100
AcDbEntity
  8
V-VEG-CANOPY
100
AcDbCircle
 10
-6480.277
 20
5654614.248
 30
0.0
 40
6.5
  0
INSERT
  5
449
330
17
100
AcDbEntity
  8
V-VEG-TREE
100
AcDbBlockReference
  2
VEG-TREE-DECID
 10
-6443.213
 20
5654768.699
 30
0.0
 41
0.5
 42
0.5
  0
CIRCLE
  5
44B
330
17
100
AcDbEntity
  8
V-VEG-CANOPY
100
AcDbCircle
 10
-6443.213
 20
5654768.699
 30
0.0
 40
3.5
  0
INSERT
  5
44C
330
17
100
AcDbEntity
  8
V-VEG-TREE
100
AcDbBlockReference
  2
VEG-TREE-CONIF
 10
-6452.502
 20
5654753.326
 30
0.0
 41
0.5
 42
0.5
  0
CIRCLE
  5
44E
330
17
100
AcDbEntity
  8
V-VEG-CANOPY
100
AcDbCircle
 10
-6452.502
 20
5654753.326
 30
0.0
 40
3.5
  0
INSERT
  5
44F
330
17
100
AcDbEntity
  8
V-VEG-TREE
100
AcDbBlockReference
  2
VEG-TREE-DECID
 10
-6480.71
 20
5654754.866
 30
0.0
 41
0.5
 42
0.5
  0
CIRCLE
  5
451
330
17
100
AcDbEntity
  8
V-VEG-CANOPY
100
AcDbCircle
 10
-6480.71
 20
5654754.866
 30
0.0
 40
2.5
  0
INSERT
  5
452
330
17
100
AcDbEntity
  8
V-VEG-TREE
100
AcDbBlockReference
  2
VEG-TREE-CONIF
 10
-6417.567
 20
5654718.143
 30
0.0
 41
0.5
 42
0.5
  0
CIRCLE
  5
454
330
17
100
AcDbEntity
  8
V-VEG-CANOPY
100
AcDbCircle
 10
-6417.567
 20
5654718.143
 30
0.0
 40
4.5
  0
INSERT
  5
455
330
17
100
AcDbEntity
  8
V-VEG-TREE
100
AcDbBlockReference
  2
VEG-TREE-DECID
 10
-6483.141
 20
5654695.805
 30
0.0
 41
0.5
 42
0.5
  0
CIRCLE
  5
457
330
17
100
AcDbEntity
  8
V-VEG-CANOPY
100
AcDbCircle
 10
-6483.141
 20
5654695.805
 30
0.0
 40
3.0
  0
INSERT
  5
458
330
17
100
AcDbEntity
  8
V-VEG-TREE
100
AcDbBlockReference
  2
VEG-TREE-DECID
 10
-6481.23
 20
5654752.088
 30
0.0
 41
0.5
 42
0.5
  0
CIRCLE
  5
45A
330
17
100
AcDbEntity
  8
V-VEG-CANOPY
100
AcDbCircle
 10
-6481.23
 20
5654752.088
 30
0.0
 40
1.5
  0
INSERT
  5
45B
330
17
100
AcDbEntity
  8
V-VEG-TREE
100
AcDbBlockReference
  2
VEG-TREE-DECID
 10
-6456.986
 20
5654651.993
 30
0.0
 41
0.5
 42
0.5
  0
CIRCLE
  5
45D
330
17
100
AcDbEntity
  8
V-VEG-CANOPY
100
AcDbCircle
 10
-6456.986
 20
5654651.993
 30
0.0
 40
2.5
  0
INSERT
  5
45E
330
17
100
AcDbEntity
  8
V-VEG-TREE
100
AcDbBlockReference
  2
VEG-TREE-DECID
 10
-6398.827
 20
5654708.695
 30
0.0
 41
0.5
 42
0.5
  0
CIRCLE
  5
460
330
17
100
AcDbEntity
  8
V-VEG-CANOPY
100
AcDbCircle
 10
-6398.827
 20
5654708.695
 30
0.0
 40
8.0
  0
INSERT
  5
461
330
17
100
AcDbEntity
  8
V-VEG-TREE
100
AcDbBlockReference
  2
VEG-TREE-CONIF
 10
-6489.367
 20
5654695.482
 30
0.0
 41
0.5
 42
0.5
  0
CIRCLE
  5
463
330
17
100
AcDbEntity
  8
V-VEG-CANOPY
100
AcDbCircle
 10
-6489.367
 20
5654695.482
 30
0.0
 40
3.5
  0
INSERT
  5
464
330
17
100
AcDbEntity
  8
V-VEG-TREE
100
AcDbBlockReference
  2
VEG-TREE-DECID
 10
-6414.408
 20
5654755.394
 30
0.0
 41
0.5
 42
0.5
  0
CIRCLE
  5
466
330
17
100
AcDbEntity
  8
V-VEG-CANOPY
100
AcDbCircle
 10
-6414.408
 20
5654755.394
 30
0.0
 40
4.5
  0
INSERT
  5
467
330
17
100
AcDbEntity
  8
V-VEG-TREE
100
AcDbBlockReference
  2
VEG-TREE-DECID
 10
-6399.193
 20
5654635.802
 30
0.0
 41
0.5
 42
0.5
  0
CIRCLE
  5
469
330
17
100
AcDbEntity
  8
V-VEG-CANOPY
100
AcDbCircle
 10
-6399.193
 20
5654635.802
 30
0.0
 40
3.0
  0
INSERT
  5
46A
330
17
100
AcDbEntity
  8
V-VEG-TREE
100
AcDbBlockReference
  2
VEG-TREE-DECID
 10
-6485.815
 20
5654782.801
 30
0.0
 41
0.5
 42
0.5
  0
CIRCLE
  5
46C
330
17
100
AcDbEntity
  8
V-VEG-CANOPY
100
AcDbCircle
 10
-6485.815
 20
5654782.801
 30
0.0
 40
3.0
  0
INSERT
  5
46D
330
17
100
AcDbEntity
  8
V-VEG-TREE
100
AcDbBlockReference
  2
VEG-TREE-DECID
 10
-6484.006
 20
5654724.958
 30
0.0
 41
0.5
 42
0.5
  0
CIRCLE
  5
46F
330
17
100
AcDbEntity
  8
V-VEG-CANOPY
100
AcDbCircle
 10
-6484.006
 20
5654724.958
 30
0.0
 40
2.5
  0
INSERT
  5
470
330
17
100
AcDbEntity
  8
V-VEG-TREE
100
AcDbBlockReference
  2
VEG-TREE-DECID
 10
-6475.558
 20
5654641.262
 30
0.0
 41
0.5
 42
0.5
  0
CIRCLE
  5
472
330
17
100
AcDbEntity
  8
V-VEG-CANOPY
100
AcDbCircle
 10
-6475.558
 20
5654641.262
 30
0.0
 40
7.0
  0
INSERT
  5
473
330
17
100
AcDbEntity
  8
V-VEG-TREE
100
AcDbBlockReference
  2
VEG-TREE-DECID
 10
-6426.704
 20
5654744.47
 30
0.0
 41
0.5
 42
0.5
  0
CIRCLE
  5
475
330
17
100
AcDbEntity
  8
V-VEG-CANOPY
100
AcDbCircle
 10
-6426.704
 20
5654744.47
 30
0.0
 40
1.0
  0
INSERT
  5
476
330
17
100
AcDbEntity
  8
V-VEG-TREE
100
AcDbBlockReference
  2
VEG-TREE-DECID
 10
-6466.246
 20
5654628.799
 30
0.0
 41
0.5
 42
0.5
  0
CIRCLE
  5
478
330
17
100
AcDbEntity
  8
V-VEG-CANOPY
100
AcDbCircle
 10
-6466.246
 20
5654628.799
 30
0.0
 40
5.0
  0
INSERT
  5
479
330
17
100
AcDbEntity
  8
V-VEG-TREE
100
AcDbBlockReference
  2
VEG-TREE-DECID
 10
-6443.815
 20
5654738.241
 30
0.0
 41
0.5
 42
0.5
  0
CIRCLE
  5
47B
330
17
100
AcDbEntity
  8
V-VEG-CANOPY
100
AcDbCircle
 10
-6443.815
 20
5654738.241
 30
0.0
 40
3.5
  0
INSERT
  5
47C
330
17
100
AcDbEntity
  8
V-VEG-TREE
100
AcDbBlockReference
  2
VEG-TREE-DECID
 10
-6402.927
 20
5654677.756
 30
0.0
 41
0.5
 42
0.5
  0
CIRCLE
  5
47E
330
17
100
AcDbEntity
  8
V-VEG-CANOPY
100
AcDbCircle
 10
-6402.927
 20
5654677.756
 30
0.0
 40
5.0
  0
INSERT
  5
47F
330
17
100
AcDbEntity
  8
V-VEG-TREE
100
AcDbBlockReference
  2
VEG-TREE-DECID
 10
-6478.46
 20
5654753.393
 30
0.0
 41
0.5
 42
0.5
  0
CIRCLE
  5
481
330
17
100
AcDbEntity
  8
V-VEG-CANOPY
100
AcDbCircle
 10
-6478.46
 20
5654753.393
 30
0.0
 40
2.5
  0
INSERT
  5
482
330
17
100
AcDbEntity
  8
V-VEG-TREE
100
AcDbBlockReference
  2
VEG-TREE-DECID
 10
-6431.386
 20
5654674.977
 30
0.0
 41
0.5
 42
0.5
  0
CIRCLE
  5
484
330
17
100
AcDbEntity
  8
V-VEG-CANOPY
100
AcDbCircle
 10
-6431.386
 20
5654674.977
 30
0.0
 40
3.5
  0
INSERT
  5
485
330
17
100
AcDbEntity
  8
V-VEG-TREE
100
AcDbBlockReference
  2
VEG-TREE-DECID
 10
-6450.703
 20
5654734.137
 30
0.0
 41
0.5
 42
0.5
  0
CIRCLE
  5
487
330
17
100
AcDbEntity
  8
V-VEG-CANOPY
100
AcDbCircle
 10
-6450.703
 20
5654734.137
 30
0.0
 40
5.0
  0
INSERT
  5
488
330
17
100
AcDbEntity
  8
V-VEG-TREE
100
AcDbBlockReference
  2
VEG-TREE-DECID
 10
-6437.206
 20
5654661.446
 30
0.0
 41
0.5
 42
0.5
  0
CIRCLE
  5
48A
330
17
100
AcDbEntity
  8
V-VEG-CANOPY
100
AcDbCircle
 10
-6437.206
 20
5654661.446
 30
0.0
 40
2.5
  0
INSERT
  5
48B
330
17
100
AcDbEntity
  8
V-VEG-TREE
100
AcDbBlockReference
  2
VEG-TREE-DECID
 10
-6495.687
 20
5654648.538
 30
0.0
 41
0.5
 42
0.5
  0
CIRCLE
  5
48D
330
17
100
AcDbEntity
  8
V-VEG-CANOPY
100
AcDbCircle
 10
-6495.687
 20
5654648.538
 30
0.0
 40
3.5
  0
INSERT
  5
48E
330
17
100
AcDbEntity
  8
V-VEG-TREE
100
AcDbBlockReference
  2
VEG-TREE-DECID
 10
-6387.295
 20
5654742.656
 30
0.0
 41
0.5
 42
0.5
  0
CIRCLE
  5
490
330
17
100
AcDbEntity
  8
V-VEG-CANOPY
100
AcDbCircle
 10
-6387.295
 20
5654742.656
 30
0.0
 40
4.0
  0
INSERT
  5
491
330
17
100
AcDbEntity
  8
V-VEG-TREE
100
AcDbBlockReference
  2
VEG-TREE-DECID
 10
-6394.128
 20
5654728.68
 30
0.0
 41
0.5
 42
0.5
  0
CIRCLE
  5
493
330
17
100
AcDbEntity
  8
V-VEG-CANOPY
100
AcDbCircle
 10
-6394.128
 20
5654728.68
 30
0.0
 40
3.5
  0
INSERT
  5
494
330
17
100
AcDbEntity
  8
V-VEG-TREE
100
AcDbBlockReference
  2
VEG-TREE-DECID
 10
-6412.22
 20
5654728.071
 30
0.0
 41
0.5
 42
0.5
  0
CIRCLE
  5
496
330
17
100
AcDbEntity
  8
V-VEG-CANOPY
100
AcDbCircle
 10
-6412.22
 20
5654728.071
 30
0.0
 40
2.5
  0
INSERT
  5
497
330
17
100
AcDbEntity
  8
V-VEG-TREE
100
AcDbBlockReference
  2
VEG-TREE-DECID
 10
-6444.514
 20
5654648.676
 30
0.0
 41
0.5
 42
0.5
  0
CIRCLE
  5
499
330
17
100
AcDbEntity
  8
V-VEG-CANOPY
100
AcDbCircle
 10
-6444.514
 20
5654648.676
 30
0.0
 40
5.5
  0
INSERT
  5
49A
330
17
100
AcDbEntity
  8
V-VEG-TREE
100
AcDbBlockReference
  2
VEG-TREE-DECID
 10
-6395.016
 20
5654724.845
 30
0.0
 41
0.5
 42
0.5
  0
CIRCLE
  5
49C
330
17
100
AcDbEntity
  8
V-VEG-CANOPY
100
AcDbCircle
 10
-6395.016
 20
5654724.845
 30
0.0
 40
3.5
  0
INSERT
  5
49D
330
17
100
AcDbEntity
  8
V-VEG-TREE
100
AcDbBlockReference
  2
VEG-TREE-DECID
 10
-6393.071
 20
5654731.903
 30
0.0
 41
0.5
 42
0.5
  0
CIRCLE
  5
49F
330
17
100
AcDbEntity
  8
V-VEG-CANOPY
100
AcDbCircle
 10
-6393.071
 20
5654731.903
 30
0.0
 40
3.5
  0
INSERT
  5
4A0
330
17
100
AcDbEntity
  8
V-VEG-TREE
100
AcDbBlockReference
  2
VEG-TREE-DECID
 10
-6461.351
 20
5654613.869
 30
0.0
 41
0.5
 42
0.5
  0
CIRCLE
  5
4A2
330
17
100
AcDbEntity
  8
V-VEG-CANOPY
100
AcDbCircle
 10
-6461.351
 20
5654613.869
 30
0.0
 40
6.0
  0
INSERT
  5
4A3
330
17
100
AcDbEntity
  8
V-VEG-TREE
100
AcDbBlockReference
  2
VEG-TREE-DECID
 10
-6430.347
 20
5654741.741
 30
0.0
 41
0.5
 42
0.5
  0
CIRCLE
  5
4A5
330
17
100
AcDbEntity
  8
V-VEG-CANOPY
100
AcDbCircle
 10
-6430.347
 20
5654741.741
 30
0.0
 40
4.0
  0
INSERT
  5
4A6
330
17
100
AcDbEntity
  8
V-VEG-TREE
100
AcDbBlockReference
  2
VEG-TREE-DECID
 10
-6447.278
 20
5654737.753
 30
0.0
 41
0.5
 42
0.5
  0
CIRCLE
  5
4A8
330
17
100
AcDbEntity
  8
V-VEG-CANOPY
100
AcDbCircle
 10
-6447.278
 20
5654737.753
 30
0.0
 40
3.0
  0
INSERT
  5
4A9
330
17
100
AcDbEntity
  8
V-VEG-TREE
100
AcDbBlockReference
  2
VEG-TREE-DECID
 10
-6464.549
 20
5654682.14
 30
0.0
 41
0.5
 42
0.5
  0
CIRCLE
  5
4AB
330
17
100
AcDbEntity
  8
V-VEG-CANOPY
100
AcDbCircle
 10
-6464.549
 20
5654682.14
 30
0.0
 40
1.0
  0
INSERT
  5
4AC
330
17
100
AcDbEntity
  8
V-VEG-TREE
100
AcDbBlockReference
  2
VEG-TREE-CONIF
 10
-6479.479
 20
5654670.409
 30
0.0
 41
0.5
 42
0.5
  0
CIRCLE
  5
4AE
330
17
100
AcDbEntity
  8
V-VEG-CANOPY
100
AcDbCircle
 10
-6479.479
 20
5654670.409
 30
0.0
 40
5.5
  0
INSERT
  5
4AF
330
17
100
AcDbEntity
  8
V-VEG-TREE
100
AcDbBlockReference
  2
VEG-TREE-DECID
 10
-6403.381
 20
5654669.148
 30
0.0
 41
0.5
 42
0.5
  0
CIRCLE
  5
4B1
330
17
100
AcDbEntity
  8
V-VEG-CANOPY
100
AcDbCircle
 10
-6403.381
 20
5654669.148
 30
0.0
 40
3.5
  0
INSERT
  5
4B2
330
17
100
AcDbEntity
  8
V-VEG-TREE
100
AcDbBlockReference
  2
VEG-TREE-CONIF
 10
-6482.687
 20
5654706.527
 30
0.0
 41
0.5
 42
0.5
  0
CIRCLE
  5
4B4
330
17
100
AcDbEntity
  8
V-VEG-CANOPY
100
AcDbCircle
 10
-6482.687
 20
5654706.527
 30
0.0
 40
2.0
  0
INSERT
  5
4B5
330
17
100
AcDbEntity
  8
V-VEG-TREE
100
AcDbBlockReference
  2
VEG-TREE-DECID
 10
-6425.582
 20
5654628.082
 30
0.0
 41
0.5
 42
0.5
  0
CIRCLE
  5
4B7
330
17
100
AcDbEntity
  8
V-VEG-CANOPY
100
AcDbCircle
 10
-6425.582
 20
5654628.082
 30
0.0
 40
8.0
  0
INSERT
  5
4B8
330
17
100
AcDbEntity
  8
V-VEG-TREE
100
AcDbBlockReference
  2
VEG-TREE-DECID
 10
-6466.599
 20
5654675.31
 30
0.0
 41
0.5
 42
0.5
  0
CIRCLE
  5
4BA
330
17
100
AcDbEntity
  8
V-VEG-CANOPY
100
AcDbCircle
 10
-6466.599
 20
5654675.31
 30
0.0
 40
4.5
  0
INSERT
  5
4BB
330
17
100
AcDbEntity
  8
V-VEG-TREE
100
AcDbBlockReference
  2
VEG-TREE-DECID
 10
-6483.985
 20
5654686.913
 30
0.0
 41
0.5
 42
0.5
  0
CIRCLE
  5
4BD
330
17
100
AcDbEntity
  8
V-VEG-CANOPY
100
AcDbCircle
 10
-6483.985
 20
5654686.913
 30
0.0
 40
1.0
  0
INSERT
  5
4BE
330
17
100
AcDbEntity
  8
V-VEG-TREE
100
AcDbBlockReference
  2
VEG-TREE-DECID
 10
-6410.035
 20
5654753.771
 30
0.0
 41
0.5
 42
0.5
  0
CIRCLE
  5
4C0
330
17
100
AcDbEntity
  8
V-VEG-CANOPY
100
AcDbCircle
 10
-6410.035
 20
5654753.771
 30
0.0
 40
4.0
  0
INSERT
  5
4C1
330
17
100
AcDbEntity
  8
V-VEG-TREE
100
AcDbBlockReference
  2
VEG-TREE-DECID
 10
-6424.887
 20
5654743.651
 30
0.0
 41
0.5
 42
0.5
  0
CIRCLE
  5
4C3
330
17
100
AcDbEntity
  8
V-VEG-CANOPY
100
AcDbCircle
 10
-6424.887
 20
5654743.651
 30
0.0
 40
1.0
  0
INSERT
  5
4C4
330
17
100
AcDbEntity
  8
V-VEG-TREE
100
AcDbBlockReference
  2
VEG-TREE-DECID
 10
-6490.021
 20
5654616.008
 30
0.0
 41
0.5
 42
0.5
  0
CIRCLE
  5
4C6
330
17
100
AcDbEntity
  8
V-VEG-CANOPY
100
AcDbCircle
 10
-6490.021
 20
5654616.008
 30
0.0
 40
6.5
  0
INSERT
  5
4C7
330
17
100
AcDbEntity
  8
V-VEG-TREE
100
AcDbBlockReference
  2
VEG-TREE-DECID
 10
-6403.411
 20
5654672.525
 30
0.0
 41
0.5
 42
0.5
  0
CIRCLE
  5
4C9
330
17
100
AcDbEntity
  8
V-VEG-CANOPY
100
AcDbCircle
 10
-6403.411
 20
5654672.525
 30
0.0
 40
3.5
  0
INSERT
  5
4CA
330
17
100
AcDbEntity
  8
V-VEG-TREE
100
AcDbBlockReference
  2
VEG-TREE-CONIF
 10
-6475.498
 20
5654674.251
 30
0.0
 41
0.5
 42
0.5
  0
CIRCLE
  5
4CC
330
17
100
AcDbEntity
  8
V-VEG-CANOPY
100
AcDbCircle
 10
-6475.498
 20
5654674.251
 30
0.0
 40
3.0
  0
INSERT
  5
4CD
330
17
100
AcDbEntity
  8
V-VEG-TREE
100
AcDbBlockReference
  2
VEG-TREE-DECID
 10
-6434.577
 20
5654765.954
 30
0.0
 41
0.5
 42
0.5
  0
CIRCLE
  5
4CF
330
17
100
AcDbEntity
  8
V-VEG-CANOPY
100
AcDbCircle
 10
-6434.577
 20
5654765.954
 30
0.0
 40
5.5
  0
INSERT
  5
4D0
330
17
100
AcDbEntity
  8
V-VEG-TREE
100
AcDbBlockReference
  2
VEG-TREE-DECID
 10
-6482.888
 20
5654675.522
 30
0.0
 41
0.5
 42
0.5
  0
CIRCLE
  5
4D2
330
17
100
AcDbEntity
  8
V-VEG-CANOPY
100
AcDbCircle
 10
-6482.888
 20
5654675.522
 30
0.0
 40
3.0
  0
INSERT
  5
4D3
330
17
100
AcDbEntity
  8
V-VEG-TREE
100
AcDbBlockReference
  2
VEG-TREE-DECID
 10
-6425.801
 20
5654744.193
 30
0.0
 41
0.5
 42
0.5
  0
CIRCLE
  5
4D5
330
17
100
AcDbEntity
  8
V-VEG-CANOPY
100
AcDbCircle
 10
-6425.801
 20
5654744.193
 30
0.0
 40
1.0
  0
INSERT
  5
4D6
330
17
100
AcDbEntity
  8
V-VEG-TREE
100
AcDbBlockReference
  2
VEG-TREE-DECID
 10
-6444.718
 20
5654741.798
 30
0.0
 41
0.5
 42
0.5
  0
CIRCLE
  5
4D8
330
17
100
AcDbEntity
  8
V-VEG-CANOPY
100
AcDbCircle
 10
-6444.718
 20
5654741.798
 30
0.0
 40
3.5
  0
INSERT
  5
4D9
330
17
100
AcDbEntity
  8
V-VEG-TREE
100
AcDbBlockReference
  2
VEG-TREE-DECID
 10
-6396.576
 20
5654756.336
 30
0.0
 41
0.5
 42
0.5
  0
CIRCLE
  5
4DB
330
17
100
AcDbEntity
  8
V-VEG-CANOPY
100
AcDbCircle
 10
-6396.576
 20
5654756.336
 30
0.0
 40
3.5
  0
INSERT
  5
4DC
330
17
100
AcDbEntity
  8
V-VEG-TREE
100
AcDbBlockReference
  2
VEG-TREE-DECID
 10
-6426.832
 20
5654673.655
 30
0.0
 41
0.5
 42
0.5
  0
CIRCLE
  5
4DE
330
17
100
AcDbEntity
  8
V-VEG-CANOPY
100
AcDbCircle
 10
-6426.832
 20
5654673.655
 30
0.0
 40
1.5
  0
INSERT
  5
4DF
330
17
100
AcDbEntity
  8
V-VEG-TREE
100
AcDbBlockReference
  2
VEG-TREE-DECID
 10
-6467.418
 20
5654778.583
 30
0.0
 41
0.5
 42
0.5
  0
CIRCLE
  5
4E1
330
17
100
AcDbEntity
  8
V-VEG-CANOPY
100
AcDbCircle
 10
-6467.418
 20
5654778.583
 30
0.0
 40
4.5
  0
INSERT
  5
4E2
330
17
100
AcDbEntity
  8
V-VEG-TREE
100
AcDbBlockReference
  2
VEG-TREE-DECID
 10
-6481.182
 20
5654685.999
 30
0.0
 41
0.5
 42
0.5
  0
CIRCLE
  5
4E4
330
17
100
AcDbEntity
  8
V-VEG-CANOPY
100
AcDbCircle
 10
-6481.182
 20
5654685.999
 30
0.0
 40
1.0
  0
INSERT
  5
4E5
330
17
100
AcDbEntity
  8
V-VEG-TREE
100
AcDbBlockReference
  2
VEG-TREE-DECID
 10
-6479.984
 20
5654683.059
 30
0.0
 41
0.5
 42
0.5
  0
CIRCLE
  5
4E7
330
17
100
AcDbEntity
  8
V-VEG-CANOPY
100
AcDbCircle
 10
-6479.984
 20
5654683.059
 30
0.0
 40
1.0
  0
INSERT
  5
4E8
330
17
100
AcDbEntity
  8
V-VEG-TREE
100
AcDbBlockReference
  2
VEG-TREE-DECID
 10
-6398.425
 20
5654631.805
 30
0.0
 41
0.5
 42
0.5
  0
CIRCLE
  5
4EA
330
17
100
AcDbEntity
  8
V-VEG-CANOPY
100
AcDbCircle
 10
-6398.425
 20
5654631.805
 30
0.0
 40
4.0
  0
INSERT
  5
4EB
330
17
100
AcDbEntity
  8
V-VEG-TREE
100
AcDbBlockReference
  2
VEG-TREE-DECID
 10
-6402.321
 20
5654657.197
 30
0.0
 41
0.5
 42
0.5
  0
CIRCLE
  5
4ED
330
17
100
AcDbEntity
  8
V-VEG-CANOPY
100
AcDbCircle
 10
-6402.321
 20
5654657.197
 30
0.0
 40
2.5
  0
INSERT
  5
4EE
330
17
100
AcDbEntity
  8
V-VEG-TREE
100
AcDbBlockReference
  2
VEG-TREE-DECID
 10
-6454.792
 20
5654652.625
 30
0.0
 41
0.5
 42
0.5
  0
CIRCLE
  5
4F0
330
17
100
AcDbEntity
  8
V-VEG-CANOPY
100
AcDbCircle
 10
-6454.792
 20
5654652.625
 30
0.0
 40
2.5
  0
INSERT
  5
4F1
330
17
100
AcDbEntity
  8
V-VEG-TREE
100
AcDbBlockReference
  2
VEG-TREE-DECID
 10
-6394.93
 20
5654759.216
 30
0.0
 41
0.5
 42
0.5
  0
CIRCLE
  5
4F3
330
17
100
AcDbEntity
  8
V-VEG-CANOPY
100
AcDbCircle
 10
-6394.93
 20
5654759.216
 30
0.0
 40
3.5
  0
INSERT
  5
4F4
330
17
100
AcDbEntity
  8
V-VEG-TREE
100
AcDbBlockReference
  2
VEG-TREE-DECID
 10
-6400.47
 20
5654700.199
 30
0.0
 41
0.5
 42
0.5
  0
CIRCLE
  5
4F6
330
17
100
AcDbEntity
  8
V-VEG-CANOPY
100
AcDbCircle
 10
-6400.47
 20
5654700.199
 30
0.0
 40
5.0
  0
INSERT
  5
4F7
330
17
100
AcDbEntity
  8
V-VEG-TREE
100
AcDbBlockReference
  2
VEG-TREE-DECID
 10
-6402.666
 20
5654682.604
 30
0.0
 41
0.5
 42
0.5
  0
CIRCLE
  5
4F9
330
17
100
AcDbEntity
  8
V-VEG-CANOPY
100
AcDbCircle
 10
-6402.666
 20
5654682.604
 30
0.0
 40
3.5
  0
INSERT
  5
4FA
330
17
100
AcDbEntity
  8
V-VEG-TREE
100
AcDbBlockReference
  2
VEG-TREE-DECID
 10
-6429.066
 20
5654724.269
 30
0.0
 41
0.5
 42
0.5
  0
CIRCLE
  5
4FC
330
17
100
AcDbEntity
  8
V-VEG-CANOPY
100
AcDbCircle
 10
-6429.066
 20
5654724.269
 30
0.0
 40
5.0
  0
INSERT
  5
4FD
330
17
100
AcDbEntity
  8
V-VEG-TREE
100
AcDbBlockReference
  2
VEG-TREE-CONIF
 10
-6442.772
 20
5654709.145
 30
0.0
 41
0.5
 42
0.5
  0
CIRCLE
  5
4FF
330
17
100
AcDbEntity
  8
V-VEG-CANOPY
100
AcDbCircle
 10
-6442.772
 20
5654709.145
 30
0.0
 40
4.0
  0
INSERT
  5
500
330
17
100
AcDbEntity
  8
V-VEG-TREE
100
AcDbBlockReference
  2
VEG-TREE-DECID
 10
-6435.267
 20
5654722.409
 30
0.0
 41
0.5
 42
0.5
  0
CIRCLE
  5
502
330
17
100
AcDbEntity
  8
V-VEG-CANOPY
100
AcDbCircle
 10
-6435.267
 20
5654722.409
 30
0.0
 40
2.5
  0
INSERT
  5
503
330
17
100
AcDbEntity
  8
V-VEG-TREE
100
AcDbBlockReference
  2
VEG-TREE-CONIF
 10
-6464.997
 20
5654665.542
 30
0.0
 41
0.5
 42
0.5
  0
CIRCLE
  5
505
330
17
100
AcDbEntity
  8
V-VEG-CANOPY
100
AcDbCircle
 10
-6464.997
 20
5654665.542
 30
0.0
 40
1.5
  0
INSERT
  5
506
330
17
100
AcDbEntity
  8
V-VEG-TREE
100
AcDbBlockReference
  2
VEG-TREE-CONIF
 10
-6463.997
 20
5654661.076
 30
0.0
 41
0.5
 42
0.5
  0
CIRCLE
  5
508
330
17
100
AcDbEntity
  8
V-VEG-CANOPY
100
AcDbCircle
 10
-6463.997
 20
5654661.076
 30
0.0
 40
4.0
  0
INSERT
  5
509
330
17
100
AcDbEntity
  8
V-VEG-TREE
100
AcDbBlockReference
  2
VEG-TREE-CONIF
 10
-6417.903
 20
5654705.995
 30
0.0
 41
0.5
 42
0.5
  0
CIRCLE
  5
50B
330
17
100
AcDbEntity
  8
V-VEG-CANOPY
100
AcDbCircle
 10
-6417.903
 20
5654705.995
 30
0.0
 40
5.0
  0
INSERT
  5
50C
330
17
100
AcDbEntity
  8
V-VEG-TREE
100
AcDbBlockReference
  2
VEG-TREE-DECID
 10
-6402.13
 20
5654752.399
 30
0.0
 41
0.5
 42
0.5
  0
CIRCLE
  5
50E
330
17
100
AcDbEntity
  8
V-VEG-CANOPY
100
AcDbCircle
 10
-6402.13
 20
5654752.399
 30
0.0
 40
4.0
  0
INSERT
  5
50F
330
17
100
AcDbEntity
  8
V-VEG-TREE
100
AcDbBlockReference
  2
VEG-TREE-DECID
 10
-6455.457
 20
5654646.731
 30
0.0
 41
0.5
 42
0.5
  0
CIRCLE
  5
511
330
17
100
AcDbEntity
  8
V-VEG-CANOPY
100
AcDbCircle
 10
-6455.457
 20
5654646.731
 30
0.0
 40
5.5
  0
INSERT
  5
512
330
17
100
AcDbEntity
  8
V-VEG-TREE
100
AcDbBlockReference
  2
VEG-TREE-DECID
 10
-6436.281
 20
5654649.212
 30
0.0
 41
0.5
 42
0.5
  0
CIRCLE
  5
514
330
17
100
AcDbEntity
  8
V-VEG-CANOPY
100
AcDbCircle
 10
-6436.281
 20
5654649.212
 30
0.0
 40
4.0
  0
INSERT
  5
515
330
17
100
AcDbEntity
  8
V-VEG-TREE
100
AcDbBlockReference
  2
VEG-TREE-DECID
 10
-6429.495
 20
5654679.693
 30
0.0
 41
0.5
 42
0.5
  0
CIRCLE
  5
517
330
17
100
AcDbEntity
  8
V-VEG-CANOPY
100
AcDbCircle
 10
-6429.495
 20
5654679.693
 30
0.0
 40
5.0
  0
INSERT
  5
518
330
17
100
AcDbEntity
  8
V-VEG-TREE
100
AcDbBlockReference
  2
VEG-TREE-DECID
 10
-6495.849
 20
5654690.263
 30
0.0
 41
0.5
 42
0.5
  0
CIRCLE
  5
51A
330
17
100
AcDbEntity
  8
V-VEG-CANOPY
100
AcDbCircle
 10
-6495.849
 20
5654690.263
 30
0.0
 40
3.0
  0
INSERT
  5
51B
330
17
100
AcDbEntity
  8
V-VEG-TREE
100
AcDbBlockReference
  2
VEG-TREE-DECID
 10
-6419.326
 20
5654757.101
 30
0.0
 41
0.5
 42
0.5
  0
CIRCLE
  5
51D
330
17
100
AcDbEntity
  8
V-VEG-CANOPY
100
AcDbCircle
 10
-6419.326
 20
5654757.101
 30
0.0
 40
4.0
  0
INSERT
  5
51E
330
17
100
AcDbEntity
  8
V-VEG-TREE
100
AcDbBlockReference
  2
VEG-TREE-DECID
 10
-6423.89
 20
5654743.089
 30
0.0
 41
0.5
 42
0.5
  0
CIRCLE
  5
520
330
17
100
AcDbEntity
  8
V-VEG-CANOPY
100
AcDbCircle
 10
-6423.89
 20
5654743.089
 30
0.0
 40
1.0
  0
INSERT
  5
521
330
17
100
AcDbEntity
  8
V-VEG-TREE
100
AcDbBlockReference
  2
VEG-TREE-CONIF
 10
-6519.115
 20
5654651.17
 30
0.0
 41
0.5
 42
0.5
  0
CIRCLE
  5
523
330
17
100
AcDbEntity
  8
V-VEG-CANOPY
100
AcDbCircle
 10
-6519.115
 20
5654651.17
 30
0.0
 40
2.0
  0
INSERT
  5
524
330
17
100
AcDbEntity
  8
V-VEG-TREE
100
AcDbBlockReference
  2
VEG-TREE-DECID
 10
-6496.77
 20
5654655.017
 30
0.0
 41
0.5
 42
0.5
  0
CIRCLE
  5
526
330
17
100
AcDbEntity
  8
V-VEG-CANOPY
100
AcDbCircle
 10
-6496.77
 20
5654655.017
 30
0.0
 40
3.5
  0
INSERT
  5
527
330
17
100
AcDbEntity
  8
V-VEG-TREE
100
AcDbBlockReference
  2
VEG-TREE-CONIF
 10
-6500.281
 20
5654788.131
 30
0.0
 41
0.5
 42
0.5
  0
CIRCLE
  5
529
330
17
100
AcDbEntity
  8
V-VEG-CANOPY
100
AcDbCircle
 10
-6500.281
 20
5654788.131
 30
0.0
 40
5.0
  0
INSERT
  5
52A
330
17
100
AcDbEntity
  8
V-VEG-TREE
100
AcDbBlockReference
  2
VEG-TREE-DECID
 10
-6503.986
 20
5654784.997
 30
0.0
 41
0.5
 42
0.5
  0
CIRCLE
  5
52C
330
17
100
AcDbEntity
  8
V-VEG-CANOPY
100
AcDbCircle
 10
-6503.986
 20
5654784.997
 30
0.0
 40
5.0
  0
INSERT
  5
52D
330
17
100
AcDbEntity
  8
V-VEG-TREE
100
AcDbBlockReference
  2
VEG-TREE-DECID
 10
-6497.657
 20
5654731.615
 30
0.0
 41
0.5
 42
0.5
  0
CIRCLE
  5
52F
330
17
100
AcDbEntity
  8
V-VEG-CANOPY
100
AcDbCircle
 10
-6497.657
 20
5654731.615
 30
0.0
 40
3.0
  0
INSERT
  5
530
330
17
100
AcDbEntity
  8
V-VEG-TREE
100
AcDbBlockReference
  2
VEG-TREE-CONIF
 10
-6504.647
 20
5654664.95
 30
0.0
 41
0.5
 42
0.5
  0
CIRCLE
  5
532
330
17
100
AcDbEntity
  8
V-VEG-CANOPY
100
AcDbCircle
 10
-6504.647
 20
5654664.95
 30
0.0
 40
4.5
  0
INSERT
  5
533
330
17
100
AcDbEntity
  8
V-VEG-TREE
100
AcDbBlockReference
  2
VEG-TREE-DECID
 10
-6504.679
 20
5654722.052
 30
0.0
 41
0.5
 42
0.5
  0
CIRCLE
  5
535
330
17
100
AcDbEntity
  8
V-VEG-CANOPY
100
AcDbCircle
 10
-6504.679
 20
5654722.052
 30
0.0
 40
3.0
  0
INSERT
  5
536
330
17
100
AcDbEntity
  8
V-VEG-TREE
100
AcDbBlockReference
  2
VEG-TREE-DECID
 10
-6501.845
 20
5654753.398
 30
0.0
 41
0.5
 42
0.5
  0
CIRCLE
  5
538
330
17
100
AcDbEntity
  8
V-VEG-CANOPY
100
AcDbCircle
 10
-6501.845
 20
5654753.398
 30
0.0
 40
4.0
  0
INSERT
  5
539
330
17
100
AcDbEntity
  8
V-VEG-TREE
100
AcDbBlockReference
  2
VEG-TREE-CONIF
 10
-6496.877
 20
5654693.617
 30
0.0
 41
0.5
 42
0.5
  0
CIRCLE
  5
53B
330
17
100
AcDbEntity
  8
V-VEG-CANOPY
100
AcDbCircle
 10
-6496.877
 20
5654693.617
 30
0.0
 40
2.0
  0
INSERT
  5
53C
330
17
100
AcDbEntity
  8
V-VEG-TREE
100
AcDbBlockReference
  2
VEG-TREE-CONIF
 10
-6501.742
 20
5654770.125
 30
0.0
 41
0.5
 42
0.5
  0
CIRCLE
  5
53E
330
17
100
AcDbEntity
  8
V-VEG-CANOPY
100
AcDbCircle
 10
-6501.742
 20
5654770.125
 30
0.0
 40
1.0
  0
INSERT
  5
53F
330
17
100
AcDbEntity
  8
V-VEG-TREE
100
AcDbBlockReference
  2
VEG-TREE-DECID
 10
-6519.279
 20
5654785.606
 30
0.0
 41
0.5
 42
0.5
  0
CIRCLE
  5
541
330
17
100
AcDbEntity
  8
V-VEG-CANOPY
100
AcDbCircle
 10
-6519.279
 20
5654785.606
 30
0.0
 40
5.0
  0
INSERT
  5
542
330
17
100
AcDbEntity
  8
V-VEG-TREE
100
AcDbBlockReference
  2
VEG-TREE-CONIF
 10
-6500.196
 20
5654757.263
 30
0.0
 41
0.5
 42
0.5
  0
CIRCLE
  5
544
330
17
100
AcDbEntity
  8
V-VEG-CANOPY
100
AcDbCircle
 10
-6500.196
 20
5654757.263
 30
0.0
 40
4.0
  0
INSERT
  5
545
330
17
100
AcDbEntity
  8
V-VEG-TREE
100
AcDbBlockReference
  2
VEG-TREE-CONIF
 10
-6511.618
 20
5654692.729
 30
0.0
 41
0.5
 42
0.5
  0
CIRCLE
  5
547
330
17
100
AcDbEntity
  8
V-VEG-CANOPY
100
AcDbCircle
 10
-6511.618
 20
5654692.729
 30
0.0
 40
1.5
  0
INSERT
  5
548
330
17
100
AcDbEntity
  8
V-VEG-TREE
100
AcDbBlockReference
  2
VEG-TREE-DECID
 10
-6541.261
 20
5654693.57
 30
0.0
 41
0.5
 42
0.5
  0
CIRCLE
  5
54A
330
17
100
AcDbEntity
  8
V-VEG-CANOPY
100
AcDbCircle
 10
-6541.261
 20
5654693.57
 30
0.0
 40
3.0
  0
INSERT
  5
54B
330
17
100
AcDbEntity
  8
V-VEG-TREE
100
AcDbBlockReference
  2
VEG-TREE-DECID
 10
-6546.202
 20
5654713.856
 30
0.0
 41
0.5
 42
0.5
  0
CIRCLE
  5
54D
330
17
100
AcDbEntity
  8
V-VEG-CANOPY
100
AcDbCircle
 10
-6546.202
 20
5654713.856
 30
0.0
 40
3.5
  0
INSERT
  5
54E
330
17
100
AcDbEntity
  8
V-VEG-TREE
100
AcDbBlockReference
  2
VEG-TREE-DECID
 10
-6503.479
 20
5654716.654
 30
0.0
 41
0.5
 42
0.5
  0
CIRCLE
  5
550
330
17
100
AcDbEntity
  8
V-VEG-CANOPY
100
AcDbCircle
 10
-6503.479
 20
5654716.654
 30
0.0
 40
3.0
  0
INSERT
  5
551
330
17
100
AcDbEntity
  8
V-VEG-TREE
100
AcDbBlockReference
  2
VEG-TREE-DECID
 10
-6500.653
 20
5654721.274
 30
0.0
 41
0.5
 42
0.5
  0
CIRCLE
  5
553
330
17
100
AcDbEntity
  8
V-VEG-CANOPY
100
AcDbCircle
 10
-6500.653
 20
5654721.274
 30
0.0
 40
3.0
  0
INSERT
  5
554
330
17
100
AcDbEntity
  8
V-VEG-TREE
100
AcDbBlockReference
  2
VEG-TREE-DECID
 10
-6499.246
 20
5654707.722
 30
0.0
 41
0.5
 42
0.5
  0
CIRCLE
  5
556
330
17
100
AcDbEntity
  8
V-VEG-CANOPY
100
AcDbCircle
 10
-6499.246
 20
5654707.722
 30
0.0
 40
5.5
  0
INSERT
  5
557
330
17
100
AcDbEntity
  8
V-VEG-TREE
100
AcDbBlockReference
  2
VEG-TREE-DECID
 10
-6500.823
 20
5654718.068
 30
0.0
 41
0.5
 42
0.5
  0
CIRCLE
  5
559
330
17
100
AcDbEntity
  8
V-VEG-CANOPY
100
AcDbCircle
 10
-6500.823
 20
5654718.068
 30
0.0
 40
3.0
  0
INSERT
  5
55A
330
17
100
AcDbEntity
  8
V-VEG-TREE
100
AcDbBlockReference
  2
VEG-TREE-DECID
 10
-6517.116
 20
5654651.169
 30
0.0
 41
0.5
 42
0.5
  0
CIRCLE
  5
55C
330
17
100
AcDbEntity
  8
V-VEG-CANOPY
100
AcDbCircle
 10
-6517.116
 20
5654651.169
 30
0.0
 40
2.0
  0
INSERT
  5
55D
330
17
100
AcDbEntity
  8
V-VEG-TREE
100
AcDbBlockReference
  2
VEG-TREE-CONIF
 10
-6521.112
 20
5654651.172
 30
0.0
 41
0.5
 42
0.5
  0
CIRCLE
  5
55F
330
17
100
AcDbEntity
  8
V-VEG-CANOPY
100
AcDbCircle
 10
-6521.112
 20
5654651.172
 30
0.0
 40
2.0
  0
INSERT
  5
560
330
17
100
AcDbEntity
  8
V-VEG-TREE
100
AcDbBlockReference
  2
VEG-TREE-CONIF
 10
-6509.979
 20
5654770.919
 30
0.0
 41
0.5
 42
0.5
  0
CIRCLE
  5
562
330
17
100
AcDbEntity
  8
V-VEG-CANOPY
100
AcDbCircle
 10
-6509.979
 20
5654770.919
 30
0.0
 40
1.0
  0
INSERT
  5
563
330
17
100
AcDbEntity
  8
V-VEG-TREE
100
AcDbBlockReference
  2
VEG-TREE-CONIF
 10
-6542.661
 20
5654698.998
 30
0.0
 41
0.5
 42
0.5
  0
CIRCLE
  5
565
330
17
100
AcDbEntity
  8
V-VEG-CANOPY
100
AcDbCircle
 10
-6542.661
 20
5654698.998
 30
0.0
 40
2.0
  0
INSERT
  5
566
330
17
100
AcDbEntity
  8
V-VEG-TREE
100
AcDbBlockReference
  2
VEG-TREE-DECID
 10
-6547.802
 20
5654767.817
 30
0.0
 41
0.5
 42
0.5
  0
CIRCLE
  5
568
330
17
100
AcDbEntity
  8
V-VEG-CANOPY
100
AcDbCircle
 10
-6547.802
 20
5654767.817
 30
0.0
 40
11.5
  0
INSERT
  5
569
330
17
100
AcDbEntity
  8
V-VEG-TREE
100
AcDbBlockReference
  2
VEG-TREE-DECID
 10
-6508.028
 20
5654770.959
 30
0.0
 41
0.5
 42
0.5
  0
CIRCLE
  5
56B
330
17
100
AcDbEntity
  8
V-VEG-CANOPY
100
AcDbCircle
 10
-6508.028
 20
5654770.959
 30
0.0
 40
1.0
  0
INSERT
  5
56C
330
17
100
AcDbEntity
  8
V-VEG-TREE
100
AcDbBlockReference
  2
VEG-TREE-DECID
 10
-6548.725
 20
5654719.842
 30
0.0
 41
0.5
 42
0.5
  0
CIRCLE
  5
56E
330
17
100
AcDbEntity
  8
V-VEG-CANOPY
100
AcDbCircle
 10
-6548.725
 20
5654719.842
 30
0.0
 40
6.5
  0
INSERT
  5
56F
330
17
100
AcDbEntity
  8
V-VEG-TREE
100
AcDbBlockReference
  2
VEG-TREE-DECID
 10
-6503.11
 20
5654651.178
 30
0.0
 41
0.5
 42
0.5
  0
CIRCLE
  5
571
330
17
100
AcDbEntity
  8
V-VEG-CANOPY
100
AcDbCircle
 10
-6503.11
 20
5654651.178
 30
0.0
 40
1.0
  0
INSERT
  5
572
330
17
100
AcDbEntity
  8
V-VEG-TREE
100
AcDbBlockReference
  2
VEG-TREE-DECID
 10
-6497.779
 20
5654611.3
 30
0.0
 41
0.5
 42
0.5
  0
CIRCLE
  5
574
330
17
100
AcDbEntity
  8
V-VEG-CANOPY
100
AcDbCircle
 10
-6497.779
 20
5654611.3
 30
0.0
 40
4.5
  0
INSERT
  5
575
330
17
100
AcDbEntity
  8
V-VEG-TREE
100
AcDbBlockReference
  2
VEG-TREE-CONIF
 10
-6510.623
 20
5654694.843
 30
0.0
 41
0.5
 42
0.5
  0
CIRCLE
  5
577
330
17
100
AcDbEntity
  8
V-VEG-CANOPY
100
AcDbCircle
 10
-6510.623
 20
5654694.843
 30
0.0
 40
2.5
  0
INSERT
  5
578
330
17
100
AcDbEntity
  8
V-VEG-TREE
100
AcDbBlockReference
  2
VEG-TREE-DECID
 10
-6500.908
 20
5654654.169
 30
0.0
 41
0.5
 42
0.5
  0
CIRCLE
  5
57A
330
17
100
AcDbEntity
  8
V-VEG-CANOPY
100
AcDbCircle
 10
-6500.908
 20
5654654.169
 30
0.0
 40
2.0
  0
INSERT
  5
57B
330
17
100
AcDbEntity
  8
V-VEG-TREE
100
AcDbBlockReference
  2
VEG-TREE-DECID
 10
-6509.667
 20
5654631.324
 30
0.0
 41
0.5
 42
0.5
  0
CIRCLE
  5
57D
330
17
100
AcDbEntity
  8
V-VEG-CANOPY
100
AcDbCircle
 10
-6509.667
 20
5654631.324
 30
0.0
 40
8.0
  0
INSERT
  5
57E
330
17
100
AcDbEntity
  8
V-VEG-TREE
100
AcDbBlockReference
  2
VEG-TREE-DECID
 10
-6501.117
 20
5654651.171
 30
0.0
 41
0.5
 42
0.5
  0
CIRCLE
  5
580
330
17
100
AcDbEntity
  8
V-VEG-CANOPY
100
AcDbCircle
 10
-6501.117
 20
5654651.171
 30
0.0
 40
1.0
  0
INSERT
  5
581
330
17
100
AcDbEntity
  8
V-VEG-TREE
100
AcDbBlockReference
  2
VEG-TREE-CONIF
 10
-6506.788
 20
5654772.079
 30
0.0
 41
0.5
 42
0.5
  0
CIRCLE
  5
583
330
17
100
AcDbEntity
  8
V-VEG-CANOPY
100
AcDbCircle
 10
-6506.788
 20
5654772.079
 30
0.0
 40
1.5
  0
INSERT
  5
584
330
17
100
AcDbEntity
  8
V-VEG-TREE
100
AcDbBlockReference
  2
VEG-TREE-DECID
 10
-6523.597
 20
5654725.335
 30
0.0
 41
0.5
 42
0.5
  0
CIRCLE
  5
586
330
17
100
AcDbEntity
  8
V-VEG-CANOPY
100
AcDbCircle
 10
-6523.597
 20
5654725.335
 30
0.0
 40
5.5
  0
INSERT
  5
587
330
17
100
AcDbEntity
  8
V-VEG-TREE
100
AcDbBlockReference
  2
VEG-TREE-CONIF
 10
-6508.154
 20
5654693.963
 30
0.0
 41
0.5
 42
0.5
  0
CIRCLE
  5
589
330
17
100
AcDbEntity
  8
V-VEG-CANOPY
100
AcDbCircle
 10
-6508.154
 20
5654693.963
 30
0.0
 40
2.5
  0
INSERT
  5
58A
330
17
100
AcDbEntity
  8
V-VEG-TREE
100
AcDbBlockReference
  2
VEG-TREE-CONIF
 10
-6506.893
 20
5654691.056
 30
0.0
 41
0.5
 42
0.5
  0
CIRCLE
  5
58C
330
17
100
AcDbEntity
  8
V-VEG-CANOPY
100
AcDbCircle
 10
-6506.893
 20
5654691.056
 30
0.0
 40
2.0
  0
INSERT
  5
58D
330
17
100
AcDbEntity
  8
V-VEG-TREE
100
AcDbBlockReference
  2
VEG-TREE-DECID
 10
-6521.698
 20
5654653.445
 30
0.0
 41
0.5
 42
0.5
  0
CIRCLE
  5
58F
330
17
100
AcDbEntity
  8
V-VEG-CANOPY
100
AcDbCircle
 10
-6521.698
 20
5654653.445
 30
0.0
 40
2.5
  0
INSERT
  5
590
330
17
100
AcDbEntity
  8
V-VEG-TREE
100
AcDbBlockReference
  2
VEG-TREE-DECID
 10
-6505.867
 20
5654719.152
 30
0.0
 41
0.5
 42
0.5
  0
CIRCLE
  5
592
330
17
100
AcDbEntity
  8
V-VEG-CANOPY
100
AcDbCircle
 10
-6505.867
 20
5654719.152
 30
0.0
 40
3.0
  0
INSERT
  5
593
330
17
100
AcDbEntity
  8
V-VEG-TREE
100
AcDbBlockReference
  2
VEG-TREE-DECID
 10
-6501.943
 20
5654723.797
 30
0.0
 41
0.5
 42
0.5
  0
CIRCLE
  5
595
330
17
100
AcDbEntity
  8
V-VEG-CANOPY
100
AcDbCircle
 10
-6501.943
 20
5654723.797
 30
0.0
 40
3.0
  0
INSERT
  5
596
330
17
100
AcDbEntity
  8
V-VEG-TREE
100
AcDbBlockReference
  2
VEG-TREE-DECID
 10
-6513.031
 20
5654757.057
 30
0.0
 41
0.5
 42
0.5
  0
CIRCLE
  5
598
330
17
100
AcDbEntity
  8
V-VEG-CANOPY
100
AcDbCircle
 10
-6513.031
 20
5654757.057
 30
0.0
 40
8.5
  0
INSERT
  5
599
330
17
100
AcDbEntity
  8
V-VEG-TREE
100
AcDbBlockReference
  2
VEG-TREE-DECID
 10
-6517.297
 20
5654766.624
 30
0.0
 41
0.5
 42
0.5
  0
CIRCLE
  5
59B
330
17
100
AcDbEntity
  8
V-VEG-CANOPY
100
AcDbCircle
 10
-6517.297
 20
5654766.624
 30
0.0
 40
4.0
  0
INSERT
  5
59C
330
17
100
AcDbEntity
  8
V-VEG-TREE
100
AcDbBlockReference
  2
VEG-TREE-DECID
 10
-6497.25
 20
5654736.222
 30
0.0
 41
0.5
 42
0.5
  0
CIRCLE
  5
59E
330
17
100
AcDbEntity
  8
V-VEG-CANOPY
100
AcDbCircle
 10
-6497.25
 20
5654736.222
 30
0.0
 40
3.5
  0
INSERT
  5
59F
330
17
100
AcDbEntity
  8
V-VEG-TREE
100
AcDbBlockReference
  2
VEG-TREE-DECID
 10
-6527.42
 20
5654798.413
 30
0.0
 41
0.5
 42
0.5
  0
CIRCLE
  5
5A1
330
17
100
AcDbEntity
  8
V-VEG-CANOPY
100
AcDbCircle
 10
-6527.42
 20
5654798.413
 30
0.0
 40
3.0
  0
INSERT
  5
5A2
330
17
100
AcDbEntity
  8
V-VEG-TREE
100
AcDbBlockReference
  2
VEG-TREE-CONIF
 10
-6504.248
 20
5654771.847
 30
0.0
 41
0.5
 42
0.5
  0
CIRCLE
  5
5A4
330
17
100
AcDbEntity
  8
V-VEG-CANOPY
100
AcDbCircle
 10
-6504.248
 20
5654771.847
 30
0.0
 40
1.5
  0
INSERT
  5
5A5
330
17
100
AcDbEntity
  8
V-VEG-TREE
100
AcDbBlockReference
  2
VEG-TREE-CONIF
 10
-6520.8
 20
5654711.706
 30
0.0
 41
0.5
 42
0.5
  0
CIRCLE
  5
5A7
330
17
100
AcDbEntity
  8
V-VEG-CANOPY
100
AcDbCircle
 10
-6520.8
 20
5654711.706
 30
0.0
 40
7.5
  0
INSERT
  5
5A8
330
17
100
AcDbEntity
  8
V-VEG-TREE
100
AcDbBlockReference
  2
VEG-TREE-DECID
 10
-6525.434
 20
5654737.566
 30
0.0
 41
0.5
 42
0.5
  0
CIRCLE
  5
5AA
330
17
100
AcDbEntity
  8
V-VEG-CANOPY
100
AcDbCircle
 10
-6525.434
 20
5654737.566
 30
0.0
 40
3.5
  0
INSERT
  5
5AB
330
17
100
AcDbEntity
  8
V-VEG-TREE
100
AcDbBlockReference
  2
VEG-TREE-DECID
 10
-6506.33
 20
5654770.757
 30
0.0
 41
0.5
 42
0.5
  0
CIRCLE
  5
5AD
330
17
100
AcDbEntity
  8
V-VEG-CANOPY
100
AcDbCircle
 10
-6506.33
 20
5654770.757
 30
0.0
 40
1.0
  0
INSERT
  5
5AE
330
17
100
AcDbEntity
  8
V-VEG-TREE
100
AcDbBlockReference
  2
VEG-TREE-DECID
 10
-6546.632
 20
5654710.53
 30
0.0
 41
0.5
 42
0.5
  0
CIRCLE
  5
5B0
330
17
100
AcDbEntity
  8
V-VEG-CANOPY
100
AcDbCircle
 10
-6546.632
 20
5654710.53
 30
0.0
 40
3.5
  0
INSERT
  5
5B1
330
17
100
AcDbEntity
  8
V-VEG-TREE
100
AcDbBlockReference
  2
VEG-TREE-CONIF
 10
-6509.072
 20
5654690.78
 30
0.0
 41
0.5
 42
0.5
  0
CIRCLE
  5
5B3
330
17
100
AcDbEntity
  8
V-VEG-CANOPY
100
AcDbCircle
 10
-6509.072
 20
5654690.78
 30
0.0
 40
2.0
  0
INSERT
  5
5B4
330
17
100
AcDbEntity
  8
V-VEG-TREE
100
AcDbBlockReference
  2
VEG-TREE-DECID
 10
-6499.117
 20
5654651.163
 30
0.0
 41
0.5
 42
0.5
  0
CIRCLE
  5
5B6
330
17
100
AcDbEntity
  8
V-VEG-CANOPY
100
AcDbCircle
 10
-6499.117
 20
5654651.163
 30
0.0
 40
2.0
  0
INSERT
  5
5B7
330
17
100
AcDbEntity
  8
V-VEG-TREE
100
AcDbBlockReference
  2
VEG-TREE-DECID
 10
-6513.666
 20
5654639.318
 30
0.0
 41
0.5
 42
0.5
  0
CIRCLE
  5
5B9
330
17
100
AcDbEntity
  8
V-VEG-CANOPY
100
AcDbCircle
 10
-6513.666
 20
5654639.318
 30
0.0
 40
2.0
  0
INSERT
  5
5BA
330
17
100
AcDbEntity
  8
V-VEG-TREE
100
AcDbBlockReference
  2
VEG-TREE-DECID
 10
-6504.821
 20
5654770.512
 30
0.0
 41
0.5
 42
0.5
  0
CIRCLE
  5
5BC
330
17
100
AcDbEntity
  8
V-VEG-CANOPY
100
AcDbCircle
 10
-6504.821
 20
5654770.512
 30
0.0
 40
1.0
  0
INSERT
  5
5BD
330
17
100
AcDbEntity
  8
V-VEG-TREE
100
AcDbBlockReference
  2
VEG-TREE-DECID
 10
-6503.562
 20
5654770.412
 30
0.0
 41
0.5
 42
0.5
  0
CIRCLE
  5
5BF
330
17
100
AcDbEntity
  8
V-VEG-CANOPY
100
AcDbCircle
 10
-6503.562
 20
5654770.412
 30
0.0
 40
1.0
  0
INSERT
  5
5C0
330
17
100
AcDbEntity
  8
V-VEG-TREE
100
AcDbBlockReference
  2
VEG-TREE-DECID
 10
-6538.308
 20
5654681.787
 30
0.0
 41
0.5
 42
0.5
  0
CIRCLE
  5
5C2
330
17
100
AcDbEntity
  8
V-VEG-CANOPY
100
AcDbCircle
 10
-6538.308
 20
5654681.787
 30
0.0
 40
9.0
  0
INSERT
  5
5C3
330
17
100
AcDbEntity
  8
V-VEG-TREE
100
AcDbBlockReference
  2
VEG-TREE-CONIF
 10
-6542.443
 20
5654701.261
 30
0.0
 41
0.5
 42
0.5
  0
CIRCLE
  5
5C5
330
17
100
AcDbEntity
  8
V-VEG-CANOPY
100
AcDbCircle
 10
-6542.443
 20
5654701.261
 30
0.0
 40
2.0
  0
INSERT
  5
5C6
330
17
100
AcDbEntity
  8
V-VEG-TREE
100
AcDbBlockReference
  2
VEG-TREE-DECID
 10
-6511.668
 20
5654639.323
 30
0.0
 41
0.5
 42
0.5
  0
CIRCLE
  5
5C8
330
17
100
AcDbEntity
  8
V-VEG-CANOPY
100
AcDbCircle
 10
-6511.668
 20
5654639.323
 30
0.0
 40
1.0
  0
INSERT
  5
5C9
330
17
100
AcDbEntity
  8
V-UTIL-WATER
100
AcDbBlockReference
  2
UTIL-HYDRANT
 10
-6404.679
 20
5654752.61
 30
0.0
 41
0.5
 42
0.5
  0
INSERT
  5
5CB
330
17
100
AcDbEntity
  8
V-UTIL-WATER
100
AcDbBlockReference
  2
UTIL-HYDRANT
 10
-6490.792
 20
5654613.106
 30
0.0
 41
0.5
 42
0.5
  0
INSERT
  5
5CD
330
17
100
AcDbEntity
  8
V-UTIL-ELEC
100
AcDbBlockReference
  2
UTIL-LIGHT
 10
-6399.186
 20
5654752.092
 30
0.0
 41
0.5
 42
0.5
  0
INSERT
  5
5CF
330
17
100
AcDbEntity
  8
V-UTIL-ELEC
100
AcDbBlockReference
  2
UTIL-LIGHT
 10
-6397.197
 20
5654713.152
 30
0.0
 41
0.5
 42
0.5
  0
INSERT
  5
5D1
330
17
100
AcDbEntity
  8
V-UTIL-ELEC
100
AcDbBlockReference
  2
UTIL-LIGHT
 10
-6485.712
 20
5654614.98
 30
0.0
 41
0.5
 42
0.5
  0
INSERT
  5
5D3
330
17
100
AcDbEntity
  8
V-UTIL-ELEC
100
AcDbBlockReference
  2
UTIL-LIGHT
 10
-6526.361
 20
5654797.305
 30
0.0
 41
0.5
 42
0.5
  0
INSERT
  5
5D5
330
17
100
AcDbEntity
  8
V-UTIL-ELEC
100
AcDbBlockReference
  2
UTIL-LIGHT
 10
-6531.676
 20
5654675.17
 30
0.0
 41
0.5
 42
0.5
  0
INSERT
  5
5D7
330
17
100
AcDbEntity
  8
V-UTIL-ELEC
100
AcDbBlockReference
  2
UTIL-LIGHT
 10
-6481.172
 20
5654626.249
 30
0.0
 41
0.5
 42
0.5
  0
INSERT
  5
5D9
330
17
100
AcDbEntity
  8
V-UTIL-ELEC
100
AcDbBlockReference
  2
UTIL-LIGHT
 10
-6428.201
 20
5654625.401
 30
0.0
 41
0.5
 42
0.5
  0
INSERT
  5
5DB
330
17
100
AcDbEntity
  8
V-UTIL-ELEC
100
AcDbBlockReference
  2
UTIL-LIGHT
 10
-6402.496
 20
5654650.397
 30
0.0
 41
0.5
 42
0.5
  0
INSERT
  5
5DD
330
17
100
AcDbEntity
  8
V-UTIL-ELEC
100
AcDbBlockReference
  2
UTIL-LIGHT
 10
-6411.577
 20
5654753.271
 30
0.0
 41
0.5
 42
0.5
  0
INSERT
  5
5DF
330
17
100
AcDbEntity
  8
V-UTIL-ELEC
100
AcDbBlockReference
  2
UTIL-LIGHT
 10
-6546.378
 20
5654741.089
 30
0.0
 41
0.5
 42
0.5
  0
INSERT
  5
5E1
330
17
100
AcDbEntity
  8
V-UTIL-ELEC
100
AcDbBlockReference
  2
UTIL-LIGHT
 10
-6481.158
 20
5654781.017
 30
0.0
 41
0.5
 42
0.5
  0
INSERT
  5
5E3
330
17
100
AcDbEntity
  8
V-SITE-FURN
100
AcDbBlockReference
  2
SITE-BENCH
 10
-6475.987
 20
5654757.92
 30
0.0
 41
0.5
 42
0.5
  0
INSERT
  5
5E5
330
17
100
AcDbEntity
  8
V-SITE-FURN
100
AcDbBlockReference
  2
SITE-BENCH
 10
-6502.583
 20
5654673.866
 30
0.0
 41
0.5
 42
0.5
  0
INSERT
  5
5E7
330
17
100
AcDbEntity
  8
V-SITE-FURN
100
AcDbBlockReference
  2
SITE-BENCH
 10
-6439.23
 20
5654700.531
 30
0.0
 41
0.5
 42
0.5
  0
INSERT
  5
5E9
330
17
100
AcDbEntity
  8
V-SITE-SIGN
100
AcDbBlockReference
  2
SITE-SIGN
 10
-6529.439
 20
5654770.35
 30
0.0
 41
0.5
 42
0.5
  0
INSERT
  5
5EB
330
17
100
AcDbEntity
  8
V-SITE-SIGN
100
AcDbBlockReference
  2
SITE-SIGN
 10
-6549.371
 20
5654785.149
 30
0.0
 41
0.5
 42
0.5
  0
INSERT
  5
5ED
330
17
100
AcDbEntity
  8
V-SITE-SIGN
100
AcDbBlockReference
  2
SITE-SIGN
 10
-6549.374
 20
5654785.155
 30
0.0
 41
0.5
 42
0.5
  0
INSERT
  5
5EF
330
17
100
AcDbEntity
  8
V-SITE-SIGN
100
AcDbBlockReference
  2
SITE-SIGN
 10
-6515.438
 20
5654784.713
 30
0.0
 41
0.5
 42
0.5
  0
INSERT
  5
5F1
330
17
100
AcDbEntity
  8
V-SITE-SIGN
100
AcDbBlockReference
  2
SITE-SIGN
 10
-6549.369
 20
5654785.151
 30
0.0
 41
0.5
 42
0.5
  0
INSERT
  5
5F3
330
17
100
AcDbEntity
  8
V-SITE-SIGN
100
AcDbBlockReference
  2
SITE-SIGN
 10
-6500.636
 20
5654610.237
 30
0.0
 41
0.5
 42
0.5
  0
INSERT
  5
5F5
330
17
100
AcDbEntity
  8
V-SITE-SIGN
100
AcDbBlockReference
  2
SITE-SIGN
 10
-6421.679
 20
5654627.075
 30
0.0
 41
0.5
 42
0.5
  0
INSERT
  5
5F7
330
17
100
AcDbEntity
  8
V-SITE-SIGN
100
AcDbBlockReference
  2
SITE-SIGN
 10
-6421.68
 20
5654627.083
 30
0.0
 41
0.5
 42
0.5
  0
INSERT
  5
5F9
330
17
100
AcDbEntity
  8
V-SITE-SIGN
100
AcDbBlockReference
  2
SITE-SIGN
 10
-6414.299
 20
5654742.314
 30
0.0
 41
0.5
 42
0.5
  0
INSERT
  5
5FB
330
17
100
AcDbEntity
  8
V-SITE-SIGN
100
AcDbBlockReference
  2
SITE-SIGN
 10
-6483.365
 20
5654627.731
 30
0.0
 41
0.5
 42
0.5
  0
INSERT
  5
5FD
330
17
100
AcDbEntity
  8
V-SITE-SIGN
100
AcDbBlockReference
  2
SITE-SIGN
 10
-6421.681
 20
5654627.078
 30
0.0
 41
0.5
 42
0.5
  0
INSERT
  5
5FF
330
17
100
AcDbEntity
  8
V-SITE-SIGN
100
AcDbBlockReference
  2
SITE-SIGN
 10
-6483.366
 20
5654627.731
 30
0.0
 41
0.5
 42
0.5
  0
INSERT
  5
601
330
17
100
AcDbEntity
  8
V-SITE-SIGN
100
AcDbBlockReference
  2
SITE-SIGN
 10
-6399.042
 20
5654753.8
 30
0.0
 41
0.5
 42
0.5
  0
INSERT
  5
603
330
17
100
AcDbEntity
  8
V-SITE-SIGN
100
AcDbBlockReference
  2
SITE-SIGN
 10
-6399.044
 20
5654753.797
 30
0.0
 41
0.5
 42
0.5
  0
POINT
  5
605
330
17
100
AcDbEntity
  8
V-TOPO-GS
100
AcDbPoint
 10
-6480.193
 20
5654612.559
 30
0.0
  0
POINT
  5
606
330
17
100
AcDbEntity
  8
V-TOPO-GS
100
AcDbPoint
 10
-6456.222
 20
5654611.917
 30
0.0
  0
POINT
  5
607
330
17
100
AcDbEntity
  8
V-TOPO-GS
100
AcDbPoint
 10
-6439.337
 20
5654621.611
 30
0.0
  0
POINT
  5
608
330
17
100
AcDbEntity
  8
V-TOPO-GS
100
AcDbPoint
 10
-6448.318
 20
5654619.702
 30
0.0
  0
POINT
  5
609
330
17
100
AcDbEntity
  8
V-TOPO-GS
100
AcDbPoint
 10
-6455.738
 20
5654618.731
 30
0.0
  0
POINT
  5
60A
330
17
100
AcDbEntity
  8
V-TOPO-GS
100
AcDbPoint
 10
-6461.096
 20
5654619.857
 30
0.0
  0
POINT
  5
60B
330
17
100
AcDbEntity
  8
V-TOPO-GS
100
AcDbPoint
 10
-6470.537
 20
5654621.591
 30
0.0
  0
POINT
  5
60C
330
17
100
AcDbEntity
  8
V-TOPO-GS
100
AcDbPoint
 10
-6480.131
 20
5654619.556
 30
0.0
  0
POINT
  5
60D
330
17
100
AcDbEntity
  8
V-TOPO-GS
100
AcDbPoint
 10
-6488.083
 20
5654618.73
 30
0.0
  0
POINT
  5
60E
330
17
100
AcDbEntity
  8
V-TOPO-GS
100
AcDbPoint
 10
-6493.737
 20
5654621.656
 30
0.0
  0
POINT
  5
60F
330
17
100
AcDbEntity
  8
V-TOPO-GS
100
AcDbPoint
 10
-6501.364
 20
5654618.505
 30
0.0
  0
POINT
  5
610
330
17
100
AcDbEntity
  8
V-TOPO-GS
100
AcDbPoint
 10
-6511.783
 20
5654621.804
 30
0.0
  0
POINT
  5
611
330
17
100
AcDbEntity
  8
V-TOPO-GS
100
AcDbPoint
 10
-6510.584
 20
5654626.656
 30
0.0
  0
POINT
  5
612
330
17
100
AcDbEntity
  8
V-TOPO-GS
100
AcDbPoint
 10
-6500.85
 20
5654627.153
 30
0.0
  0
POINT
  5
613
330
17
100
AcDbEntity
  8
V-TOPO-GS
100
AcDbPoint
 10
-6495.862
 20
5654628.51
 30
0.0
  0
POINT
  5
614
330
17
100
AcDbEntity
  8
V-TOPO-GS
100
AcDbPoint
 10
-6485.354
 20
5654628.105
 30
0.0
  0
POINT
  5
615
330
17
100
AcDbEntity
  8
V-TOPO-GS
100
AcDbPoint
 10
-6480.011
 20
5654626.753
 30
0.0
  0
POINT
  5
616
330
17
100
AcDbEntity
  8
V-TOPO-GS
100
AcDbPoint
 10
-6470.136
 20
5654627.798
 30
0.0
  0
POINT
  5
617
330
17
100
AcDbEntity
  8
V-TOPO-GS
100
AcDbPoint
 10
-6461.006
 20
5654628.813
 30
0.0
  0
POINT
  5
618
330
17
100
AcDbEntity
  8
V-TOPO-GS
100
AcDbPoint
 10
-6454.191
 20
5654628.474
 30
0.0
  0
POINT
  5
619
330
17
100
AcDbEntity
  8
V-TOPO-GS
100
AcDbPoint
 10
-6439.338
 20
5654628.301
 30
0.0
  0
POINT
  5
61A
330
17
100
AcDbEntity
  8
V-TOPO-GS
100
AcDbPoint
 10
-6429.809
 20
5654627.191
 30
0.0
  0
POINT
  5
61B
330
17
100
AcDbEntity
  8
V-TOPO-GS
100
AcDbPoint
 10
-6405.703
 20
5654628.251
 30
0.0
  0
POINT
  5
61C
330
17
100
AcDbEntity
  8
V-TOPO-GS
100
AcDbPoint
 10
-6406.225
 20
5654634.896
 30
0.0
  0
POINT
  5
61D
330
17
100
AcDbEntity
  8
V-TOPO-GS
100
AcDbPoint
 10
-6414.052
 20
5654634.623
 30
0.0
  0
POINT
  5
61E
330
17
100
AcDbEntity
  8
V-TOPO-GS
100
AcDbPoint
 10
-6421.953
 20
5654636.977
 30
0.0
  0
POINT
  5
61F
330
17
100
AcDbEntity
  8
V-TOPO-GS
100
AcDbPoint
 10
-6430.508
 20
5654635.612
 30
0.0
  0
POINT
  5
620
330
17
100
AcDbEntity
  8
V-TOPO-GS
100
AcDbPoint
 10
-6438.314
 20
5654636.056
 30
0.0
  0
POINT
  5
621
330
17
100
AcDbEntity
  8
V-TOPO-GS
100
AcDbPoint
 10
-6446.497
 20
5654635.324
 30
0.0
  0
POINT
  5
622
330
17
100
AcDbEntity
  8
V-TOPO-GS
100
AcDbPoint
 10
-6452.612
 20
5654634.389
 30
0.0
  0
POINT
  5
623
330
17
100
AcDbEntity
  8
V-TOPO-GS
100
AcDbPoint
 10
-6461.425
 20
5654637.708
 30
0.0
  0
POINT
  5
624
330
17
100
AcDbEntity
  8
V-TOPO-GS
100
AcDbPoint
 10
-6469.513
 20
5654634.989
 30
0.0
  0
POINT
  5
625
330
17
100
AcDbEntity
  8
V-TOPO-GS
100
AcDbPoint
 10
-6479.537
 20
5654635.879
 30
0.0
  0
POINT
  5
626
330
17
100
AcDbEntity
  8
V-TOPO-GS
100
AcDbPoint
 10
-6485.108
 20
5654634.813
 30
0.0
  0
POINT
  5
627
330
17
100
AcDbEntity
  8
V-TOPO-GS
100
AcDbPoint
 10
-6494.689
 20
5654635.469
 30
0.0
  0
POINT
  5
628
330
17
100
AcDbEntity
  8
V-TOPO-GS
100
AcDbPoint
 10
-6502.415
 20
5654634.021
 30
0.0
  0
POINT
  5
629
330
17
100
AcDbEntity
  8
V-TOPO-GS
100
AcDbPoint
 10
-6511.174
 20
5654637.52
 30
0.0
  0
POINT
  5
62A
330
17
100
AcDbEntity
  8
V-TOPO-GS
100
AcDbPoint
 10
-6516.655
 20
5654645.108
 30
0.0
  0
POINT
  5
62B
330
17
100
AcDbEntity
  8
V-TOPO-GS
100
AcDbPoint
 10
-6501.202
 20
5654645.656
 30
0.0
  0
POINT
  5
62C
330
17
100
AcDbEntity
  8
V-TOPO-GS
100
AcDbPoint
 10
-6492.897
 20
5654642.574
 30
0.0
  0
POINT
  5
62D
330
17
100
AcDbEntity
  8
V-TOPO-GS
100
AcDbPoint
 10
-6487.295
 20
5654644.138
 30
0.0
  0
POINT
  5
62E
330
17
100
AcDbEntity
  8
V-TOPO-GS
100
AcDbPoint
 10
-6478.759
 20
5654643.734
 30
0.0
  0
POINT
  5
62F
330
17
100
AcDbEntity
  8
V-TOPO-GS
100
AcDbPoint
 10
-6468.457
 20
5654644.781
 30
0.0
  0
POINT
  5
630
330
17
100
AcDbEntity
  8
V-TOPO-GS
100
AcDbPoint
 10
-6463.748
 20
5654645.539
 30
0.0
  0
POINT
  5
631
330
17
100
AcDbEntity
  8
V-TOPO-GS
100
AcDbPoint
 10
-6453.118
 20
5654642.309
 30
0.0
  0
POINT
  5
632
330
17
100
AcDbEntity
  8
V-TOPO-GS
100
AcDbPoint
 10
-6444.983
 20
5654643.583
 30
0.0
  0
POINT
  5
633
330
17
100
AcDbEntity
  8
V-TOPO-GS
100
AcDbPoint
 10
-6437.047
 20
5654645.499
 30
0.0
  0
POINT
  5
634
330
17
100
AcDbEntity
  8
V-TOPO-GS
100
AcDbPoint
 10
-6430.76
 20
5654645.206
 30
0.0
  0
POINT
  5
635
330
17
100
AcDbEntity
  8
V-TOPO-GS
100
AcDbPoint
 10
-6424.33
 20
5654643.626
 30
0.0
  0
POINT
  5
636
330
17
100
AcDbEntity
  8
V-TOPO-GS
100
AcDbPoint
 10
-6407.881
 20
5654645.71
 30
0.0
  0
POINT
  5
637
330
17
100
AcDbEntity
  8
V-TOPO-GS
100
AcDbPoint
 10
-6400.163
 20
5654643.919
 30
0.0
  0
POINT
  5
638
330
17
100
AcDbEntity
  8
V-TOPO-GS
100
AcDbPoint
 10
-6406.43
 20
5654650.103
 30
0.0
  0
POINT
  5
639
330
17
100
AcDbEntity
  8
V-TOPO-GS
100
AcDbPoint
 10
-6414.006
 20
5654653.033
 30
0.0
  0
POINT
  5
63A
330
17
100
AcDbEntity
  8
V-TOPO-GS
100
AcDbPoint
 10
-6422.964
 20
5654651.546
 30
0.0
  0
POINT
  5
63B
330
17
100
AcDbEntity
  8
V-TOPO-GS
100
AcDbPoint
 10
-6431.506
 20
5654650.294
 30
0.0
  0
POINT
  5
63C
330
17
100
AcDbEntity
  8
V-TOPO-GS
100
AcDbPoint
 10
-6438.358
 20
5654653.407
 30
0.0
  0
POINT
  5
63D
330
17
100
AcDbEntity
  8
V-TOPO-GS
100
AcDbPoint
 10
-6444.427
 20
5654652.975
 30
0.0
  0
POINT
  5
63E
330
17
100
AcDbEntity
  8
V-TOPO-GS
100
AcDbPoint
 10
-6454.511
 20
5654651.029
 30
0.0
  0
POINT
  5
63F
330
17
100
AcDbEntity
  8
V-TOPO-GS
100
AcDbPoint
 10
-6462.57
 20
5654652.085
 30
0.0
  0
POINT
  5
640
330
17
100
AcDbEntity
  8
V-TOPO-GS
100
AcDbPoint
 10
-6469.985
 20
5654650.385
 30
0.0
  0
POINT
  5
641
330
17
100
AcDbEntity
  8
V-TOPO-GS
100
AcDbPoint
 10
-6476.499
 20
5654650.593
 30
0.0
  0
POINT
  5
642
330
17
100
AcDbEntity
  8
V-TOPO-GS
100
AcDbPoint
 10
-6485.106
 20
5654652.163
 30
0.0
  0
POINT
  5
643
330
17
100
AcDbEntity
  8
V-TOPO-GS
100
AcDbPoint
 10
-6494.689
 20
5654650.692
 30
0.0
  0
POINT
  5
644
330
17
100
AcDbEntity
  8
V-TOPO-GS
100
AcDbPoint
 10
-6502.138
 20
5654652.939
 30
0.0
  0
POINT
  5
645
330
17
100
AcDbEntity
  8
V-TOPO-GS
100
AcDbPoint
 10
-6510.81
 20
5654650.473
 30
0.0
  0
POINT
  5
646
330
17
100
AcDbEntity
  8
V-TOPO-GS
100
AcDbPoint
 10
-6525.188
 20
5654660.605
 30
0.0
  0
POINT
  5
647
330
17
100
AcDbEntity
  8
V-TOPO-GS
100
AcDbPoint
 10
-6520.112
 20
5654659.956
 30
0.0
  0
POINT
  5
648
330
17
100
AcDbEntity
  8
V-TOPO-GS
100
AcDbPoint
 10
-6508.958
 20
5654659.208
 30
0.0
  0
POINT
  5
649
330
17
100
AcDbEntity
  8
V-TOPO-GS
100
AcDbPoint
 10
-6503.429
 20
5654661.418
 30
0.0
  0
POINT
  5
64A
330
17
100
AcDbEntity
  8
V-TOPO-GS
100
AcDbPoint
 10
-6494.604
 20
5654658.174
 30
0.0
  0
POINT
  5
64B
330
17
100
AcDbEntity
  8
V-TOPO-GS
100
AcDbPoint
 10
-6487.124
 20
5654657.95
 30
0.0
  0
POINT
  5
64C
330
17
100
AcDbEntity
  8
V-TOPO-GS
100
AcDbPoint
 10
-6479.281
 20
5654658.561
 30
0.0
  0
POINT
  5
64D
330
17
100
AcDbEntity
  8
V-TOPO-GS
100
AcDbPoint
 10
-6469.219
 20
5654661.285
 30
0.0
  0
POINT
  5
64E
330
17
100
AcDbEntity
  8
V-TOPO-GS
100
AcDbPoint
 10
-6462.718
 20
5654658.494
 30
0.0
  0
POINT
  5
64F
330
17
100
AcDbEntity
  8
V-TOPO-GS
100
AcDbPoint
 10
-6455.246
 20
5654661.03
 30
0.0
  0
POINT
  5
650
330
17
100
AcDbEntity
  8
V-TOPO-GS
100
AcDbPoint
 10
-6446.53
 20
5654661.744
 30
0.0
  0
POINT
  5
651
330
17
100
AcDbEntity
  8
V-TOPO-GS
100
AcDbPoint
 10
-6440.334
 20
5654660.853
 30
0.0
  0
POINT
  5
652
330
17
100
AcDbEntity
  8
V-TOPO-GS
100
AcDbPoint
 10
-6429.589
 20
5654658.896
 30
0.0
  0
POINT
  5
653
330
17
100
AcDbEntity
  8
V-TOPO-GS
100
AcDbPoint
 10
-6422.391
 20
5654659.846
 30
0.0
  0
POINT
  5
654
330
17
100
AcDbEntity
  8
V-TOPO-GS
100
AcDbPoint
 10
-6415.608
 20
5654660.537
 30
0.0
  0
POINT
  5
655
330
17
100
AcDbEntity
  8
V-TOPO-GS
100
AcDbPoint
 10
-6408.222
 20
5654659.407
 30
0.0
  0
POINT
  5
656
330
17
100
AcDbEntity
  8
V-TOPO-GS
100
AcDbPoint
 10
-6406.012
 20
5654668.066
 30
0.0
  0
POINT
  5
657
330
17
100
AcDbEntity
  8
V-TOPO-GS
100
AcDbPoint
 10
-6414.895
 20
5654668.297
 30
0.0
  0
POINT
  5
658
330
17
100
AcDbEntity
  8
V-TOPO-GS
100
AcDbPoint
 10
-6423.72
 20
5654667.895
 30
0.0
  0
POINT
  5
659
330
17
100
AcDbEntity
  8
V-TOPO-GS
100
AcDbPoint
 10
-6431.97
 20
5654669.24
 30
0.0
  0
POINT
  5
65A
330
17
100
AcDbEntity
  8
V-TOPO-GS
100
AcDbPoint
 10
-6439.073
 20
5654666.879
 30
0.0
  0
POINT
  5
65B
330
17
100
AcDbEntity
  8
V-TOPO-GS
100
AcDbPoint
 10
-6448.088
 20
5654667.365
 30
0.0
  0
POINT
  5
65C
330
17
100
AcDbEntity
  8
V-TOPO-GS
100
AcDbPoint
 10
-6453.386
 20
5654669.727
 30
0.0
  0
POINT
  5
65D
330
17
100
AcDbEntity
  8
V-TOPO-GS
100
AcDbPoint
 10
-6461.371
 20
5654666.42
 30
0.0
  0
POINT
  5
65E
330
17
100
AcDbEntity
  8
V-TOPO-GS
100
AcDbPoint
 10
-6469.287
 20
5654669.064
 30
0.0
  0
POINT
  5
65F
330
17
100
AcDbEntity
  8
V-TOPO-GS
100
AcDbPoint
 10
-6477.675
 20
5654666.133
 30
0.0
  0
POINT
  5
660
330
17
100
AcDbEntity
  8
V-TOPO-GS
100
AcDbPoint
 10
-6487.125
 20
5654668.183
 30
0.0
  0
POINT
  5
661
330
17
100
AcDbEntity
  8
V-TOPO-GS
100
AcDbPoint
 10
-6494.143
 20
5654667.492
 30
0.0
  0
POINT
  5
662
330
17
100
AcDbEntity
  8
V-TOPO-GS
100
AcDbPoint
 10
-6500.875
 20
5654667.827
 30
0.0
  0
POINT
  5
663
330
17
100
AcDbEntity
  8
V-TOPO-GS
100
AcDbPoint
 10
-6510.823
 20
5654666.834
 30
0.0
  0
POINT
  5
664
330
17
100
AcDbEntity
  8
V-TOPO-GS
100
AcDbPoint
 10
-6519.72
 20
5654666.634
 30
0.0
  0
POINT
  5
665
330
17
100
AcDbEntity
  8
V-TOPO-GS
100
AcDbPoint
 10
-6527.795
 20
5654666.295
 30
0.0
  0
POINT
  5
666
330
17
100
AcDbEntity
  8
V-TOPO-GS
100
AcDbPoint
 10
-6532.81
 20
5654676.988
 30
0.0
  0
POINT
  5
667
330
17
100
AcDbEntity
  8
V-TOPO-GS
100
AcDbPoint
 10
-6525.691
 20
5654677.067
 30
0.0
  0
POINT
  5
668
330
17
100
AcDbEntity
  8
V-TOPO-GS
100
AcDbPoint
 10
-6516.618
 20
5654674.796
 30
0.0
  0
POINT
  5
669
330
17
100
AcDbEntity
  8
V-TOPO-GS
100
AcDbPoint
 10
-6509.557
 20
5654675.41
 30
0.0
  0
POINT
  5
66A
330
17
100
AcDbEntity
  8
V-TOPO-GS
100
AcDbPoint
 10
-6492.503
 20
5654675.406
 30
0.0
  0
POINT
  5
66B
330
17
100
AcDbEntity
  8
V-TOPO-GS
100
AcDbPoint
 10
-6485.151
 20
5654674.241
 30
0.0
  0
POINT
  5
66C
330
17
100
AcDbEntity
  8
V-TOPO-GS
100
AcDbPoint
 10
-6477.117
 20
5654676.882
 30
0.0
  0
POINT
  5
66D
330
17
100
AcDbEntity
  8
V-TOPO-GS
100
AcDbPoint
 10
-6471.799
 20
5654676.835
 30
0.0
  0
POINT
  5
66E
330
17
100
AcDbEntity
  8
V-TOPO-GS
100
AcDbPoint
 10
-6463.345
 20
5654675.209
 30
0.0
  0
POINT
  5
66F
330
17
100
AcDbEntity
  8
V-TOPO-GS
100
AcDbPoint
 10
-6454.175
 20
5654675.564
 30
0.0
  0
POINT
  5
670
330
17
100
AcDbEntity
  8
V-TOPO-GS
100
AcDbPoint
 10
-6446.424
 20
5654675.97
 30
0.0
  0
POINT
  5
671
330
17
100
AcDbEntity
  8
V-TOPO-GS
100
AcDbPoint
 10
-6437.557
 20
5654674.658
 30
0.0
  0
POINT
  5
672
330
17
100
AcDbEntity
  8
V-TOPO-GS
100
AcDbPoint
 10
-6431.074
 20
5654676.13
 30
0.0
  0
POINT
  5
673
330
17
100
AcDbEntity
  8
V-TOPO-GS
100
AcDbPoint
 10
-6423.54
 20
5654674.128
 30
0.0
  0
POINT
  5
674
330
17
100
AcDbEntity
  8
V-TOPO-GS
100
AcDbPoint
 10
-6413.041
 20
5654674.197
 30
0.0
  0
POINT
  5
675
330
17
100
AcDbEntity
  8
V-TOPO-GS
100
AcDbPoint
 10
-6406.272
 20
5654676.256
 30
0.0
  0
POINT
  5
676
330
17
100
AcDbEntity
  8
V-TOPO-GS
100
AcDbPoint
 10
-6407.479
 20
5654685.634
 30
0.0
  0
POINT
  5
677
330
17
100
AcDbEntity
  8
V-TOPO-GS
100
AcDbPoint
 10
-6415.056
 20
5654683.377
 30
0.0
  0
POINT
  5
678
330
17
100
AcDbEntity
  8
V-TOPO-GS
100
AcDbPoint
 10
-6422.112
 20
5654684.498
 30
0.0
  0
POINT
  5
679
330
17
100
AcDbEntity
  8
V-TOPO-GS
100
AcDbPoint
 10
-6430.877
 20
5654685.83
 30
0.0
  0
POINT
  5
67A
330
17
100
AcDbEntity
  8
V-TOPO-GS
100
AcDbPoint
 10
-6438.19
 20
5654684.968
 30
0.0
  0
POINT
  5
67B
330
17
100
AcDbEntity
  8
V-TOPO-GS
100
AcDbPoint
 10
-6447.185
 20
5654684.669
 30
0.0
  0
POINT
  5
67C
330
17
100
AcDbEntity
  8
V-TOPO-GS
100
AcDbPoint
 10
-6453.794
 20
5654683.174
 30
0.0
  0
POINT
  5
67D
330
17
100
AcDbEntity
  8
V-TOPO-GS
100
AcDbPoint
 10
-6461.221
 20
5654683.402
 30
0.0
  0
POINT
  5
67E
330
17
100
AcDbEntity
  8
V-TOPO-GS
100
AcDbPoint
 10
-6470.977
 20
5654685.765
 30
0.0
  0
POINT
  5
67F
330
17
100
AcDbEntity
  8
V-TOPO-GS
100
AcDbPoint
 10
-6479.042
 20
5654683.528
 30
0.0
  0
POINT
  5
680
330
17
100
AcDbEntity
  8
V-TOPO-GS
100
AcDbPoint
 10
-6495.021
 20
5654683.537
 30
0.0
  0
POINT
  5
681
330
17
100
AcDbEntity
  8
V-TOPO-GS
100
AcDbPoint
 10
-6502.617
 20
5654684.351
 30
0.0
  0
POINT
  5
682
330
17
100
AcDbEntity
  8
V-TOPO-GS
100
AcDbPoint
 10
-6510.073
 20
5654684.37
 30
0.0
  0
POINT
  5
683
330
17
100
AcDbEntity
  8
V-TOPO-GS
100
AcDbPoint
 10
-6519.579
 20
5654683.063
 30
0.0
  0
POINT
  5
684
330
17
100
AcDbEntity
  8
V-TOPO-GS
100
AcDbPoint
 10
-6524.847
 20
5654684.783
 30
0.0
  0
POINT
  5
685
330
17
100
AcDbEntity
  8
V-TOPO-GS
100
AcDbPoint
 10
-6535.321
 20
5654682.083
 30
0.0
  0
POINT
  5
686
330
17
100
AcDbEntity
  8
V-TOPO-GS
100
AcDbPoint
 10
-6535.839
 20
5654692.357
 30
0.0
  0
POINT
  5
687
330
17
100
AcDbEntity
  8
V-TOPO-GS
100
AcDbPoint
 10
-6517.314
 20
5654692.311
 30
0.0
  0
POINT
  5
688
330
17
100
AcDbEntity
  8
V-TOPO-GS
100
AcDbPoint
 10
-6509.39
 20
5654693.544
 30
0.0
  0
POINT
  5
689
330
17
100
AcDbEntity
  8
V-TOPO-GS
100
AcDbPoint
 10
-6501.398
 20
5654692.071
 30
0.0
  0
POINT
  5
68A
330
17
100
AcDbEntity
  8
V-TOPO-GS
100
AcDbPoint
 10
-6493.959
 20
5654691.034
 30
0.0
  0
POINT
  5
68B
330
17
100
AcDbEntity
  8
V-TOPO-GS
100
AcDbPoint
 10
-6487.246
 20
5654691.738
 30
0.0
  0
POINT
  5
68C
330
17
100
AcDbEntity
  8
V-TOPO-GS
100
AcDbPoint
 10
-6477.825
 20
5654693.924
 30
0.0
  0
POINT
  5
68D
330
17
100
AcDbEntity
  8
V-TOPO-GS
100
AcDbPoint
 10
-6470.646
 20
5654691.181
 30
0.0
  0
POINT
  5
68E
330
17
100
AcDbEntity
  8
V-TOPO-GS
100
AcDbPoint
 10
-6462.486
 20
5654690.985
 30
0.0
  0
POINT
  5
68F
330
17
100
AcDbEntity
  8
V-TOPO-GS
100
AcDbPoint
 10
-6456.115
 20
5654690.276
 30
0.0
  0
POINT
  5
690
330
17
100
AcDbEntity
  8
V-TOPO-GS
100
AcDbPoint
 10
-6445.266
 20
5654691.714
 30
0.0
  0
POINT
  5
691
330
17
100
AcDbEntity
  8
V-TOPO-GS
100
AcDbPoint
 10
-6438.943
 20
5654693.564
 30
0.0
  0
POINT
  5
692
330
17
100
AcDbEntity
  8
V-TOPO-GS
100
AcDbPoint
 10
-6430.175
 20
5654691.667
 30
0.0
  0
POINT
  5
693
330
17
100
AcDbEntity
  8
V-TOPO-GS
100
AcDbPoint
 10
-6424.082
 20
5654690.677
 30
0.0
  0
POINT
  5
694
330
17
100
AcDbEntity
  8
V-TOPO-GS
100
AcDbPoint
 10
-6412.458
 20
5654690.007
 30
0.0
  0
POINT
  5
695
330
17
100
AcDbEntity
  8
V-TOPO-GS
100
AcDbPoint
 10
-6406.622
 20
5654692.332
 30
0.0
  0
POINT
  5
696
330
17
100
AcDbEntity
  8
V-TOPO-GS
100
AcDbPoint
 10
-6408.033
 20
5654700.949
 30
0.0
  0
POINT
  5
697
330
17
100
AcDbEntity
  8
V-TOPO-GS
100
AcDbPoint
 10
-6413.233
 20
5654700.343
 30
0.0
  0
POINT
  5
698
330
17
100
AcDbEntity
  8
V-TOPO-GS
100
AcDbPoint
 10
-6424.074
 20
5654700.478
 30
0.0
  0
POINT
  5
699
330
17
100
AcDbEntity
  8
V-TOPO-GS
100
AcDbPoint
 10
-6429.722
 20
5654698.698
 30
0.0
  0
POINT
  5
69A
330
17
100
AcDbEntity
  8
V-TOPO-GS
100
AcDbPoint
 10
-6437.066
 20
5654699.474
 30
0.0
  0
POINT
  5
69B
330
17
100
AcDbEntity
  8
V-TOPO-GS
100
AcDbPoint
 10
-6445.405
 20
5654698.748
 30
0.0
  0
POINT
  5
69C
330
17
100
AcDbEntity
  8
V-TOPO-GS
100
AcDbPoint
 10
-6455.737
 20
5654698.078
 30
0.0
  0
POINT
  5
69D
330
17
100
AcDbEntity
  8
V-TOPO-GS
100
AcDbPoint
 10
-6460.609
 20
5654698.162
 30
0.0
  0
POINT
  5
69E
330
17
100
AcDbEntity
  8
V-TOPO-GS
100
AcDbPoint
 10
-6471.881
 20
5654699.897
 30
0.0
  0
POINT
  5
69F
330
17
100
AcDbEntity
  8
V-TOPO-GS
100
AcDbPoint
 10
-6477.892
 20
5654699.728
 30
0.0
  0
POINT
  5
6A0
330
17
100
AcDbEntity
  8
V-TOPO-GS
100
AcDbPoint
 10
-6484.441
 20
5654700.741
 30
0.0
  0
POINT
  5
6A1
330
17
100
AcDbEntity
  8
V-TOPO-GS
100
AcDbPoint
 10
-6493.022
 20
5654699.247
 30
0.0
  0
POINT
  5
6A2
330
17
100
AcDbEntity
  8
V-TOPO-GS
100
AcDbPoint
 10
-6501.379
 20
5654699.845
 30
0.0
  0
POINT
  5
6A3
330
17
100
AcDbEntity
  8
V-TOPO-GS
100
AcDbPoint
 10
-6510.755
 20
5654701.646
 30
0.0
  0
POINT
  5
6A4
330
17
100
AcDbEntity
  8
V-TOPO-GS
100
AcDbPoint
 10
-6518.298
 20
5654701.816
 30
0.0
  0
POINT
  5
6A5
330
17
100
AcDbEntity
  8
V-TOPO-GS
100
AcDbPoint
 10
-6524.455
 20
5654700.845
 30
0.0
  0
POINT
  5
6A6
330
17
100
AcDbEntity
  8
V-TOPO-GS
100
AcDbPoint
 10
-6535.816
 20
5654698.978
 30
0.0
  0
POINT
  5
6A7
330
17
100
AcDbEntity
  8
V-TOPO-GS
100
AcDbPoint
 10
-6533.521
 20
5654706.456
 30
0.0
  0
POINT
  5
6A8
330
17
100
AcDbEntity
  8
V-TOPO-GS
100
AcDbPoint
 10
-6525.056
 20
5654706.51
 30
0.0
  0
POINT
  5
6A9
330
17
100
AcDbEntity
  8
V-TOPO-GS
100
AcDbPoint
 10
-6520.376
 20
5654707.714
 30
0.0
  0
POINT
  5
6AA
330
17
100
AcDbEntity
  8
V-TOPO-GS
100
AcDbPoint
 10
-6510.769
 20
5654707.694
 30
0.0
  0
POINT
  5
6AB
330
17
100
AcDbEntity
  8
V-TOPO-GS
100
AcDbPoint
 10
-6503.172
 20
5654706.749
 30
0.0
  0
POINT
  5
6AC
330
17
100
AcDbEntity
  8
V-TOPO-GS
100
AcDbPoint
 10
-6495.733
 20
5654707.553
 30
0.0
  0
POINT
  5
6AD
330
17
100
AcDbEntity
  8
V-TOPO-GS
100
AcDbPoint
 10
-6486.386
 20
5654708.771
 30
0.0
  0
POINT
  5
6AE
330
17
100
AcDbEntity
  8
V-TOPO-GS
100
AcDbPoint
 10
-6478.916
 20
5654708.61
 30
0.0
  0
POINT
  5
6AF
330
17
100
AcDbEntity
  8
V-TOPO-GS
100
AcDbPoint
 10
-6470.074
 20
5654706.876
 30
0.0
  0
POINT
  5
6B0
330
17
100
AcDbEntity
  8
V-TOPO-GS
100
AcDbPoint
 10
-6460.61
 20
5654707.21
 30
0.0
  0
POINT
  5
6B1
330
17
100
AcDbEntity
  8
V-TOPO-GS
100
AcDbPoint
 10
-6454.293
 20
5654709.918
 30
0.0
  0
POINT
  5
6B2
330
17
100
AcDbEntity
  8
V-TOPO-GS
100
AcDbPoint
 10
-6446.11
 20
5654707.112
 30
0.0
  0
POINT
  5
6B3
330
17
100
AcDbEntity
  8
V-TOPO-GS
100
AcDbPoint
 10
-6440.186
 20
5654706.138
 30
0.0
  0
POINT
  5
6B4
330
17
100
AcDbEntity
  8
V-TOPO-GS
100
AcDbPoint
 10
-6430.866
 20
5654706.88
 30
0.0
  0
POINT
  5
6B5
330
17
100
AcDbEntity
  8
V-TOPO-GS
100
AcDbPoint
 10
-6421.203
 20
5654707.154
 30
0.0
  0
POINT
  5
6B6
330
17
100
AcDbEntity
  8
V-TOPO-GS
100
AcDbPoint
 10
-6414.319
 20
5654709.828
 30
0.0
  0
POINT
  5
6B7
330
17
100
AcDbEntity
  8
V-TOPO-GS
100
AcDbPoint
 10
-6406.979
 20
5654709.815
 30
0.0
  0
POINT
  5
6B8
330
17
100
AcDbEntity
  8
V-TOPO-GS
100
AcDbPoint
 10
-6406.536
 20
5654714.869
 30
0.0
  0
POINT
  5
6B9
330
17
100
AcDbEntity
  8
V-TOPO-GS
100
AcDbPoint
 10
-6413.924
 20
5654716.453
 30
0.0
  0
POINT
  5
6BA
330
17
100
AcDbEntity
  8
V-TOPO-GS
100
AcDbPoint
 10
-6421.616
 20
5654715.5
 30
0.0
  0
POINT
  5
6BB
330
17
100
AcDbEntity
  8
V-TOPO-GS
100
AcDbPoint
 10
-6431.64
 20
5654716.371
 30
0.0
  0
POINT
  5
6BC
330
17
100
AcDbEntity
  8
V-TOPO-GS
100
AcDbPoint
 10
-6439.96
 20
5654717.167
 30
0.0
  0
POINT
  5
6BD
330
17
100
AcDbEntity
  8
V-TOPO-GS
100
AcDbPoint
 10
-6446.982
 20
5654714.067
 30
0.0
  0
POINT
  5
6BE
330
17
100
AcDbEntity
  8
V-TOPO-GS
100
AcDbPoint
 10
-6454.825
 20
5654717.325
 30
0.0
  0
POINT
  5
6BF
330
17
100
AcDbEntity
  8
V-TOPO-GS
100
AcDbPoint
 10
-6462.41
 20
5654716.298
 30
0.0
  0
POINT
  5
6C0
330
17
100
AcDbEntity
  8
V-TOPO-GS
100
AcDbPoint
 10
-6468.711
 20
5654714.808
 30
0.0
  0
POINT
  5
6C1
330
17
100
AcDbEntity
  8
V-TOPO-GS
100
AcDbPoint
 10
-6479.753
 20
5654715.666
 30
0.0
  0
POINT
  5
6C2
330
17
100
AcDbEntity
  8
V-TOPO-GS
100
AcDbPoint
 10
-6486.776
 20
5654716.817
 30
0.0
  0
POINT
  5
6C3
330
17
100
AcDbEntity
  8
V-TOPO-GS
100
AcDbPoint
 10
-6495.588
 20
5654715.102
 30
0.0
  0
POINT
  5
6C4
330
17
100
AcDbEntity
  8
V-TOPO-GS
100
AcDbPoint
 10
-6501.658
 20
5654715.644
 30
0.0
  0
POINT
  5
6C5
330
17
100
AcDbEntity
  8
V-TOPO-GS
100
AcDbPoint
 10
-6508.728
 20
5654717.454
 30
0.0
  0
POINT
  5
6C6
330
17
100
AcDbEntity
  8
V-TOPO-GS
100
AcDbPoint
 10
-6519.41
 20
5654714.782
 30
0.0
  0
POINT
  5
6C7
330
17
100
AcDbEntity
  8
V-TOPO-GS
100
AcDbPoint
 10
-6526.958
 20
5654715.554
 30
0.0
  0
POINT
  5
6C8
330
17
100
AcDbEntity
  8
V-TOPO-GS
100
AcDbPoint
 10
-6536.019
 20
5654715.505
 30
0.0
  0
POINT
  5
6C9
330
17
100
AcDbEntity
  8
V-TOPO-GS
100
AcDbPoint
 10
-6541.181
 20
5654725.603
 30
0.0
  0
POINT
  5
6CA
330
17
100
AcDbEntity
  8
V-TOPO-GS
100
AcDbPoint
 10
-6524.49
 20
5654723.758
 30
0.0
  0
POINT
  5
6CB
330
17
100
AcDbEntity
  8
V-TOPO-GS
100
AcDbPoint
 10
-6520.003
 20
5654725.406
 30
0.0
  0
POINT
  5
6CC
330
17
100
AcDbEntity
  8
V-TOPO-GS
100
AcDbPoint
 10
-6511.193
 20
5654724.239
 30
0.0
  0
POINT
  5
6CD
330
17
100
AcDbEntity
  8
V-TOPO-GS
100
AcDbPoint
 10
-6493.977
 20
5654725.444
 30
0.0
  0
POINT
  5
6CE
330
17
100
AcDbEntity
  8
V-TOPO-GS
100
AcDbPoint
 10
-6485.348
 20
5654724.808
 30
0.0
  0
POINT
  5
6CF
330
17
100
AcDbEntity
  8
V-TOPO-GS
100
AcDbPoint
 10
-6477.045
 20
5654724.406
 30
0.0
  0
POINT
  5
6D0
330
17
100
AcDbEntity
  8
V-TOPO-GS
100
AcDbPoint
 10
-6470.749
 20
5654722.584
 30
0.0
  0
POINT
  5
6D1
330
17
100
AcDbEntity
  8
V-TOPO-GS
100
AcDbPoint
 10
-6460.854
 20
5654723.854
 30
0.0
  0
POINT
  5
6D2
330
17
100
AcDbEntity
  8
V-TOPO-GS
100
AcDbPoint
 10
-6456.112
 20
5654725.705
 30
0.0
  0
POINT
  5
6D3
330
17
100
AcDbEntity
  8
V-TOPO-GS
100
AcDbPoint
 10
-6448.028
 20
5654723.385
 30
0.0
  0
POINT
  5
6D4
330
17
100
AcDbEntity
  8
V-TOPO-GS
100
AcDbPoint
 10
-6437.625
 20
5654722.402
 30
0.0
  0
POINT
  5
6D5
330
17
100
AcDbEntity
  8
V-TOPO-GS
100
AcDbPoint
 10
-6430.254
 20
5654722.472
 30
0.0
  0
POINT
  5
6D6
330
17
100
AcDbEntity
  8
V-TOPO-GS
100
AcDbPoint
 10
-6420.597
 20
5654723.267
 30
0.0
  0
POINT
  5
6D7
330
17
100
AcDbEntity
  8
V-TOPO-GS
100
AcDbPoint
 10
-6416.308
 20
5654724.511
 30
0.0
  0
POINT
  5
6D8
330
17
100
AcDbEntity
  8
V-TOPO-GS
100
AcDbPoint
 10
-6408.054
 20
5654725.64
 30
0.0
  0
POINT
  5
6D9
330
17
100
AcDbEntity
  8
V-TOPO-GS
100
AcDbPoint
 10
-6396.944
 20
5654724.341
 30
0.0
  0
POINT
  5
6DA
330
17
100
AcDbEntity
  8
V-TOPO-GS
100
AcDbPoint
 10
-6391.987
 20
5654733.308
 30
0.0
  0
POINT
  5
6DB
330
17
100
AcDbEntity
  8
V-TOPO-GS
100
AcDbPoint
 10
-6397.948
 20
5654732.875
 30
0.0
  0
POINT
  5
6DC
330
17
100
AcDbEntity
  8
V-TOPO-GS
100
AcDbPoint
 10
-6407.774
 20
5654732.373
 30
0.0
  0
POINT
  5
6DD
330
17
100
AcDbEntity
  8
V-TOPO-GS
100
AcDbPoint
 10
-6430.386
 20
5654733.518
 30
0.0
  0
POINT
  5
6DE
330
17
100
AcDbEntity
  8
V-TOPO-GS
100
AcDbPoint
 10
-6438.635
 20
5654731.096
 30
0.0
  0
POINT
  5
6DF
330
17
100
AcDbEntity
  8
V-TOPO-GS
100
AcDbPoint
 10
-6446.083
 20
5654733.426
 30
0.0
  0
POINT
  5
6E0
330
17
100
AcDbEntity
  8
V-TOPO-GS
100
AcDbPoint
 10
-6452.48
 20
5654731.596
 30
0.0
  0
POINT
  5
6E1
330
17
100
AcDbEntity
  8
V-TOPO-GS
100
AcDbPoint
 10
-6463.322
 20
5654731.191
 30
0.0
  0
POINT
  5
6E2
330
17
100
AcDbEntity
  8
V-TOPO-GS
100
AcDbPoint
 10
-6468.481
 20
5654733.74
 30
0.0
  0
POINT
  5
6E3
330
17
100
AcDbEntity
  8
V-TOPO-GS
100
AcDbPoint
 10
-6479.836
 20
5654733.803
 30
0.0
  0
POINT
  5
6E4
330
17
100
AcDbEntity
  8
V-TOPO-GS
100
AcDbPoint
 10
-6488.17
 20
5654733.178
 30
0.0
  0
POINT
  5
6E5
330
17
100
AcDbEntity
  8
V-TOPO-GS
100
AcDbPoint
 10
-6494.158
 20
5654732.142
 30
0.0
  0
POINT
  5
6E6
330
17
100
AcDbEntity
  8
V-TOPO-GS
100
AcDbPoint
 10
-6501.525
 20
5654730.979
 30
0.0
  0
POINT
  5
6E7
330
17
100
AcDbEntity
  8
V-TOPO-GS
100
AcDbPoint
 10
-6509.08
 20
5654732.54
 30
0.0
  0
POINT
  5
6E8
330
17
100
AcDbEntity
  8
V-TOPO-GS
100
AcDbPoint
 10
-6519.25
 20
5654731.347
 30
0.0
  0
POINT
  5
6E9
330
17
100
AcDbEntity
  8
V-TOPO-GS
100
AcDbPoint
 10
-6527.409
 20
5654730.904
 30
0.0
  0
POINT
  5
6EA
330
17
100
AcDbEntity
  8
V-TOPO-GS
100
AcDbPoint
 10
-6536.387
 20
5654730.355
 30
0.0
  0
POINT
  5
6EB
330
17
100
AcDbEntity
  8
V-TOPO-GS
100
AcDbPoint
 10
-6543.939
 20
5654731.677
 30
0.0
  0
POINT
  5
6EC
330
17
100
AcDbEntity
  8
V-TOPO-GS
100
AcDbPoint
 10
-6548.697
 20
5654741.835
 30
0.0
  0
POINT
  5
6ED
330
17
100
AcDbEntity
  8
V-TOPO-GS
100
AcDbPoint
 10
-6542.264
 20
5654741.317
 30
0.0
  0
POINT
  5
6EE
330
17
100
AcDbEntity
  8
V-TOPO-GS
100
AcDbPoint
 10
-6534.147
 20
5654740.23
 30
0.0
  0
POINT
  5
6EF
330
17
100
AcDbEntity
  8
V-TOPO-GS
100
AcDbPoint
 10
-6526.92
 20
5654738.031
 30
0.0
  0
POINT
  5
6F0
330
17
100
AcDbEntity
  8
V-TOPO-GS
100
AcDbPoint
 10
-6516.716
 20
5654740.072
 30
0.0
  0
POINT
  5
6F1
330
17
100
AcDbEntity
  8
V-TOPO-GS
100
AcDbPoint
 10
-6511.903
 20
5654740.444
 30
0.0
  0
POINT
  5
6F2
330
17
100
AcDbEntity
  8
V-TOPO-GS
100
AcDbPoint
 10
-6501.036
 20
5654740.212
 30
0.0
  0
POINT
  5
6F3
330
17
100
AcDbEntity
  8
V-TOPO-GS
100
AcDbPoint
 10
-6493.268
 20
5654739.076
 30
0.0
  0
POINT
  5
6F4
330
17
100
AcDbEntity
  8
V-TOPO-GS
100
AcDbPoint
 10
-6485.004
 20
5654741.896
 30
0.0
  0
POINT
  5
6F5
330
17
100
AcDbEntity
  8
V-TOPO-GS
100
AcDbPoint
 10
-6480.398
 20
5654740.865
 30
0.0
  0
POINT
  5
6F6
330
17
100
AcDbEntity
  8
V-TOPO-GS
100
AcDbPoint
 10
-6472.059
 20
5654739.757
 30
0.0
  0
POINT
  5
6F7
330
17
100
AcDbEntity
  8
V-TOPO-GS
100
AcDbPoint
 10
-6461.962
 20
5654740.146
 30
0.0
  0
POINT
  5
6F8
330
17
100
AcDbEntity
  8
V-TOPO-GS
100
AcDbPoint
 10
-6454.865
 20
5654741.658
 30
0.0
  0
POINT
  5
6F9
330
17
100
AcDbEntity
  8
V-TOPO-GS
100
AcDbPoint
 10
-6446.508
 20
5654741.851
 30
0.0
  0
POINT
  5
6FA
330
17
100
AcDbEntity
  8
V-TOPO-GS
100
AcDbPoint
 10
-6438.967
 20
5654738.126
 30
0.0
  0
POINT
  5
6FB
330
17
100
AcDbEntity
  8
V-TOPO-GS
100
AcDbPoint
 10
-6428.803
 20
5654740.885
 30
0.0
  0
POINT
  5
6FC
330
17
100
AcDbEntity
  8
V-TOPO-GS
100
AcDbPoint
 10
-6421.94
 20
5654739.439
 30
0.0
  0
POINT
  5
6FD
330
17
100
AcDbEntity
  8
V-TOPO-GS
100
AcDbPoint
 10
-6408.018
 20
5654740.715
 30
0.0
  0
POINT
  5
6FE
330
17
100
AcDbEntity
  8
V-TOPO-GS
100
AcDbPoint
 10
-6400.299
 20
5654740.294
 30
0.0
  0
POINT
  5
6FF
330
17
100
AcDbEntity
  8
V-TOPO-GS
100
AcDbPoint
 10
-6388.426
 20
5654741.605
 30
0.0
  0
POINT
  5
700
330
17
100
AcDbEntity
  8
V-TOPO-GS
100
AcDbPoint
 10
-6389.182
 20
5654748.092
 30
0.0
  0
POINT
  5
701
330
17
100
AcDbEntity
  8
V-TOPO-GS
100
AcDbPoint
 10
-6398.484
 20
5654746.609
 30
0.0
  0
POINT
  5
702
330
17
100
AcDbEntity
  8
V-TOPO-GS
100
AcDbPoint
 10
-6413.686
 20
5654746.076
 30
0.0
  0
POINT
  5
703
330
17
100
AcDbEntity
  8
V-TOPO-GS
100
AcDbPoint
 10
-6423.652
 20
5654749.835
 30
0.0
  0
POINT
  5
704
330
17
100
AcDbEntity
  8
V-TOPO-GS
100
AcDbPoint
 10
-6431.829
 20
5654746.774
 30
0.0
  0
POINT
  5
705
330
17
100
AcDbEntity
  8
V-TOPO-GS
100
AcDbPoint
 10
-6439.895
 20
5654748.66
 30
0.0
  0
POINT
  5
706
330
17
100
AcDbEntity
  8
V-TOPO-GS
100
AcDbPoint
 10
-6448.102
 20
5654749.433
 30
0.0
  0
POINT
  5
707
330
17
100
AcDbEntity
  8
V-TOPO-GS
100
AcDbPoint
 10
-6453.096
 20
5654747.067
 30
0.0
  0
POINT
  5
708
330
17
100
AcDbEntity
  8
V-TOPO-GS
100
AcDbPoint
 10
-6460.686
 20
5654747.237
 30
0.0
  0
POINT
  5
709
330
17
100
AcDbEntity
  8
V-TOPO-GS
100
AcDbPoint
 10
-6471.275
 20
5654746.708
 30
0.0
  0
POINT
  5
70A
330
17
100
AcDbEntity
  8
V-TOPO-GS
100
AcDbPoint
 10
-6479.951
 20
5654747.235
 30
0.0
  0
POINT
  5
70B
330
17
100
AcDbEntity
  8
V-TOPO-GS
100
AcDbPoint
 10
-6485.259
 20
5654748.923
 30
0.0
  0
POINT
  5
70C
330
17
100
AcDbEntity
  8
V-TOPO-GS
100
AcDbPoint
 10
-6493.52
 20
5654747.18
 30
0.0
  0
POINT
  5
70D
330
17
100
AcDbEntity
  8
V-TOPO-GS
100
AcDbPoint
 10
-6503.057
 20
5654748.147
 30
0.0
  0
POINT
  5
70E
330
17
100
AcDbEntity
  8
V-TOPO-GS
100
AcDbPoint
 10
-6510.692
 20
5654748.239
 30
0.0
  0
POINT
  5
70F
330
17
100
AcDbEntity
  8
V-TOPO-GS
100
AcDbPoint
 10
-6516.618
 20
5654749.579
 30
0.0
  0
POINT
  5
710
330
17
100
AcDbEntity
  8
V-TOPO-GS
100
AcDbPoint
 10
-6526.628
 20
5654746.364
 30
0.0
  0
POINT
  5
711
330
17
100
AcDbEntity
  8
V-TOPO-GS
100
AcDbPoint
 10
-6543.079
 20
5654748.35
 30
0.0
  0
POINT
  5
712
330
17
100
AcDbEntity
  8
V-TOPO-GS
100
AcDbPoint
 10
-6548.87
 20
5654745.987
 30
0.0
  0
POINT
  5
713
330
17
100
AcDbEntity
  8
V-TOPO-GS
100
AcDbPoint
 10
-6533.619
 20
5654757.006
 30
0.0
  0
POINT
  5
714
330
17
100
AcDbEntity
  8
V-TOPO-GS
100
AcDbPoint
 10
-6527.737
 20
5654756.644
 30
0.0
  0
POINT
  5
715
330
17
100
AcDbEntity
  8
V-TOPO-GS
100
AcDbPoint
 10
-6520.193
 20
5654754.282
 30
0.0
  0
POINT
  5
716
330
17
100
AcDbEntity
  8
V-TOPO-GS
100
AcDbPoint
 10
-6510.891
 20
5654755.954
 30
0.0
  0
POINT
  5
717
330
17
100
AcDbEntity
  8
V-TOPO-GS
100
AcDbPoint
 10
-6503.578
 20
5654756.024
 30
0.0
  0
POINT
  5
718
330
17
100
AcDbEntity
  8
V-TOPO-GS
100
AcDbPoint
 10
-6496.357
 20
5654756.926
 30
0.0
  0
POINT
  5
719
330
17
100
AcDbEntity
  8
V-TOPO-GS
100
AcDbPoint
 10
-6484.655
 20
5654756.186
 30
0.0
  0
POINT
  5
71A
330
17
100
AcDbEntity
  8
V-TOPO-GS
100
AcDbPoint
 10
-6479.755
 20
5654757.361
 30
0.0
  0
POINT
  5
71B
330
17
100
AcDbEntity
  8
V-TOPO-GS
100
AcDbPoint
 10
-6471.977
 20
5654755.095
 30
0.0
  0
POINT
  5
71C
330
17
100
AcDbEntity
  8
V-TOPO-GS
100
AcDbPoint
 10
-6462.432
 20
5654756.354
 30
0.0
  0
POINT
  5
71D
330
17
100
AcDbEntity
  8
V-TOPO-GS
100
AcDbPoint
 10
-6453.418
 20
5654756.404
 30
0.0
  0
POINT
  5
71E
330
17
100
AcDbEntity
  8
V-TOPO-GS
100
AcDbPoint
 10
-6446.816
 20
5654754.927
 30
0.0
  0
POINT
  5
71F
330
17
100
AcDbEntity
  8
V-TOPO-GS
100
AcDbPoint
 10
-6436.488
 20
5654755.42
 30
0.0
  0
POINT
  5
720
330
17
100
AcDbEntity
  8
V-TOPO-GS
100
AcDbPoint
 10
-6432.208
 20
5654754.899
 30
0.0
  0
POINT
  5
721
330
17
100
AcDbEntity
  8
V-TOPO-GS
100
AcDbPoint
 10
-6420.493
 20
5654754.553
 30
0.0
  0
POINT
  5
722
330
17
100
AcDbEntity
  8
V-TOPO-GS
100
AcDbPoint
 10
-6405.547
 20
5654755.709
 30
0.0
  0
POINT
  5
723
330
17
100
AcDbEntity
  8
V-TOPO-GS
100
AcDbPoint
 10
-6390.237
 20
5654754.589
 30
0.0
  0
POINT
  5
724
330
17
100
AcDbEntity
  8
V-TOPO-GS
100
AcDbPoint
 10
-6430.193
 20
5654765.895
 30
0.0
  0
POINT
  5
725
330
17
100
AcDbEntity
  8
V-TOPO-GS
100
AcDbPoint
 10
-6436.75
 20
5654761.942
 30
0.0
  0
POINT
  5
726
330
17
100
AcDbEntity
  8
V-TOPO-GS
100
AcDbPoint
 10
-6447.012
 20
5654762.716
 30
0.0
  0
POINT
  5
727
330
17
100
AcDbEntity
  8
V-TOPO-GS
100
AcDbPoint
 10
-6453.621
 20
5654765.79
 30
0.0
  0
POINT
  5
728
330
17
100
AcDbEntity
  8
V-TOPO-GS
100
AcDbPoint
 10
-6463.075
 20
5654763.046
 30
0.0
  0
POINT
  5
729
330
17
100
AcDbEntity
  8
V-TOPO-GS
100
AcDbPoint
 10
-6471.98
 20
5654764.728
 30
0.0
  0
POINT
  5
72A
330
17
100
AcDbEntity
  8
V-TOPO-GS
100
AcDbPoint
 10
-6478.942
 20
5654764.324
 30
0.0
  0
POINT
  5
72B
330
17
100
AcDbEntity
  8
V-TOPO-GS
100
AcDbPoint
 10
-6484.876
 20
5654763.482
 30
0.0
  0
POINT
  5
72C
330
17
100
AcDbEntity
  8
V-TOPO-GS
100
AcDbPoint
 10
-6492.522
 20
5654763.417
 30
0.0
  0
POINT
  5
72D
330
17
100
AcDbEntity
  8
V-TOPO-GS
100
AcDbPoint
 10
-6503.38
 20
5654763.967
 30
0.0
  0
POINT
  5
72E
330
17
100
AcDbEntity
  8
V-TOPO-GS
100
AcDbPoint
 10
-6511.581
 20
5654762.387
 30
0.0
  0
POINT
  5
72F
330
17
100
AcDbEntity
  8
V-TOPO-GS
100
AcDbPoint
 10
-6519.957
 20
5654763.586
 30
0.0
  0
POINT
  5
730
330
17
100
AcDbEntity
  8
V-TOPO-GS
100
AcDbPoint
 10
-6524.751
 20
5654763.701
 30
0.0
  0
POINT
  5
731
330
17
100
AcDbEntity
  8
V-TOPO-GS
100
AcDbPoint
 10
-6541.847
 20
5654763.899
 30
0.0
  0
POINT
  5
732
330
17
100
AcDbEntity
  8
V-TOPO-GS
100
AcDbPoint
 10
-6540.569
 20
5654771.245
 30
0.0
  0
POINT
  5
733
330
17
100
AcDbEntity
  8
V-TOPO-GS
100
AcDbPoint
 10
-6535.349
 20
5654773.362
 30
0.0
  0
POINT
  5
734
330
17
100
AcDbEntity
  8
V-TOPO-GS
100
AcDbPoint
 10
-6525.221
 20
5654770.399
 30
0.0
  0
POINT
  5
735
330
17
100
AcDbEntity
  8
V-TOPO-GS
100
AcDbPoint
 10
-6518.485
 20
5654772.994
 30
0.0
  0
POINT
  5
736
330
17
100
AcDbEntity
  8
V-TOPO-GS
100
AcDbPoint
 10
-6512.044
 20
5654773.738
 30
0.0
  0
POINT
  5
737
330
17
100
AcDbEntity
  8
V-TOPO-GS
100
AcDbPoint
 10
-6488.131
 20
5654770.918
 30
0.0
  0
POINT
  5
738
330
17
100
AcDbEntity
  8
V-TOPO-GS
100
AcDbPoint
 10
-6471.353
 20
5654771.264
 30
0.0
  0
POINT
  5
739
330
17
100
AcDbEntity
  8
V-TOPO-GS
100
AcDbPoint
 10
-6462.36
 20
5654771.948
 30
0.0
  0
POINT
  5
73A
330
17
100
AcDbEntity
  8
V-TOPO-GS
100
AcDbPoint
 10
-6445.84
 20
5654773.436
 30
0.0
  0
POINT
  5
73B
330
17
100
AcDbEntity
  8
V-TOPO-GS
100
AcDbPoint
 10
-6477.48
 20
5654779.836
 30
0.0
  0
POINT
  5
73C
330
17
100
AcDbEntity
  8
V-TOPO-GS
100
AcDbPoint
 10
-6493.441
 20
5654779.661
 30
0.0
  0
POINT
  5
73D
330
17
100
AcDbEntity
  8
V-TOPO-GS
100
AcDbPoint
 10
-6501.393
 20
5654780.066
 30
0.0
  0
POINT
  5
73E
330
17
100
AcDbEntity
  8
V-TOPO-GS
100
AcDbPoint
 10
-6510.305
 20
5654780.855
 30
0.0
  0
POINT
  5
73F
330
17
100
AcDbEntity
  8
V-TOPO-GS
100
AcDbPoint
 10
-6518.32
 20
5654778.577
 30
0.0
  0
POINT
  5
740
330
17
100
AcDbEntity
  8
V-TOPO-GS
100
AcDbPoint
 10
-6526.318
 20
5654779.137
 30
0.0
  0
POINT
  5
741
330
17
100
AcDbEntity
  8
V-TOPO-GS
100
AcDbPoint
 10
-6536.178
 20
5654779.356
 30
0.0
  0
POINT
  5
742
330
17
100
AcDbEntity
  8
V-TOPO-GS
100
AcDbPoint
 10
-6544.282
 20
5654787.606
 30
0.0
  0
POINT
  5
743
330
17
100
AcDbEntity
  8
V-TOPO-GS
100
AcDbPoint
 10
-6533.215
 20
5654786.953
 30
0.0
  0
POINT
  5
744
330
17
100
AcDbEntity
  8
V-TOPO-GS
100
AcDbPoint
 10
-6509.475
 20
5654788.022
 30
0.0
  0
POINT
  5
745
330
17
100
AcDbEntity
  8
V-TOPO-GS
100
AcDbPoint
 10
-6488.389
 20
5654785.984
 30
0.0
  0
POINT
  5
746
330
17
100
AcDbEntity
  8
V-TOPO-GS
100
AcDbPoint
 10
-6528.154
 20
5654797.0
 30
0.0
  0
POINT
  5
747
330
17
100
AcDbEntity
  8
V-TOPO-GS
100
AcDbPoint
 10
-6532.508
 20
5654794.076
 30
0.0
  0
TEXT
  5
748
330
17
100
AcDbEntity
  8
V-TOPO-SPOT
100
AcDbText
 10
-6479.593
 20
5654612.559
 30
0.0
 40
0.8
  1
1084.19
  7
BR-STD
 11
-6479.593
 21
5654612.559
 31
0.0
100
AcDbText
 73
2
  0
TEXT
  5
749
330
17
100
AcDbEntity
  8
V-TOPO-SPOT
100
AcDbText
 10
-6455.621999999999
 20
5654611.917
 30
0.0
 40
0.8
  1
1082.94
  7
BR-STD
 11
-6455.621999999999
 21
5654611.917
 31
0.0
100
AcDbText
 73
2
  0
TEXT
  5
74A
330
17
100
AcDbEntity
  8
V-TOPO-SPOT
100
AcDbText
 10
-6438.737
 20
5654621.611
 30
0.0
 40
0.8
  1
1081.47
  7
BR-STD
 11
-6438.737
 21
5654621.611
 31
0.0
100
AcDbText
 73
2
  0
TEXT
  5
74B
330
17
100
AcDbEntity
  8
V-TOPO-SPOT
100
AcDbText
 10
-6447.718
 20
5654619.702
 30
0.0
 40
0.8
  1
1082.05
  7
BR-STD
 11
-6447.718
 21
5654619.702
 31
0.0
100
AcDbText
 73
2
  0
TEXT
  5
74C
330
17
100
AcDbEntity
  8
V-TOPO-SPOT
100
AcDbText
 10
-6460.495999999999
 20
5654619.857
 30
0.0
 40
0.8
  1
1083.03
  7
BR-STD
 11
-6460.495999999999
 21
5654619.857
 31
0.0
100
AcDbText
 73
2
  0
TEXT
  5
74D
330
17
100
AcDbEntity
  8
V-TOPO-SPOT
100
AcDbText
 10
-6469.937
 20
5654621.591
 30
0.0
 40
0.8
  1
1083.48
  7
BR-STD
 11
-6469.937
 21
5654621.591
 31
0.0
100
AcDbText
 73
2
  0
TEXT
  5
74E
330
17
100
AcDbEntity
  8
V-TOPO-SPOT
100
AcDbText
 10
-6487.482999999999
 20
5654618.73
 30
0.0
 40
0.8
  1
1084.14
  7
BR-STD
 11
-6487.482999999999
 21
5654618.73
 31
0.0
100
AcDbText
 73
2
  0
TEXT
  5
74F
330
17
100
AcDbEntity
  8
V-TOPO-SPOT
100
AcDbText
 10
-6500.763999999999
 20
5654618.505
 30
0.0
 40
0.8
  1
1084.13
  7
BR-STD
 11
-6500.763999999999
 21
5654618.505
 31
0.0
100
AcDbText
 73
2
  0
TEXT
  5
750
330
17
100
AcDbEntity
  8
V-TOPO-SPOT
100
AcDbText
 10
-6511.183
 20
5654621.804
 30
0.0
 40
0.8
  1
1085.64
  7
BR-STD
 11
-6511.183
 21
5654621.804
 31
0.0
100
AcDbText
 73
2
  0
TEXT
  5
751
330
17
100
AcDbEntity
  8
V-TOPO-SPOT
100
AcDbText
 10
-6495.262
 20
5654628.51
 30
0.0
 40
0.8
  1
1084.56
  7
BR-STD
 11
-6495.262
 21
5654628.51
 31
0.0
100
AcDbText
 73
2
  0
TEXT
  5
752
330
17
100
AcDbEntity
  8
V-TOPO-SPOT
100
AcDbText
 10
-6484.754
 20
5654628.105
 30
0.0
 40
0.8
  1
1084.14
  7
BR-STD
 11
-6484.754
 21
5654628.105
 31
0.0
100
AcDbText
 73
2
  0
TEXT
  5
753
330
17
100
AcDbEntity
  8
V-TOPO-SPOT
100
AcDbText
 10
-6453.590999999999
 20
5654628.474
 30
0.0
 40
0.8
  1
1082.49
  7
BR-STD
 11
-6453.590999999999
 21
5654628.474
 31
0.0
100
AcDbText
 73
2
  0
TEXT
  5
754
330
17
100
AcDbEntity
  8
V-TOPO-SPOT
100
AcDbText
 10
-6429.209
 20
5654627.191
 30
0.0
 40
0.8
  1
1080.70
  7
BR-STD
 11
-6429.209
 21
5654627.191
 31
0.0
100
AcDbText
 73
2
  0
TEXT
  5
755
330
17
100
AcDbEntity
  8
V-TOPO-SPOT
100
AcDbText
 10
-6405.103
 20
5654628.251
 30
0.0
 40
0.8
  1
1079.95
  7
BR-STD
 11
-6405.103
 21
5654628.251
 31
0.0
100
AcDbText
 73
2
  0
TEXT
  5
756
330
17
100
AcDbEntity
  8
V-TOPO-SPOT
100
AcDbText
 10
-6413.451999999999
 20
5654634.623
 30
0.0
 40
0.8
  1
1080.29
  7
BR-STD
 11
-6413.451999999999
 21
5654634.623
 31
0.0
100
AcDbText
 73
2
  0
TEXT
  5
757
330
17
100
AcDbEntity
  8
V-TOPO-SPOT
100
AcDbText
 10
-6437.714
 20
5654636.056
 30
0.0
 40
0.8
  1
1081.32
  7
BR-STD
 11
-6437.714
 21
5654636.056
 31
0.0
100
AcDbText
 73
2
  0
TEXT
  5
758
330
17
100
AcDbEntity
  8
V-TOPO-SPOT
100
AcDbText
 10
-6460.825
 20
5654637.708
 30
0.0
 40
0.8
  1
1083.01
  7
BR-STD
 11
-6460.825
 21
5654637.708
 31
0.0
100
AcDbText
 73
2
  0
TEXT
  5
759
330
17
100
AcDbEntity
  8
V-TOPO-SPOT
100
AcDbText
 10
-6478.937
 20
5654635.879
 30
0.0
 40
0.8
  1
1084.09
  7
BR-STD
 11
-6478.937
 21
5654635.879
 31
0.0
100
AcDbText
 73
2
  0
TEXT
  5
75A
330
17
100
AcDbEntity
  8
V-TOPO-SPOT
100
AcDbText
 10
-6510.574
 20
5654637.52
 30
0.0
 40
0.8
  1
1085.39
  7
BR-STD
 11
-6510.574
 21
5654637.52
 31
0.0
100
AcDbText
 73
2
  0
TEXT
  5
75B
330
17
100
AcDbEntity
  8
V-TOPO-SPOT
100
AcDbText
 10
-6516.054999999999
 20
5654645.108
 30
0.0
 40
0.8
  1
1085.78
  7
BR-STD
 11
-6516.054999999999
 21
5654645.108
 31
0.0
100
AcDbText
 73
2
  0
TEXT
  5
75C
330
17
100
AcDbEntity
  8
V-TOPO-SPOT
100
AcDbText
 10
-6500.602
 20
5654645.656
 30
0.0
 40
0.8
  1
1084.79
  7
BR-STD
 11
-6500.602
 21
5654645.656
 31
0.0
100
AcDbText
 73
2
  0
TEXT
  5
75D
330
17
100
AcDbEntity
  8
V-TOPO-SPOT
100
AcDbText
 10
-6486.695
 20
5654644.138
 30
0.0
 40
0.8
  1
1084.36
  7
BR-STD
 11
-6486.695
 21
5654644.138
 31
0.0
100
AcDbText
 73
2
  0
TEXT
  5
75E
330
17
100
AcDbEntity
  8
V-TOPO-SPOT
100
AcDbText
 10
-6467.857
 20
5654644.781
 30
0.0
 40
0.8
  1
1083.49
  7
BR-STD
 11
-6467.857
 21
5654644.781
 31
0.0
100
AcDbText
 73
2
  0
TEXT
  5
75F
330
17
100
AcDbEntity
  8
V-TOPO-SPOT
100
AcDbText
 10
-6452.518
 20
5654642.309
 30
0.0
 40
0.8
  1
1082.36
  7
BR-STD
 11
-6452.518
 21
5654642.309
 31
0.0
100
AcDbText
 73
2
  0
TEXT
  5
760
330
17
100
AcDbEntity
  8
V-TOPO-SPOT
100
AcDbText
 10
-6436.446999999999
 20
5654645.499
 30
0.0
 40
0.8
  1
1081.60
  7
BR-STD
 11
-6436.446999999999
 21
5654645.499
 31
0.0
100
AcDbText
 73
2
  0
TEXT
  5
761
330
17
100
AcDbEntity
  8
V-TOPO-SPOT
100
AcDbText
 10
-6423.73
 20
5654643.626
 30
0.0
 40
0.8
  1
1080.88
  7
BR-STD
 11
-6423.73
 21
5654643.626
 31
0.0
100
AcDbText
 73
2
  0
TEXT
  5
762
330
17
100
AcDbEntity
  8
V-TOPO-SPOT
100
AcDbText
 10
-6407.281
 20
5654645.71
 30
0.0
 40
0.8
  1
1080.62
  7
BR-STD
 11
-6407.281
 21
5654645.71
 31
0.0
100
AcDbText
 73
2
  0
TEXT
  5
763
330
17
100
AcDbEntity
  8
V-TOPO-SPOT
100
AcDbText
 10
-6413.406
 20
5654653.033
 30
0.0
 40
0.8
  1
1080.74
  7
BR-STD
 11
-6413.406
 21
5654653.033
 31
0.0
100
AcDbText
 73
2
  0
TEXT
  5
764
330
17
100
AcDbEntity
  8
V-TOPO-SPOT
100
AcDbText
 10
-6443.826999999999
 20
5654652.975
 30
0.0
 40
0.8
  1
1082.04
  7
BR-STD
 11
-6443.826999999999
 21
5654652.975
 31
0.0
100
AcDbText
 73
2
  0
TEXT
  5
765
330
17
100
AcDbEntity
  8
V-TOPO-SPOT
100
AcDbText
 10
-6461.969999999999
 20
5654652.085
 30
0.0
 40
0.8
  1
1083.06
  7
BR-STD
 11
-6461.969999999999
 21
5654652.085
 31
0.0
100
AcDbText
 73
2
  0
TEXT
  5
766
330
17
100
AcDbEntity
  8
V-TOPO-SPOT
100
AcDbText
 10
-6475.898999999999
 20
5654650.593
 30
0.0
 40
0.8
  1
1083.78
  7
BR-STD
 11
-6475.898999999999
 21
5654650.593
 31
0.0
100
AcDbText
 73
2
  0
TEXT
  5
767
330
17
100
AcDbEntity
  8
V-TOPO-SPOT
100
AcDbText
 10
-6524.588
 20
5654660.605
 30
0.0
 40
0.8
  1
1085.52
  7
BR-STD
 11
-6524.588
 21
5654660.605
 31
0.0
100
AcDbText
 73
2
  0
TEXT
  5
768
330
17
100
AcDbEntity
  8
V-TOPO-SPOT
100
AcDbText
 10
-6508.357999999999
 20
5654659.208
 30
0.0
 40
0.8
  1
1085.29
  7
BR-STD
 11
-6508.357999999999
 21
5654659.208
 31
0.0
100
AcDbText
 73
2
  0
TEXT
  5
769
330
17
100
AcDbEntity
  8
V-TOPO-SPOT
100
AcDbText
 10
-6494.004
 20
5654658.174
 30
0.0
 40
0.8
  1
1084.50
  7
BR-STD
 11
-6494.004
 21
5654658.174
 31
0.0
100
AcDbText
 73
2
  0
TEXT
  5
76A
330
17
100
AcDbEntity
  8
V-TOPO-SPOT
100
AcDbText
 10
-6468.619
 20
5654661.285
 30
0.0
 40
0.8
  1
1083.43
  7
BR-STD
 11
-6468.619
 21
5654661.285
 31
0.0
100
AcDbText
 73
2
  0
TEXT
  5
76B
330
17
100
AcDbEntity
  8
V-TOPO-SPOT
100
AcDbText
 10
-6454.646
 20
5654661.03
 30
0.0
 40
0.8
  1
1082.56
  7
BR-STD
 11
-6454.646
 21
5654661.03
 31
0.0
100
AcDbText
 73
2
  0
TEXT
  5
76C
330
17
100
AcDbEntity
  8
V-TOPO-SPOT
100
AcDbText
 10
-6428.989
 20
5654658.896
 30
0.0
 40
0.8
  1
1081.59
  7
BR-STD
 11
-6428.989
 21
5654658.896
 31
0.0
100
AcDbText
 73
2
  0
TEXT
  5
76D
330
17
100
AcDbEntity
  8
V-TOPO-SPOT
100
AcDbText
 10
-6405.411999999999
 20
5654668.066
 30
0.0
 40
0.8
  1
1081.18
  7
BR-STD
 11
-6405.411999999999
 21
5654668.066
 31
0.0
100
AcDbText
 73
2
  0
TEXT
  5
76E
330
17
100
AcDbEntity
  8
V-TOPO-SPOT
100
AcDbText
 10
-6423.12
 20
5654667.895
 30
0.0
 40
0.8
  1
1081.48
  7
BR-STD
 11
-6423.12
 21
5654667.895
 31
0.0
100
AcDbText
 73
2
  0
TEXT
  5
76F
330
17
100
AcDbEntity
  8
V-TOPO-SPOT
100
AcDbText
 10
-6438.473
 20
5654666.879
 30
0.0
 40
0.8
  1
1081.97
  7
BR-STD
 11
-6438.473
 21
5654666.879
 31
0.0
100
AcDbText
 73
2
  0
TEXT
  5
770
330
17
100
AcDbEntity
  8
V-TOPO-SPOT
100
AcDbText
 10
-6447.487999999999
 20
5654667.365
 30
0.0
 40
0.8
  1
1082.28
  7
BR-STD
 11
-6447.487999999999
 21
5654667.365
 31
0.0
100
AcDbText
 73
2
  0
TEXT
  5
771
330
17
100
AcDbEntity
  8
V-TOPO-SPOT
100
AcDbText
 10
-6477.075
 20
5654666.133
 30
0.0
 40
0.8
  1
1083.65
  7
BR-STD
 11
-6477.075
 21
5654666.133
 31
0.0
100
AcDbText
 73
2
  0
TEXT
  5
772
330
17
100
AcDbEntity
  8
V-TOPO-SPOT
100
AcDbText
 10
-6486.525
 20
5654668.183
 30
0.0
 40
0.8
  1
1084.16
  7
BR-STD
 11
-6486.525
 21
5654668.183
 31
0.0
100
AcDbText
 73
2
  0
TEXT
  5
773
330
17
100
AcDbEntity
  8
V-TOPO-SPOT
100
AcDbText
 10
-6500.275
 20
5654667.827
 30
0.0
 40
0.8
  1
1084.94
  7
BR-STD
 11
-6500.275
 21
5654667.827
 31
0.0
100
AcDbText
 73
2
  0
TEXT
  5
774
330
17
100
AcDbEntity
  8
V-TOPO-SPOT
100
AcDbText
 10
-6532.21
 20
5654676.988
 30
0.0
 40
0.8
  1
1085.74
  7
BR-STD
 11
-6532.21
 21
5654676.988
 31
0.0
100
AcDbText
 73
2
  0
TEXT
  5
775
330
17
100
AcDbEntity
  8
V-TOPO-SPOT
100
AcDbText
 10
-6516.018
 20
5654674.796
 30
0.0
 40
0.8
  1
1085.58
  7
BR-STD
 11
-6516.018
 21
5654674.796
 31
0.0
100
AcDbText
 73
2
  0
TEXT
  5
776
330
17
100
AcDbEntity
  8
V-TOPO-SPOT
100
AcDbText
 10
-6491.902999999999
 20
5654675.406
 30
0.0
 40
0.8
  1
1084.27
  7
BR-STD
 11
-6491.902999999999
 21
5654675.406
 31
0.0
100
AcDbText
 73
2
  0
TEXT
  5
777
330
17
100
AcDbEntity
  8
V-TOPO-SPOT
100
AcDbText
 10
-6476.517
 20
5654676.882
 30
0.0
 40
0.8
  1
1083.70
  7
BR-STD
 11
-6476.517
 21
5654676.882
 31
0.0
100
AcDbText
 73
2
  0
TEXT
  5
778
330
17
100
AcDbEntity
  8
V-TOPO-SPOT
100
AcDbText
 10
-6462.745
 20
5654675.209
 30
0.0
 40
0.8
  1
1083.27
  7
BR-STD
 11
-6462.745
 21
5654675.209
 31
0.0
100
AcDbText
 73
2
  0
TEXT
  5
779
330
17
100
AcDbEntity
  8
V-TOPO-SPOT
100
AcDbText
 10
-6453.575
 20
5654675.564
 30
0.0
 40
0.8
  1
1082.75
  7
BR-STD
 11
-6453.575
 21
5654675.564
 31
0.0
100
AcDbText
 73
2
  0
TEXT
  5
77A
330
17
100
AcDbEntity
  8
V-TOPO-SPOT
100
AcDbText
 10
-6430.473999999999
 20
5654676.13
 30
0.0
 40
0.8
  1
1081.98
  7
BR-STD
 11
-6430.473999999999
 21
5654676.13
 31
0.0
100
AcDbText
 73
2
  0
TEXT
  5
77B
330
17
100
AcDbEntity
  8
V-TOPO-SPOT
100
AcDbText
 10
-6412.441
 20
5654674.197
 30
0.0
 40
0.8
  1
1081.21
  7
BR-STD
 11
-6412.441
 21
5654674.197
 31
0.0
100
AcDbText
 73
2
  0
TEXT
  5
77C
330
17
100
AcDbEntity
  8
V-TOPO-SPOT
100
AcDbText
 10
-6406.879
 20
5654685.634
 30
0.0
 40
0.8
  1
1081.55
  7
BR-STD
 11
-6406.879
 21
5654685.634
 31
0.0
100
AcDbText
 73
2
  0
TEXT
  5
77D
330
17
100
AcDbEntity
  8
V-TOPO-SPOT
100
AcDbText
 10
-6421.512
 20
5654684.498
 30
0.0
 40
0.8
  1
1081.81
  7
BR-STD
 11
-6421.512
 21
5654684.498
 31
0.0
100
AcDbText
 73
2
  0
TEXT
  5
77E
330
17
100
AcDbEntity
  8
V-TOPO-SPOT
100
AcDbText
 10
-6437.589999999999
 20
5654684.968
 30
0.0
 40
0.8
  1
1082.51
  7
BR-STD
 11
-6437.589999999999
 21
5654684.968
 31
0.0
100
AcDbText
 73
2
  0
TEXT
  5
77F
330
17
100
AcDbEntity
  8
V-TOPO-SPOT
100
AcDbText
 10
-6470.3769999999995
 20
5654685.765
 30
0.0
 40
0.8
  1
1083.68
  7
BR-STD
 11
-6470.3769999999995
 21
5654685.765
 31
0.0
100
AcDbText
 73
2
  0
TEXT
  5
780
330
17
100
AcDbEntity
  8
V-TOPO-SPOT
100
AcDbText
 10
-6502.017
 20
5654684.351
 30
0.0
 40
0.8
  1
1084.84
  7
BR-STD
 11
-6502.017
 21
5654684.351
 31
0.0
100
AcDbText
 73
2
  0
TEXT
  5
781
330
17
100
AcDbEntity
  8
V-TOPO-SPOT
100
AcDbText
 10
-6524.246999999999
 20
5654684.783
 30
0.0
 40
0.8
  1
1085.67
  7
BR-STD
 11
-6524.246999999999
 21
5654684.783
 31
0.0
100
AcDbText
 73
2
  0
TEXT
  5
782
330
17
100
AcDbEntity
  8
V-TOPO-SPOT
100
AcDbText
 10
-6535.239
 20
5654692.357
 30
0.0
 40
0.8
  1
1085.97
  7
BR-STD
 11
-6535.239
 21
5654692.357
 31
0.0
100
AcDbText
 73
2
  0
TEXT
  5
783
330
17
100
AcDbEntity
  8
V-TOPO-SPOT
100
AcDbText
 10
-6516.714
 20
5654692.311
 30
0.0
 40
0.8
  1
1085.45
  7
BR-STD
 11
-6516.714
 21
5654692.311
 31
0.0
100
AcDbText
 73
2
  0
TEXT
  5
784
330
17
100
AcDbEntity
  8
V-TOPO-SPOT
100
AcDbText
 10
-6493.3589999999995
 20
5654691.034
 30
0.0
 40
0.8
  1
1084.53
  7
BR-STD
 11
-6493.3589999999995
 21
5654691.034
 31
0.0
100
AcDbText
 73
2
  0
TEXT
  5
785
330
17
100
AcDbEntity
  8
V-TOPO-SPOT
100
AcDbText
 10
-6477.224999999999
 20
5654693.924
 30
0.0
 40
0.8
  1
1084.03
  7
BR-STD
 11
-6477.224999999999
 21
5654693.924
 31
0.0
100
AcDbText
 73
2
  0
TEXT
  5
786
330
17
100
AcDbEntity
  8
V-TOPO-SPOT
100
AcDbText
 10
-6461.8859999999995
 20
5654690.985
 30
0.0
 40
0.8
  1
1083.75
  7
BR-STD
 11
-6461.8859999999995
 21
5654690.985
 31
0.0
100
AcDbText
 73
2
  0
TEXT
  5
787
330
17
100
AcDbEntity
  8
V-TOPO-SPOT
100
AcDbText
 10
-6444.665999999999
 20
5654691.714
 30
0.0
 40
0.8
  1
1082.91
  7
BR-STD
 11
-6444.665999999999
 21
5654691.714
 31
0.0
100
AcDbText
 73
2
  0
TEXT
  5
788
330
17
100
AcDbEntity
  8
V-TOPO-SPOT
100
AcDbText
 10
-6429.575
 20
5654691.667
 30
0.0
 40
0.8
  1
1082.35
  7
BR-STD
 11
-6429.575
 21
5654691.667
 31
0.0
100
AcDbText
 73
2
  0
TEXT
  5
789
330
17
100
AcDbEntity
  8
V-TOPO-SPOT
100
AcDbText
 10
-6407.433
 20
5654700.949
 30
0.0
 40
0.8
  1
1081.78
  7
BR-STD
 11
-6407.433
 21
5654700.949
 31
0.0
100
AcDbText
 73
2
  0
TEXT
  5
78A
330
17
100
AcDbEntity
  8
V-TOPO-SPOT
100
AcDbText
 10
-6423.473999999999
 20
5654700.478
 30
0.0
 40
0.8
  1
1082.34
  7
BR-STD
 11
-6423.473999999999
 21
5654700.478
 31
0.0
100
AcDbText
 73
2
  0
TEXT
  5
78B
330
17
100
AcDbEntity
  8
V-TOPO-SPOT
100
AcDbText
 10
-6436.465999999999
 20
5654699.474
 30
0.0
 40
0.8
  1
1082.93
  7
BR-STD
 11
-6436.465999999999
 21
5654699.474
 31
0.0
100
AcDbText
 73
2
  0
TEXT
  5
78C
330
17
100
AcDbEntity
  8
V-TOPO-SPOT
100
AcDbText
 10
-6455.137
 20
5654698.078
 30
0.0
 40
0.8
  1
1083.51
  7
BR-STD
 11
-6455.137
 21
5654698.078
 31
0.0
100
AcDbText
 73
2
  0
TEXT
  5
78D
330
17
100
AcDbEntity
  8
V-TOPO-SPOT
100
AcDbText
 10
-6483.840999999999
 20
5654700.741
 30
0.0
 40
0.8
  1
1084.26
  7
BR-STD
 11
-6483.840999999999
 21
5654700.741
 31
0.0
100
AcDbText
 73
2
  0
TEXT
  5
78E
330
17
100
AcDbEntity
  8
V-TOPO-SPOT
100
AcDbText
 10
-6500.7789999999995
 20
5654699.845
 30
0.0
 40
0.8
  1
1084.89
  7
BR-STD
 11
-6500.7789999999995
 21
5654699.845
 31
0.0
100
AcDbText
 73
2
  0
TEXT
  5
78F
330
17
100
AcDbEntity
  8
V-TOPO-SPOT
100
AcDbText
 10
-6510.155
 20
5654701.646
 30
0.0
 40
0.8
  1
1085.19
  7
BR-STD
 11
-6510.155
 21
5654701.646
 31
0.0
100
AcDbText
 73
2
  0
TEXT
  5
790
330
17
100
AcDbEntity
  8
V-TOPO-SPOT
100
AcDbText
 10
-6523.855
 20
5654700.845
 30
0.0
 40
0.8
  1
1086.00
  7
BR-STD
 11
-6523.855
 21
5654700.845
 31
0.0
100
AcDbText
 73
2
  0
TEXT
  5
791
330
17
100
AcDbEntity
  8
V-TOPO-SPOT
100
AcDbText
 10
-6532.920999999999
 20
5654706.456
 30
0.0
 40
0.8
  1
1086.22
  7
BR-STD
 11
-6532.920999999999
 21
5654706.456
 31
0.0
100
AcDbText
 73
2
  0
TEXT
  5
792
330
17
100
AcDbEntity
  8
V-TOPO-SPOT
100
AcDbText
 10
-6495.133
 20
5654707.553
 30
0.0
 40
0.8
  1
1084.95
  7
BR-STD
 11
-6495.133
 21
5654707.553
 31
0.0
100
AcDbText
 73
2
  0
TEXT
  5
793
330
17
100
AcDbEntity
  8
V-TOPO-SPOT
100
AcDbText
 10
-6478.316
 20
5654708.61
 30
0.0
 40
0.8
  1
1084.43
  7
BR-STD
 11
-6478.316
 21
5654708.61
 31
0.0
100
AcDbText
 73
2
  0
TEXT
  5
794
330
17
100
AcDbEntity
  8
V-TOPO-SPOT
100
AcDbText
 10
-6469.473999999999
 20
5654706.876
 30
0.0
 40
0.8
  1
1084.05
  7
BR-STD
 11
-6469.473999999999
 21
5654706.876
 31
0.0
100
AcDbText
 73
2
  0
TEXT
  5
795
330
17
100
AcDbEntity
  8
V-TOPO-SPOT
100
AcDbText
 10
-6460.009999999999
 20
5654707.21
 30
0.0
 40
0.8
  1
1083.75
  7
BR-STD
 11
-6460.009999999999
 21
5654707.21
 31
0.0
100
AcDbText
 73
2
  0
TEXT
  5
796
330
17
100
AcDbEntity
  8
V-TOPO-SPOT
100
AcDbText
 10
-6445.509999999999
 20
5654707.112
 30
0.0
 40
0.8
  1
1083.34
  7
BR-STD
 11
-6445.509999999999
 21
5654707.112
 31
0.0
100
AcDbText
 73
2
  0
TEXT
  5
797
330
17
100
AcDbEntity
  8
V-TOPO-SPOT
100
AcDbText
 10
-6430.266
 20
5654706.88
 30
0.0
 40
0.8
  1
1082.93
  7
BR-STD
 11
-6430.266
 21
5654706.88
 31
0.0
100
AcDbText
 73
2
  0
TEXT
  5
798
330
17
100
AcDbEntity
  8
V-TOPO-SPOT
100
AcDbText
 10
-6413.719
 20
5654709.828
 30
0.0
 40
0.8
  1
1082.25
  7
BR-STD
 11
-6413.719
 21
5654709.828
 31
0.0
100
AcDbText
 73
2
  0
TEXT
  5
799
330
17
100
AcDbEntity
  8
V-TOPO-SPOT
100
AcDbText
 10
-6405.936
 20
5654714.869
 30
0.0
 40
0.8
  1
1082.01
  7
BR-STD
 11
-6405.936
 21
5654714.869
 31
0.0
100
AcDbText
 73
2
  0
TEXT
  5
79A
330
17
100
AcDbEntity
  8
V-TOPO-SPOT
100
AcDbText
 10
-6421.016
 20
5654715.5
 30
0.0
 40
0.8
  1
1082.80
  7
BR-STD
 11
-6421.016
 21
5654715.5
 31
0.0
100
AcDbText
 73
2
  0
TEXT
  5
79B
330
17
100
AcDbEntity
  8
V-TOPO-SPOT
100
AcDbText
 10
-6431.04
 20
5654716.371
 30
0.0
 40
0.8
  1
1083.21
  7
BR-STD
 11
-6431.04
 21
5654716.371
 31
0.0
100
AcDbText
 73
2
  0
TEXT
  5
79C
330
17
100
AcDbEntity
  8
V-TOPO-SPOT
100
AcDbText
 10
-6454.224999999999
 20
5654717.325
 30
0.0
 40
0.8
  1
1083.49
  7
BR-STD
 11
-6454.224999999999
 21
5654717.325
 31
0.0
100
AcDbText
 73
2
  0
TEXT
  5
79D
330
17
100
AcDbEntity
  8
V-TOPO-SPOT
100
AcDbText
 10
-6486.1759999999995
 20
5654716.817
 30
0.0
 40
0.8
  1
1084.69
  7
BR-STD
 11
-6486.1759999999995
 21
5654716.817
 31
0.0
100
AcDbText
 73
2
  0
TEXT
  5
79E
330
17
100
AcDbEntity
  8
V-TOPO-SPOT
100
AcDbText
 10
-6501.058
 20
5654715.644
 30
0.0
 40
0.8
  1
1085.29
  7
BR-STD
 11
-6501.058
 21
5654715.644
 31
0.0
100
AcDbText
 73
2
  0
TEXT
  5
79F
330
17
100
AcDbEntity
  8
V-TOPO-SPOT
100
AcDbText
 10
-6518.8099999999995
 20
5654714.782
 30
0.0
 40
0.8
  1
1085.69
  7
BR-STD
 11
-6518.8099999999995
 21
5654714.782
 31
0.0
100
AcDbText
 73
2
  0
TEXT
  5
7A0
330
17
100
AcDbEntity
  8
V-TOPO-SPOT
100
AcDbText
 10
-6535.419
 20
5654715.505
 30
0.0
 40
0.8
  1
1086.41
  7
BR-STD
 11
-6535.419
 21
5654715.505
 31
0.0
100
AcDbText
 73
2
  0
TEXT
  5
7A1
330
17
100
AcDbEntity
  8
V-TOPO-SPOT
100
AcDbText
 10
-6540.580999999999
 20
5654725.603
 30
0.0
 40
0.8
  1
1086.66
  7
BR-STD
 11
-6540.580999999999
 21
5654725.603
 31
0.0
100
AcDbText
 73
2
  0
TEXT
  5
7A2
330
17
100
AcDbEntity
  8
V-TOPO-SPOT
100
AcDbText
 10
-6523.889999999999
 20
5654723.758
 30
0.0
 40
0.8
  1
1086.09
  7
BR-STD
 11
-6523.889999999999
 21
5654723.758
 31
0.0
100
AcDbText
 73
2
  0
TEXT
  5
7A3
330
17
100
AcDbEntity
  8
V-TOPO-SPOT
100
AcDbText
 10
-6510.593
 20
5654724.239
 30
0.0
 40
0.8
  1
1085.68
  7
BR-STD
 11
-6510.593
 21
5654724.239
 31
0.0
100
AcDbText
 73
2
  0
TEXT
  5
7A4
330
17
100
AcDbEntity
  8
V-TOPO-SPOT
100
AcDbText
 10
-6493.3769999999995
 20
5654725.444
 30
0.0
 40
0.8
  1
1085.10
  7
BR-STD
 11
-6493.3769999999995
 21
5654725.444
 31
0.0
100
AcDbText
 73
2
  0
TEXT
  5
7A5
330
17
100
AcDbEntity
  8
V-TOPO-SPOT
100
AcDbText
 10
-6476.445
 20
5654724.406
 30
0.0
 40
0.8
  1
1084.24
  7
BR-STD
 11
-6476.445
 21
5654724.406
 31
0.0
100
AcDbText
 73
2
  0
TEXT
  5
7A6
330
17
100
AcDbEntity
  8
V-TOPO-SPOT
100
AcDbText
 10
-6415.708
 20
5654724.511
 30
0.0
 40
0.8
  1
1082.71
  7
BR-STD
 11
-6415.708
 21
5654724.511
 31
0.0
100
AcDbText
 73
2
  0
TEXT
  5
7A7
330
17
100
AcDbEntity
  8
V-TOPO-SPOT
100
AcDbText
 10
-6396.344
 20
5654724.341
 30
0.0
 40
0.8
  1
1082.11
  7
BR-STD
 11
-6396.344
 21
5654724.341
 31
0.0
100
AcDbText
 73
2
  0
TEXT
  5
7A8
330
17
100
AcDbEntity
  8
V-TOPO-SPOT
100
AcDbText
 10
-6391.387
 20
5654733.308
 30
0.0
 40
0.8
  1
1082.38
  7
BR-STD
 11
-6391.387
 21
5654733.308
 31
0.0
100
AcDbText
 73
2
  0
TEXT
  5
7A9
330
17
100
AcDbEntity
  8
V-TOPO-SPOT
100
AcDbText
 10
-6407.174
 20
5654732.373
 30
0.0
 40
0.8
  1
1082.22
  7
BR-STD
 11
-6407.174
 21
5654732.373
 31
0.0
100
AcDbText
 73
2
  0
TEXT
  5
7AA
330
17
100
AcDbEntity
  8
V-TOPO-SPOT
100
AcDbText
 10
-6429.786
 20
5654733.518
 30
0.0
 40
0.8
  1
1083.34
  7
BR-STD
 11
-6429.786
 21
5654733.518
 31
0.0
100
AcDbText
 73
2
  0
TEXT
  5
7AB
330
17
100
AcDbEntity
  8
V-TOPO-SPOT
100
AcDbText
 10
-6445.482999999999
 20
5654733.426
 30
0.0
 40
0.8
  1
1083.48
  7
BR-STD
 11
-6445.482999999999
 21
5654733.426
 31
0.0
100
AcDbText
 73
2
  0
TEXT
  5
7AC
330
17
100
AcDbEntity
  8
V-TOPO-SPOT
100
AcDbText
 10
-6462.722
 20
5654731.191
 30
0.0
 40
0.8
  1
1083.71
  7
BR-STD
 11
-6462.722
 21
5654731.191
 31
0.0
100
AcDbText
 73
2
  0
TEXT
  5
7AD
330
17
100
AcDbEntity
  8
V-TOPO-SPOT
100
AcDbText
 10
-6479.236
 20
5654733.803
 30
0.0
 40
0.8
  1
1084.46
  7
BR-STD
 11
-6479.236
 21
5654733.803
 31
0.0
100
AcDbText
 73
2
  0
TEXT
  5
7AE
330
17
100
AcDbEntity
  8
V-TOPO-SPOT
100
AcDbText
 10
-6500.924999999999
 20
5654730.979
 30
0.0
 40
0.8
  1
1085.38
  7
BR-STD
 11
-6500.924999999999
 21
5654730.979
 31
0.0
100
AcDbText
 73
2
  0
TEXT
  5
7AF
330
17
100
AcDbEntity
  8
V-TOPO-SPOT
100
AcDbText
 10
-6518.65
 20
5654731.347
 30
0.0
 40
0.8
  1
1086.15
  7
BR-STD
 11
-6518.65
 21
5654731.347
 31
0.0
100
AcDbText
 73
2
  0
TEXT
  5
7B0
330
17
100
AcDbEntity
  8
V-TOPO-SPOT
100
AcDbText
 10
-6548.097
 20
5654741.835
 30
0.0
 40
0.8
  1
1087.36
  7
BR-STD
 11
-6548.097
 21
5654741.835
 31
0.0
100
AcDbText
 73
2
  0
TEXT
  5
7B1
330
17
100
AcDbEntity
  8
V-TOPO-SPOT
100
AcDbText
 10
-6533.547
 20
5654740.23
 30
0.0
 40
0.8
  1
1086.82
  7
BR-STD
 11
-6533.547
 21
5654740.23
 31
0.0
100
AcDbText
 73
2
  0
TEXT
  5
7B2
330
17
100
AcDbEntity
  8
V-TOPO-SPOT
100
AcDbText
 10
-6516.116
 20
5654740.072
 30
0.0
 40
0.8
  1
1086.19
  7
BR-STD
 11
-6516.116
 21
5654740.072
 31
0.0
100
AcDbText
 73
2
  0
TEXT
  5
7B3
330
17
100
AcDbEntity
  8
V-TOPO-SPOT
100
AcDbText
 10
-6500.436
 20
5654740.212
 30
0.0
 40
0.8
  1
1085.47
  7
BR-STD
 11
-6500.436
 21
5654740.212
 31
0.0
100
AcDbText
 73
2
  0
TEXT
  5
7B4
330
17
100
AcDbEntity
  8
V-TOPO-SPOT
100
AcDbText
 10
-6484.4039999999995
 20
5654741.896
 30
0.0
 40
0.8
  1
1084.97
  7
BR-STD
 11
-6484.4039999999995
 21
5654741.896
 31
0.0
100
AcDbText
 73
2
  0
TEXT
  5
7B5
330
17
100
AcDbEntity
  8
V-TOPO-SPOT
100
AcDbText
 10
-6471.459
 20
5654739.757
 30
0.0
 40
0.8
  1
1084.09
  7
BR-STD
 11
-6471.459
 21
5654739.757
 31
0.0
100
AcDbText
 73
2
  0
TEXT
  5
7B6
330
17
100
AcDbEntity
  8
V-TOPO-SPOT
100
AcDbText
 10
-6461.362
 20
5654740.146
 30
0.0
 40
0.8
  1
1083.90
  7
BR-STD
 11
-6461.362
 21
5654740.146
 31
0.0
100
AcDbText
 73
2
  0
TEXT
  5
7B7
330
17
100
AcDbEntity
  8
V-TOPO-SPOT
100
AcDbText
 10
-6421.339999999999
 20
5654739.439
 30
0.0
 40
0.8
  1
1083.22
  7
BR-STD
 11
-6421.339999999999
 21
5654739.439
 31
0.0
100
AcDbText
 73
2
  0
TEXT
  5
7B8
330
17
100
AcDbEntity
  8
V-TOPO-SPOT
100
AcDbText
 10
-6399.699
 20
5654740.294
 30
0.0
 40
0.8
  1
1082.58
  7
BR-STD
 11
-6399.699
 21
5654740.294
 31
0.0
100
AcDbText
 73
2
  0
TEXT
  5
7B9
330
17
100
AcDbEntity
  8
V-TOPO-SPOT
100
AcDbText
 10
-6387.826
 20
5654741.605
 30
0.0
 40
0.8
  1
1082.61
  7
BR-STD
 11
-6387.826
 21
5654741.605
 31
0.0
100
AcDbText
 73
2
  0
TEXT
  5
7BA
330
17
100
AcDbEntity
  8
V-TOPO-SPOT
100
AcDbText
 10
-6413.085999999999
 20
5654746.076
 30
0.0
 40
0.8
  1
1082.74
  7
BR-STD
 11
-6413.085999999999
 21
5654746.076
 31
0.0
100
AcDbText
 73
2
  0
TEXT
  5
7BB
330
17
100
AcDbEntity
  8
V-TOPO-SPOT
100
AcDbText
 10
-6423.052
 20
5654749.835
 30
0.0
 40
0.8
  1
1083.08
  7
BR-STD
 11
-6423.052
 21
5654749.835
 31
0.0
100
AcDbText
 73
2
  0
TEXT
  5
7BC
330
17
100
AcDbEntity
  8
V-TOPO-SPOT
100
AcDbText
 10
-6439.295
 20
5654748.66
 30
0.0
 40
0.8
  1
1083.57
  7
BR-STD
 11
-6439.295
 21
5654748.66
 31
0.0
100
AcDbText
 73
2
  0
TEXT
  5
7BD
330
17
100
AcDbEntity
  8
V-TOPO-SPOT
100
AcDbText
 10
-6452.495999999999
 20
5654747.067
 30
0.0
 40
0.8
  1
1083.78
  7
BR-STD
 11
-6452.495999999999
 21
5654747.067
 31
0.0
100
AcDbText
 73
2
  0
TEXT
  5
7BE
330
17
100
AcDbEntity
  8
V-TOPO-SPOT
100
AcDbText
 10
-6492.92
 20
5654747.18
 30
0.0
 40
0.8
  1
1085.34
  7
BR-STD
 11
-6492.92
 21
5654747.18
 31
0.0
100
AcDbText
 73
2
  0
TEXT
  5
7BF
330
17
100
AcDbEntity
  8
V-TOPO-SPOT
100
AcDbText
 10
-6510.092
 20
5654748.239
 30
0.0
 40
0.8
  1
1086.01
  7
BR-STD
 11
-6510.092
 21
5654748.239
 31
0.0
100
AcDbText
 73
2
  0
TEXT
  5
7C0
330
17
100
AcDbEntity
  8
V-TOPO-SPOT
100
AcDbText
 10
-6526.027999999999
 20
5654746.364
 30
0.0
 40
0.8
  1
1086.72
  7
BR-STD
 11
-6526.027999999999
 21
5654746.364
 31
0.0
100
AcDbText
 73
2
  0
TEXT
  5
7C1
330
17
100
AcDbEntity
  8
V-TOPO-SPOT
100
AcDbText
 10
-6533.018999999999
 20
5654757.006
 30
0.0
 40
0.8
  1
1087.18
  7
BR-STD
 11
-6533.018999999999
 21
5654757.006
 31
0.0
100
AcDbText
 73
2
  0
TEXT
  5
7C2
330
17
100
AcDbEntity
  8
V-TOPO-SPOT
100
AcDbText
 10
-6519.593
 20
5654754.282
 30
0.0
 40
0.8
  1
1086.57
  7
BR-STD
 11
-6519.593
 21
5654754.282
 31
0.0
100
AcDbText
 73
2
  0
TEXT
  5
7C3
330
17
100
AcDbEntity
  8
V-TOPO-SPOT
100
AcDbText
 10
-6502.978
 20
5654756.024
 30
0.0
 40
0.8
  1
1085.78
  7
BR-STD
 11
-6502.978
 21
5654756.024
 31
0.0
100
AcDbText
 73
2
  0
TEXT
  5
7C4
330
17
100
AcDbEntity
  8
V-TOPO-SPOT
100
AcDbText
 10
-6484.054999999999
 20
5654756.186
 30
0.0
 40
0.8
  1
1085.22
  7
BR-STD
 11
-6484.054999999999
 21
5654756.186
 31
0.0
100
AcDbText
 73
2
  0
TEXT
  5
7C5
330
17
100
AcDbEntity
  8
V-TOPO-SPOT
100
AcDbText
 10
-6471.3769999999995
 20
5654755.095
 30
0.0
 40
0.8
  1
1084.52
  7
BR-STD
 11
-6471.3769999999995
 21
5654755.095
 31
0.0
100
AcDbText
 73
2
  0
TEXT
  5
7C6
330
17
100
AcDbEntity
  8
V-TOPO-SPOT
100
AcDbText
 10
-6461.831999999999
 20
5654756.354
 30
0.0
 40
0.8
  1
1084.37
  7
BR-STD
 11
-6461.831999999999
 21
5654756.354
 31
0.0
100
AcDbText
 73
2
  0
TEXT
  5
7C7
330
17
100
AcDbEntity
  8
V-TOPO-SPOT
100
AcDbText
 10
-6452.817999999999
 20
5654756.404
 30
0.0
 40
0.8
  1
1084.17
  7
BR-STD
 11
-6452.817999999999
 21
5654756.404
 31
0.0
100
AcDbText
 73
2
  0
TEXT
  5
7C8
330
17
100
AcDbEntity
  8
V-TOPO-SPOT
100
AcDbText
 10
-6431.607999999999
 20
5654754.899
 30
0.0
 40
0.8
  1
1083.46
  7
BR-STD
 11
-6431.607999999999
 21
5654754.899
 31
0.0
100
AcDbText
 73
2
  0
TEXT
  5
7C9
330
17
100
AcDbEntity
  8
V-TOPO-SPOT
100
AcDbText
 10
-6404.946999999999
 20
5654755.709
 30
0.0
 40
0.8
  1
1083.33
  7
BR-STD
 11
-6404.946999999999
 21
5654755.709
 31
0.0
100
AcDbText
 73
2
  0
TEXT
  5
7CA
330
17
100
AcDbEntity
  8
V-TOPO-SPOT
100
AcDbText
 10
-6389.637
 20
5654754.589
 30
0.0
 40
0.8
  1
1082.61
  7
BR-STD
 11
-6389.637
 21
5654754.589
 31
0.0
100
AcDbText
 73
2
  0
TEXT
  5
7CB
330
17
100
AcDbEntity
  8
V-TOPO-SPOT
100
AcDbText
 10
-6429.593
 20
5654765.895
 30
0.0
 40
0.8
  1
1083.89
  7
BR-STD
 11
-6429.593
 21
5654765.895
 31
0.0
100
AcDbText
 73
2
  0
TEXT
  5
7CC
330
17
100
AcDbEntity
  8
V-TOPO-SPOT
100
AcDbText
 10
-6453.021
 20
5654765.79
 30
0.0
 40
0.8
  1
1084.36
  7
BR-STD
 11
-6453.021
 21
5654765.79
 31
0.0
100
AcDbText
 73
2
  0
TEXT
  5
7CD
330
17
100
AcDbEntity
  8
V-TOPO-SPOT
100
AcDbText
 10
-6471.379999999999
 20
5654764.728
 30
0.0
 40
0.8
  1
1084.95
  7
BR-STD
 11
-6471.379999999999
 21
5654764.728
 31
0.0
100
AcDbText
 73
2
  0
TEXT
  5
7CE
330
17
100
AcDbEntity
  8
V-TOPO-SPOT
100
AcDbText
 10
-6491.922
 20
5654763.417
 30
0.0
 40
0.8
  1
1085.58
  7
BR-STD
 11
-6491.922
 21
5654763.417
 31
0.0
100
AcDbText
 73
2
  0
TEXT
  5
7CF
330
17
100
AcDbEntity
  8
V-TOPO-SPOT
100
AcDbText
 10
-6510.981
 20
5654762.387
 30
0.0
 40
0.8
  1
1086.37
  7
BR-STD
 11
-6510.981
 21
5654762.387
 31
0.0
100
AcDbText
 73
2
  0
TEXT
  5
7D0
330
17
100
AcDbEntity
  8
V-TOPO-SPOT
100
AcDbText
 10
-6524.151
 20
5654763.701
 30
0.0
 40
0.8
  1
1086.99
  7
BR-STD
 11
-6524.151
 21
5654763.701
 31
0.0
100
AcDbText
 73
2
  0
TEXT
  5
7D1
330
17
100
AcDbEntity
  8
V-TOPO-SPOT
100
AcDbText
 10
-6541.246999999999
 20
5654763.899
 30
0.0
 40
0.8
  1
1087.31
  7
BR-STD
 11
-6541.246999999999
 21
5654763.899
 31
0.0
100
AcDbText
 73
2
  0
TEXT
  5
7D2
330
17
100
AcDbEntity
  8
V-TOPO-SPOT
100
AcDbText
 10
-6534.749
 20
5654773.362
 30
0.0
 40
0.8
  1
1087.47
  7
BR-STD
 11
-6534.749
 21
5654773.362
 31
0.0
100
AcDbText
 73
2
  0
TEXT
  5
7D3
330
17
100
AcDbEntity
  8
V-TOPO-SPOT
100
AcDbText
 10
-6517.884999999999
 20
5654772.994
 30
0.0
 40
0.8
  1
1087.13
  7
BR-STD
 11
-6517.884999999999
 21
5654772.994
 31
0.0
100
AcDbText
 73
2
  0
TEXT
  5
7D4
330
17
100
AcDbEntity
  8
V-TOPO-SPOT
100
AcDbText
 10
-6461.759999999999
 20
5654771.948
 30
0.0
 40
0.8
  1
1084.82
  7
BR-STD
 11
-6461.759999999999
 21
5654771.948
 31
0.0
100
AcDbText
 73
2
  0
TEXT
  5
7D5
330
17
100
AcDbEntity
  8
V-TOPO-SPOT
100
AcDbText
 10
-6445.24
 20
5654773.436
 30
0.0
 40
0.8
  1
1084.58
  7
BR-STD
 11
-6445.24
 21
5654773.436
 31
0.0
100
AcDbText
 73
2
  0
TEXT
  5
7D6
330
17
100
AcDbEntity
  8
V-TOPO-SPOT
100
AcDbText
 10
-6476.879999999999
 20
5654779.836
 30
0.0
 40
0.8
  1
1085.35
  7
BR-STD
 11
-6476.879999999999
 21
5654779.836
 31
0.0
100
AcDbText
 73
2
  0
TEXT
  5
7D7
330
17
100
AcDbEntity
  8
V-TOPO-SPOT
100
AcDbText
 10
-6492.840999999999
 20
5654779.661
 30
0.0
 40
0.8
  1
1086.03
  7
BR-STD
 11
-6492.840999999999
 21
5654779.661
 31
0.0
100
AcDbText
 73
2
  0
TEXT
  5
7D8
330
17
100
AcDbEntity
  8
V-TOPO-SPOT
100
AcDbText
 10
-6509.705
 20
5654780.855
 30
0.0
 40
0.8
  1
1086.68
  7
BR-STD
 11
-6509.705
 21
5654780.855
 31
0.0
100
AcDbText
 73
2
  0
TEXT
  5
7D9
330
17
100
AcDbEntity
  8
V-TOPO-SPOT
100
AcDbText
 10
-6525.718
 20
5654779.137
 30
0.0
 40
0.8
  1
1087.36
  7
BR-STD
 11
-6525.718
 21
5654779.137
 31
0.0
100
AcDbText
 73
2
  0
TEXT
  5
7DA
330
17
100
AcDbEntity
  8
V-TOPO-SPOT
100
AcDbText
 10
-6543.682
 20
5654787.606
 30
0.0
 40
0.8
  1
1087.69
  7
BR-STD
 11
-6543.682
 21
5654787.606
 31
0.0
100
AcDbText
 73
2
  0
TEXT
  5
7DB
330
17
100
AcDbEntity
  8
V-TOPO-SPOT
100
AcDbText
 10
-6532.615
 20
5654786.953
 30
0.0
 40
0.8
  1
1087.62
  7
BR-STD
 11
-6532.615
 21
5654786.953
 31
0.0
100
AcDbText
 73
2
  0
TEXT
  5
7DC
330
17
100
AcDbEntity
  8
V-TOPO-SPOT
100
AcDbText
 10
-6527.554
 20
5654797.0
 30
0.0
 40
0.8
  1
1087.43
  7
BR-STD
 11
-6527.554
 21
5654797.0
 31
0.0
100
AcDbText
 73
2
  0
VIEWPORT
  5
14A
330
146
100
AcDbEntity
 67
1
  8
VIEWPORTS
100
AcDbViewport
 10
457.2
 20
304.8
 30
0.0
 40
1005.84
 41
670.5600000000001
 68
1
 69
1
 12
457.2
 22
304.8
 13
0.0
 23
0.0
 14
10.0
 24
10.0
 15
10.0
 25
10.0
 16
0.0
 26
0.0
 36
1.0
 17
0.0
 27
0.0
 37
0.0
 42
50.0
 43
0.0
 44
0.0
 45
670.5600000000001
 50
0.0
 51
0.0
 72
100
 90
557088
  1

281
0
 71
0
 74
0
110
0.0
120
0.0
130
0.0
111
1.0
121
0.0
131
0.0
112
0.0
122
1.0
132
0.0
 79
0
146
0.0
282
0
  0
INSERT
  5
14B
330
146
100
AcDbEntity
 67
1
  8
G-ANNO-TTLB
100
AcDbBlockReference
 66
1
  2
TB-ARCH-D
 10
0.0
 20
0.0
 30
0.0
  0
ATTRIB
  5
14D
330
14B
100
AcDbEntity
 67
1
  8
0
 62
0
370
-2
100
AcDbText
 10
797.4
 20
533.1
 30
0.0
 40
2.2
  1
PORTFOLIO STUDY (NOT A CLIENT PROJECT)
  7
BR-STD
 11
797.4
 21
533.1
 31
0.0
100
AcDbAttribute
  2
CLIENT
 70
0
 74
2
 71
1
 72
0
 11
797.4
 21
533.1
 31
0.0
  0
ATTRIB
  5
14E
330
14B
100
AcDbEntity
 67
1
  8
0
 62
0
370
-2
100
AcDbText
 10
797.4
 20
517.1
 30
0.0
 40
3.0
  1
WOLFE PARK - TOPOGRAPHIC SURVEY
  7
BR-STD
 11
797.4
 21
517.1
 31
0.0
100
AcDbAttribute
  2
PROJECT
 70
0
 74
2
 71
1
 72
0
 11
797.4
 21
517.1
 31
0.0
  0
ATTRIB
  5
14F
330
14B
100
AcDbEntity
 67
1
  8
0
 62
0
370
-2
100
AcDbText
 10
797.4
 20
501.1
 30
0.0
 40
2.2
  1
CALGARY, ALBERTA
  7
BR-STD
 11
797.4
 21
501.1
 31
0.0
100
AcDbAttribute
  2
LOCATION
 70
0
 74
2
 71
1
 72
0
 11
797.4
 21
501.1
 31
0.0
  0
ATTRIB
  5
150
330
14B
100
AcDbEntity
 67
1
  8
0
 62
0
370
-2
100
AcDbText
 10
797.4
 20
485.1
 30
0.0
 40
3.5
  1
EXISTING CONDITIONS - TOPOGRAPHIC PLAN
  7
BR-STD
 11
797.4
 21
485.1
 31
0.0
100
AcDbAttribute
  2
DWG_TITLE
 70
0
 74
2
 71
1
 72
0
 11
797.4
 21
485.1
 31
0.0
  0
ATTRIB
  5
151
330
14B
100
AcDbEntity
 67
1
  8
0
 62
0
370
-2
100
AcDbText
 10
797.4
 20
468.1
 30
0.0
 40
1.8
  1
0  2026-09-17  ISSUED FOR PORTFOLIO REVIEW
  7
BR-STD
 11
797.4
 21
468.1
 31
0.0
100
AcDbAttribute
  2
REV1
 70
0
 74
2
 71
1
 72
0
 11
797.4
 21
468.1
 31
0.0
  0
ATTRIB
  5
152
330
14B
100
AcDbEntity
 67
1
  8
0
 62
0
370
-2
100
AcDbText
 10
797.4
 20
461.1
 30
0.0
 40
1.8
  1

  7
BR-STD
 11
797.4
 21
461.1
 31
0.0
100
AcDbAttribute
  2
REV2
 70
0
 74
2
 71
1
 72
0
 11
797.4
 21
461.1
 31
0.0
  0
ATTRIB
  5
153
330
14B
100
AcDbEntity
 67
1
  8
0
 62
0
370
-2
100
AcDbText
 10
797.4
 20
454.1
 30
0.0
 40
1.8
  1

  7
BR-STD
 11
797.4
 21
454.1
 31
0.0
100
AcDbAttribute
  2
REV3
 70
0
 74
2
 71
1
 72
0
 11
797.4
 21
454.1
 31
0.0
  0
ATTRIB
  5
154
330
14B
100
AcDbEntity
 67
1
  8
0
 62
0
370
-2
100
AcDbText
 10
797.4
 20
443.1
 30
0.0
 40
2.0
  1
BR-26-001
  7
BR-STD
 11
797.4
 21
443.1
 31
0.0
100
AcDbAttribute
  2
PROJ_NO
 70
0
 74
2
 71
1
 72
0
 11
797.4
 21
443.1
 31
0.0
  0
ATTRIB
  5
155
330
14B
100
AcDbEntity
 67
1
  8
0
 62
0
370
-2
100
AcDbText
 10
797.4
 20
432.1
 30
0.0
 40
2.0
  1
1:500
  7
BR-STD
 11
797.4
 21
432.1
 31
0.0
100
AcDbAttribute
  2
SCALE
 70
0
 74
2
 71
1
 72
0
 11
797.4
 21
432.1
 31
0.0
  0
ATTRIB
  5
156
330
14B
100
AcDbEntity
 67
1
  8
0
 62
0
370
-2
100
AcDbText
 10
797.4
 20
421.1
 30
0.0
 40
2.0
  1
2026-09-17
  7
BR-STD
 11
797.4
 21
421.1
 31
0.0
100
AcDbAttribute
  2
DATE
 70
0
 74
2
 71
1
 72
0
 11
797.4
 21
421.1
 31
0.0
  0
ATTRIB
  5
157
330
14B
100
AcDbEntity
 67
1
  8
0
 62
0
370
-2
100
AcDbText
 10
797.4
 20
410.1
 30
0.0
 40
2.0
  1
BR
  7
BR-STD
 11
797.4
 21
410.1
 31
0.0
100
AcDbAttribute
  2
DRAWN
 70
0
 74
2
 71
1
 72
0
 11
797.4
 21
410.1
 31
0.0
  0
ATTRIB
  5
158
330
14B
100
AcDbEntity
 67
1
  8
0
 62
0
370
-2
100
AcDbText
 10
797.4
 20
399.1
 30
0.0
 40
2.0
  1
BR
  7
BR-STD
 11
797.4
 21
399.1
 31
0.0
100
AcDbAttribute
  2
CHECKED
 70
0
 74
2
 71
1
 72
0
 11
797.4
 21
399.1
 31
0.0
  0
ATTRIB
  5
159
330
14B
100
AcDbEntity
 67
1
  8
0
 62
0
370
-2
100
AcDbText
 10
797.4
 20
388.1
 30
0.0
 40
2.0
  1
NAD83(CSRS)v7 3TM 114W / CGVD2013
  7
BR-STD
 11
797.4
 21
388.1
 31
0.0
100
AcDbAttribute
  2
CRS
 70
0
 74
2
 71
1
 72
0
 11
797.4
 21
388.1
 31
0.0
  0
ATTRIB
  5
15A
330
14B
100
AcDbEntity
 67
1
  8
0
 62
0
370
-2
100
AcDbText
 10
816.4
 20
17.0
 30
0.0
 40
6.0
  1
V-101
  7
BR-TITLE
 72
1
 11
816.4
 21
17.0
 31
0.0
100
AcDbAttribute
  2
SHEET_NO
 70
0
 74
2
 71
1
 72
0
 11
816.4
 21
17.0
 31
0.0
  0
ATTRIB
  5
15B
330
14B
100
AcDbEntity
 67
1
  8
0
 62
0
370
-2
100
AcDbText
 10
873.6
 20
20.0
 30
0.0
 40
2.5
  1
1 OF 1
  7
BR-STD
 72
1
 11
873.6
 21
20.0
 31
0.0
100
AcDbAttribute
  2
SHEETS
 70
0
 74
2
 71
1
 72
0
 11
873.6
 21
20.0
 31
0.0
  0
SEQEND
  5
14C
330
146
100
AcDbEntity
 67
1
  8
G-ANNO-TTLB
  0
VIEWPORT
  5
15C
330
146
100
AcDbEntity
 67
1
  8
G-VPRT
100
AcDbViewport
 10
402.2
 20
304.8
 30
0.0
 40
774.4
 41
579.6
 68
2
 69
3
 12
-6461.17239791386
 22
5654695.712884735
 13
0.0
 23
0.0
 14
10.0
 24
10.0
 15
10.0
 25
10.0
 16
0.0
 26
0.0
 36
1.0
 17
0.0
 27
0.0
 37
0.0
 42
50.0
 43
0.0
 44
0.0
 45
289.8
 50
0.0
 51
0.0
 72
100
 90
0
  1

281
0
 71
0
 74
0
110
0.0
120
0.0
130
0.0
111
1.0
121
0.0
131
0.0
112
0.0
122
1.0
132
0.0
 79
0
146
0.0
282
0
  0
INSERT
  5
15D
330
146
100
AcDbEntity
 67
1
  8
G-ANNO-WMRK
100
AcDbBlockReference
  2
WATERMARK-SAMPLE
 10
402.2
 20
304.8
 30
0.0
 50
30.0
  0
INSERT
  5
15F
330
146
100
AcDbEntity
 67
1
  8
G-ANNO-NRTH
100
AcDbBlockReference
  2
NORTH-ARROW
 10
774.4
 20
574.6
 30
0.0
  0
TEXT
  5
7DD
330
146
100
AcDbEntity
 67
1
  8
G-ANNO-NOTE
100
AcDbText
 10
797.0
 20
262.0
 30
0.0
 40
1.9
  1
1. SIMULATED FIELD DATA - PORTFOLIO EXERCISE, NOT A SURVEY.
  7
BR-STD
 11
797.0
 21
262.0
 31
0.0
100
AcDbText
 73
3
  0
TEXT
  5
7DE
330
146
100
AcDbEntity
 67
1
  8
G-ANNO-NOTE
100
AcDbText
 10
797.0
 20
257.8
 30
0.0
 40
1.9
  1
   OBSERVATIONS GENERATED FROM OPEN DATA WITH AN
  7
BR-STD
 11
797.0
 21
257.8
 31
0.0
100
AcDbText
 73
3
  0
TEXT
  5
7DF
330
146
100
AcDbEntity
 67
1
  8
G-ANNO-NOTE
100
AcDbText
 10
797.0
 20
253.60000000000002
 30
0.0
 40
1.9
  1
   INSTRUMENT ERROR MODEL (5" TS / RTK GNSS).
  7
BR-STD
 11
797.0
 21
253.60000000000002
 31
0.0
100
AcDbText
 73
3
  0
TEXT
  5
7E0
330
146
100
AcDbEntity
 67
1
  8
G-ANNO-NOTE
100
AcDbText
 10
797.0
 20
249.40000000000003
 30
0.0
 40
1.9
  1
2. HORIZONTAL: NAD83(CSRS)v7 EPOCH 2010,
  7
BR-STD
 11
797.0
 21
249.40000000000003
 31
0.0
100
AcDbText
 73
3
  0
TEXT
  5
7E1
330
146
100
AcDbEntity
 67
1
  8
G-ANNO-NOTE
100
AcDbText
 10
797.0
 20
245.20000000000005
 30
0.0
 40
1.9
  1
   ALBERTA 3TM REF. MERID. 114 W (EPSG:22763).
  7
BR-STD
 11
797.0
 21
245.20000000000005
 31
0.0
100
AcDbText
 73
3
  0
TEXT
  5
7E2
330
146
100
AcDbEntity
 67
1
  8
G-ANNO-NOTE
100
AcDbText
 10
797.0
 20
241.00000000000006
 30
0.0
 40
1.9
  1
3. VERTICAL: CGVD2013 (m).
  7
BR-STD
 11
797.0
 21
241.00000000000006
 31
0.0
100
AcDbText
 73
3
  0
TEXT
  5
7E3
330
146
100
AcDbEntity
 67
1
  8
G-ANNO-NOTE
100
AcDbText
 10
797.0
 20
236.80000000000007
 30
0.0
 40
1.9
  1
4. CONTOURS 0.25 m, INDEX 1.0 m, FROM TIN OF
  7
BR-STD
 11
797.0
 21
236.80000000000007
 31
0.0
100
AcDbText
 73
3
  0
TEXT
  5
7E4
330
146
100
AcDbEntity
 67
1
  8
G-ANNO-NOTE
100
AcDbText
 10
797.0
 20
232.60000000000008
 30
0.0
 40
1.9
  1
   GROUND SHOTS AND BREAKLINES.
  7
BR-STD
 11
797.0
 21
232.60000000000008
 31
0.0
100
AcDbText
 73
3
  0
TEXT
  5
7E5
330
146
100
AcDbEntity
 67
1
  8
G-ANNO-NOTE
100
AcDbText
 10
797.0
 20
228.4000000000001
 30
0.0
 40
1.9
  1
5. MANHOLES, CATCH BASINS, CURB TOP / FLOW LINE
  7
BR-STD
 11
797.0
 21
228.4000000000001
 31
0.0
100
AcDbText
 73
3
  0
TEXT
  5
7E6
330
146
100
AcDbEntity
 67
1
  8
G-ANNO-NOTE
100
AcDbText
 10
797.0
 20
224.2000000000001
 30
0.0
 40
1.9
  1
   NOT SHOWN (NO OPEN SOURCE DATA).
  7
BR-STD
 11
797.0
 21
224.2000000000001
 31
0.0
100
AcDbText
 73
3
  0
TEXT
  5
7E7
330
146
100
AcDbEntity
 67
1
  8
G-ANNO-NOTE
100
AcDbText
 10
797.0
 20
220.0000000000001
 30
0.0
 40
1.9
  1
6. CITY DATA ALIGNED TO LIDAR (+1.00 E, -0.75 N m).
  7
BR-STD
 11
797.0
 21
220.0000000000001
 31
0.0
100
AcDbText
 73
3
  0
TEXT
  5
7E8
330
146
100
AcDbEntity
 67
1
  8
G-ANNO-NOTE
100
AcDbText
 10
797.0
 20
215.80000000000013
 30
0.0
 40
1.9
  1
7. NOT FOR CONSTRUCTION, DESIGN OR LEGAL USE.
  7
BR-STD
 11
797.0
 21
215.80000000000013
 31
0.0
100
AcDbText
 73
3
  0
TEXT
  5
7E9
330
146
100
AcDbEntity
 67
1
  8
G-ANNO-NOTE
100
AcDbText
 10
797.0
 20
211.60000000000014
 30
0.0
 40
1.9
  1
SOURCES: CONTAINS INFORMATION LICENSED UNDER THE
  7
BR-STD
 11
797.0
 21
211.60000000000014
 31
0.0
100
AcDbText
 73
3
  0
TEXT
  5
7EA
330
146
100
AcDbEntity
 67
1
  8
G-ANNO-NOTE
100
AcDbText
 10
797.0
 20
207.40000000000015
 30
0.0
 40
1.9
  1
OPEN GOVERNMENT LICENCE - CANADA (NRCan CanElevation
  7
BR-STD
 11
797.0
 21
207.40000000000015
 31
0.0
100
AcDbText
 73
3
  0
TEXT
  5
7EB
330
146
100
AcDbEntity
 67
1
  8
G-ANNO-NOTE
100
AcDbText
 10
797.0
 20
203.20000000000016
 30
0.0
 40
1.9
  1
LiDAR) AND CITY OF CALGARY OPEN DATA.
  7
BR-STD
 11
797.0
 21
203.20000000000016
 31
0.0
100
AcDbText
 73
3
  0
TEXT
  5
7EC
330
146
100
AcDbEntity
 67
1
  8
G-ANNO-LEGN
100
AcDbText
 10
600.0
 20
580.0
 30
0.0
 40
3.0
  1
SURVEY CONTROL
  7
BR-TITLE
 11
600.0
 21
580.0
 31
0.0
100
AcDbText
 73
3
  0
TEXT
  5
7ED
330
146
100
AcDbEntity
 67
1
  8
G-ANNO-LEGN
100
AcDbText
 10
600.0
 20
574.0
 30
0.0
 40
2.0
  1
POINT
  7
BR-TITLE
 11
600.0
 21
574.0
 31
0.0
100
AcDbText
 73
3
  0
TEXT
  5
7EE
330
146
100
AcDbEntity
 67
1
  8
G-ANNO-LEGN
100
AcDbText
 10
622.0
 20
574.0
 30
0.0
 40
2.0
  1
NORTHING
  7
BR-TITLE
 11
622.0
 21
574.0
 31
0.0
100
AcDbText
 73
3
  0
TEXT
  5
7EF
330
146
100
AcDbEntity
 67
1
  8
G-ANNO-LEGN
100
AcDbText
 10
658.0
 20
574.0
 30
0.0
 40
2.0
  1
EASTING
  7
BR-TITLE
 11
658.0
 21
574.0
 31
0.0
100
AcDbText
 73
3
  0
TEXT
  5
7F0
330
146
100
AcDbEntity
 67
1
  8
G-ANNO-LEGN
100
AcDbText
 10
690.0
 20
574.0
 30
0.0
 40
2.0
  1
ELEV.
  7
BR-TITLE
 11
690.0
 21
574.0
 31
0.0
100
AcDbText
 73
3
  0
TEXT
  5
7F1
330
146
100
AcDbEntity
 67
1
  8
G-ANNO-LEGN
100
AcDbText
 10
600.0
 20
568.0
 30
0.0
 40
2.0
  1
CP1
  7
BR-STD
 11
600.0
 21
568.0
 31
0.0
100
AcDbText
 73
3
  0
TEXT
  5
7F2
330
146
100
AcDbEntity
 67
1
  8
G-ANNO-LEGN
100
AcDbText
 10
622.0
 20
568.0
 30
0.0
 40
2.0
  1
5654775.189
  7
BR-STD
 11
622.0
 21
568.0
 31
0.0
100
AcDbText
 73
3
  0
TEXT
  5
7F3
330
146
100
AcDbEntity
 67
1
  8
G-ANNO-LEGN
100
AcDbText
 10
658.0
 20
568.0
 30
0.0
 40
2.0
  1
-6477.490
  7
BR-STD
 11
658.0
 21
568.0
 31
0.0
100
AcDbText
 73
3
  0
TEXT
  5
7F4
330
146
100
AcDbEntity
 67
1
  8
G-ANNO-LEGN
100
AcDbText
 10
690.0
 20
568.0
 30
0.0
 40
2.0
  1
1085.427
  7
BR-STD
 11
690.0
 21
568.0
 31
0.0
100
AcDbText
 73
3
  0
TEXT
  5
7F5
330
146
100
AcDbEntity
 67
1
  8
G-ANNO-LEGN
100
AcDbText
 10
600.0
 20
563.0
 30
0.0
 40
2.0
  1
CP2
  7
BR-STD
 11
600.0
 21
563.0
 31
0.0
100
AcDbText
 73
3
  0
TEXT
  5
7F6
330
146
100
AcDbEntity
 67
1
  8
G-ANNO-LEGN
100
AcDbText
 10
622.0
 20
563.0
 30
0.0
 40
2.0
  1
5654665.965
  7
BR-STD
 11
622.0
 21
563.0
 31
0.0
100
AcDbText
 73
3
  0
TEXT
  5
7F7
330
146
100
AcDbEntity
 67
1
  8
G-ANNO-LEGN
100
AcDbText
 10
658.0
 20
563.0
 30
0.0
 40
2.0
  1
-6408.915
  7
BR-STD
 11
658.0
 21
563.0
 31
0.0
100
AcDbText
 73
3
  0
TEXT
  5
7F8
330
146
100
AcDbEntity
 67
1
  8
G-ANNO-LEGN
100
AcDbText
 10
690.0
 20
563.0
 30
0.0
 40
2.0
  1
1081.158
  7
BR-STD
 11
690.0
 21
563.0
 31
0.0
100
AcDbText
 73
3
  0
TEXT
  5
7F9
330
146
100
AcDbEntity
 67
1
  8
G-ANNO-LEGN
100
AcDbText
 10
600.0
 20
558.0
 30
0.0
 40
2.0
  1
CP3
  7
BR-STD
 11
600.0
 21
558.0
 31
0.0
100
AcDbText
 73
3
  0
TEXT
  5
7FA
330
146
100
AcDbEntity
 67
1
  8
G-ANNO-LEGN
100
AcDbText
 10
622.0
 20
558.0
 30
0.0
 40
2.0
  1
5654672.640
  7
BR-STD
 11
622.0
 21
558.0
 31
0.0
100
AcDbText
 73
3
  0
TEXT
  5
7FB
330
146
100
AcDbEntity
 67
1
  8
G-ANNO-LEGN
100
AcDbText
 10
658.0
 20
558.0
 30
0.0
 40
2.0
  1
-6523.263
  7
BR-STD
 11
658.0
 21
558.0
 31
0.0
100
AcDbText
 73
3
  0
TEXT
  5
7FC
330
146
100
AcDbEntity
 67
1
  8
G-ANNO-LEGN
100
AcDbText
 10
690.0
 20
558.0
 30
0.0
 40
2.0
  1
1085.639
  7
BR-STD
 11
690.0
 21
558.0
 31
0.0
100
AcDbText
 73
3
  0
TEXT
  5
7FD
330
146
100
AcDbEntity
 67
1
  8
G-ANNO-LEGN
100
AcDbText
 10
600.0
 20
553.0
 30
0.0
 40
2.0
  1
BM1
  7
BR-STD
 11
600.0
 21
553.0
 31
0.0
100
AcDbText
 73
3
  0
TEXT
  5
7FE
330
146
100
AcDbEntity
 67
1
  8
G-ANNO-LEGN
100
AcDbText
 10
622.0
 20
553.0
 30
0.0
 40
2.0
  1
5654778.189
  7
BR-STD
 11
622.0
 21
553.0
 31
0.0
100
AcDbText
 73
3
  0
TEXT
  5
7FF
330
146
100
AcDbEntity
 67
1
  8
G-ANNO-LEGN
100
AcDbText
 10
658.0
 20
553.0
 30
0.0
 40
2.0
  1
-6474.490
  7
BR-STD
 11
658.0
 21
553.0
 31
0.0
100
AcDbText
 73
3
  0
TEXT
  5
800
330
146
100
AcDbEntity
 67
1
  8
G-ANNO-LEGN
100
AcDbText
 10
690.0
 20
553.0
 30
0.0
 40
2.0
  1
1085.236
  7
BR-STD
 11
690.0
 21
553.0
 31
0.0
100
AcDbText
 73
3
  0
TEXT
  5
801
330
146
100
AcDbEntity
 67
1
  8
G-ANNO-LEGN
100
AcDbText
 10
600.0
 20
530.0
 30
0.0
 40
3.0
  1
LEGEND
  7
BR-TITLE
 11
600.0
 21
530.0
 31
0.0
100
AcDbText
 73
3
  0
INSERT
  5
802
330
146
100
AcDbEntity
 67
1
  8
G-ANNO-LEGN
100
AcDbBlockReference
  2
CTRL-TRIANGLE
 10
603.0
 20
522.0
 30
0.0
  0
TEXT
  5
804
330
146
100
AcDbEntity
 67
1
  8
G-ANNO-LEGN
100
AcDbText
 10
610.0
 20
523.0
 30
0.0
 40
2.0
  1
CONTROL POINT
  7
BR-STD
 11
610.0
 21
523.0
 31
0.0
100
AcDbText
 73
3
  0
INSERT
  5
805
330
146
100
AcDbEntity
 67
1
  8
G-ANNO-LEGN
100
AcDbBlockReference
  2
VEG-TREE-DECID
 10
603.0
 20
515.5
 30
0.0
  0
TEXT
  5
807
330
146
100
AcDbEntity
 67
1
  8
G-ANNO-LEGN
100
AcDbText
 10
610.0
 20
516.5
 30
0.0
 40
2.0
  1
DECIDUOUS TREE (CANOPY TO SCALE)
  7
BR-STD
 11
610.0
 21
516.5
 31
0.0
100
AcDbText
 73
3
  0
INSERT
  5
808
330
146
100
AcDbEntity
 67
1
  8
G-ANNO-LEGN
100
AcDbBlockReference
  2
VEG-TREE-CONIF
 10
603.0
 20
509.0
 30
0.0
  0
TEXT
  5
80A
330
146
100
AcDbEntity
 67
1
  8
G-ANNO-LEGN
100
AcDbText
 10
610.0
 20
510.0
 30
0.0
 40
2.0
  1
CONIFEROUS TREE
  7
BR-STD
 11
610.0
 21
510.0
 31
0.0
100
AcDbText
 73
3
  0
INSERT
  5
80B
330
146
100
AcDbEntity
 67
1
  8
G-ANNO-LEGN
100
AcDbBlockReference
  2
UTIL-LIGHT
 10
603.0
 20
502.5
 30
0.0
  0
TEXT
  5
80D
330
146
100
AcDbEntity
 67
1
  8
G-ANNO-LEGN
100
AcDbText
 10
610.0
 20
503.5
 30
0.0
 40
2.0
  1
LIGHT STANDARD
  7
BR-STD
 11
610.0
 21
503.5
 31
0.0
100
AcDbText
 73
3
  0
INSERT
  5
80E
330
146
100
AcDbEntity
 67
1
  8
G-ANNO-LEGN
100
AcDbBlockReference
  2
UTIL-HYDRANT
 10
603.0
 20
496.0
 30
0.0
  0
TEXT
  5
810
330
146
100
AcDbEntity
 67
1
  8
G-ANNO-LEGN
100
AcDbText
 10
610.0
 20
497.0
 30
0.0
 40
2.0
  1
FIRE HYDRANT
  7
BR-STD
 11
610.0
 21
497.0
 31
0.0
100
AcDbText
 73
3
  0
INSERT
  5
811
330
146
100
AcDbEntity
 67
1
  8
G-ANNO-LEGN
100
AcDbBlockReference
  2
SITE-SIGN
 10
603.0
 20
489.5
 30
0.0
  0
TEXT
  5
813
330
146
100
AcDbEntity
 67
1
  8
G-ANNO-LEGN
100
AcDbText
 10
610.0
 20
490.5
 30
0.0
 40
2.0
  1
SIGN
  7
BR-STD
 11
610.0
 21
490.5
 31
0.0
100
AcDbText
 73
3
  0
INSERT
  5
814
330
146
100
AcDbEntity
 67
1
  8
G-ANNO-LEGN
100
AcDbBlockReference
  2
SITE-BENCH
 10
603.0
 20
483.0
 30
0.0
  0
TEXT
  5
816
330
146
100
AcDbEntity
 67
1
  8
G-ANNO-LEGN
100
AcDbText
 10
610.0
 20
484.0
 30
0.0
 40
2.0
  1
BENCH
  7
BR-STD
 11
610.0
 21
484.0
 31
0.0
100
AcDbText
 73
3
  0
LINE
  5
817
330
146
100
AcDbEntity
 67
1
  8
V-ROAD-CURB
100
AcDbLine
 10
600.0
 20
476.5
 30
0.0
 11
607.0
 21
476.5
 31
0.0
  0
TEXT
  5
818
330
146
100
AcDbEntity
 67
1
  8
G-ANNO-LEGN
100
AcDbText
 10
610.0
 20
477.5
 30
0.0
 40
2.0
  1
LIP OF GUTTER
  7
BR-STD
 11
610.0
 21
477.5
 31
0.0
100
AcDbText
 73
3
  0
LINE
  5
819
330
146
100
AcDbEntity
 67
1
  8
V-ROAD-SW
100
AcDbLine
 10
600.0
 20
470.0
 30
0.0
 11
607.0
 21
470.0
 31
0.0
  0
TEXT
  5
81A
330
146
100
AcDbEntity
 67
1
  8
G-ANNO-LEGN
100
AcDbText
 10
610.0
 20
471.0
 30
0.0
 40
2.0
  1
BACK OF SIDEWALK
  7
BR-STD
 11
610.0
 21
471.0
 31
0.0
100
AcDbText
 73
3
  0
LINE
  5
81B
330
146
100
AcDbEntity
 67
1
  8
V-ROAD-DW
100
AcDbLine
 10
600.0
 20
463.5
 30
0.0
 11
607.0
 21
463.5
 31
0.0
  0
TEXT
  5
81C
330
146
100
AcDbEntity
 67
1
  8
G-ANNO-LEGN
100
AcDbText
 10
610.0
 20
464.5
 30
0.0
 40
2.0
  1
DRIVEWAY
  7
BR-STD
 11
610.0
 21
464.5
 31
0.0
100
AcDbText
 73
3
  0
LINE
  5
81D
330
146
100
AcDbEntity
 67
1
  8
V-TOPO-MAJR
100
AcDbLine
 10
600.0
 20
457.0
 30
0.0
 11
607.0
 21
457.0
 31
0.0
  0
TEXT
  5
81E
330
146
100
AcDbEntity
 67
1
  8
G-ANNO-LEGN
100
AcDbText
 10
610.0
 20
458.0
 30
0.0
 40
2.0
  1
INDEX CONTOUR (1.0 m)
  7
BR-STD
 11
610.0
 21
458.0
 31
0.0
100
AcDbText
 73
3
  0
LINE
  5
81F
330
146
100
AcDbEntity
 67
1
  8
V-TOPO-MINR
100
AcDbLine
 10
600.0
 20
450.5
 30
0.0
 11
607.0
 21
450.5
 31
0.0
  0
TEXT
  5
820
330
146
100
AcDbEntity
 67
1
  8
G-ANNO-LEGN
100
AcDbText
 10
610.0
 20
451.5
 30
0.0
 40
2.0
  1
CONTOUR (0.25 m)
  7
BR-STD
 11
610.0
 21
451.5
 31
0.0
100
AcDbText
 73
3
  0
LINE
  5
821
330
146
100
AcDbEntity
 67
1
  8
V-TOPO-LIMIT
100
AcDbLine
 10
600.0
 20
444.0
 30
0.0
 11
607.0
 21
444.0
 31
0.0
  0
TEXT
  5
822
330
146
100
AcDbEntity
 67
1
  8
G-ANNO-LEGN
100
AcDbText
 10
610.0
 20
445.0
 30
0.0
 40
2.0
  1
LIMIT OF SURVEY
  7
BR-STD
 11
610.0
 21
445.0
 31
0.0
100
AcDbText
 73
3
  0
LWPOLYLINE
  5
823
330
146
100
AcDbEntity
 67
1
  8
G-ANNO-NRTH
100
AcDbPolyline
 90
4
 70
1
 10
600.0
 20
425.0
 10
610.0
 20
425.0
 10
610.0
 20
427.0
 10
600.0
 20
427.0
  0
HATCH
  5
824
330
146
100
AcDbEntity
 67
1
  8
G-ANNO-NRTH
 62
7
100
AcDbHatch
 10
0.0
 20
0.0
 30
0.0
210
0.0
220
0.0
230
1.0
  2
SOLID
 70
1
 71
0
 91
1
 92
3
 72
0
 73
1
 93
4
 10
600.0
 20
425.0
 10
610.0
 20
425.0
 10
610.0
 20
427.0
 10
600.0
 20
427.0
 97
0
 75
1
 76
1
 98
0
  0
LWPOLYLINE
  5
825
330
146
100
AcDbEntity
 67
1
  8
G-ANNO-NRTH
100
AcDbPolyline
 90
4
 70
1
 10
610.0
 20
425.0
 10
620.0
 20
425.0
 10
620.0
 20
427.0
 10
610.0
 20
427.0
  0
LWPOLYLINE
  5
826
330
146
100
AcDbEntity
 67
1
  8
G-ANNO-NRTH
100
AcDbPolyline
 90
4
 70
1
 10
620.0
 20
425.0
 10
630.0
 20
425.0
 10
630.0
 20
427.0
 10
620.0
 20
427.0
  0
HATCH
  5
827
330
146
100
AcDbEntity
 67
1
  8
G-ANNO-NRTH
 62
7
100
AcDbHatch
 10
0.0
 20
0.0
 30
0.0
210
0.0
220
0.0
230
1.0
  2
SOLID
 70
1
 71
0
 91
1
 92
3
 72
0
 73
1
 93
4
 10
620.0
 20
425.0
 10
630.0
 20
425.0
 10
630.0
 20
427.0
 10
620.0
 20
427.0
 97
0
 75
1
 76
1
 98
0
  0
LWPOLYLINE
  5
828
330
146
100
AcDbEntity
 67
1
  8
G-ANNO-NRTH
100
AcDbPolyline
 90
4
 70
1
 10
630.0
 20
425.0
 10
640.0
 20
425.0
 10
640.0
 20
427.0
 10
630.0
 20
427.0
  0
LWPOLYLINE
  5
829
330
146
100
AcDbEntity
 67
1
  8
G-ANNO-NRTH
100
AcDbPolyline
 90
4
 70
1
 10
640.0
 20
425.0
 10
650.0
 20
425.0
 10
650.0
 20
427.0
 10
640.0
 20
427.0
  0
HATCH
  5
82A
330
146
100
AcDbEntity
 67
1
  8
G-ANNO-NRTH
 62
7
100
AcDbHatch
 10
0.0
 20
0.0
 30
0.0
210
0.0
220
0.0
230
1.0
  2
SOLID
 70
1
 71
0
 91
1
 92
3
 72
0
 73
1
 93
4
 10
640.0
 20
425.0
 10
650.0
 20
425.0
 10
650.0
 20
427.0
 10
640.0
 20
427.0
 97
0
 75
1
 76
1
 98
0
  0
TEXT
  5
82B
330
146
100
AcDbEntity
 67
1
  8
G-ANNO-NRTH
100
AcDbText
 10
600.0
 20
423.5
 30
0.0
 40
2.0
  1
0
  7
BR-STD
 72
1
 11
600.0
 21
423.5
 31
0.0
100
AcDbText
 73
3
  0
TEXT
  5
82C
330
146
100
AcDbEntity
 67
1
  8
G-ANNO-NRTH
100
AcDbText
 10
620.0
 20
423.5
 30
0.0
 40
2.0
  1
10
  7
BR-STD
 72
1
 11
620.0
 21
423.5
 31
0.0
100
AcDbText
 73
3
  0
TEXT
  5
82D
330
146
100
AcDbEntity
 67
1
  8
G-ANNO-NRTH
100
AcDbText
 10
650.0
 20
423.5
 30
0.0
 40
2.0
  1
25 m
  7
BR-STD
 72
1
 11
650.0
 21
423.5
 31
0.0
100
AcDbText
 73
3
  0
TEXT
  5
82E
330
146
100
AcDbEntity
 67
1
  8
G-ANNO-NRTH
100
AcDbText
 10
625.0
 20
431.0
 30
0.0
 40
2.5
  1
SCALE 1:500
  7
BR-TITLE
 72
1
 11
625.0
 21
431.0
 31
0.0
100
AcDbText
 73
1
  0
ENDSEC
  0
SECTION
  2
OBJECTS
  0
DICTIONARY
  5
A
330
0
100
AcDbDictionary
281
1
  3
ACAD_COLOR
350
B
  3
ACAD_GROUP
350
C
  3
ACAD_LAYOUT
350
D
  3
ACAD_MATERIAL
350
E
  3
ACAD_MLEADERSTYLE
350
F
  3
ACAD_MLINESTYLE
350
10
  3
ACAD_PLOTSETTINGS
350
11
  3
ACAD_PLOTSTYLENAME
350
12
  3
ACAD_SCALELIST
350
14
  3
ACAD_TABLESTYLE
350
15
  3
ACAD_VISUALSTYLE
350
16
  3
EZDXF_META
350
2D
  0
DICTIONARY
  5
B
330
A
100
AcDbDictionary
281
1
  0
DICTIONARY
  5
C
330
A
100
AcDbDictionary
281
1
  0
DICTIONARY
  5
D
330
A
100
AcDbDictionary
281
1
  3
Model
350
1A
  3
ARCH-D
350
149
  3
11x17
350
19E
  3
LEGEND
350
1B9
  0
DICTIONARY
  5
E
330
A
100
AcDbDictionary
281
1
  3
ByBlock
350
1F
  3
ByLayer
350
20
  3
Global
350
21
  0
DICTIONARY
  5
F
330
A
100
AcDbDictionary
281
1
  3
Standard
350
2C
  0
DICTIONARY
  5
10
330
A
100
AcDbDictionary
281
1
  3
Standard
350
22
  0
DICTIONARY
  5
11
330
A
100
AcDbDictionary
281
1
  0
ACDBDICTIONARYWDFLT
  5
12
330
A
100
AcDbDictionary
281
1
  3
Normal
350
13
100
AcDbDictionaryWithDefault
340
13
  0
ACDBPLACEHOLDER
  5
13
330
12
  0
DICTIONARY
  5
14
330
A
100
AcDbDictionary
281
1
  0
DICTIONARY
  5
15
330
A
100
AcDbDictionary
281
1
  0
DICTIONARY
  5
16
330
A
100
AcDbDictionary
281
1
  0
LAYOUT
  5
1A
330
D
100
AcDbPlotSettings
  1

  4
A3
  6

 40
7.5
 41
20.0
 42
7.5
 43
20.0
 44
420.0
 45
297.0
 46
0.0
 47
0.0
 48
0.0
 49
0.0
140
0.0
141
0.0
142
1.0
143
1.0
 70
1024
 72
1
 73
0
 74
5
  7

 75
16
 76
0
 77
2
 78
300
147
1.0
148
0.0
149
0.0
100
AcDbLayout
  1
Model
 70
1
 71
0
 10
0.0
 20
0.0
 11
420.0
 21
297.0
 12
0.0
 22
0.0
 32
0.0
 14
1e+20
 24
1e+20
 34
1e+20
 15
-1e+20
 25
-1e+20
 35
-1e+20
146
0.0
 13
0.0
 23
0.0
 33
0.0
 16
1.0
 26
0.0
 36
0.0
 17
0.0
 27
1.0
 37
0.0
 76
1
330
17
  0
MATERIAL
  5
1F
102
{ACAD_REACTORS
330
E
102
}
330
E
100
AcDbMaterial
  1
ByBlock
  2

 70
0
 40
1.0
 71
1
 41
1.0
 91
-1023410177
 42
1.0
 72
1
  3

 73
1
 74
1
 75
1
 44
0.5
 73
0
 45
1.0
 46
1.0
 77
1
  4

 78
1
 79
1
170
1
 48
1.0
171
1
  6

172
1
173
1
174
1
140
1.0
141
1.0
175
1
  7

176
1
177
1
178
1
143
1.0
179
1
  8

270
1
271
1
272
1
145
1.0
146
1.0
273
1
  9

274
1
275
1
276
1
 42
1.0
 72
1
  3

 73
1
 74
1
 75
1
 94
63
  0
MATERIAL
  5
20
102
{ACAD_REACTORS
330
E
102
}
330
E
100
AcDbMaterial
  1
ByLayer
  2

 70
0
 40
1.0
 71
1
 41
1.0
 91
-1023410177
 42
1.0
 72
1
  3

 73
1
 74
1
 75
1
 44
0.5
 73
0
 45
1.0
 46
1.0
 77
1
  4

 78
1
 79
1
170
1
 48
1.0
171
1
  6

172
1
173
1
174
1
140
1.0
141
1.0
175
1
  7

176
1
177
1
178
1
143
1.0
179
1
  8

270
1
271
1
272
1
145
1.0
146
1.0
273
1
  9

274
1
275
1
276
1
 42
1.0
 72
1
  3

 73
1
 74
1
 75
1
 94
63
  0
MATERIAL
  5
21
102
{ACAD_REACTORS
330
E
102
}
330
E
100
AcDbMaterial
  1
Global
  2

 70
0
 40
1.0
 71
1
 41
1.0
 91
-1023410177
 42
1.0
 72
1
  3

 73
1
 74
1
 75
1
 44
0.5
 73
0
 45
1.0
 46
1.0
 77
1
  4

 78
1
 79
1
170
1
 48
1.0
171
1
  6

172
1
173
1
174
1
140
1.0
141
1.0
175
1
  7

176
1
177
1
178
1
143
1.0
179
1
  8

270
1
271
1
272
1
145
1.0
146
1.0
273
1
  9

274
1
275
1
276
1
 42
1.0
 72
1
  3

 73
1
 74
1
 75
1
 94
63
  0
MLINESTYLE
  5
22
102
{ACAD_REACTORS
330
10
102
}
330
10
100
AcDbMlineStyle
  2
Standard
 70
0
  3

 62
256
 51
90.0
 52
90.0
 71
2
 49
0.5
 62
256
  6
BYLAYER
 49
-0.5
 62
256
  6
BYLAYER
  0
MLEADERSTYLE
  5
2C
102
{ACAD_REACTORS
330
F
102
}
330
F
100
AcDbMLeaderStyle
179
2
170
2
171
1
172
0
 90
2
 40
0.0
 41
0.0
173
1
 91
-1056964608
 92
-2
290
1
 42
2.0
291
1
 43
8.0
  3
Standard
 44
4.0
300

342
29
174
1
175
1
176
0
178
1
 93
-1056964608
 45
4.0
292
0
297
0
 46
4.0
 94
-1056964608
 47
1.0
 49
1.0
140
1.0
294
1
141
0.0
177
0
142
1.0
295
0
296
0
143
3.75
271
0
272
9
273
9
  0
DICTIONARY
  5
2D
330
A
100
AcDbDictionary
280
1
281
1
  3
CREATED_BY_EZDXF
350
2E
  3
WRITTEN_BY_EZDXF
350
297
  0
DICTIONARYVAR
  5
2E
330
2D
100
DictionaryVariables
280
0
  1
1.4.2 @ 2026-09-17T03:36:00.442113+00:00
  0
LAYOUT
  5
149
330
D
100
AcDbPlotSettings
  1

  2
DWG to PDF.pc3
  4
ezdxf_(914.40_x_609.60_MM)
  6

 40
0.0
 41
0.0
 42
0.0
 43
0.0
 44
914.4
 45
609.6
 46
0.0
 47
0.0
 48
0.0
 49
0.0
140
0.0
141
0.0
142
1.0
143
1.0
 70
672
 72
1
 73
0
 74
5
  7

 75
16
 76
0
 77
2
 78
300
147
1.0
148
0.0
149
0.0
100
AcDbLayout
  1
ARCH-D
 70
1
 71
3
 10
-0.0
 20
-0.0
 11
914.4
 21
609.6
 12
0.0
 22
0.0
 32
0.0
 14
1e+20
 24
1e+20
 34
1e+20
 15
-1e+20
 25
-1e+20
 35
-1e+20
146
0.0
 13
0.0
 23
0.0
 33
0.0
 16
1.0
 26
0.0
 36
0.0
 17
0.0
 27
1.0
 37
0.0
 76
1
330
146
331
14A
  0
LAYOUT
  5
19E
330
D
100
AcDbPlotSettings
  1

  2
DWG to PDF.pc3
  4
ezdxf_(431.80_x_279.40_MM)
  6

 40
0.0
 41
0.0
 42
0.0
 43
0.0
 44
431.8
 45
279.4
 46
0.0
 47
0.0
 48
0.0
 49
0.0
140
0.0
141
0.0
142
1.0
143
1.0
 70
672
 72
1
 73
0
 74
5
  7

 75
16
 76
0
 77
2
 78
300
147
1.0
148
0.0
149
0.0
100
AcDbLayout
  1
11x17
 70
1
 71
4
 10
-0.0
 20
-0.0
 11
431.8
 21
279.4
 12
0.0
 22
0.0
 32
0.0
 14
1e+20
 24
1e+20
 34
1e+20
 15
-1e+20
 25
-1e+20
 35
-1e+20
146
0.0
 13
0.0
 23
0.0
 33
0.0
 16
1.0
 26
0.0
 36
0.0
 17
0.0
 27
1.0
 37
0.0
 76
1
330
19B
331
19F
  0
LAYOUT
  5
1B9
330
D
100
AcDbPlotSettings
  1

  2
DWG to PDF.pc3
  4
ezdxf_(431.80_x_279.40_MM)
  6

 40
0.0
 41
0.0
 42
0.0
 43
0.0
 44
431.8
 45
279.4
 46
0.0
 47
0.0
 48
0.0
 49
0.0
140
0.0
141
0.0
142
1.0
143
1.0
 70
672
 72
1
 73
0
 74
5
  7

 75
16
 76
0
 77
2
 78
300
147
1.0
148
0.0
149
0.0
100
AcDbLayout
  1
LEGEND
 70
1
 71
5
 10
-0.0
 20
-0.0
 11
431.8
 21
279.4
 12
0.0
 22
0.0
 32
0.0
 14
1e+20
 24
1e+20
 34
1e+20
 15
-1e+20
 25
-1e+20
 35
-1e+20
146
0.0
 13
0.0
 23
0.0
 33
0.0
 16
1.0
 26
0.0
 36
0.0
 17
0.0
 27
1.0
 37
0.0
 76
1
330
1B6
331
1BA
  0
DICTIONARYVAR
  5
297
330
2D
100
DictionaryVariables
280
0
  1
1.4.2 @ 2026-09-17T04:19:33.393805+00:00
  0
ENDSEC
  0
EOF
